881,-1447,11.1
881,-1447,11.1
877,-1428,10.5
877,-1428,10.5
890,-1448,10.3
890,-1448,10.3
890,-1447,10.5
890,-1448,10.3
890,-1447,10.5
890,-1448,10.3
-1396,1193,79.5
-1396,1193,79.5
-1397,1186,79.5
-1397,1186,79.5
-1242,-1083,14.3
-1189,-1120,14.9
-1242,-1083,14.3
-1189,-1120,14.9
-1272,-1065,14.1
-1272,-1065,14.1
-1193,-1122,13.3
-1193,-1122,13.3
-1245,-1087,11.1
-1245,-1087,11.1
-1242,-1083,14.6
-1245,-1087,11.1
-1242,-1083,14.6
-1245,-1087,11.1
-1193,-1122,13.3
-1193,-1122,13.3
-1190,-1115,15.1
-1190,-1115,15.1
1529,273,11.6
1529,273,11.6
1533,275,11.0
1533,275,11.0
-1586,361,18.3
-1585,362,16.2
-1586,361,18.3
-1585,362,16.2
-1495,462,17.2
-1522,488,23.7
-1512,498,28.5
-1495,462,17.2
-1522,488,23.7
-1512,498,28.5
-1495,462,17.2
-1506,500,34.3
-1512,498,28.5
-1495,462,17.2
-1506,500,34.3
-1512,498,28.5
-1493,462,17.3
-1493,462,17.3
-1493,464,17.8
-1493,465,18.0
-1493,464,17.8
-1493,465,18.0
-1591,364,19.1
-1552,363,19.0
-1591,364,19.1
-1552,363,19.0
-1533,378,18.7
-1533,378,18.7
-1528,498,22.2
-1531,502,30.2
-1535,498,22.2
-1528,498,22.2
-1531,502,30.2
-1535,498,22.2
-1532,502,30.2
-1528,499,22.2
-1532,495,22.2
-1532,502,30.2
-1528,499,22.2
-1532,495,22.2
-1532,502,30.2
-1535,498,22.2
-1532,495,22.2
-1532,502,30.2
-1535,498,22.2
-1532,495,22.2
-1493,466,18.6
-1493,466,18.6
-1566,479,12.5
-1639,427,14.6
-1566,479,12.5
-1639,427,14.6
-1589,363,19.0
-1638,431,10.4
-1589,363,19.0
-1638,431,10.4
-1481,481,36.7
-1481,481,36.7
-1494,463,17.3
-1533,500,25.5
-1494,463,17.3
-1533,500,25.5
-1528,498,22.2
-1531,495,22.2
-1535,498,22.2
-1528,498,22.2
-1531,495,22.2
-1535,498,22.2
-1557,362,17.2
-1530,383,17.4
-1557,362,17.2
-1530,383,17.4
-1529,500,23.9
-1529,500,23.9
-1510,500,34.0
-1509,498,31.5
-1502,500,35.9
-1510,500,34.0
-1509,498,31.5
-1502,500,35.9
-1529,500,23.6
-1530,500,27.0
-1529,500,23.6
-1530,500,27.0
-1530,501,28.1
-1530,500,27.0
-1530,501,28.1
-1530,500,27.0
-1507,502,36.9
-1481,476,35.5
-1507,502,36.9
-1481,476,35.5
-1509,494,25.2
-1526,496,22.2
-1524,509,36.3
-1509,494,25.2
-1526,496,22.2
-1524,509,36.3
-1533,496,22.2
-1522,495,22.2
-1520,509,39.2
-1533,496,22.2
-1522,495,22.2
-1520,509,39.2
-1496,462,17.2
-1507,503,37.2
-1506,503,37.7
-1496,462,17.2
-1507,503,37.2
-1506,503,37.7
-1504,502,36.9
-1503,497,30.4
-1513,494,25.2
-1504,502,36.9
-1503,497,30.4
-1513,494,25.2
-1534,498,22.2
-1519,484,25.2
-1508,495,25.2
-1534,498,22.2
-1519,484,25.2
-1508,495,25.2
-1556,361,17.2
-1556,361,17.2
306,1760,13.5
306,1760,13.5
306,1760,13.4
306,1760,13.4
307,1761,13.2
307,1761,13.2
381,2155,16.7
402,2154,11.1
381,2155,16.7
402,2154,11.1
381,2155,16.6
381,2155,16.6
378,2152,15.4
378,2152,15.4
378,2152,15.4
378,2152,15.4
400,2154,10.0
400,2154,10.0
1211,2201,10.2
1211,2201,10.2
1244,2299,14.9
1244,2299,14.9
1235,2229,27.3
1235,2229,27.3
1252,2338,17.1
1240,2297,12.7
1252,2338,17.1
1240,2297,12.7
1217,2235,19.7
1217,2235,19.7
1213,2231,19.7
1213,2231,19.7
1212,2231,19.7
1235,2248,20.6
1232,2252,17.4
1212,2231,19.7
1235,2248,20.6
1232,2252,17.4
1215,2230,19.7
1215,2230,19.7
1236,2252,23.2
1231,2227,22.9
1236,2252,23.2
1231,2227,22.9
1213,2230,19.7
1248,2339,12.7
1213,2230,19.7
1248,2339,12.7
1213,2230,19.7
1252,2337,17.7
1248,2339,12.7
1213,2230,19.7
1252,2337,17.7
1248,2339,12.7
1254,2335,18.4
1254,2333,18.3
1254,2335,18.4
1254,2333,18.3
1239,2248,25.2
1232,2243,19.7
1239,2248,25.2
1232,2243,19.7
1179,2108,11.1
1179,2108,11.1
1212,2231,19.7
1232,2252,17.4
1212,2231,19.7
1232,2252,17.4
1252,2338,17.4
1252,2338,17.4
1262,-444,18.5
1262,-444,18.4
1262,-444,18.5
1262,-444,18.4
1260,-442,19.4
1266,-448,18.5
1260,-442,19.4
1266,-448,18.5
1309,-432,46.5
1276,-439,31.5
1309,-432,46.5
1276,-439,31.5
1310,-434,45.2
1287,-413,57.4
1310,-434,45.2
1287,-413,57.4
1260,-442,19.3
1280,-437,34.1
1260,-442,19.3
1280,-437,34.1
-1733,-782,11.4
-1733,-782,11.4
-1759,-783,11.7
-1735,-780,13.2
-1735,-783,12.9
-1759,-783,11.7
-1735,-780,13.2
-1735,-783,12.9
-1732,-780,10.9
-1732,-780,10.9
-2978,977,20.5
-2939,947,18.8
-2978,977,20.5
-2939,947,18.8
-2943,946,19.5
-2943,946,19.5
-2976,973,20.5
-2976,973,20.5
-2978,977,20.5
-2978,977,20.5
-2974,976,21.0
-2982,978,20.5
-2974,976,21.0
-2982,978,20.5
-2951,1060,15.2
-2951,1060,15.2
-2976,973,20.5
-2976,973,20.5
-2978,975,20.5
-2978,977,20.5
-2978,975,20.5
-2978,977,20.5
-2978,973,20.7
-2974,972,20.5
-2973,979,22.5
-2978,973,20.7
-2974,972,20.5
-2973,979,22.5
-2973,974,20.7
-2971,979,22.2
-2982,983,19.7
-2973,974,20.7
-2971,979,22.2
-2982,983,19.7
-2977,973,20.5
-2977,973,20.5
-2977,974,20.5
-2977,974,20.5
-2977,974,20.5
-2977,974,20.5
-2977,974,20.5
-2977,974,20.5
-2926,965,11.7
-2926,965,11.7
-2976,973,20.5
-2976,973,20.5
-2924,966,14.3
-2924,966,14.3
2303,416,16.4
2303,416,16.4
2301,418,16.4
2301,418,16.4
27,2250,20.3
27,2250,20.3
20,2298,39.9
25,2248,25.2
20,2298,39.9
25,2248,25.2
16,2298,39.7
16,2298,39.7
15,2296,38.9
15,2296,38.9
16,2298,40.3
23,2295,41.5
16,2298,40.3
23,2295,41.5
19,2298,39.8
19,2298,39.8
28,2249,18.7
28,2249,18.7
19,2298,39.8
19,2298,39.8
18,2297,39.6
17,2296,39.3
18,2297,39.6
17,2296,39.3
22,2252,28.6
22,2252,28.6
-1176,2011,11.9
-1176,2011,11.9
-1177,2011,11.6
-1177,2011,11.6
-1177,2017,13.3
-1177,2017,13.3
-49,-1315,17.4
-42,-1316,15.9
-45,-1336,17.6
-49,-1315,17.4
-42,-1316,15.9
-45,-1336,17.6
-51,-1318,19.0
-51,-1318,19.0
-46,-1317,17.9
-48,-1333,18.6
-46,-1317,17.9
-48,-1333,18.6
-1007,477,38.9
-1007,477,38.9
-986,603,15.2
-1001,490,16.1
-986,603,15.2
-1001,490,16.1
-1007,477,38.9
-993,603,14.9
-986,603,15.2
-1007,477,38.9
-993,603,14.9
-986,603,15.2
-986,603,15.2
-1000,490,16.0
-1001,490,16.1
-986,603,15.2
-1000,490,16.0
-1001,490,16.1
-996,601,15.9
-996,601,16.3
-984,599,17.0
-996,601,15.9
-996,601,16.3
-984,599,17.0
-992,604,14.9
-1013,478,39.3
-1007,477,38.9
-992,604,14.9
-1013,478,39.3
-1007,477,38.9
-1066,496,41.7
-1066,496,41.7
-1073,499,39.4
-1066,496,41.7
-1066,496,41.7
-1073,499,39.4
-1070,494,39.5
-1070,494,39.5
-1070,494,39.5
-1071,495,39.4
-1070,494,39.5
-1071,495,39.4
-1045,484,39.9
-1051,486,39.9
-1045,484,39.9
-1051,486,39.9
-1016,480,39.7
-1016,482,39.3
-1003,480,21.2
-1016,480,39.7
-1016,482,39.3
-1003,480,21.2
-1045,484,39.9
-995,597,17.9
-1045,484,39.9
-995,597,17.9
-1010,478,38.9
-1044,494,39.5
-1010,478,38.9
-1044,494,39.5
-991,604,14.9
-1011,485,38.6
-1043,490,39.7
-991,604,14.9
-1011,485,38.6
-1043,490,39.7
-1071,491,41.5
-1050,485,39.9
-1071,491,41.5
-1050,485,39.9
-1001,490,15.9
-1001,490,15.9
-987,603,15.2
-987,603,15.2
-997,491,16.7
-996,493,17.7
-997,491,16.7
-996,493,17.7
1569,761,14.9
1573,760,11.2
1569,761,14.9
1573,760,11.2
1569,759,12.2
1569,759,12.2
1566,759,13.5
1566,759,13.5
1796,159,14.7
1795,160,14.6
1796,159,14.7
1795,160,14.6
1797,157,14.6
1790,160,10.2
1797,157,14.6
1790,160,10.2
1795,144,13.2
1795,144,13.2
1808,133,14.9
1808,133,14.9
1812,132,16.0
1812,132,16.0
1812,130,15.7
1812,130,15.7
1796,143,12.7
1796,143,12.7
1796,154,15.4
1796,154,15.4
1796,160,14.6
1796,160,14.6
1795,144,13.2
1795,144,13.2
1794,158,16.2
1798,152,14.8
1794,158,16.2
1798,152,14.8
1794,161,14.6
1795,148,13.9
1794,161,14.6
1795,148,13.9
-1633,-457,10.6
-1633,-457,10.6
-1570,-447,10.8
-1570,-447,10.8
-1596,-477,10.6
-1596,-477,10.6
-1595,-475,10.6
-1614,-474,13.1
-1595,-475,10.6
-1614,-474,13.1
-1609,-477,11.8
-1609,-477,11.8
-1598,-478,10.6
-1598,-478,10.6
-1594,-468,12.4
-1594,-468,12.4
-1608,-477,12.0
-1635,-452,10.6
-1608,-477,12.0
-1635,-452,10.6
-1596,-478,10.6
-1596,-478,10.6
-1570,-451,12.6
-1570,-451,12.6
-1608,-478,11.1
-1608,-478,11.1
-1595,-475,10.6
-1613,-477,13.0
-1614,-474,13.1
-1595,-475,10.6
-1613,-477,13.0
-1614,-474,13.1
-1133,467,16.2
-1133,467,16.2
-1209,498,18.2
-1209,498,18.2
-1132,468,16.0
-1132,468,16.0
-1207,496,18.5
-1207,496,18.5
-1207,496,18.5
-1207,496,18.5
-1209,498,18.2
-1209,498,18.2
-1207,496,18.6
-1207,496,18.6
-1207,496,18.2
-1262,512,17.9
-1207,496,18.2
-1262,512,17.9
-1257,511,17.7
-1257,511,17.7
-1209,498,18.2
-1209,498,18.3
-1209,498,18.2
-1209,498,18.3
-1209,498,18.3
-1209,498,18.3
-1212,498,17.9
-1212,498,17.9
-1207,496,18.2
-1207,496,18.2
-1128,478,17.9
-1124,477,18.7
-1128,478,17.9
-1124,477,18.7
-1128,476,17.9
-1133,467,16.2
-1128,476,17.9
-1133,467,16.2
-1131,477,17.9
-1008,434,17.6
-1131,477,17.9
-1008,434,17.6
-988,432,19.3
-988,432,19.3
-883,383,18.3
-883,383,18.3
-1007,436,17.9
-1010,437,17.9
-1007,436,17.9
-1010,437,17.9
-900,397,17.9
-992,430,18.5
-900,397,17.9
-992,430,18.5
-881,379,20.5
-881,379,20.5
-902,401,19.9
-905,402,20.2
-902,401,19.9
-905,402,20.2
-1256,514,18.1
-1256,514,18.1
-902,399,18.8
-902,399,18.8
156,2728,13.2
156,2728,13.2
151,2808,13.6
151,2808,13.6
110,1890,10.5
110,1890,10.5
110,1890,10.3
110,1890,10.3
113,1888,11.1
113,1888,11.1
110,1889,10.6
110,1889,10.6
110,1890,10.3
110,1890,10.3
112,1983,11.8
112,1983,11.8
110,1890,10.6
110,1890,10.6
110,1890,10.5
110,1890,10.5
110,1890,10.6
110,1890,10.6
113,1888,11.1
113,1888,11.1
111,1888,11.3
113,1888,11.1
111,1888,11.3
113,1888,11.1
111,1888,11.4
111,1888,11.4
113,1890,10.4
113,1890,10.4
-659,2366,10.9
-659,2366,10.9
389,-1123,17.5
389,-1123,17.5
385,-1124,15.2
385,-1124,15.2
-1286,757,13.0
-1286,757,13.0
-1291,755,15.7
-1291,755,15.7
-1291,1067,10.0
-1291,1067,10.0
-1289,754,15.7
-1289,754,15.7
-1256,751,12.2
-1256,751,12.2
712,-460,12.3
712,-460,12.3
667,-435,11.9
667,-435,11.9
672,-447,16.8
672,-447,16.8
708,-462,12.8
708,-462,12.8
665,-438,16.8
665,-438,16.8
667,-435,10.8
667,-435,10.8
663,-430,12.9
663,-430,12.9
667,-435,12.0
667,-435,12.0
675,-447,14.8
665,-433,15.1
675,-447,14.8
665,-433,15.1
-1814,118,12.0
-1814,118,12.0
-1777,337,12.0
-1777,337,12.0
-1818,118,12.0
-1687,214,12.0
-1818,118,12.0
-1687,214,12.0
-1781,337,11.6
-1688,210,12.0
-1781,337,11.6
-1688,210,12.0
1500,-1535,10.6
1500,-1535,10.6
-1042,-54,14.7
-1042,-54,14.7
-1007,-61,14.7
-1007,-61,14.7
-1039,-40,14.9
-1029,-58,14.7
-1039,-40,14.9
-1029,-58,14.7
-1006,-62,14.7
-1006,-62,14.7
-1030,-60,14.7
-1030,-60,14.7
-1006,-61,14.7
-1033,-57,14.7
-1006,-61,14.7
-1033,-57,14.7
-1001,-60,14.7
-1001,-60,14.7
-954,-36,14.7
-954,-36,14.7
-954,-36,14.7
-954,-36,14.7
-1041,-43,14.8
-1041,-43,14.8
-954,-36,14.7
-954,-36,14.7
-1040,-42,14.6
-1005,-60,14.7
-1040,-42,14.6
-1005,-60,14.7
-1010,-61,14.7
-1010,-61,14.7
-1038,-46,14.9
-1038,-46,14.9
-1012,-62,14.7
-1012,-62,14.7
-1040,-42,14.6
-1006,-60,14.7
-1007,-62,14.7
-1040,-42,14.6
-1006,-60,14.7
-1007,-62,14.7
-1041,-43,14.6
-993,-50,14.7
-1041,-43,14.6
-993,-50,14.7
-1039,-58,14.7
-1039,-58,14.7
-1041,-43,14.7
-976,-38,14.9
-1041,-43,14.7
-976,-38,14.9
656,156,10.4
656,156,10.4
-926,-1433,11.6
-926,-1431,11.5
-926,-1433,11.6
-926,-1431,11.5
-926,-1427,11.6
-926,-1427,11.6
-926,-1436,11.5
-926,-1436,11.5
-925,-1426,11.1
-926,-1431,11.5
-925,-1426,11.1
-926,-1431,11.5
-926,-1428,11.5
-926,-1428,11.5
-925,-1430,10.8
-925,-1430,10.8
-180,677,11.3
-180,677,11.3
-177,603,14.1
-177,603,14.1
-156,604,10.3
-156,604,10.3
-156,604,10.3
-156,604,10.3
-189,825,12.8
-189,825,12.8
-158,603,11.3
-158,603,11.3
-187,828,11.5
-187,828,11.5
-155,600,12.0
-155,600,12.0
-156,605,10.5
-156,605,10.5
-180,691,11.8
-179,694,10.9
-180,691,11.8
-179,694,10.9
907,-567,21.0
907,-567,21.0
903,-569,18.3
986,-602,12.9
903,-569,18.3
986,-602,12.9
908,-569,20.9
908,-569,20.9
907,-567,21.0
846,-704,18.7
907,-567,21.0
846,-704,18.7
856,-709,17.5
845,-699,13.7
856,-709,17.5
845,-699,13.7
851,-706,13.1
851,-706,13.1
846,-704,18.8
846,-704,18.8
901,-570,12.4
901,-570,12.4
847,-704,18.9
847,-704,18.9
846,-704,18.7
899,-569,17.5
846,-704,18.7
899,-569,17.5
-1751,1349,22.2
-1751,1349,22.2
-1747,1349,23.4
-1747,1349,23.4
-1705,1415,18.2
-1705,1415,18.2
-1722,1380,12.9
-1721,1381,14.5
-1722,1380,12.9
-1721,1381,14.5
-1721,1381,14.4
-1721,1381,14.4
-1721,1381,14.4
-1721,1381,14.4
-1701,1414,22.4
-1707,1416,18.1
-1701,1414,22.4
-1707,1416,18.1
-1721,1379,19.2
-1721,1379,19.2
-1722,1432,11.9
-1722,1432,11.9
-1985,-781,10.5
-1985,-781,10.5
-1641,1191,10.5
-1641,1191,10.5
-1763,863,11.0
-1763,863,11.0
-1704,851,11.3
-1704,851,11.3
-1705,850,13.1
-1705,850,13.1
-1705,850,13.1
-1705,850,13.1
-1705,850,13.1
-1705,850,13.1
-1270,584,22.0
-1270,584,22.1
-1272,575,19.4
-1270,584,22.0
-1270,584,22.1
-1272,575,19.4
-1269,578,22.6
-1269,578,22.6
-1269,578,22.6
-1269,578,22.6
-1268,580,22.9
-1268,580,22.9
-1274,578,14.4
-1274,578,14.4
-1139,556,28.3
-1139,556,28.3
-1135,556,24.1
-1135,556,24.1
-2424,-651,10.5
-2424,-651,10.5
-2424,-651,11.8
-2424,-651,11.8
-2424,-651,10.9
-2424,-651,10.9
-2424,-650,10.0
-2312,-654,12.7
-2424,-650,10.0
-2312,-654,12.7
-2313,-656,13.5
-2313,-656,13.5
-2302,-672,13.4
-2317,-652,13.0
-2302,-672,13.4
-2317,-652,13.0
-2301,-668,13.4
-2369,-721,13.5
-2301,-668,13.4
-2369,-721,13.5
-2424,-652,12.1
-2424,-652,12.1
-2365,-722,13.4
-2365,-722,13.4
-2424,-651,10.4
-2424,-651,10.4
1387,403,11.9
1387,403,11.9
1386,398,17.8
1374,402,19.7
1386,398,17.8
1374,402,19.7
1359,446,11.4
1359,446,11.4
1376,400,19.5
1376,400,19.5
1374,402,19.7
1374,402,19.7
1376,401,19.6
1376,401,19.6
1378,400,19.5
1378,400,19.5
1387,402,13.2
1387,402,13.2
1348,434,19.2
1348,434,19.2
1348,438,19.1
1348,438,19.1
1673,129,16.9
1673,129,16.9
1675,128,14.7
1675,128,14.7
1677,125,15.8
1677,125,15.8
1675,126,16.6
1675,126,16.6
1689,115,10.3
1689,115,10.3
1738,718,10.8
1738,718,10.8
1738,718,10.8
1738,718,10.8
1707,723,13.3
1707,723,13.3
1686,737,16.3
1686,737,16.3
1708,730,19.6
1707,724,14.2
1708,730,19.6
1707,724,14.2
1690,736,18.8
1690,736,18.8
1707,723,13.2
1707,724,14.4
1707,723,13.2
1707,724,14.4
1053,-627,13.0
1053,-627,13.0
1054,-627,13.1
1051,-632,10.2
1054,-627,13.1
1051,-632,10.2
-462,826,11.7
-604,831,11.1
-462,826,11.7
-604,831,11.1
-601,834,12.1
-601,834,12.1
-462,824,11.9
-462,824,11.9
-466,829,12.6
-466,829,12.6
-462,824,12.1
-462,826,11.7
-462,824,12.1
-462,826,11.7
-462,824,11.9
-462,824,11.9
1257,-172,21.3
1254,-170,21.3
1258,-165,20.9
1257,-172,21.3
1254,-170,21.3
1258,-165,20.9
1261,-170,21.3
1261,-170,21.3
1078,-106,20.1
1078,-106,20.1
1259,-171,21.4
1260,-170,21.3
1259,-171,21.4
1260,-170,21.3
1255,-169,21.3
1255,-169,21.3
1255,-169,21.3
1255,-169,21.3
1260,-171,21.3
1260,-171,21.3
1095,0,12.3
1095,0,12.3
1255,-167,22.4
1255,-167,22.4
1257,-171,21.9
1257,-171,21.9
1259,-171,21.3
1259,-171,21.3
1256,-170,21.8
1256,-170,21.8
1257,-171,21.9
1236,-136,20.3
1257,-171,21.9
1236,-136,20.3
1239,-139,20.3
1239,-139,20.3
1098,0,10.8
1098,0,10.8
1393,2469,12.0
1393,2469,12.0
1397,2471,16.0
1397,2471,16.0
-1682,1543,15.3
-1682,1543,15.3
-2077,1707,10.1
-2077,1707,10.1
-2076,1709,13.5
-2076,1709,13.5
-2094,1724,15.8
-2094,1724,15.8
-2081,1712,16.5
-2081,1712,16.5
-2081,1711,15.8
-2081,1711,15.8
1768,432,12.8
1768,432,12.8
1768,430,14.5
1768,428,15.2
1768,430,14.5
1768,428,15.2
1769,430,15.7
1769,430,15.7
1769,428,15.8
1769,428,15.8
1731,417,10.1
1731,417,10.1
1747,420,10.2
1733,417,10.6
1747,420,10.2
1733,417,10.6
1739,417,11.4
1739,417,11.4
1739,417,11.9
1739,417,11.9
1768,429,14.2
1741,418,10.9
1768,429,14.2
1741,418,10.9
1731,416,10.3
1731,416,10.3
1730,413,11.0
1731,417,10.1
1730,413,11.0
1731,417,10.1
1728,411,11.2
1728,411,11.2
-1122,-1662,26.7
-1122,-1662,26.7
-1104,-1658,13.6
-1125,-1667,26.1
-1104,-1658,13.6
-1125,-1667,26.1
-1106,-1659,14.7
-1123,-1663,27.1
-1106,-1659,14.7
-1123,-1663,27.1
-1104,-1658,13.6
-1125,-1666,26.4
-1125,-1667,26.1
-1104,-1658,13.6
-1125,-1666,26.4
-1125,-1667,26.1
-1128,-1667,26.3
-1120,-1664,25.1
-1119,-1665,24.5
-1128,-1667,26.3
-1120,-1664,25.1
-1119,-1665,24.5
-1123,-1663,27.1
-1123,-1663,27.1
-1132,-1681,24.0
-1131,-1688,22.0
-1143,-1688,27.4
-1132,-1681,24.0
-1131,-1688,22.0
-1143,-1688,27.4
-1108,-1656,16.7
-1108,-1656,16.7
-1125,-1681,24.0
-1135,-1679,26.0
-1125,-1681,24.0
-1135,-1679,26.0
-1108,-1656,16.7
-1108,-1656,16.7
-1122,-1662,26.7
-1122,-1662,26.7
-1120,-1663,26.0
-1126,-1687,22.6
-1136,-1685,25.0
-1120,-1663,26.0
-1126,-1687,22.6
-1136,-1685,25.0
-1134,-1683,23.7
-1141,-1684,27.9
-1134,-1683,23.7
-1141,-1684,27.9
-953,473,13.1
-953,473,13.1
-987,476,13.5
-987,476,13.5
-953,473,13.1
-953,473,13.1
-1008,474,27.2
-1008,474,27.2
-1005,476,26.6
-1044,494,27.2
-1005,476,26.6
-1044,494,27.2
-1043,490,27.4
-1043,490,27.4
908,-458,23.4
954,-441,20.2
908,-458,23.4
954,-441,20.2
974,-486,23.8
974,-486,23.8
907,-454,23.1
978,-484,27.3
907,-454,23.1
978,-484,27.3
950,-443,20.7
932,-393,23.4
950,-443,20.7
932,-393,23.4
-927,1015,28.7
-927,1015,28.7
-1188,1200,11.9
-1188,1200,11.9
1131,-1110,11.9
1131,-1110,11.9
2436,-520,12.9
2436,-520,12.9
2437,-518,13.9
2437,-518,13.9
2442,-545,15.9
2442,-545,15.9
2440,-522,14.1
2440,-522,14.1
2436,-512,13.1
2436,-512,13.1
2441,-522,14.1
2441,-522,14.1
369,1855,11.5
369,1855,11.5
371,1856,12.8
371,1856,12.8
-249,161,18.7
-249,161,18.7
-180,311,13.5
-180,311,13.5
-245,137,17.1
-245,137,17.1
-242,155,18.7
-247,166,18.7
-242,155,18.7
-247,166,18.7
-248,160,18.7
-244,185,17.4
-248,160,18.7
-244,185,17.4
-183,309,10.9
-183,309,10.9
-247,156,18.7
-247,156,18.7
-183,308,10.6
-183,308,10.6
-243,134,15.6
-243,134,15.6
511,-30,11.7
511,-30,11.7
310,3073,13.1
310,3073,13.1
310,3073,13.2
310,3073,13.2
252,2998,12.7
252,2998,12.7
309,3077,12.6
309,3077,12.6
307,3075,12.6
307,3075,12.6
309,3077,12.6
309,3077,12.6
307,3075,12.6
307,3075,12.6
309,3078,12.6
309,3078,12.6
310,3073,13.2
310,3073,13.2
310,3073,13.1
310,3073,13.1
402,3140,12.2
402,3140,12.2
-1601,531,39.9
-1646,549,39.7
-1645,553,41.1
-1601,531,39.9
-1646,549,39.7
-1645,553,41.1
-1677,529,28.2
-1677,529,28.2
-1675,548,24.7
-1657,556,29.1
-1675,548,24.7
-1657,556,29.1
-1602,531,38.7
-1619,539,44.7
-1617,542,45.1
-1602,531,38.7
-1619,539,44.7
-1617,542,45.1
-1602,530,36.4
-1611,537,40.9
-1609,539,45.3
-1602,530,36.4
-1611,537,40.9
-1609,539,45.3
-1617,542,44.8
-1606,533,36.3
-1605,535,39.3
-1617,542,44.8
-1606,533,36.3
-1605,535,39.3
-1601,532,43.1
-1674,526,28.4
-1676,550,24.8
-1601,532,43.1
-1674,526,28.4
-1676,550,24.8
-1602,534,49.3
-1681,528,27.3
-1602,534,49.3
-1681,528,27.3
-1601,532,42.3
-1662,556,10.6
-1601,532,42.3
-1662,556,10.6
-1645,552,41.0
-1613,537,40.0
-1612,539,44.2
-1645,552,41.0
-1613,537,40.0
-1612,539,44.2
-1709,522,25.9
-1668,526,24.8
-1670,551,20.1
-1709,522,25.9
-1668,526,24.8
-1670,551,20.1
-1662,555,10.8
-1641,546,45.1
-1639,551,46.5
-1662,555,10.8
-1641,546,45.1
-1639,551,46.5
-952,969,22.1
-960,890,15.2
-952,969,22.1
-960,890,15.2
-952,969,22.1
-956,890,24.2
-960,890,15.2
-952,969,22.1
-956,890,24.2
-960,890,15.2
-959,981,25.3
-1038,1002,11.5
-959,981,25.3
-1038,1002,11.5
-963,981,24.4
-963,981,24.4
-965,868,15.5
-965,868,15.5
-963,984,26.1
-963,984,26.1
-962,870,19.1
-962,870,19.1
3048,-1321,13.3
3048,-1321,13.3
3048,-1322,13.3
3048,-1322,13.3
3049,-1325,11.9
3048,-1326,11.8
3049,-1325,11.9
3048,-1326,11.8
-1677,1342,15.2
-1677,1342,15.2
-1613,1280,12.6
-1613,1280,12.6
-1613,1280,12.6
-1613,1280,12.6
-1639,1360,10.4
-1639,1360,10.4
-1613,1280,12.5
-1613,1280,12.5
-1637,1361,15.4
-1639,1360,10.4
-1637,1361,15.4
-1639,1360,10.4
-1604,1287,11.4
-1591,1302,11.6
-1604,1287,11.4
-1591,1302,11.6
-1678,1342,15.3
-1678,1342,15.3
-1595,1297,12.8
-1584,1318,15.0
-1595,1297,12.8
-1584,1318,15.0
-1676,1341,14.9
-1676,1341,14.9
-1676,1341,14.9
-1676,1341,14.9
-1676,1341,14.9
-1676,1341,14.9
-1634,1361,15.8
-1633,1357,15.8
-1634,1361,15.8
-1633,1357,15.8
-1676,1341,14.9
-1613,1280,12.6
-1676,1341,14.9
-1613,1280,12.6
-1677,1342,15.2
-1677,1342,15.2
-1639,1361,13.3
-1583,1313,11.0
-1639,1361,13.3
-1583,1313,11.0
-1638,1361,15.0
-1591,1297,15.4
-1638,1361,15.0
-1591,1297,15.4
-1647,1369,15.1
-1647,1369,15.1
-1690,1327,15.3
-1690,1327,15.3
-1651,1369,15.7
-1651,1369,15.7
-1599,1291,10.4
-1599,1291,10.4
-1638,1362,15.2
-1638,1362,15.2
2100,414,12.1
2100,414,12.1
2173,411,14.0
2173,411,14.0
2103,416,13.2
2103,416,13.2
170,1664,69.5
170,1664,69.5
172,1665,70.0
172,1665,70.0
-493,-1026,23.6
-473,-1005,14.3
-493,-1026,23.6
-473,-1005,14.3
-491,-1030,21.4
-469,-1008,15.3
-491,-1030,21.4
-469,-1008,15.3
2010,48,10.3
2010,48,10.3
-330,660,14.8
-330,660,14.8
-1556,684,15.8
-1556,684,15.8
-1524,706,13.7
-1524,706,13.7
-1526,709,15.4
-1526,709,15.4
-1544,686,10.8
-1544,686,10.8
733,1595,11.4
733,1595,11.4
565,1656,12.5
565,1656,12.5
733,1595,11.4
733,1595,11.4
565,1658,11.5
565,1658,11.6
565,1658,11.5
565,1658,11.6
906,1806,20.3
905,1807,20.2
906,1806,20.3
905,1807,20.2
730,1578,20.0
730,1578,20.0
906,1821,19.6
906,1821,19.6
912,1820,21.3
907,1815,20.2
912,1820,21.3
907,1815,20.2
701,1606,12.3
666,1617,16.3
701,1606,12.3
666,1617,16.3
889,1839,15.8
696,1606,10.7
889,1839,15.8
696,1606,10.7
887,1841,17.2
887,1841,17.2
888,1839,15.9
889,1838,17.6
888,1839,15.9
889,1838,17.6
696,1606,10.7
908,1820,20.2
889,1839,15.8
696,1606,10.7
908,1820,20.2
889,1839,15.8
666,1617,16.4
666,1617,16.4
570,1645,14.8
570,1645,14.8
564,1660,11.8
564,1660,11.8
565,1661,10.3
575,1642,14.7
565,1661,10.3
575,1642,14.7
667,1616,16.8
667,1616,16.8
890,1837,12.9
854,1843,14.2
890,1837,12.9
854,1843,14.2
890,1837,13.7
853,1841,11.9
890,1837,13.7
853,1841,11.9
564,1660,12.0
564,1660,12.0
668,1615,17.2
667,1616,16.8
668,1615,17.2
667,1616,16.8
905,1807,20.2
905,1807,20.2
905,1807,20.2
892,1759,21.5
905,1807,20.2
892,1759,21.5
696,1607,10.0
905,1807,20.2
696,1607,10.0
905,1807,20.2
911,1819,20.9
911,1819,20.9
909,1822,20.2
909,1822,20.2
910,1824,20.6
902,1802,20.2
910,1824,20.6
902,1802,20.2
912,1821,21.4
912,1820,21.3
912,1821,21.4
912,1820,21.3
666,1617,16.4
666,1617,16.4
830,1846,11.6
830,1846,11.6
818,1551,25.1
818,1551,25.1
907,1804,20.9
904,1801,21.2
900,1806,19.7
907,1804,20.9
904,1801,21.2
900,1806,19.7
2366,-70,24.2
2369,-63,21.7
2366,-70,24.2
2369,-63,21.7
2398,-76,12.2
2372,-20,20.6
2398,-76,12.2
2372,-20,20.6
2370,-13,21.7
2375,-24,19.7
2370,-13,21.7
2375,-24,19.7
2370,-59,20.4
2370,-59,20.4
2375,-58,19.7
2363,-67,26.8
2375,-58,19.7
2363,-67,26.8
2373,-63,19.8
2373,-63,19.8
2374,-29,19.7
2374,-29,19.7
2370,-59,20.4
2368,-64,22.4
2370,-59,20.4
2368,-64,22.4
2375,-33,20.5
2375,-33,20.5
2370,-73,19.7
2364,-63,26.3
2370,-73,19.7
2364,-63,26.3
2374,-16,18.5
2374,-16,18.5
2372,-19,20.2
2372,-19,20.2
2371,-73,19.1
2365,-64,24.8
2363,-65,26.7
2371,-73,19.1
2365,-64,24.8
2363,-65,26.7
2366,-62,24.5
2369,-68,21.8
2365,-70,25.1
2366,-62,24.5
2369,-68,21.8
2365,-70,25.1
-1033,12,12.5
-1033,12,12.5
315,3259,11.7
315,3259,11.7
298,3156,12.2
298,3156,12.2
303,3153,11.4
303,3153,11.4
312,3255,10.2
312,3255,10.2
311,3256,10.1
311,3256,10.1
255,3179,15.2
255,3179,15.2
303,3152,11.3
303,3152,11.3
303,3154,11.3
253,3183,13.3
303,3154,11.3
253,3183,13.3
-2468,1533,11.3
-2468,1533,11.3
411,-1282,22.9
411,-1282,22.9
409,-1282,24.7
409,-1282,24.7
407,-1279,27.1
407,-1279,27.1
1631,610,13.6
1612,598,13.9
1631,610,13.6
1612,598,13.9
1613,602,14.4
1613,602,14.4
1629,612,13.8
1629,612,13.8
1627,611,14.1
1627,611,14.1
-53,2915,12.8
-53,2915,12.8
-53,2914,12.3
-53,2914,12.3
-68,2911,11.3
-68,2911,11.3
-50,2915,12.2
-50,2915,12.2
1550,280,11.1
1550,280,11.1
1551,283,12.4
1551,283,12.4
1552,280,11.6
1552,280,11.6
1550,280,11.0
1789,381,13.8
1550,280,11.0
1789,381,13.8
817,-219,24.4
828,-231,23.8
833,-226,27.2
817,-219,24.4
828,-231,23.8
833,-226,27.2
817,-311,14.1
817,-311,14.1
813,-312,12.6
842,-241,28.4
813,-312,12.6
842,-241,28.4
821,-217,27.4
821,-217,27.4
778,-240,23.5
792,-221,23.9
787,-218,25.4
778,-240,23.5
792,-221,23.9
787,-218,25.4
824,-227,22.2
829,-222,25.7
824,-227,22.2
829,-222,25.7
818,-218,25.6
818,-218,25.6
777,-236,25.6
777,-236,25.6
818,-217,26.8
818,-217,26.8
820,-221,23.7
794,-211,26.9
820,-221,23.7
794,-211,26.9
778,-240,24.2
799,-210,28.5
778,-240,24.2
799,-210,28.5
800,-211,28.1
789,-226,26.4
784,-222,26.7
800,-211,28.1
789,-226,26.4
784,-222,26.7
1055,1911,29.9
1055,1911,29.9
1070,1913,25.1
1070,1913,25.1
1053,1912,30.5
1053,1914,15.8
1053,1912,30.5
1053,1914,15.8
1055,1911,29.9
1055,1911,29.9
1053,1914,15.8
1053,1914,15.8
1055,1910,32.4
1058,1911,31.5
1055,1910,32.4
1058,1911,31.5
1070,1913,25.1
1070,1913,25.1
1052,1913,30.6
1072,1915,10.4
1052,1913,30.6
1072,1915,10.4
1068,1912,28.6
1068,1912,28.6
1331,515,14.0
1331,515,14.0
1330,535,20.1
1326,523,14.4
1330,535,20.1
1326,523,14.4
1330,516,13.7
1330,516,13.7
1319,537,18.9
1334,533,19.8
1330,522,10.9
1319,537,18.9
1334,533,19.8
1330,522,10.9
1328,551,18.8
1328,551,18.8
1334,519,12.7
1341,502,11.6
1334,519,12.7
1341,502,11.6
1331,520,11.7
1345,501,10.7
1331,520,11.7
1345,501,10.7
1329,536,20.0
1329,536,20.0
1318,535,17.4
1328,532,20.0
1330,536,20.0
1318,535,17.4
1328,532,20.0
1330,536,20.0
1382,594,18.5
1382,594,18.5
1330,516,13.7
1330,516,13.7
1331,555,17.8
1331,555,17.8
-1036,1002,19.3
-1094,1016,11.1
-1036,1002,19.3
-1094,1016,11.1
-1036,1002,19.7
-1036,1002,19.7
2369,-1212,12.6
2369,-1212,12.6
2373,-1213,12.7
2373,-1213,12.7
-1221,1251,11.9
-1221,1251,11.9
-1219,1247,16.3
-1219,1247,16.3
-264,-954,14.7
-264,-954,14.7
-229,-936,19.2
-229,-936,19.2
-265,-951,17.0
-265,-951,17.0
-226,-938,18.1
-266,-955,16.1
-226,-938,18.1
-266,-955,16.1
-229,-936,19.3
-229,-936,19.3
-268,-953,17.3
-268,-953,17.3
-1972,1374,10.7
-1972,1374,10.7
-1974,1375,11.5
-1969,1372,10.2
-1974,1375,11.5
-1969,1372,10.2
-1977,1375,12.4
-1978,1373,11.7
-1969,1368,10.5
-1977,1375,12.4
-1978,1373,11.7
-1969,1368,10.5
-1969,1372,10.2
-1969,1372,10.2
-1973,1376,11.6
-1973,1376,11.6
-1820,2021,64.3
-1820,2021,64.3
-1818,2037,64.8
-1818,2037,64.8
-1838,2037,11.3
-1838,2037,11.3
-1818,2034,64.8
-1818,2034,64.8
-1833,2039,64.5
-1833,2039,64.5
-1797,2035,66.8
-1822,2037,64.8
-1824,2020,63.9
-1797,2035,66.8
-1822,2037,64.8
-1824,2020,63.9
-1824,2020,64.1
-1824,2020,64.1
-1832,2040,64.1
-1833,2035,64.8
-1832,2040,64.1
-1833,2035,64.8
-1823,2035,64.8
-1823,2035,64.8
-1824,2023,64.8
-1822,2024,64.8
-1824,2023,64.8
-1822,2024,64.8
-1841,2033,10.4
-1841,2033,10.4
-1819,2023,64.7
-1823,2025,64.8
-1819,2023,64.7
-1823,2025,64.8
-1062,-1583,25.3
-1062,-1584,25.5
-1062,-1583,25.3
-1062,-1584,25.5
-1056,-1581,19.8
-1056,-1582,19.7
-1056,-1581,19.8
-1056,-1582,19.7
-1062,-1583,25.0
-1062,-1583,25.0
-1062,-1583,25.1
-1062,-1583,25.1
-1062,-1583,25.2
-1062,-1583,25.2
-1040,-1545,13.2
-1040,-1545,13.2
-1199,1050,12.1
-1199,1050,12.1
-1146,1031,10.3
-1146,1031,10.3
269,2872,11.5
269,2872,11.5
270,2872,11.1
270,2872,11.1
271,2872,10.7
271,2872,10.7
267,2921,10.8
267,2921,10.8
-2029,230,14.8
-2029,230,14.8
-2029,231,13.5
-2029,231,13.5
-2029,230,15.0
-2029,230,15.0
-2782,-108,12.1
-2782,-108,12.1
-2779,-109,10.7
-2781,-107,11.0
-2779,-109,10.7
-2781,-107,11.0
-2782,-113,12.5
-2782,-113,12.5
-2807,-80,11.3
-2809,-81,10.7
-2807,-80,11.3
-2809,-81,10.7
-2782,-108,12.1
-2782,-108,12.1
-2805,-82,10.4
-2805,-82,10.4
-2793,-82,11.7
-2793,-82,11.7
-2781,-112,12.5
-2797,-81,12.1
-2781,-112,12.5
-2797,-81,12.1
-2780,-111,12.5
-2782,-113,12.5
-2780,-111,12.5
-2782,-113,12.5
794,-464,17.4
794,-464,17.4
842,-350,22.8
842,-350,22.8
846,-348,20.3
795,-468,16.0
846,-348,20.3
795,-468,16.0
843,-348,21.8
843,-348,21.8
729,-504,30.9
729,-504,30.9
162,3311,10.5
162,3311,10.5
149,3293,27.1
149,3293,27.1
159,3310,27.6
159,3310,27.6
224,3375,10.5
224,3375,10.5
150,3289,10.4
150,3289,10.4
227,3374,11.7
235,3367,11.1
227,3374,11.7
235,3367,11.1
147,3264,26.7
147,3264,26.7
229,3374,14.5
229,3374,14.5
146,3268,26.5
146,3268,26.5
146,3268,26.5
146,3268,26.5
-1476,1232,10.3
-1481,1226,12.4
-1476,1232,10.3
-1481,1226,12.4
-1481,1226,12.4
-1481,1226,12.4
-1487,1231,10.4
-1487,1231,10.4
-1504,1213,10.6
-1504,1213,10.6
-1491,1229,11.1
-1491,1229,11.1
-1481,1226,12.4
-1481,1226,12.4
-1535,1173,10.2
-1535,1173,10.2
-1481,1226,12.4
-1481,1226,12.4
-1510,1159,10.4
-1510,1159,10.4
-1510,1196,10.8
-1510,1196,10.8
-1535,1176,10.4
-1535,1176,10.4
-1467,1150,10.5
-1467,1150,10.5
-1033,11,11.4
-1033,11,11.4
599,-16,13.6
599,-16,13.6
607,-29,13.4
607,-29,13.4
598,-39,13.2
607,-29,13.3
598,-39,13.2
607,-29,13.3
641,88,15.1
600,-20,15.4
641,88,15.1
600,-20,15.4
641,88,15.1
641,88,15.1
636,86,14.4
643,84,14.9
636,86,14.4
643,84,14.9
637,86,14.1
637,86,14.1
637,86,14.4
637,86,14.4
637,86,14.4
637,86,14.4
637,86,14.1
637,86,14.1
637,86,14.1
637,86,14.1
-332,657,12.8
-332,657,12.8
-329,659,12.9
-330,653,12.8
-329,659,12.9
-330,653,12.8
-332,662,12.8
-332,662,12.8
-328,595,11.6
-328,595,11.6
1173,1920,11.9
1173,1920,11.9
1179,1917,12.2
1179,1917,12.2
1135,1883,19.4
1120,1888,18.5
1135,1883,19.4
1120,1888,18.5
1173,1920,11.9
1173,1920,11.9
1135,1883,19.4
1135,1883,19.4
1115,1889,18.7
1115,1889,18.7
1152,1885,13.9
1156,1886,14.0
1152,1885,13.9
1156,1886,14.0
1150,1884,14.8
1157,1891,13.8
1150,1884,14.8
1157,1891,13.8
1155,1886,13.9
1132,1886,13.7
1155,1886,13.9
1132,1886,13.7
1113,1889,18.6
1121,1887,19.0
1113,1889,18.6
1121,1887,19.0
1179,1913,13.4
1179,1913,13.4
1155,1888,13.8
1156,1888,13.8
1155,1888,13.8
1156,1888,13.8
1155,1886,13.9
1155,1886,13.9
1156,1886,14.0
1156,1886,14.0
-2026,604,10.8
-2025,607,11.0
-2026,604,10.8
-2025,607,11.0
-2031,604,10.4
-2031,604,10.4
-2032,601,10.4
-2028,605,10.4
-2032,601,10.4
-2028,605,10.4
-2028,605,10.4
-2028,605,10.4
-2028,605,10.4
-2028,605,10.4
-2029,604,10.4
-2031,605,10.4
-2029,604,10.4
-2031,605,10.4
-2028,605,10.4
-2028,605,10.4
-1997,688,10.9
-1997,688,10.9
-1996,688,12.0
-1996,688,12.0
-2030,604,10.4
-2030,604,10.4
-1997,688,12.5
-1997,688,12.5
-264,-742,12.4
-263,-742,12.4
-264,-742,12.4
-263,-742,12.4
-255,-735,26.8
-255,-735,26.8
-246,-743,24.8
-258,-730,26.8
-246,-743,24.8
-258,-730,26.8
-263,-743,15.4
-263,-743,15.4
-246,-741,24.8
-263,-748,24.8
-246,-741,24.8
-263,-748,24.8
-279,-750,24.8
-279,-750,24.8
-283,-748,24.8
-283,-748,24.8
-263,-742,12.4
-263,-742,12.4
-256,-738,24.9
-259,-750,24.8
-256,-738,24.9
-259,-750,24.8
-310,-683,24.3
-302,-692,26.8
-278,-668,24.8
-310,-683,24.3
-302,-692,26.8
-278,-668,24.8
-248,-745,24.8
-282,-667,24.8
-248,-745,24.8
-282,-667,24.8
36,2933,23.7
73,2934,17.7
36,2933,23.7
73,2934,17.7
35,2932,22.5
35,2932,22.5
35,2885,24.9
35,2885,24.9
35,2931,22.5
35,2931,22.5
37,2933,22.6
38,2882,26.3
37,2933,22.6
38,2882,26.3
35,2932,22.5
35,2932,22.5
36,2934,24.4
36,2934,24.4
42,2934,17.8
35,2927,17.9
42,2934,17.8
35,2927,17.9
708,-459,24.9
736,-462,24.3
735,-471,26.5
708,-459,24.9
736,-462,24.3
735,-471,26.5
765,-422,20.3
746,-466,22.3
765,-422,20.3
746,-466,22.3
750,-462,22.0
731,-461,25.8
730,-471,27.8
750,-462,22.0
731,-461,25.8
730,-471,27.8
707,-460,25.2
751,-464,22.0
707,-460,25.2
751,-464,22.0
709,-463,26.8
732,-409,16.1
709,-463,26.8
732,-409,16.1
-465,-926,12.4
-465,-926,12.4
-468,-928,11.5
-468,-928,11.5
-530,-1059,17.1
-530,-1059,17.1
-550,-1067,34.6
-526,-1061,14.5
-550,-1067,34.6
-526,-1061,14.5
-548,-1063,34.5
-548,-1063,34.5
-550,-1066,34.6
-542,-1076,33.7
-550,-1066,34.6
-542,-1076,33.7
-505,-1114,14.8
-529,-1120,25.3
-505,-1114,14.8
-529,-1120,25.3
-549,-1064,34.5
-507,-1116,16.6
-506,-1116,16.5
-549,-1064,34.5
-507,-1116,16.6
-506,-1116,16.5
-507,-1117,16.8
-530,-1060,17.2
-507,-1117,16.8
-530,-1060,17.2
-469,-1102,14.0
-469,-1102,14.0
-483,-1061,14.7
-471,-1106,15.0
-483,-1061,14.7
-471,-1106,15.0
-480,-1064,14.7
-480,-1064,14.7
-507,-1117,16.8
-544,-1071,34.7
-530,-1060,17.2
-507,-1117,16.8
-544,-1071,34.7
-530,-1060,17.2
-498,-1054,15.0
-531,-1063,19.6
-498,-1054,15.0
-531,-1063,19.6
1334,-378,35.3
1334,-378,35.3
1338,-378,29.8
1304,-347,35.0
1338,-378,29.8
1304,-347,35.0
1306,-346,31.1
1309,-353,36.3
1308,-353,38.2
1306,-346,31.1
1309,-353,36.3
1308,-353,38.2
1327,-398,51.4
1306,-348,34.5
1306,-348,35.3
1327,-398,51.4
1306,-348,34.5
1306,-348,35.3
1305,-351,40.4
1305,-351,40.4
1317,-381,54.2
1337,-373,28.6
1317,-381,54.2
1337,-373,28.6
1308,-348,31.7
1317,-368,46.9
1308,-348,31.7
1317,-368,46.9
1304,-347,35.0
1320,-385,52.4
1338,-378,29.8
1304,-347,35.0
1320,-385,52.4
1338,-378,29.8
1328,-397,50.2
1315,-364,41.7
1328,-397,50.2
1315,-364,41.7
-594,990,11.9
-594,990,11.9
-478,989,11.0
-597,993,10.5
-478,989,11.0
-597,993,10.5
-481,986,11.7
-481,986,11.7
115,3209,24.7
106,3211,10.3
115,3209,24.7
106,3211,10.3
97,3214,25.1
107,3211,12.6
97,3214,25.1
107,3211,12.6
114,3208,11.9
114,3208,11.9
112,3209,25.3
112,3209,25.3
-1426,1909,13.5
-1426,1909,13.5
-1426,1909,13.2
-1426,1909,13.2
-1973,654,13.7
-1973,654,13.7
1803,29,10.9
1803,29,10.9
1747,-20,17.5
1724,28,14.9
1747,-20,17.5
1724,28,14.9
1722,24,17.3
1722,24,17.3
2508,125,20.0
2508,125,20.0
2456,156,11.0
2456,156,11.0
2505,128,18.6
2505,128,18.6
2492,153,11.0
2492,153,11.0
-184,-916,10.0
-184,-916,10.0
-229,-938,19.0
-229,-938,19.0
-1037,-1396,28.0
-1037,-1396,28.0
-1067,-1443,24.4
-1067,-1443,24.4
-1069,-1442,27.4
-1066,-1439,27.5
-1069,-1442,27.4
-1066,-1439,27.5
-1069,-1446,22.1
-1033,-1396,27.7
-1069,-1446,22.1
-1033,-1396,27.7
2301,-2086,61.3
2252,-2124,61.9
2301,-2086,61.3
2252,-2124,61.9
735,-1582,13.5
723,-1617,11.6
735,-1582,13.5
723,-1617,11.6
725,-1618,11.8
725,-1618,11.8
727,-1615,13.5
727,-1615,13.5
737,-1586,13.4
737,-1586,13.4
-2096,1726,16.2
-2096,1726,16.2
-1181,-939,11.5
-1181,-939,11.5
-1068,-1016,11.2
-1068,-1016,11.2
-2147,-113,13.5
-2147,-113,13.5
-2149,-115,10.8
-2149,-115,10.8
-2120,-114,14.2
-2120,-114,14.2
-2122,-118,10.5
-2122,-118,10.5
-2123,-111,16.3
-2123,-111,16.3
-2168,-110,11.1
-2168,-110,11.1
-2109,-158,17.3
-2109,-158,17.3
-2108,-122,16.7
-2110,-128,13.1
-2108,-122,16.7
-2110,-128,13.1
-2111,-119,16.7
-2112,-161,14.3
-2111,-119,16.7
-2112,-161,14.3
-2110,-123,13.1
-2122,-118,10.5
-2110,-123,13.1
-2122,-118,10.5
-51,-576,11.7
-51,-576,11.7
451,-1738,14.8
451,-1738,14.8
595,-1727,17.3
595,-1727,17.3
569,-1780,12.5
569,-1780,12.8
569,-1780,12.5
569,-1780,12.8
452,-1740,15.3
452,-1740,15.3
450,-1742,14.9
450,-1742,14.9
404,-1711,10.1
404,-1711,10.1
576,-1774,11.2
576,-1772,10.8
576,-1774,11.2
576,-1772,10.8
450,-1737,14.1
450,-1737,14.1
449,-1742,14.9
449,-1742,14.9
-390,-866,11.8
-390,-866,11.8
-385,-863,13.1
-385,-863,13.1
-389,-878,11.1
-389,-878,11.1
-394,-867,12.3
-394,-867,12.3
-371,-856,10.9
-371,-856,10.9
278,1998,12.9
278,1998,12.9
291,1916,14.9
281,2001,15.3
291,1916,14.9
281,2001,15.3
290,1916,16.0
290,1916,16.0
291,1837,14.4
291,1837,14.4
-1654,-209,14.7
-1654,-209,14.7
-1651,-206,13.0
-1699,-203,13.2
-1651,-206,13.0
-1699,-203,13.2
-1696,-206,13.4
-1696,-206,13.4
-2087,-785,10.6
-2087,-785,10.6
-2082,-785,10.5
-2082,-785,10.5
-1843,1262,10.5
-1843,1262,10.5
-1550,716,10.8
-1570,683,20.5
-1561,677,12.1
-1550,716,10.8
-1570,683,20.5
-1561,677,12.1
-1578,672,25.2
-1557,681,12.8
-1578,672,25.2
-1557,681,12.8
-1598,679,43.8
-1586,689,38.6
-1573,672,20.5
-1598,679,43.8
-1586,689,38.6
-1573,672,20.5
-1621,689,54.0
-1598,697,43.0
-1592,680,37.5
-1621,689,54.0
-1598,697,43.0
-1592,680,37.5
-1550,716,10.8
-1561,677,12.1
-1550,716,10.8
-1561,677,12.1
-1572,676,21.9
-1565,664,11.2
-1572,676,21.9
-1565,664,11.2
-1550,716,11.3
-1589,685,38.2
-1577,670,27.1
-1550,716,11.3
-1589,685,38.2
-1577,670,27.1
-1596,678,41.2
-1597,679,42.5
-1596,678,41.2
-1597,679,42.5
-1579,671,26.2
-1579,671,26.2
-1596,675,41.7
-1591,680,36.6
-1594,684,40.3
-1596,675,41.7
-1591,680,36.6
-1594,684,40.3
-1597,694,41.9
-1610,730,48.9
-1597,694,41.9
-1610,730,48.9
-1557,681,12.8
-1577,670,27.2
-1578,672,25.2
-1557,681,12.8
-1577,670,27.2
-1578,672,25.2
-1577,668,24.5
-1572,671,20.0
-1575,676,21.9
-1577,668,24.5
-1572,671,20.0
-1575,676,21.9
-1603,694,46.4
-1597,679,42.5
-1603,694,46.4
-1597,679,42.5
-1619,685,53.7
-1593,695,41.9
-1606,732,45.8
-1619,685,53.7
-1593,695,41.9
-1606,732,45.8
584,1434,10.4
584,1434,10.4
1787,444,17.9
1798,420,17.7
1787,444,17.9
1798,420,17.7
1767,435,12.5
1767,435,12.5
1329,2066,10.4
1329,2066,10.4
-1182,-1831,10.1
-1182,-1831,10.1
-1850,1359,11.8
-1850,1359,11.8
-1850,1359,11.8
-1850,1359,11.8
-1850,1359,11.8
-1850,1359,11.8
-1849,1359,11.3
-1849,1359,11.3
-2105,671,10.2
-2105,671,10.2
-953,803,17.4
-953,803,17.4
-957,692,19.3
-957,692,19.3
-957,692,20.2
-957,692,20.2
-951,799,19.3
-951,799,19.3
-957,695,17.3
-964,689,19.4
-957,695,17.3
-964,689,19.4
418,-1537,23.8
423,-1528,21.5
418,-1537,23.8
423,-1528,21.5
419,-1534,22.6
418,-1531,25.3
419,-1534,22.6
418,-1531,25.3
465,-1555,15.4
465,-1555,15.4
419,-1533,23.8
419,-1533,23.8
-1661,-491,11.9
-1628,-460,12.6
-1661,-491,11.9
-1628,-460,12.6
-1659,-491,12.5
-1659,-491,12.5
-1639,-450,10.9
-1639,-450,10.9
-1628,-464,12.6
-1628,-464,12.6
-259,-1432,17.7
-259,-1432,17.7
-268,-1404,15.3
-261,-1436,15.2
-268,-1404,15.3
-261,-1436,15.2
-264,-1406,16.9
-264,-1406,16.9
-265,-1406,16.7
-265,-1406,16.7
-1808,1060,30.0
-1805,1062,29.2
-1808,1060,30.0
-1805,1062,29.2
-1801,1040,27.1
-1810,1052,28.2
-1801,1040,27.1
-1810,1052,28.2
-1801,1047,28.6
-1810,1047,27.3
-1801,1047,28.6
-1810,1047,27.3
-1805,1039,27.1
-1779,1076,29.1
-1805,1039,27.1
-1779,1076,29.1
-1786,1070,28.4
-1808,1058,29.1
-1786,1070,28.4
-1808,1058,29.1
-1805,1039,27.1
-1786,1070,28.5
-1805,1039,27.1
-1786,1070,28.5
-1789,1065,28.5
-1789,1065,28.5
-1786,1070,28.4
-1797,1050,28.2
-1786,1070,28.4
-1797,1050,28.2
-1803,1039,27.1
-1794,1055,27.8
-1803,1039,27.1
-1794,1055,27.8
-655,2343,25.9
-655,2343,25.9
-655,2343,25.9
-655,2343,25.9
-655,2344,16.2
-655,2344,16.2
-655,2344,25.7
-655,2344,25.7
-655,2344,16.2
-655,2344,16.2
-655,2344,24.8
-655,2344,24.8
-655,2344,24.8
-655,2344,24.8
-2316,-1249,10.2
-2316,-1249,10.2
-1225,2132,12.9
-1227,2148,17.7
-1225,2132,12.9
-1227,2148,17.7
-1231,2150,15.7
-1231,2150,15.7
-1221,2134,18.1
-1221,2134,18.1
-1220,2134,18.2
-1220,2134,18.2
1112,33,26.9
1095,4,27.1
1112,33,26.9
1095,4,27.1
1222,-86,19.1
1114,-12,19.1
1222,-86,19.1
1114,-12,19.1
1119,-16,19.1
1095,9,27.4
1119,-16,19.1
1095,9,27.4
1115,-16,19.2
1115,-16,19.2
1236,-64,17.3
1236,-64,17.3
1218,-87,19.1
1212,-81,19.1
1235,-60,16.0
1218,-87,19.1
1212,-81,19.1
1235,-60,16.0
1109,32,27.1
1109,32,27.1
1115,-16,19.2
1115,-16,19.2
750,-297,19.1
756,-299,12.5
781,-238,19.2
750,-297,19.1
756,-299,12.5
781,-238,19.2
758,-300,10.6
788,-242,11.1
780,-238,19.5
758,-300,10.6
788,-242,11.1
780,-238,19.5
758,-300,10.6
756,-299,13.0
780,-238,19.5
758,-300,10.6
756,-299,13.0
780,-238,19.5
777,-240,22.2
777,-240,22.2
758,-300,11.0
758,-300,11.0
788,-241,11.6
788,-241,11.6
-941,1292,16.0
-993,1292,11.8
-941,1292,16.0
-993,1292,11.8
-937,1292,15.8
-937,1292,15.8
-941,1292,16.0
-941,1292,16.0
-937,1292,15.8
-937,1292,15.8
-938,1294,15.5
-942,1290,16.0
-938,1294,15.5
-942,1290,16.0
-936,1295,14.8
-947,1291,15.3
-936,1295,14.8
-947,1291,15.3
2728,-1660,10.3
2728,-1660,10.3
2739,-1718,10.9
2739,-1718,10.9
2728,-1659,10.1
2728,-1659,10.1
-882,1163,14.1
-882,1163,14.1
-961,1223,10.8
-961,1223,10.8
-884,1253,10.8
-884,1253,10.8
-884,1253,10.8
-884,1253,10.8
-885,1254,11.3
-885,1160,12.6
-885,1254,11.3
-885,1160,12.6
2400,-1244,13.3
2400,-1244,13.3
2400,-1244,13.3
2400,-1244,13.3
2413,-1272,13.0
2413,-1272,13.0
2407,-1254,14.0
2407,-1254,14.0
2412,-1276,10.9
2412,-1276,10.9
2403,-1261,14.2
2403,-1261,14.2
2404,-1258,13.0
2404,-1258,13.0
2397,-1243,13.0
2405,-1258,13.0
2397,-1243,13.0
2405,-1258,13.0
283,1652,13.9
283,1652,13.9
280,1651,13.7
280,1651,13.7
281,1652,13.3
280,1651,13.7
281,1652,13.3
280,1651,13.7
282,1651,14.2
282,1651,14.2
278,1651,11.9
278,1651,11.9
265,1636,12.9
265,1636,12.9
281,1653,12.7
281,1653,12.7
281,1653,12.7
281,1653,12.7
-26,-861,20.0
-26,-861,20.0
-28,-865,20.7
-28,-865,20.7
-1332,620,15.5
-1332,620,15.5
-1332,621,15.3
-1332,620,15.5
-1332,621,15.3
-1332,620,15.5
-1329,622,14.6
-1329,622,14.6
-1333,618,14.8
-1333,618,14.8
-1329,621,14.8
-1329,621,14.8
-1331,619,15.2
-1331,619,15.2
-1346,672,13.3
-1346,672,13.3
546,-432,12.1
546,-432,12.1
524,-479,11.8
524,-479,11.8
1078,623,10.5
1078,623,10.5
1847,536,10.8
1847,536,10.8
1810,539,14.5
1810,539,14.5
1848,462,12.6
1848,462,12.6
1843,539,13.0
1843,539,13.0
1848,460,13.9
1848,460,13.9
730,-293,12.4
678,-268,12.3
730,-293,12.4
678,-268,12.3
729,-289,12.4
729,-289,12.4
682,-266,12.4
682,-266,12.4
1992,685,10.9
1992,685,10.9
1994,681,11.0
1994,681,11.0
-344,-1083,18.1
-344,-1083,18.1
-336,-1134,10.6
-348,-1081,16.8
-336,-1134,10.6
-348,-1081,16.8
-530,-1122,14.6
-530,-1122,14.6
-528,-1118,14.7
-528,-1118,14.7
2153,436,15.9
2153,436,15.9
223,1160,53.0
223,1160,53.0
284,1233,46.6
240,1167,52.2
284,1233,46.6
240,1167,52.2
240,1167,52.2
260,1160,49.0
284,1233,46.6
240,1167,52.2
260,1160,49.0
284,1233,46.6
284,1233,46.5
224,1159,53.0
284,1233,46.5
224,1159,53.0
-1449,-150,10.2
-1449,-150,10.2
758,-1621,17.6
758,-1621,17.6
779,-1594,16.7
766,-1627,16.6
779,-1594,16.7
766,-1627,16.6
770,-1626,16.4
770,-1626,16.4
780,-1598,17.1
740,-1582,16.6
780,-1598,17.1
740,-1582,16.6
780,-1595,17.0
742,-1617,17.6
780,-1595,17.0
742,-1617,17.6
758,-1621,17.6
758,-1621,17.6
737,-1628,17.7
752,-1635,15.8
737,-1628,17.7
752,-1635,15.8
770,-1626,16.4
770,-1626,16.4
728,-1610,17.0
728,-1610,17.0
730,-1614,14.8
744,-1580,16.8
730,-1614,14.8
744,-1580,16.8
-2941,205,10.1
-2941,205,10.1
-2941,205,10.1
-2941,205,10.1
-2953,216,12.0
-2957,209,10.1
-2953,216,12.0
-2957,209,10.1
-2941,205,10.0
-2941,205,10.0
-2954,214,11.1
-2937,213,10.1
-2954,214,11.1
-2937,213,10.1
-2956,206,11.3
-2956,206,11.3
-2939,216,11.6
-2939,216,11.6
-2960,203,11.0
-2956,211,10.4
-2960,203,11.0
-2956,211,10.4
-2960,203,11.0
-2960,203,11.0
315,3095,18.5
315,3095,18.5
344,3121,16.8
344,3121,16.8
379,3083,10.2
379,3083,10.2
315,3091,17.7
315,3091,17.7
314,3092,18.0
361,3102,12.8
314,3092,18.0
361,3102,12.8
314,3094,18.2
314,3094,18.2
-2589,843,10.5
-2623,868,10.5
-2589,843,10.5
-2623,868,10.5
-2620,864,10.5
-2620,864,10.5
-2594,845,10.5
-2594,845,10.5
-2614,887,10.5
-2614,887,10.5
-2589,842,10.5
-2589,842,10.5
1919,578,10.1
1919,578,10.1
1908,612,12.3
1908,612,12.3
1911,611,12.8
1911,611,12.8
1923,575,11.9
1923,575,11.9
1912,609,12.1
1912,609,12.1
-34,2668,18.0
-34,2668,18.0
-6,2693,10.5
-6,2693,10.5
-5,2693,10.5
-5,2693,10.5
-5,2696,15.8
-5,2696,15.8
-6,2697,16.0
-6,2697,16.0
-4,2694,13.9
-31,2693,16.2
-4,2694,13.9
-31,2693,16.2
-7,2694,10.6
-5,2693,10.5
-7,2694,10.6
-5,2693,10.5
-1626,-461,12.6
-1626,-461,12.6
-1611,-475,12.7
-1609,-478,11.3
-1611,-475,12.7
-1609,-478,11.3
-1613,-473,13.1
-1604,-477,10.6
-1613,-473,13.1
-1604,-477,10.6
-1613,-476,12.9
-1613,-476,12.9
-1630,-460,10.6
-1630,-460,10.6
-1619,-468,12.7
-1619,-468,12.7
-1603,-476,10.6
-1603,-476,10.6
-1623,-467,10.7
-1623,-467,10.7
-1623,-464,12.6
-1608,-476,12.1
-1623,-464,12.6
-1608,-476,12.1
-1603,-476,10.6
-1603,-476,10.6
-1609,-477,11.7
-1609,-477,11.7
2396,-616,14.4
2396,-616,14.4
-1142,2192,21.3
-1142,2192,21.3
-1146,2193,19.7
-1146,2193,19.7
1171,-823,10.5
1171,-823,10.5
-708,177,10.6
-708,177,10.6
885,-1092,18.6
885,-1092,18.6
932,-1108,14.4
883,-1088,15.4
932,-1108,14.4
883,-1088,15.4
956,-1110,10.9
956,-1110,10.9
953,-1110,11.3
953,-1110,11.3
931,-1109,16.6
931,-1109,16.6
928,-1109,19.3
928,-1109,19.3
446,-1420,20.6
446,-1414,13.7
446,-1420,20.6
446,-1414,13.7
423,-1333,27.8
423,-1333,27.8
421,-1337,27.3
421,-1337,27.3
1902,636,15.1
1902,614,10.7
1902,636,15.1
1902,614,10.7
-254,-138,14.9
-254,-138,14.9
-255,-138,14.9
-255,-138,14.9
-253,-138,14.9
-253,-138,14.9
-254,-138,14.9
-254,-138,14.9
-272,-9,13.4
-315,-113,17.2
-272,-9,13.4
-315,-113,17.2
-251,-136,14.8
-316,-109,16.0
-251,-136,14.8
-316,-109,16.0
-276,-11,14.0
-275,-15,13.9
-276,-11,14.0
-275,-15,13.9
-253,-138,14.9
-273,-9,13.7
-253,-138,14.9
-273,-9,13.7
-253,-138,14.9
-274,-10,13.9
-273,-9,13.7
-253,-138,14.9
-274,-10,13.9
-273,-9,13.7
-253,-138,14.9
-253,-138,14.9
2067,435,12.3
2067,435,12.3
2683,-888,11.4
2683,-888,11.4
2685,-874,10.6
2685,-874,10.6
2685,-875,10.7
2685,-874,10.6
2685,-875,10.7
2685,-874,10.6
2686,-872,10.2
2686,-891,10.9
2686,-872,10.2
2686,-891,10.9
2684,-873,11.3
2684,-873,11.3
2684,-873,11.3
2684,-873,11.3
2685,-874,10.6
2685,-874,10.6
2684,-873,11.1
2684,-873,11.1
2683,-875,11.4
2683,-875,11.4
-34,2561,17.2
-34,2561,17.2
15,2563,15.8
15,2563,15.8
14,2560,15.8
14,2560,15.8
18,2560,15.1
18,2560,15.1
49,2561,11.9
49,2561,11.9
50,2555,12.6
50,2555,12.6
-34,2561,17.2
-34,2561,17.2
-34,2561,17.2
-34,2561,17.2
-33,2562,16.8
-36,2561,17.4
-33,2562,16.8
-36,2561,17.4
-44,2558,15.0
-43,2555,13.5
-44,2558,15.0
-43,2555,13.5
-44,2558,15.0
-32,2559,16.8
-44,2558,15.0
-32,2559,16.8
-34,2561,17.2
-34,2561,17.2
-42,2559,16.1
-34,2561,17.2
-42,2559,16.1
-34,2561,17.2
2469,282,15.9
2471,269,13.9
2469,282,15.9
2471,269,13.9
2473,282,13.9
2473,282,13.9
2416,285,10.4
2416,285,10.4
2416,285,10.4
2416,285,10.4
2416,285,10.4
2416,285,10.4
2473,282,13.9
2473,282,13.9
2416,283,10.1
2416,283,10.1
2470,285,13.9
2465,284,13.3
2468,266,13.9
2470,285,13.9
2465,284,13.3
2468,266,13.9
1120,58,31.7
1120,58,31.7
1119,53,30.5
1145,73,30.2
1119,53,30.5
1145,73,30.2
1127,50,31.3
1141,74,30.8
1127,50,31.3
1141,74,30.8
1119,57,31.9
1119,57,31.9
-1252,-515,12.4
-1252,-515,12.4
-1251,-515,12.5
-1251,-515,12.5
-1195,-530,10.6
-1195,-530,10.6
-1195,-526,12.3
-1195,-526,12.3
-1212,-512,13.3
-1212,-512,13.3
-1249,-512,12.3
-1249,-512,12.3
-1231,-493,11.3
-1208,-515,11.3
-1231,-493,11.3
-1208,-515,11.3
-1231,-493,11.3
-1231,-493,11.3
-1640,962,10.1
-1640,962,10.1
-1702,849,10.4
-1702,849,10.4
-1672,842,11.1
-1672,842,11.1
-90,2983,17.1
-47,2976,12.0
-90,2983,17.1
-47,2976,12.0
-96,3043,17.3
-96,3043,17.3
-96,3042,17.1
-96,3042,17.1
-46,2977,12.1
-76,2973,16.5
-46,2977,12.1
-76,2973,16.5
-101,3038,16.8
-90,3044,12.9
-101,3038,16.8
-90,3044,12.9
-90,2983,17.1
-90,2983,17.1
-49,2974,12.9
-51,2974,12.7
-49,2974,12.9
-51,2974,12.7
-90,2985,17.1
-70,2972,17.3
-90,2985,17.1
-70,2972,17.3
-101,3040,17.0
-101,3040,17.0
-87,2978,14.7
-88,2986,16.7
-87,2978,14.7
-88,2986,16.7
-99,3043,17.3
-87,2980,14.1
-99,3043,17.3
-87,2980,14.1
-90,2983,17.1
-90,2983,17.1
-99,3043,17.3
-87,2980,14.3
-87,2980,14.1
-99,3043,17.3
-87,2980,14.3
-87,2980,14.1
-276,-1136,11.1
-276,-1136,11.1
-276,-1136,11.2
-276,-1136,11.2
-279,-1136,12.1
-279,-1136,12.1
-281,-1140,12.1
-281,-1140,12.1
-276,-1136,11.1
-276,-1136,11.1
-281,-1104,15.6
-281,-1104,15.6
-281,-1102,16.4
-281,-1102,16.4
-283,-1109,16.1
-283,-1109,16.1
-277,-1100,14.0
-277,-1100,14.0
-1186,2259,13.3
-1186,2259,13.3
-1184,2261,16.2
-1184,2262,16.5
-1184,2261,16.2
-1184,2262,16.5
-1184,2262,16.5
-1184,2262,16.5
-1185,2257,14.0
-1187,2257,12.6
-1185,2257,14.0
-1187,2257,12.6
-1194,2296,17.3
-1194,2294,17.3
-1194,2296,17.3
-1194,2294,17.3
-1184,2261,16.5
-1184,2261,16.5
-1201,2295,17.4
-1201,2295,17.4
-1206,2306,17.6
-1221,2312,11.5
-1206,2306,17.6
-1221,2312,11.5
-1186,2259,13.3
-1197,2297,17.3
-1186,2259,13.3
-1197,2297,17.3
-1210,2310,18.8
-1210,2310,18.8
-1206,2308,18.8
-1206,2308,18.8
-1215,2312,16.7
-1215,2312,16.7
-1215,2312,16.2
-1215,2312,16.2
-1198,2297,17.3
-1187,2259,12.2
-1181,2261,19.2
-1198,2297,17.3
-1187,2259,12.2
-1181,2261,19.2
-1180,2265,22.5
-1180,2265,22.5
-1200,2294,17.4
-1200,2294,17.4
-1200,2295,17.4
-1200,2295,17.4
-1200,2294,17.4
-1200,2294,17.4
-1200,2295,17.4
-1200,2295,17.4
-2566,-599,12.8
-2566,-599,12.8
-2538,-579,11.1
-2538,-579,11.1
-192,3200,10.1
-192,3200,10.1
1677,-791,10.0
1677,-791,10.0
1296,2109,12.8
1265,2131,11.1
1266,2132,11.2
1296,2109,12.8
1265,2131,11.1
1266,2132,11.2
1267,2133,10.3
1262,2107,11.2
1267,2133,10.3
1262,2107,11.2
1321,2125,13.2
1324,2139,10.1
1321,2125,13.2
1324,2139,10.1
1322,2125,13.2
1322,2125,13.2
1324,2135,13.2
1324,2135,13.2
1323,2137,12.4
1323,2137,12.4
1293,2108,13.2
1293,2108,13.2
1324,2135,13.2
1324,2135,13.2
1286,2103,13.2
1286,2103,13.2
1281,2104,12.7
1281,2104,12.7
1325,2127,13.2
1325,2127,13.2
1265,2130,10.8
1265,2130,10.8
1265,2130,10.8
1265,2130,10.8
1265,2129,10.3
1265,2129,10.3
1326,2135,13.2
1326,2135,13.2
1287,2105,13.2
1260,2110,12.8
1287,2105,13.2
1260,2110,12.8
-1775,950,10.1
-1775,950,10.1
1686,649,20.8
1694,648,21.6
1695,658,21.6
1686,649,20.8
1694,648,21.6
1695,658,21.6
1681,659,28.4
1681,659,28.4
1681,659,28.5
1689,648,21.8
1690,649,22.2
1681,659,28.5
1689,648,21.8
1690,649,22.2
1686,647,20.0
1686,647,20.0
1681,659,28.5
1691,645,20.2
1692,646,20.2
1681,659,28.5
1691,645,20.2
1692,646,20.2
1699,648,20.5
1690,648,21.8
1691,659,26.2
1699,648,20.5
1690,648,21.8
1691,659,26.2
1686,653,26.3
1692,653,22.8
1691,646,20.2
1686,653,26.3
1692,653,22.8
1691,646,20.2
1700,651,20.8
1687,652,23.9
1687,647,20.1
1700,651,20.8
1687,652,23.9
1687,647,20.1
1685,658,28.6
1657,638,12.8
1685,658,28.6
1657,638,12.8
1687,650,20.8
1688,651,22.8
1687,650,20.8
1688,651,22.8
1691,646,20.2
1686,653,26.3
1686,653,26.3
1691,646,20.2
1686,653,26.3
1686,653,26.3
-2242,-611,26.5
-2242,-611,26.5
-2244,-612,25.9
-2244,-612,25.9
-2242,-611,26.5
-2242,-611,26.5
-2245,-528,12.2
-2245,-528,12.2
-2241,-612,27.8
-2241,-612,27.8
-2242,-611,26.4
-2242,-611,26.6
-2242,-611,26.4
-2242,-611,26.6
-2242,-613,27.8
-2248,-609,25.8
-2246,-607,25.8
-2242,-613,27.8
-2248,-609,25.8
-2246,-607,25.8
-2249,-527,13.1
-2247,-584,25.8
-2249,-527,13.1
-2247,-584,25.8
-2247,-611,25.8
-2248,-580,25.8
-2206,-579,27.0
-2247,-611,25.8
-2248,-580,25.8
-2206,-579,27.0
-2241,-609,26.3
-2307,-661,33.6
-2241,-609,26.3
-2307,-661,33.6
-2303,-661,31.5
-2303,-661,31.5
-2241,-612,27.8
-2241,-612,27.8
-2313,-513,17.8
-2313,-513,17.8
-2274,-511,18.7
-2274,-511,18.7
-2318,-514,17.2
-2318,-514,17.2
-2319,-515,17.0
-2319,-515,17.0
-1429,1336,10.5
-1429,1336,10.5
-1432,1335,10.0
-1432,1335,10.0
-1432,1335,10.0
-1432,1335,10.0
1496,-163,17.3
1496,-163,17.3
-931,753,13.9
-894,753,10.8
-931,753,13.9
-894,753,10.8
-882,673,15.7
-933,684,13.8
-882,673,15.7
-933,684,13.8
-927,756,13.0
-930,680,15.0
-927,756,13.0
-930,680,15.0
-897,756,12.3
-897,756,12.3
-930,755,14.0
-930,755,14.0
2331,-88,22.0
2328,-86,20.7
2331,-88,22.0
2328,-86,20.7
2326,-89,20.2
2328,-86,20.7
2334,-89,23.3
2326,-89,20.2
2328,-86,20.7
2334,-89,23.3
2329,-92,22.7
2333,-83,22.5
2331,-81,27.1
2329,-92,22.7
2333,-83,22.5
2331,-81,27.1
2335,-80,26.1
2335,-92,25.1
2330,-91,22.4
2335,-80,26.1
2335,-92,25.1
2330,-91,22.4
2333,-84,22.5
2333,-84,22.5
2340,-103,35.5
2340,-102,35.5
2331,-103,27.5
2340,-103,35.5
2340,-102,35.5
2331,-103,27.5
2304,-86,16.8
2304,-86,16.8
2325,-106,22.0
2329,-95,23.6
2325,-106,22.0
2329,-95,23.6
2303,-94,11.7
2326,-96,19.8
2303,-94,11.7
2326,-96,19.8
2316,-104,13.0
2316,-104,13.0
2336,-106,33.4
2336,-106,33.4
2333,-80,26.2
2337,-106,34.2
2333,-80,26.2
2337,-106,34.2
2334,-80,26.3
2338,-106,34.5
2333,-106,30.5
2334,-80,26.3
2338,-106,34.5
2333,-106,30.5
2333,-85,22.5
2333,-85,22.5
2331,-81,27.1
2325,-83,20.1
2329,-92,22.7
2331,-81,27.1
2325,-83,20.1
2329,-92,22.7
2333,-83,22.5
2333,-83,22.5
2330,-83,22.5
2332,-88,22.5
2330,-83,22.5
2332,-88,22.5
2331,-87,22.3
2327,-100,21.7
2321,-98,19.5
2331,-87,22.3
2327,-100,21.7
2321,-98,19.5
2331,-87,22.3
2321,-98,19.5
2331,-87,22.3
2321,-98,19.5
2330,-86,21.5
2323,-105,20.2
2327,-106,24.2
2330,-86,21.5
2323,-105,20.2
2327,-106,24.2
2326,-96,19.8
2303,-94,11.7
2326,-96,19.8
2303,-94,11.7
2325,-94,20.3
2325,-94,20.3
2330,-91,22.4
2334,-80,27.0
2335,-80,26.1
2330,-91,22.4
2334,-80,27.0
2335,-80,26.1
2331,-85,22.4
2333,-86,22.5
2331,-85,22.4
2333,-86,22.5
2328,-90,22.0
2330,-92,22.6
2328,-90,22.0
2330,-92,22.6
2331,-87,22.0
2335,-82,26.8
2331,-87,22.0
2335,-82,26.8
2321,-103,18.4
2322,-101,18.2
2331,-103,27.5
2321,-103,18.4
2322,-101,18.2
2331,-103,27.5
2334,-106,31.0
2334,-86,23.8
2330,-86,21.9
2334,-106,31.0
2334,-86,23.8
2330,-86,21.9
1043,-578,20.2
1043,-578,20.2
1043,-578,20.4
1043,-578,20.4
1042,-575,16.7
1042,-575,16.7
1044,-579,20.4
1044,-579,20.4
1078,-593,17.0
1078,-593,17.0
1043,-578,20.4
1043,-578,20.4
286,1239,28.4
240,1167,34.4
286,1239,28.4
240,1167,34.4
223,1160,35.2
223,1160,35.2
224,1159,35.2
286,1239,28.3
224,1159,35.2
286,1239,28.3
275,1255,28.2
285,1234,28.2
275,1255,28.2
285,1234,28.2
279,1253,27.9
253,1253,29.5
279,1253,27.9
253,1253,29.5
224,1158,35.2
257,1256,29.9
224,1158,35.2
257,1256,29.9
240,1167,34.4
260,1160,31.2
286,1239,28.4
240,1167,34.4
260,1160,31.2
286,1239,28.4
2477,-1317,13.2
2477,-1317,13.2
2474,-1316,12.1
2474,-1316,12.1
2479,-1313,13.6
2479,-1313,13.6
-1903,1217,11.5
-1891,1218,10.0
-1903,1217,11.5
-1891,1218,10.0
-1884,1232,11.2
-1884,1232,11.2
-1885,1233,11.2
-1896,1215,10.8
-1885,1233,11.2
-1896,1215,10.8
-1886,1227,11.4
-1886,1227,11.4
-1705,659,14.8
-1705,659,14.8
-1706,658,13.2
-1707,658,12.7
-1706,658,13.2
-1707,658,12.7
-1687,727,16.3
-1687,727,16.3
-1706,658,13.1
-1706,658,13.1
-1708,656,11.9
-1708,656,11.9
-1706,661,13.9
-1706,661,13.9
-1708,656,11.1
-1689,731,13.1
-1708,656,11.1
-1689,731,13.1
-1705,657,14.0
-1705,657,14.0
-214,-1662,11.3
-213,-1655,13.4
-214,-1662,11.3
-213,-1655,13.4
-212,-1659,13.0
-212,-1659,13.0
-214,-1658,11.4
-214,-1658,11.4
-212,-1659,13.1
-212,-1659,13.1
-212,-1655,13.9
-213,-1660,12.3
-212,-1655,13.9
-213,-1660,12.3
-213,-1659,11.7
-213,-1660,11.7
-213,-1659,11.7
-213,-1660,11.7
-212,-1659,12.4
-212,-1657,12.9
-212,-1659,12.4
-212,-1657,12.9
-214,-1658,11.4
-212,-1664,12.5
-214,-1658,11.4
-212,-1664,12.5
-212,-1658,12.8
-212,-1658,12.8
-213,-1659,12.2
-213,-1659,12.2
-212,-1667,11.5
-213,-1663,12.4
-212,-1667,11.5
-213,-1663,12.4
-213,-1659,11.9
-213,-1659,11.9
-213,-1659,12.2
-213,-1659,12.2
-212,-1658,12.8
-212,-1658,12.8
-214,-1662,11.3
-214,-1662,11.3
-215,-1660,11.5
-232,-1577,11.7
-215,-1660,11.5
-232,-1577,11.7
570,-1822,11.7
570,-1822,11.7
557,-1817,14.7
557,-1817,14.7
572,-1821,12.2
572,-1821,12.2
573,-1821,12.2
573,-1821,12.2
561,-1815,15.2
561,-1815,15.2
541,-1839,14.7
541,-1839,14.7
548,-1841,15.3
548,-1841,15.3
570,-1822,11.7
570,-1822,11.7
548,-1841,15.3
548,-1841,15.3
572,-1821,12.2
572,-1821,12.2
573,-1821,12.2
573,-1821,12.2
573,-1813,15.5
573,-1813,15.5
577,-1812,13.0
577,-1812,13.0
525,-1873,14.7
525,-1873,14.7
545,-1838,15.4
527,-1877,13.7
545,-1838,15.4
527,-1877,13.7
-2062,512,16.6
-2083,540,17.2
-2062,512,16.6
-2083,540,17.2
-2083,540,16.9
-2083,540,16.9
-1029,1294,15.7
-1029,1294,15.7
-1026,1297,12.0
-1026,1297,12.0
1525,-501,10.5
1525,-501,10.5
1516,-505,10.7
1516,-505,10.7
1521,-500,10.7
1514,-508,10.1
1521,-500,10.7
1514,-508,10.1
1514,-508,10.1
1514,-508,10.1
-310,-1173,18.3
-310,-1173,18.3
-1056,2000,21.1
-1067,2022,23.1
-1056,2000,21.1
-1067,2022,23.1
-1056,2001,21.6
-1056,2001,21.6
-1056,2001,21.6
-1056,2001,21.6
-1056,2001,21.6
-1056,2001,21.6
-1767,870,13.3
-1761,875,11.3
-1767,870,13.3
-1761,875,11.3
-1796,875,12.8
-1796,875,12.8
-1774,867,14.3
-1774,867,14.3
-1824,882,10.2
-1824,882,10.2
-1795,875,12.2
-1795,875,12.2
-1795,875,12.0
-1795,875,12.0
-1795,874,12.6
-1795,874,12.6
-1795,875,12.0
-1795,875,12.0
-1775,868,13.7
-1775,868,13.7
-1793,873,12.2
-1796,874,12.7
-1793,873,12.2
-1796,874,12.7
-1765,870,13.3
-1763,870,12.0
-1765,870,13.3
-1763,870,12.0
-1796,874,12.7
-1796,874,12.7
-1765,870,13.3
-1765,870,13.3
-1762,871,11.3
-1762,873,11.3
-1762,871,11.3
-1762,873,11.3
-1774,867,14.3
-1774,867,14.3
-1774,867,14.3
-1774,867,14.3
-1774,867,14.3
-1774,867,14.3
-1782,870,12.3
-1771,870,12.0
-1782,870,12.3
-1771,870,12.0
-1764,870,12.6
-1752,913,10.3
-1764,870,12.6
-1752,913,10.3
-1764,870,12.2
-1764,870,12.2
2449,-1342,16.7
2449,-1342,16.7
2450,-1337,14.7
2450,-1337,14.7
2451,-1338,15.8
2451,-1338,15.8
1582,601,14.2
1577,611,14.0
1582,601,14.2
1577,611,14.0
1587,605,12.2
1587,605,12.2
1584,603,13.0
1585,602,13.3
1584,603,13.0
1585,602,13.3
1587,601,12.2
1587,601,12.2
1586,600,13.1
1576,613,11.9
1586,600,13.1
1576,613,11.9
1591,595,11.3
1591,595,11.3
1587,604,12.2
1587,604,12.2
1580,613,12.2
1580,613,12.2
1591,590,10.7
1591,590,10.7
1577,611,14.0
1577,611,14.0
-2051,-713,13.1
-2051,-713,13.1
-2051,-709,13.2
-2051,-709,13.2
-2051,-709,13.2
-2051,-709,13.2
-2051,-710,13.3
-2051,-710,13.3
1392,125,15.4
1392,125,15.4
1371,150,12.3
1396,125,11.2
1371,150,12.3
1396,125,11.2
-1228,-178,12.0
-1228,-178,12.0
-1228,-177,12.0
-1228,-177,12.0
-1228,-178,12.0
-1228,-178,12.0
-1233,-177,11.6
-1233,-177,11.6
-1233,-175,11.8
-1233,-175,11.8
-1229,-176,12.0
-1228,-178,12.0
-1229,-176,12.0
-1228,-178,12.0
-1645,739,51.9
-1669,727,28.4
-1664,718,42.4
-1645,739,51.9
-1669,727,28.4
-1664,718,42.4
-1644,736,52.7
-1668,723,39.1
-1644,736,52.7
-1668,723,39.1
-1688,716,20.1
-1664,729,41.7
-1659,721,42.9
-1688,716,20.1
-1664,729,41.7
-1659,721,42.9
-1661,707,51.2
-1659,713,47.9
-1664,715,44.3
-1661,707,51.2
-1659,713,47.9
-1664,715,44.3
-1661,723,42.9
-1668,722,38.5
-1666,708,44.6
-1661,723,42.9
-1668,722,38.5
-1666,708,44.6
-1665,721,42.0
-1661,725,42.9
-1655,719,47.2
-1665,721,42.0
-1661,725,42.9
-1655,719,47.2
-1646,739,51.4
-1658,716,44.1
-1660,717,43.1
-1646,739,51.4
-1658,716,44.1
-1660,717,43.1
-1646,739,51.4
-1663,720,42.9
-1660,717,43.1
-1646,739,51.4
-1663,720,42.9
-1660,717,43.1
-1647,740,50.4
-1663,710,47.5
-1655,705,56.6
-1647,740,50.4
-1663,710,47.5
-1655,705,56.6
-1686,714,22.2
-1664,725,42.5
-1686,714,22.2
-1664,725,42.5
-1688,717,20.2
-1664,721,42.7
-1662,710,48.3
-1688,717,20.2
-1664,721,42.7
-1662,710,48.3
-1665,711,45.2
-1663,714,45.0
-1651,707,57.8
-1665,711,45.2
-1663,714,45.0
-1651,707,57.8
-1657,722,44.0
-1662,708,49.0
-1664,709,46.1
-1657,722,44.0
-1662,708,49.0
-1664,709,46.1
-1663,707,48.5
-1655,721,47.8
-1657,723,43.2
-1663,707,48.5
-1655,721,47.8
-1657,723,43.2
360,2860,10.2
360,2860,10.2
358,2858,10.2
358,2858,10.2
360,2859,10.2
362,2861,10.2
360,2859,10.2
362,2861,10.2
328,2891,10.6
328,2891,10.6
362,2861,10.2
362,2861,10.2
362,2861,10.2
326,2860,12.5
362,2861,10.2
326,2860,12.5
403,2873,11.3
403,2873,11.3
397,2871,11.1
397,2871,11.1
397,2871,11.1
397,2871,11.1
329,2857,10.6
329,2857,10.6
361,2860,10.2
361,2860,10.2
361,2860,10.2
361,2860,10.2
362,2861,10.2
362,2861,10.2
359,-152,24.8
359,-152,24.8
374,-161,22.8
408,-136,20.8
409,-137,20.8
374,-161,22.8
408,-136,20.8
409,-137,20.8
359,-154,24.8
408,-130,20.7
411,-135,20.9
359,-154,24.8
408,-130,20.7
411,-135,20.9
439,-114,22.0
403,-132,20.9
405,-138,21.2
439,-114,22.0
403,-132,20.9
405,-138,21.2
407,-49,22.0
407,-49,22.0
374,-160,22.8
380,-156,22.6
382,-159,22.1
374,-160,22.8
380,-156,22.6
382,-159,22.1
409,-137,20.8
376,-160,22.6
376,-161,22.3
409,-137,20.8
376,-160,22.6
376,-161,22.3
410,-134,21.1
370,-149,22.9
375,-161,22.8
410,-134,21.1
370,-149,22.9
375,-161,22.8
409,-133,21.3
403,-138,21.1
405,-142,20.8
409,-133,21.3
403,-138,21.1
405,-142,20.8
458,-75,21.8
403,-51,21.8
458,-75,21.8
403,-51,21.8
457,-71,21.8
435,-118,22.8
457,-71,21.8
435,-118,22.8
359,-154,24.8
439,-114,21.7
359,-154,24.8
439,-114,21.7
2514,151,15.2
2517,199,15.8
2514,151,15.2
2517,199,15.8
2516,151,16.4
2516,151,16.4
2484,203,12.2
2484,203,12.2
2520,196,18.2
2520,196,18.2
2517,154,15.4
2517,154,15.4
2483,199,14.3
2483,199,14.3
3150,-1277,11.9
3150,-1279,12.7
3150,-1277,11.9
3150,-1279,12.7
3123,-1260,13.6
3123,-1260,13.6
3147,-1282,12.3
3147,-1282,12.3
3149,-1279,12.4
3118,-1260,12.7
3149,-1279,12.4
3118,-1260,12.7
3069,-1302,14.1
3069,-1302,14.1
3068,-1298,14.4
3068,-1298,14.4
3072,-1297,12.3
3072,-1297,12.3
3071,-1317,11.7
3071,-1317,11.7
3068,-1290,13.9
3068,-1290,13.9
3123,-1261,12.9
3101,-1265,12.5
3123,-1261,12.9
3101,-1265,12.5
3070,-1317,12.0
3070,-1317,12.0
3067,-1286,14.8
3067,-1286,14.8
3150,-1279,12.7
3150,-1279,12.7
1299,341,10.0
1299,341,10.0
-2485,1547,11.6
-2485,1547,11.6
-404,-1731,21.6
-404,-1731,21.6
-483,-1748,10.5
-483,-1748,10.5
-406,-1734,20.8
-406,-1734,20.8
-486,-1746,10.8
-486,-1746,10.8
550,-1489,22.0
550,-1489,22.0
546,-1490,19.5
546,-1490,19.5
306,2404,11.4
306,2404,11.4
449,2409,11.3
449,2409,11.3
458,2416,11.4
453,2409,11.2
458,2416,11.4
453,2409,11.2
453,2409,11.2
453,2409,11.2
471,2419,11.7
471,2419,11.7
470,2416,11.7
470,2416,11.7
459,2415,11.2
459,2415,11.2
467,2415,11.4
467,2415,11.4
-1842,490,11.7
-1843,492,11.4
-1842,490,11.7
-1843,492,11.4
-1843,491,11.3
-1843,491,11.3
-2627,-382,10.2
-2627,-382,10.2
-1604,1785,20.8
-1604,1785,20.8
-1590,1793,21.4
-1590,1793,21.4
-1605,1786,13.4
-1605,1784,21.9
-1605,1786,13.4
-1605,1784,21.9
-1605,1785,21.2
-1605,1785,21.2
-1605,1786,13.1
-1741,1732,10.3
-1605,1786,13.1
-1741,1732,10.3
-1737,1730,13.4
-1737,1730,13.4
-1926,1093,11.4
-1926,1093,11.4
983,595,10.4
983,595,10.4
2524,-1436,14.0
2524,-1436,14.0
2523,-1435,13.6
2523,-1435,13.6
2525,-1437,14.0
2524,-1436,14.0
2525,-1437,14.0
2524,-1436,14.0
2523,-1435,13.6
2523,-1435,13.6
2527,-1436,14.0
2527,-1436,14.0
2567,-1519,12.6
2567,-1519,12.6
2568,-1515,10.4
2568,-1515,10.4
2501,-1404,12.1
2501,-1404,12.1
2505,-1404,13.0
2505,-1404,13.0
2551,-1475,12.6
2551,-1475,12.6
1062,616,10.2
1062,616,10.2
2069,588,15.1
2069,588,15.1
2018,590,12.9
2018,590,12.9
2077,581,12.5
2039,587,15.1
2077,581,12.5
2039,587,15.1
2018,590,12.9
2018,590,12.9
2078,579,11.4
2078,579,11.4
2018,590,12.9
2018,590,12.9
2039,590,14.9
2039,589,15.0
2071,582,15.0
2039,590,14.9
2039,589,15.0
2071,582,15.0
2039,587,15.1
2071,582,15.0
2039,587,15.1
2071,582,15.0
2077,580,12.4
2077,580,12.4
2039,589,15.0
2072,585,13.3
2039,589,15.0
2072,585,13.3
2039,587,15.1
2039,589,15.0
2071,582,15.0
2039,587,15.1
2039,589,15.0
2071,582,15.0
2072,583,14.7
2072,583,14.7
2018,590,12.9
2077,581,12.5
2018,590,12.9
2077,581,12.5
2021,592,13.9
2021,592,13.9
-1587,1794,21.6
-1587,1794,21.6
-1587,1794,21.6
-1587,1794,21.6
-1587,1794,21.6
-1587,1794,21.6
-1587,1794,21.6
-1587,1794,21.6
-1591,1796,13.2
-1532,1819,18.6
-1591,1796,13.2
-1532,1819,18.6
-1534,1815,22.2
-1534,1815,22.2
13,-961,10.3
13,-961,10.3
40,-947,13.3
40,-947,13.3
9,-979,15.4
10,-978,12.9
9,-979,15.4
10,-978,12.9
10,-978,12.9
10,-978,12.9
11,-983,10.2
11,-983,10.2
3,-967,18.5
3,-967,18.5
5,-963,16.6
5,-963,16.6
14,-957,12.0
14,-957,12.0
9,-978,14.8
23,-1013,10.7
9,-978,14.8
23,-1013,10.7
13,-960,10.7
13,-960,10.7
1995,646,11.0
1995,646,11.0
1997,650,10.2
1997,650,10.2
133,2546,11.9
124,2541,21.6
133,2546,11.9
124,2541,21.6
120,2543,12.1
120,2543,12.1
124,2543,10.8
114,2540,30.7
124,2543,10.8
114,2540,30.7
131,2543,11.8
131,2543,11.8
132,2543,13.0
132,2543,13.0
107,2589,14.4
109,2586,16.6
107,2589,14.4
109,2586,16.6
134,2543,12.6
134,2543,12.6
132,2545,11.9
133,2545,12.5
132,2545,11.9
133,2545,12.5
133,2545,12.5
133,2545,12.5
-478,-1545,26.5
-492,-1475,11.4
-478,-1545,26.5
-492,-1475,11.4
-498,-1457,10.3
-498,-1457,10.3
-478,-1545,26.5
-478,-1545,26.5
-478,-1545,26.5
-498,-1457,10.3
-478,-1545,26.5
-498,-1457,10.3
-478,-1545,26.7
-478,-1545,26.7
-476,-1542,28.1
-529,-1554,29.4
-476,-1542,28.1
-529,-1554,29.4
-478,-1545,26.5
-478,-1545,26.5
-525,-1556,30.5
-525,-1556,30.5
499,2720,10.8
499,2720,10.8
495,2705,10.4
495,2705,10.4
498,2712,10.9
498,2712,10.9
539,-41,10.7
539,-41,10.7
561,-72,10.4
561,-72,10.4
819,-1454,12.3
819,-1454,12.3
823,-1444,11.4
823,-1444,11.4
823,-1442,10.1
823,-1442,10.1
-1277,2427,24.7
-1279,2429,24.3
-1277,2427,24.7
-1279,2429,24.3
-1278,2424,21.2
-1280,2423,17.6
-1278,2424,21.2
-1280,2423,17.6
-1281,2422,17.1
-1281,2422,17.1
-1280,2423,17.6
-1280,2423,17.6
-1279,2423,19.5
-1281,2422,17.1
-1279,2423,19.5
-1281,2422,17.1
-1280,2422,18.0
-1280,2422,18.0
-1280,2423,17.3
-1280,2423,17.6
-1280,2423,17.3
-1280,2423,17.6
-1279,2426,20.9
-1279,2426,20.9
-1278,2420,20.6
-1278,2420,20.6
-1278,2424,21.1
-1278,2424,21.1
-1278,2424,21.1
-1278,2424,21.1
-1279,2425,21.0
-1279,2425,21.0
-1217,-1784,15.2
-1217,-1784,15.2
-1195,-1808,11.2
-1217,-1779,11.9
-1195,-1808,11.2
-1217,-1779,11.9
-1199,-1807,12.4
-1199,-1807,12.4
466,-1556,17.2
423,-1559,11.0
466,-1556,17.2
423,-1559,11.0
418,-1577,18.9
418,-1577,18.9
420,-1558,16.7
420,-1558,16.7
463,-1572,16.9
464,-1566,18.8
463,-1572,16.9
464,-1566,18.8
466,-1556,17.2
463,-1568,18.7
423,-1559,11.0
466,-1556,17.2
463,-1568,18.7
423,-1559,11.0
461,-1569,18.7
461,-1569,18.7
466,-1558,17.3
417,-1556,19.2
417,-1536,24.6
466,-1558,17.3
417,-1556,19.2
417,-1536,24.6
417,-1573,20.6
417,-1573,20.6
463,-1572,16.9
463,-1572,16.9
439,-1434,36.3
439,-1434,36.3
423,-1333,28.8
440,-1425,28.1
423,-1333,28.8
440,-1425,28.1
426,-1335,21.8
426,-1335,21.8
442,-1435,33.7
423,-1334,26.5
414,-1336,37.3
442,-1435,33.7
423,-1334,26.5
414,-1336,37.3
438,-1433,36.1
438,-1433,36.1
440,-1435,35.9
437,-1420,35.2
440,-1435,35.9
437,-1420,35.2
440,-1435,35.9
440,-1435,35.9
445,-1421,24.8
445,-1421,24.8
-1583,815,12.3
-1583,815,12.3
-1491,793,12.2
-1491,793,12.2
-1572,810,12.9
-1572,810,12.9
-1582,815,12.0
-1603,820,10.6
-1582,815,12.0
-1603,820,10.6
362,-323,76.2
362,-323,76.2
422,-270,76.2
422,-270,76.2
753,2625,10.6
753,2625,10.6
753,2625,10.6
753,2625,10.6
757,2626,12.5
757,2626,11.0
757,2626,12.5
757,2626,11.0
758,2627,10.2
758,2627,10.2
757,2627,10.0
757,2626,11.0
757,2627,10.0
757,2626,11.0
-1672,842,11.3
-1672,842,11.3
243,-1036,19.5
255,-1162,17.0
243,-1036,19.5
255,-1162,17.0
256,-1162,15.8
256,-1162,15.8
-2132,-834,16.5
-2132,-834,16.5
-2136,-834,14.4
-2102,-798,13.5
-2136,-834,14.4
-2102,-798,13.5
-2102,-803,16.2
-2102,-803,16.2
-2108,1639,15.9
-2141,1666,10.9
-2108,1639,15.9
-2141,1666,10.9
1179,770,18.2
1185,766,15.7
1179,770,18.2
1185,766,15.7
1186,833,20.4
1186,833,20.4
1176,770,18.9
1179,775,18.8
1189,769,14.8
1176,770,18.9
1179,775,18.8
1189,769,14.8
1178,767,18.2
1190,835,19.1
1178,767,18.2
1190,835,19.1
182,-1765,12.3
182,-1765,12.3
179,-1762,11.7
179,-1762,11.7
215,-1793,13.3
215,-1793,13.3
336,-1801,13.1
336,-1801,13.1
340,-1798,15.1
340,-1798,15.1
213,-1789,12.6
213,-1789,12.6
-404,-963,11.8
-404,-963,11.8
2349,-1111,11.2
2349,-1111,11.2
2351,-1109,10.5
2351,-1109,10.5
-2940,214,10.4
-2940,214,10.4
-1688,1547,20.2
-1688,1547,20.2
-1974,125,10.3
-1974,125,10.3
409,971,12.4
409,971,12.4
2751,-1230,11.1
2752,-1225,11.5
2751,-1230,11.1
2752,-1225,11.5
2760,-1192,11.8
2760,-1192,11.8
2758,-1190,12.0
2758,-1190,12.0
2762,-1188,11.7
2760,-1197,11.7
2762,-1188,11.7
2760,-1197,11.7
2758,-1193,12.3
2758,-1193,12.3
2761,-1190,11.7
2760,-1193,11.7
2761,-1190,11.7
2760,-1193,11.7
2760,-1193,11.7
2760,-1193,11.7
2761,-1188,11.7
2766,-1191,10.7
2761,-1188,11.7
2766,-1191,10.7
1278,946,11.4
1278,946,11.4
1259,937,11.1
1259,937,11.1
1280,946,11.4
1280,946,11.4
671,-1164,15.2
711,-1204,11.1
671,-1164,15.2
711,-1204,11.1
671,-1164,15.2
691,-1191,11.3
671,-1164,15.2
691,-1191,11.3
670,-1165,15.2
670,-1165,15.2
672,-1164,15.2
676,-1176,11.0
672,-1164,15.2
676,-1176,11.0
691,-1191,11.2
691,-1191,11.2
671,-1156,15.1
671,-1156,15.1
707,-1204,13.7
707,-1204,13.7
711,-1204,10.6
686,-1187,12.3
711,-1204,10.6
686,-1187,12.3
670,-1165,15.2
670,-1165,15.2
674,-1155,14.4
674,-1155,14.4
570,-1784,14.4
571,-1782,13.2
450,-1734,11.2
570,-1784,14.4
571,-1782,13.2
450,-1734,11.2
571,-1783,13.3
450,-1734,11.2
571,-1783,13.3
450,-1734,11.2
450,-1734,11.3
450,-1734,11.3
452,-1738,14.9
453,-1738,15.0
452,-1738,14.9
453,-1738,15.0
49,2144,26.4
49,2144,26.4
23,2227,29.6
23,2227,29.6
39,2180,26.6
48,2201,26.4
39,2180,26.6
48,2201,26.4
43,2177,10.6
25,2230,27.4
43,2177,10.6
25,2230,27.4
121,2153,20.2
46,2147,26.4
121,2153,20.2
46,2147,26.4
118,2149,22.2
101,2156,25.4
118,2149,22.2
101,2156,25.4
39,2180,26.6
39,2180,26.6
106,2156,25.4
106,2156,25.4
39,2180,26.6
39,2180,26.6
47,2198,26.5
47,2198,26.5
43,2180,11.6
43,2180,11.6
1829,-140,14.1
1829,-140,14.1
1828,-140,14.0
1828,-140,14.0
1828,-140,13.9
1828,-140,13.9
1811,-145,16.7
1811,-145,16.7
1813,-144,15.2
1813,-144,15.2
1815,-76,10.7
1815,-76,10.7
1811,-145,16.7
1811,-145,16.7
1831,-135,15.0
1831,-135,15.0
1813,-145,14.9
1828,-142,11.2
1813,-145,14.9
1828,-142,11.2
1819,-146,11.1
1820,-144,10.7
1809,-140,16.3
1819,-146,11.1
1820,-144,10.7
1809,-140,16.3
1816,-146,13.3
1810,-144,16.9
1816,-146,13.3
1810,-144,16.9
-28,-1599,29.1
-28,-1599,29.1
-171,-1556,13.7
-155,-1640,18.9
-171,-1556,13.7
-155,-1640,18.9
0,-1608,11.4
-32,-1599,29.8
0,-1608,11.4
-32,-1599,29.8
-1770,1456,21.2
-1770,1456,21.2
-1770,1456,21.2
-1806,1429,21.1
-1770,1456,21.2
-1806,1429,21.1
-1768,1398,18.1
-1766,1462,19.3
-1768,1462,20.9
-1768,1398,18.1
-1766,1462,19.3
-1768,1462,20.9
-1773,1400,17.1
-1773,1401,16.9
-1765,1401,18.1
-1773,1400,17.1
-1773,1401,16.9
-1765,1401,18.1
-1768,1399,18.1
-1768,1399,18.1
-1807,1431,23.3
-1804,1433,24.5
-1807,1431,23.3
-1804,1433,24.5
-1799,1423,12.1
-1799,1423,12.1
-1763,1459,16.2
-1763,1458,15.7
-1771,1459,21.8
-1763,1459,16.2
-1763,1458,15.7
-1771,1459,21.8
-1769,1398,18.1
-1769,1398,18.1
-1744,1435,18.4
-1743,1427,18.9
-1744,1435,18.4
-1743,1427,18.9
-1766,1461,19.2
-1774,1451,21.6
-1766,1461,19.2
-1774,1451,21.6
-1770,1399,18.1
-1742,1433,21.1
-1741,1432,21.0
-1770,1399,18.1
-1742,1433,21.1
-1741,1432,21.0
-1770,1398,18.1
-1768,1457,20.8
-1772,1457,21.4
-1770,1398,18.1
-1768,1457,20.8
-1772,1457,21.4
-1741,1430,21.0
-1741,1430,21.0
-1766,1462,19.7
-1766,1454,20.4
-1766,1454,20.1
-1766,1462,19.7
-1766,1454,20.4
-1766,1454,20.1
-1762,1459,14.7
-1764,1461,17.9
-1769,1456,21.1
-1762,1459,14.7
-1764,1461,17.9
-1769,1456,21.1
-1771,1457,21.3
-1771,1457,21.3
-1768,1459,20.2
-1768,1459,20.2
-1770,1398,18.1
-1742,1434,20.5
-1770,1398,18.1
-1742,1434,20.5
-1769,1398,18.1
-1769,1398,18.1
-1766,1462,19.7
-1762,1459,14.8
-1766,1454,20.1
-1766,1462,19.7
-1762,1459,14.8
-1766,1454,20.1
-1768,1398,18.1
-1766,1460,19.7
-1766,1460,19.6
-1768,1398,18.1
-1766,1460,19.7
-1766,1460,19.6
-1836,1398,14.2
-1818,1417,15.0
-1836,1398,14.2
-1818,1417,15.0
-1780,1386,18.1
-1780,1386,18.1
-1823,1417,14.3
-1823,1417,14.3
-1769,1452,20.5
-1775,1448,21.6
-1783,1461,30.9
-1769,1452,20.5
-1775,1448,21.6
-1783,1461,30.9
-1836,1401,11.8
-1787,1386,20.1
-1836,1401,11.8
-1787,1386,20.1
-1837,1399,13.3
-1837,1399,13.3
-1780,1382,18.1
-1780,1382,18.1
-1807,1417,14.2
-1807,1417,14.2
-1807,1413,10.4
-1807,1413,10.4
-1837,1401,11.5
-1837,1400,12.6
-1837,1401,11.5
-1837,1400,12.6
-1807,1428,21.3
-1772,1452,21.3
-1779,1462,29.1
-1807,1428,21.3
-1772,1452,21.3
-1779,1462,29.1
-1837,1401,12.0
-1837,1401,12.0
-1804,1426,17.9
-1806,1434,24.9
-1804,1426,17.9
-1806,1434,24.9
-1770,1455,21.0
-1807,1428,20.7
-1808,1429,22.6
-1770,1455,21.0
-1807,1428,20.7
-1808,1429,22.6
-1837,1399,13.3
-1837,1400,12.5
-1837,1399,13.3
-1837,1400,12.5
-1768,1459,20.6
-1768,1459,20.6
-1768,1462,20.9
-1770,1398,18.1
-1768,1398,18.1
-1768,1462,20.9
-1770,1398,18.1
-1768,1398,18.1
986,-558,22.6
1017,-494,26.5
986,-558,22.6
1017,-494,26.5
1104,-359,46.9
1190,-353,66.8
1104,-359,46.9
1190,-353,66.8
986,-555,21.5
1038,-579,15.2
986,-555,21.5
1038,-579,15.2
1104,-322,69.5
1104,-323,69.5
1086,-314,68.7
1104,-322,69.5
1104,-323,69.5
1086,-314,68.7
990,-559,23.0
985,-544,14.1
990,-559,23.0
985,-544,14.1
1103,-318,69.4
985,-550,17.2
1103,-318,69.4
985,-550,17.2
985,-550,17.0
1088,-318,67.7
1082,-315,66.4
985,-550,17.0
1088,-318,67.7
1082,-315,66.4
1102,-318,69.5
1015,-499,25.5
1102,-318,69.5
1015,-499,25.5
1102,-318,69.5
1102,-318,69.5
1099,-318,69.5
1103,-363,45.6
1192,-357,64.6
1099,-318,69.5
1103,-363,45.6
1192,-357,64.6
1092,-314,69.5
1088,-323,65.4
1078,-319,64.8
1092,-314,69.5
1088,-323,65.4
1078,-319,64.8
1102,-318,69.5
1102,-318,69.5
1102,-318,69.5
1102,-318,69.5
985,-550,17.1
1103,-319,69.5
985,-550,17.1
1103,-319,69.5
1103,-323,69.5
1100,-323,69.5
1103,-323,69.5
1100,-323,69.5
1102,-318,69.4
1102,-318,69.5
1102,-318,69.4
1102,-318,69.5
-2249,-107,11.8
-2249,-107,11.8
-2247,-110,10.1
-2247,-110,10.1
-656,2348,11.3
-656,2348,11.3
-656,2351,22.7
-656,2351,22.7
-1006,833,12.2
-1006,833,12.2
-989,872,12.8
-989,872,12.8
-1002,835,13.7
-1002,835,13.7
373,1069,12.0
399,998,10.2
373,1069,12.0
399,998,10.2
371,1065,10.2
371,1065,10.2
395,1000,12.3
395,1000,12.3
-1161,-631,26.6
-1161,-631,26.6
-1162,-633,26.2
-1194,-610,23.9
-1162,-633,26.2
-1194,-610,23.9
-1161,-631,26.6
-1161,-631,26.6
-1190,-609,26.3
-1190,-609,26.3
1526,467,12.4
1526,467,12.4
1505,497,13.5
1505,497,13.5
1506,501,13.5
1530,466,10.3
1506,501,13.5
1530,466,10.3
1520,511,13.5
1520,511,13.5
1526,466,12.1
1526,466,12.1
1885,272,13.3
1885,272,13.3
1880,274,12.9
1880,274,12.9
1885,273,13.3
1885,273,13.3
1942,268,14.3
1942,268,14.3
1885,272,13.3
1885,272,13.3
1885,272,13.3
1885,272,13.3
1885,272,13.3
1885,272,13.3
1885,274,13.3
1885,274,13.3
-2468,424,10.7
-2468,424,10.7
502,1552,16.3
501,1552,16.7
502,1552,16.3
501,1552,16.7
504,1553,10.7
504,1553,10.7
547,1599,13.4
547,1599,13.4
501,1552,16.7
546,1603,14.5
501,1552,16.7
546,1603,14.5
499,1547,17.0
499,1547,17.0
418,1614,11.7
418,1614,11.7
498,1548,17.0
504,1553,10.7
498,1548,17.0
504,1553,10.7
501,1552,16.7
501,1552,16.7
494,1547,18.7
494,1548,18.5
494,1547,18.7
494,1548,18.5
192,-673,12.7
192,-673,12.7
654,155,10.9
654,155,10.9
658,156,10.4
658,156,10.4
2376,332,14.1
2376,332,14.1
2370,292,13.0
2370,292,13.0
631,276,53.0
631,276,53.0
635,277,60.6
578,300,40.5
635,277,60.6
578,300,40.5
582,410,75.5
582,410,75.5
575,303,37.6
575,303,37.6
584,409,74.3
632,278,58.2
584,409,74.3
632,278,58.2
634,276,57.0
634,276,57.0
635,277,60.4
635,277,60.4
573,307,35.7
573,307,35.7
579,408,77.4
579,408,77.4
633,275,55.7
582,408,76.8
584,409,74.3
633,275,55.7
582,408,76.8
584,409,74.3
584,409,74.3
584,409,74.3
644,278,63.3
644,278,63.3
580,296,45.5
580,296,45.5
558,357,70.5
558,357,70.5
595,429,74.7
595,429,74.7
642,276,64.7
584,409,74.3
642,276,64.7
584,409,74.3
640,276,61.2
690,397,70.4
640,276,61.2
690,397,70.4
617,416,73.2
691,394,68.3
617,416,73.2
691,394,68.3
583,410,74.4
560,353,67.2
583,410,74.4
560,353,67.2
591,427,77.2
623,414,77.7
591,427,77.2
623,414,77.7
641,276,63.6
620,418,70.3
641,276,63.6
620,418,70.3
-1586,517,31.3
-1590,515,31.3
-1595,525,33.8
-1586,517,31.3
-1590,515,31.3
-1595,525,33.8
-1585,520,32.6
-1585,520,32.6
-1587,519,31.3
-1590,525,39.1
-1587,519,31.3
-1590,525,39.1
-1593,528,40.9
-1589,523,37.4
-1593,520,31.3
-1593,528,40.9
-1589,523,37.4
-1593,520,31.3
-1586,517,31.3
-1594,527,39.1
-1595,525,33.8
-1586,517,31.3
-1594,527,39.1
-1595,525,33.8
-1586,521,36.7
-1637,433,13.1
-1586,521,36.7
-1637,433,13.1
-1560,510,32.9
-1560,488,19.3
-1560,510,32.9
-1560,488,19.3
-1594,531,41.7
-1594,531,41.7
-1638,433,13.1
-1577,523,34.4
-1557,510,35.3
-1638,433,13.1
-1577,523,34.4
-1557,510,35.3
-1581,521,31.9
-1558,505,28.7
-1581,521,31.9
-1558,505,28.7
-1638,434,13.0
-1566,502,19.6
-1557,493,19.3
-1638,434,13.0
-1566,502,19.6
-1557,493,19.3
-1582,512,31.3
-1591,517,31.3
-1582,512,31.3
-1591,517,31.3
-1585,520,32.7
-1585,520,32.7
-1639,432,14.9
-1639,432,14.9
-1590,525,39.1
-1595,531,41.9
-1590,525,39.1
-1595,531,41.9
-1643,433,13.3
-1633,436,10.7
-1643,433,13.3
-1633,436,10.7
-1637,433,13.1
-1580,517,31.6
-1586,521,36.7
-1637,433,13.1
-1580,517,31.6
-1586,521,36.7
113,2673,12.1
113,2673,12.1
116,2677,10.5
116,2677,10.5
-1662,1253,10.3
-1662,1253,10.3
-1622,1287,13.1
-1622,1287,13.1
-1623,1287,12.3
-1623,1287,12.3
-1623,1283,14.9
-1623,1283,14.9
-1623,1283,14.8
-1623,1283,14.9
-1623,1283,14.8
-1623,1283,14.9
-1621,1282,15.2
-1621,1282,15.2
-1622,1285,14.2
-1622,1285,14.2
-1954,1169,10.1
-1954,1169,10.1
1516,538,13.1
1516,538,13.1
1487,-546,10.1
1487,-546,10.1
1487,-546,10.1
1487,-546,10.1
151,-1360,10.2
151,-1360,10.2
162,-1394,23.1
162,-1394,23.1
-687,-393,11.0
-687,-393,11.0
-678,-378,11.0
-651,-318,10.0
-678,-378,11.0
-651,-318,10.0
-650,-322,11.0
-650,-322,11.0
-687,-389,11.0
-687,-389,11.0
-691,-394,11.0
-675,-373,11.2
-691,-394,11.0
-675,-373,11.2
333,1577,10.8
333,1579,11.0
333,1577,10.8
333,1579,11.0
332,1577,10.8
332,1577,10.8
333,1579,11.0
333,1579,11.0
361,1416,11.5
361,1416,11.5
361,1416,11.5
361,1416,11.5
361,1418,11.2
361,1418,11.2
361,1417,11.3
361,1417,11.3
361,1418,11.2
361,1418,11.2
497,1524,12.1
497,1524,12.1
367,1417,10.2
367,1417,10.2
333,1575,10.6
333,1575,10.6
333,1579,11.0
333,1579,11.0
499,1529,11.0
499,1529,11.0
363,1415,11.8
363,1415,11.8
-368,-1315,10.1
-368,-1315,10.1
-270,-1363,10.2
-270,-1363,10.2
-270,-1363,10.4
-270,-1363,10.4
-368,-1315,10.1
-368,-1315,10.1
288,1660,10.6
278,1651,14.9
288,1660,10.6
278,1651,14.9
247,1652,10.2
247,1652,10.2
289,1659,13.5
289,1659,13.5
282,1650,18.3
282,1650,18.3
80,2190,21.3
80,2190,21.3
119,2193,19.0
119,2193,19.0
-2125,1651,13.3
-2125,1651,13.3
-2125,1652,12.8
-2125,1652,12.8
-2125,1652,12.8
-2125,1652,12.8
-2106,1643,11.8
-2106,1643,11.8
2417,160,10.4
2417,160,10.4
2387,199,16.6
2387,199,16.6
2384,164,10.4
2405,163,10.4
2384,164,10.4
2405,163,10.4
2391,201,16.9
2391,201,16.9
2384,164,10.4
2384,164,10.4
121,1658,10.9
121,1658,10.9
116,1701,12.9
116,1701,12.9
-2634,678,11.7
-2634,678,11.7
-1078,712,10.3
-1078,712,10.3
-1079,711,10.7
-1079,711,10.7
2664,-1211,13.8
2664,-1211,13.8
2679,-1214,14.8
2677,-1212,14.0
2679,-1214,14.8
2677,-1212,14.0
2678,-1214,15.7
2688,-1221,15.6
2678,-1214,15.7
2688,-1221,15.6
2677,-1213,14.3
2677,-1213,14.3
2681,-1215,15.0
2672,-1215,11.8
2681,-1215,15.0
2672,-1215,11.8
2660,-1211,12.8
2660,-1211,12.8
2689,-1224,13.9
2689,-1224,13.9
2676,-1212,14.2
2688,-1225,13.2
2676,-1212,14.2
2688,-1225,13.2
2685,-1220,16.5
2685,-1220,16.5
2686,-1222,16.7
2689,-1224,13.9
2686,-1222,16.7
2689,-1224,13.9
1334,-537,10.2
1334,-537,10.2
93,2986,17.7
93,2986,17.7
90,2989,17.1
90,2989,17.1
2373,-237,22.6
2369,-276,24.7
2373,-237,22.6
2369,-276,24.7
2348,-234,35.9
2348,-234,35.9
2456,25,12.9
2456,25,12.9
2379,2,16.3
2379,2,16.3
2458,23,13.2
2458,23,13.2
2378,4,16.7
2378,4,16.7
2379,2,16.3
2379,2,16.3
2381,0,11.3
2384,33,12.9
2381,0,11.3
2384,33,12.9
2459,21,13.2
2459,21,13.2
2379,3,16.6
2379,3,16.6
-1897,1719,11.4
-1897,1719,11.4
-1850,1652,14.9
-1850,1652,14.9
2520,269,18.8
2520,269,18.8
2510,250,14.5
2510,250,14.5
2518,269,18.8
2518,253,18.2
2518,269,18.8
2518,253,18.2
707,-1479,12.4
707,-1479,12.4
705,-1475,13.2
705,-1475,13.2
701,-1537,14.2
718,-1491,14.0
701,-1537,14.2
718,-1491,14.0
699,-1467,14.2
699,-1467,14.2
720,-1495,14.2
720,-1495,14.2
702,-1537,14.2
702,-1537,14.2
705,-1535,14.2
705,-1535,14.2
700,-1471,13.5
700,-1471,13.5
256,-473,11.7
256,-473,11.7
104,-707,11.1
104,-707,11.1
128,-648,12.7
128,-648,12.7
131,-646,13.0
131,-646,13.0
131,-646,13.3
131,-646,13.3
106,-711,10.2
106,-711,10.2
1154,-1090,16.9
1154,-1090,16.9
1161,-1080,16.9
1161,-1080,16.9
1154,-1089,16.9
1154,-1089,16.9
1157,-1084,16.9
1157,-1084,16.9
1160,-1079,16.9
1149,-1093,15.7
1160,-1079,16.9
1149,-1093,15.7
1160,-1056,12.3
1160,-1056,12.3
1160,-1060,12.2
1160,-1060,12.2
1144,-1096,11.4
1144,-1096,11.4
2150,483,72.2
2150,483,72.2
2141,455,71.7
2141,457,71.7
2150,455,72.1
2141,455,71.7
2141,457,71.7
2150,455,72.1
2134,452,71.7
2131,454,71.7
2134,452,71.7
2131,454,71.7
2132,446,71.9
2138,457,71.7
2133,459,71.7
2132,446,71.9
2138,457,71.7
2133,459,71.7
2127,454,71.7
2143,471,71.7
2129,485,71.7
2127,454,71.7
2143,471,71.7
2129,485,71.7
2124,457,71.7
2129,463,71.7
2136,456,71.7
2124,457,71.7
2129,463,71.7
2136,456,71.7
2127,458,71.7
2131,454,71.7
2127,458,71.7
2131,454,71.7
2144,458,71.7
2139,455,71.8
2144,458,71.7
2139,455,71.8
2141,468,71.7
2126,482,71.7
2141,468,71.7
2126,482,71.7
2129,449,71.7
2143,456,71.7
2129,449,71.7
2143,456,71.7
2130,448,71.7
2147,457,71.7
2130,448,71.7
2147,457,71.7
2150,483,72.3
2136,457,71.7
2150,483,72.3
2136,457,71.7
976,-1540,10.8
976,-1540,10.8
570,-191,10.0
570,-191,10.0
1020,743,11.2
1020,743,11.2
2288,-653,10.2
2288,-653,10.2
2308,-681,10.2
2284,-653,10.2
2308,-681,10.2
2284,-653,10.2
2308,-676,11.0
2308,-676,11.0
1095,490,10.8
1095,490,10.8
1093,485,12.2
1093,485,12.2
-1872,-1084,10.6
-1872,-1084,10.6
-1847,-1111,10.9
-1847,-1111,10.9
1775,-51,11.0
1775,-51,11.0
2228,-648,26.4
2252,-625,28.4
2228,-648,26.4
2252,-625,28.4
2269,-654,31.9
2262,-678,24.4
2269,-654,31.9
2262,-678,24.4
2281,-656,32.4
2265,-652,31.5
2258,-678,23.0
2281,-656,32.4
2265,-652,31.5
2258,-678,23.0
-662,2513,13.2
-662,2513,13.2
-664,2532,12.2
-664,2532,12.2
-665,2510,13.2
-673,2512,12.9
-665,2510,13.2
-673,2512,12.9
-179,674,10.2
-179,674,10.2
-177,603,13.9
-177,603,13.9
-177,608,13.5
-156,604,10.1
-177,608,13.5
-156,604,10.1
-180,675,11.0
-180,675,11.0
-180,606,14.4
-179,612,13.5
-180,606,14.4
-179,612,13.5
1202,-745,10.7
1186,-786,13.4
1202,-745,10.7
1186,-786,13.4
-929,-261,14.2
-929,-261,14.2
-909,-317,25.9
-886,-309,25.5
-909,-317,25.9
-886,-309,25.5
-903,-325,26.4
-903,-325,26.4
-907,-325,25.4
-911,-314,24.2
-886,-305,23.2
-907,-325,25.4
-911,-314,24.2
-886,-305,23.2
-2717,-283,10.9
-2717,-283,10.9
114,1534,13.1
114,1534,13.1
115,1550,10.7
115,1551,10.7
115,1550,10.7
115,1551,10.7
114,1549,11.7
114,1549,11.7
114,1550,11.7
114,1550,11.7
114,1550,11.7
114,1550,11.7
-1042,13,10.4
-1042,13,10.4
-1040,11,10.1
-1040,11,10.1
-2591,775,10.4
-2591,775,10.4
-2606,754,10.3
-2606,754,10.3
-1686,-550,11.2
-1686,-550,11.2
-1745,-615,11.8
-1745,-615,11.8
-1750,-615,11.2
-1750,-615,11.2
-1802,1475,10.2
-1802,1475,10.2
-1800,1476,11.4
-1800,1476,11.4
-1802,1473,10.3
-1802,1473,10.3
-1806,1469,10.1
-1806,1469,10.1
-1802,1473,10.4
-1802,1474,10.3
-1802,1473,10.4
-1802,1474,10.3
-1801,1473,10.7
-1801,1473,10.7
-1802,1476,10.4
-1802,1473,10.3
-1802,1476,10.4
-1802,1473,10.3
1160,1874,13.4
1160,1874,13.4
1191,1863,12.2
1191,1863,12.2
1154,1877,11.5
1154,1877,11.5
1156,1876,10.7
1156,1876,10.7
-1443,1097,11.3
-1443,1097,11.3
-1442,1096,10.3
-1441,1106,12.8
-1442,1096,10.3
-1441,1106,12.8
-1444,1098,11.9
-1444,1098,11.9
-1444,1098,11.9
-1444,1098,11.9
-1443,1099,12.1
-1443,1099,12.1
-1442,1098,11.4
-1443,1097,11.3
-1442,1098,11.4
-1443,1097,11.3
-1444,1097,11.7
-1444,1097,11.7
-1382,1086,14.1
-1382,1086,14.1
-1437,1108,13.5
-1437,1108,13.5
-1443,1098,12.2
-1443,1098,12.2
-1117,162,10.2
-1117,162,10.2
-1121,157,10.3
-1121,157,10.3
-1123,161,10.4
-1123,161,10.4
-1121,158,10.5
-1121,158,10.5
-1123,161,10.4
-1123,161,10.4
2343,-46,31.1
2339,-7,18.0
2343,-46,31.1
2339,-7,18.0
2342,-10,22.5
2342,-10,22.5
2345,-44,31.6
2345,-44,31.6
2338,-7,16.8
2339,-23,27.4
2346,-23,27.3
2338,-7,16.8
2339,-23,27.4
2346,-23,27.3
2342,-46,30.9
2339,-17,25.9
2345,-17,26.3
2342,-46,30.9
2339,-17,25.9
2345,-17,26.3
310,-365,10.5
310,-365,10.3
310,-365,10.5
310,-365,10.3
295,-369,11.2
295,-369,11.2
1239,1709,10.0
1239,1709,10.0
353,-1534,16.6
353,-1534,16.6
251,-1530,10.8
251,-1530,10.8
350,-1537,14.3
347,-1517,13.1
350,-1537,14.3
347,-1517,13.1
350,-1535,10.8
351,-1520,17.8
350,-1535,10.8
351,-1520,17.8
1066,148,10.8
1066,148,10.8
1067,144,11.1
1067,144,11.1
1066,145,11.1
1066,145,11.1
-709,-1518,13.6
-690,-1595,12.2
-709,-1518,13.6
-690,-1595,12.2
-653,-1583,20.7
-653,-1583,20.7
-668,-1507,14.1
-668,-1507,14.1
-711,-1521,13.7
-711,-1521,13.7
-701,-1503,20.8
-701,-1503,20.8
-705,-1503,20.1
-709,-1521,12.1
-705,-1503,20.1
-709,-1521,12.1
-660,-1579,19.7
-660,-1579,19.7
-656,-1581,19.9
-656,-1581,19.9
-655,-1587,20.8
-662,-1579,19.9
-655,-1587,20.8
-662,-1579,19.9
-710,-1518,15.3
-657,-1582,20.5
-710,-1518,15.3
-657,-1582,20.5
-710,-1519,14.5
-708,-1518,12.3
-710,-1519,14.5
-708,-1518,12.3
-656,-1581,19.9
-667,-1508,12.8
-656,-1581,19.9
-667,-1508,12.8
-709,-1521,12.1
-709,-1521,12.1
-566,-998,11.8
-553,-1050,11.9
-566,-998,11.8
-553,-1050,11.9
-536,-986,12.1
-536,-986,12.1
-515,-1041,11.8
-536,-990,13.3
-515,-1041,11.8
-536,-990,13.3
-537,-986,12.0
-516,-1035,14.0
-537,-986,12.0
-516,-1035,14.0
-516,-1041,11.9
-516,-1041,11.9
-498,-1028,14.6
-498,-1028,14.6
-500,-1031,12.1
-500,-1031,12.1
-538,-987,11.7
-502,-1016,12.5
-538,-987,11.7
-502,-1016,12.5
-537,-986,12.0
-516,-1035,14.0
-537,-986,12.0
-516,-1035,14.0
-568,-1001,12.2
-568,-1001,12.2
-538,-987,11.7
-502,-1016,12.5
-538,-987,11.7
-502,-1016,12.5
-515,-1041,11.8
-536,-990,13.3
-515,-1041,11.8
-536,-990,13.3
-513,-1038,11.9
-556,-1048,11.9
-513,-1038,11.9
-556,-1048,11.9
-485,-1009,12.3
-485,-1009,12.3
-538,-989,11.9
-492,-983,11.3
-538,-989,11.9
-492,-983,11.3
-488,-1013,14.6
-496,-981,11.5
-488,-1013,14.6
-496,-981,11.5
240,-1666,15.8
240,-1666,15.8
243,-1662,16.9
243,-1662,16.9
322,2097,29.8
325,2093,27.2
331,2097,26.1
322,2097,29.8
325,2093,27.2
331,2097,26.1
328,2094,26.5
324,2147,27.0
328,2094,26.5
324,2147,27.0
377,2148,13.4
349,2118,22.6
321,2143,26.0
377,2148,13.4
349,2118,22.6
321,2143,26.0
324,2098,28.0
326,2100,26.9
324,2098,28.0
326,2100,26.9
327,2037,28.6
327,2037,28.6
324,2100,27.5
331,2035,25.4
324,2100,27.5
331,2035,25.4
325,2096,27.3
325,2096,27.3
374,2151,16.1
374,2151,16.1
351,2107,24.5
351,2107,24.5
326,2100,26.9
353,2107,22.6
326,2100,26.9
353,2107,22.6
2506,299,14.0
2506,299,14.0
2513,291,14.1
2513,291,14.1
2516,288,14.1
2516,288,14.1
2512,301,14.2
2512,301,14.2
2505,326,12.6
2505,326,12.6
2516,268,15.1
2516,268,15.1
2513,288,14.1
2513,288,14.1
2506,299,14.1
2506,299,14.1
2506,299,14.0
2506,299,14.0
2508,323,13.3
2467,324,15.1
2508,323,13.3
2467,324,15.1
2470,327,15.1
2470,327,15.1
-253,-920,13.1
-253,-920,13.1
-280,-935,10.9
-280,-935,10.9
-270,-887,13.1
-270,-887,13.1
-266,-888,15.3
-266,-888,15.3
-1073,494,42.4
-1071,498,42.4
-1051,489,43.7
-1073,494,42.4
-1071,498,42.4
-1051,489,43.7
-1119,516,37.9
-1119,516,37.9
-1044,487,42.9
-1044,487,42.9
-1070,493,42.6
-1055,487,43.0
-1070,493,42.6
-1055,487,43.0
-1054,490,43.0
-1044,487,42.9
-1054,490,43.0
-1044,487,42.9
-1066,496,44.7
-1066,496,44.7
-1044,487,42.9
-1013,558,20.6
-1044,487,42.9
-1013,558,20.6
-1044,487,42.9
-1044,487,42.9
-1057,489,42.8
-1056,494,43.9
-1040,490,42.0
-1057,489,42.8
-1056,494,43.9
-1040,490,42.0
-1070,494,42.4
-1070,494,42.4
-1069,494,42.7
-1069,494,42.7
-136,-1729,11.4
-136,-1729,11.4
-149,-1699,11.1
-149,-1699,11.1
-150,-1702,14.5
-150,-1702,14.5
-87,-1675,19.8
-87,-1675,19.8
-152,-1690,12.1
-152,-1690,12.1
-153,-1726,12.4
-153,-1726,12.4
-84,-1716,15.0
-84,-1716,15.0
-149,-1729,12.5
-149,-1729,12.5
-87,-1675,19.6
-87,-1675,19.6
-149,-1699,11.1
-153,-1702,15.1
-149,-1699,11.1
-153,-1702,15.1
-83,-1676,20.1
-83,-1676,20.1
-152,-1701,14.7
-152,-1701,14.7
-86,-1720,13.9
-86,-1720,13.9
-86,-1674,20.9
-86,-1674,20.9
-87,-1675,19.8
-87,-1675,19.8
-83,-1677,19.1
-93,-1675,18.8
-83,-1677,19.1
-93,-1675,18.8
381,2189,20.4
381,2189,20.4
444,2182,13.0
444,2182,13.0
359,2173,27.4
385,2191,21.2
359,2173,27.4
385,2191,21.2
444,2182,13.0
444,2182,13.0
445,2182,12.9
445,2182,12.9
443,2183,13.2
457,2200,10.1
443,2183,13.2
457,2200,10.1
448,2185,11.4
448,2185,11.4
551,1514,14.2
551,1514,14.2
554,1512,12.3
554,1512,12.3
534,1565,10.6
534,1565,10.6
1185,625,22.3
1185,625,22.3
1186,629,22.6
1186,629,22.6
1184,631,24.6
1185,624,22.0
1184,631,24.6
1185,624,22.0
1185,625,22.2
1184,626,24.0
1185,625,22.2
1184,626,24.0
1184,623,22.8
1184,628,25.0
1190,628,20.4
1184,623,22.8
1184,628,25.0
1190,628,20.4
1185,625,22.2
1185,625,22.2
1183,627,25.2
1184,626,23.7
1183,627,25.2
1184,626,23.7
-239,-1577,13.9
-239,-1577,13.9
-237,-1574,16.9
-237,-1574,16.9
-262,-1478,13.2
-262,-1478,13.2
-239,-1577,13.9
-239,-1577,13.9
-951,816,18.7
-951,816,18.7
-947,819,19.6
-947,819,19.6
-1147,-1706,17.2
-1147,-1706,17.2
-1141,-1696,20.9
-1150,-1709,15.4
-1141,-1696,20.9
-1150,-1709,15.4
-95,-1807,10.8
-95,-1807,10.8
-138,-1815,11.2
-138,-1815,11.2
-96,-1807,11.3
-95,-1807,10.8
-96,-1807,11.3
-95,-1807,10.8
-95,-1808,11.3
-95,-1808,11.3
1195,502,21.7
1201,498,20.9
1190,479,18.5
1195,502,21.7
1201,498,20.9
1190,479,18.5
1196,499,21.8
1188,483,18.6
1196,499,21.8
1188,483,18.6
1198,510,19.3
1207,497,20.3
1198,510,19.3
1207,497,20.3
1200,495,22.3
1202,498,21.1
1200,495,22.3
1202,498,21.1
1205,504,21.6
1202,501,20.5
1205,504,21.6
1202,501,20.5
1206,504,21.6
1213,522,13.4
1206,504,21.6
1213,522,13.4
1212,520,12.7
1212,520,12.7
1197,509,19.7
1197,509,19.7
1203,500,21.4
1202,498,21.1
1203,500,21.4
1202,498,21.1
1197,506,20.0
1217,522,11.7
1197,506,20.0
1217,522,11.7
1206,502,21.2
1203,494,19.7
1206,502,21.2
1203,494,19.7
1202,501,20.5
1202,501,20.5
1245,467,10.4
1244,468,10.5
1245,467,10.4
1244,468,10.5
-2110,-190,10.3
-2110,-190,10.3
-2085,-241,11.1
-2085,-241,11.1
-2109,-195,11.5
-2109,-195,11.5
-2110,-190,10.3
-2110,-190,10.3
1471,23,23.4
1471,23,23.4
1473,23,22.3
1458,46,14.6
1473,23,22.3
1458,46,14.6
1473,24,22.8
1473,24,22.8
1488,0,23.6
1488,0,23.6
1988,597,12.3
2019,593,12.0
1988,597,12.3
2019,593,12.0
2017,596,13.4
2017,596,13.4
1990,599,11.7
1990,599,11.7
1991,599,11.4
1991,599,11.4
1990,599,11.9
1990,599,11.9
-217,1921,13.5
-217,1921,13.5
-219,1917,13.5
-219,1917,13.5
-261,1901,13.2
-261,1901,13.2
-217,1921,13.5
-217,1921,13.5
-265,1900,11.5
-265,1900,11.5
419,-1310,20.7
401,-1280,33.3
419,-1310,20.7
401,-1280,33.3
415,-1311,22.3
398,-1284,35.8
415,-1311,22.3
398,-1284,35.8
1392,125,12.1
1392,125,12.1
-2221,-807,11.1
-2221,-807,11.1
-2243,-782,14.1
-2243,-782,14.1
-2243,-786,13.0
-2243,-786,13.0
-8,2732,14.0
-8,2732,14.0
-11,2735,11.4
-11,2735,11.4
-10,2734,12.4
-10,2734,12.4
1805,598,20.1
1805,598,20.1
1803,594,20.2
1790,627,19.9
1803,594,20.2
1790,627,19.9
1794,625,20.3
1794,625,20.3
2688,-618,13.0
2688,-618,13.0
2685,-616,13.7
2684,-663,11.6
2685,-616,13.7
2684,-663,11.6
2688,-618,13.0
2688,-618,13.0
2681,-660,13.9
2681,-660,13.9
732,-1624,12.5
732,-1624,12.5
732,-1624,12.5
732,-1624,12.5
733,-1624,12.5
733,-1624,12.5
732,-1624,12.5
732,-1624,12.5
758,-1634,11.3
758,-1634,11.3
730,-1626,11.8
730,-1626,11.8
734,-1624,13.0
734,-1624,13.0
734,-1624,12.8
734,-1624,12.8
733,-1624,12.5
733,-1624,12.5
-1585,-324,11.0
-1585,-324,11.0
-1624,-342,11.9
-1584,-325,11.3
-1624,-342,11.9
-1584,-325,11.3
-1600,-341,12.0
-1600,-341,12.0
788,401,10.2
788,401,10.2
788,401,10.2
788,401,10.2
763,407,10.1
763,407,10.1
2087,581,54.4
2073,520,57.1
2087,581,54.4
2073,520,57.1
2021,595,67.3
2021,595,67.3
-242,2680,11.2
-158,2692,10.7
-242,2680,11.2
-158,2692,10.7
-242,2682,12.4
-242,2682,12.4
-241,2681,11.0
-241,2680,10.1
-241,2681,11.0
-241,2680,10.1
-163,2694,13.0
-163,2694,13.0
-243,2682,12.8
-158,2692,10.3
-243,2682,12.8
-158,2692,10.3
-242,2680,11.2
-243,2683,12.9
-158,2692,10.7
-242,2680,11.2
-243,2683,12.9
-158,2692,10.7
-2677,283,11.9
-2677,283,11.9
-2677,279,10.3
-2677,279,10.3
-808,656,12.1
-808,656,12.1
-778,-1531,21.0
-771,-1513,19.1
-778,-1531,21.0
-771,-1513,19.1
-769,-1535,21.6
-769,-1535,21.6
-766,-1532,21.2
-766,-1532,21.2
-801,-1538,14.1
-801,-1538,14.1
-773,-1544,19.9
-773,-1544,19.9
-768,-1527,20.4
-759,-1566,20.4
-768,-1527,20.4
-759,-1566,20.4
-766,-1532,21.2
-766,-1532,21.2
-767,-1530,20.8
-768,-1529,20.9
-767,-1530,20.8
-768,-1529,20.9
-766,-1528,20.7
-769,-1535,21.6
-772,-1534,22.3
-766,-1528,20.7
-769,-1535,21.6
-772,-1534,22.3
-570,-1685,14.3
-570,-1685,14.3
-572,-1684,16.3
-556,-1746,14.9
-572,-1684,16.3
-556,-1746,14.9
-564,-1685,10.2
-564,-1685,10.2
-572,-1686,16.1
-569,-1683,13.4
-572,-1686,16.1
-569,-1683,13.4
-560,-1744,16.9
-560,-1744,16.9
-573,-1684,16.6
-573,-1684,16.6
-2209,-1068,11.6
-2209,-1068,11.6
-2210,-1067,11.0
-2210,-1067,11.0
-2210,-1067,11.0
-2210,-1067,11.0
-2210,-1067,11.0
-2210,-1067,11.0
-2209,-1068,11.5
-2209,-1068,11.5
-2196,-1054,10.1
-2196,-1054,10.1
-2772,-145,10.6
-2772,-145,10.6
-2777,-147,10.6
-2777,-147,10.6
-2772,-145,10.6
-2772,-145,10.6
-2774,-149,11.8
-2774,-149,11.8
-1513,932,10.4
-1513,932,10.4
1988,598,11.0
1988,598,11.0
-264,-954,14.4
-264,-954,14.4
-268,-953,17.0
-268,-953,17.0
-2537,896,11.3
-2537,896,11.3
-2550,874,10.2
-2550,874,10.2
-2589,868,13.6
-2589,868,13.6
-2607,882,13.6
-2607,882,13.6
-2547,873,11.6
-2589,868,13.6
-2547,873,11.6
-2589,868,13.6
-2606,884,13.6
-2584,867,13.6
-2606,884,13.6
-2584,867,13.6
-2547,874,11.5
-2547,874,11.5
1815,514,11.7
1815,514,11.7
1823,467,10.3
1823,467,10.3
-813,-1594,15.5
-813,-1594,15.5
-825,-1542,17.2
-825,-1542,17.2
1590,0,10.5
1590,0,10.5
-2062,512,16.1
-2083,540,16.7
-2062,512,16.1
-2083,540,16.7
-2862,1300,52.7
-2871,1301,52.3
-2876,1263,53.1
-2862,1300,52.7
-2871,1301,52.3
-2876,1263,53.1
-2854,1291,54.4
-2865,1275,56.3
-2863,1274,56.3
-2854,1291,54.4
-2865,1275,56.3
-2863,1274,56.3
-2863,1274,56.3
-2854,1286,55.6
-2863,1274,56.3
-2854,1286,55.6
-2854,1291,54.2
-2876,1265,52.1
-2873,1263,54.2
-2854,1291,54.2
-2876,1265,52.1
-2873,1263,54.2
-2873,1263,54.2
-2861,1280,56.3
-2859,1279,56.3
-2873,1263,54.2
-2861,1280,56.3
-2859,1279,56.3
-2877,1263,52.9
-2854,1290,53.9
-2877,1263,52.9
-2854,1290,53.9
-2864,1300,53.1
-2854,1286,55.8
-2864,1300,53.1
-2854,1286,55.8
-2878,1266,50.6
-2875,1270,55.1
-2868,1265,56.5
-2878,1266,50.6
-2875,1270,55.1
-2868,1265,56.5
-2855,1291,55.0
-2857,1281,56.3
-2855,1291,55.0
-2857,1281,56.3
788,401,11.1
788,401,11.1
813,393,10.1
813,393,10.1
787,401,11.1
787,401,11.1
1294,334,12.8
1294,334,12.8
1293,339,12.6
1293,339,12.6
-220,2959,21.4
-220,2959,21.4
-127,2968,12.9
-127,2968,12.9
-199,1834,11.2
-199,1834,11.2
-198,1928,11.2
-198,1928,11.2
-197,1853,10.7
-197,1853,10.7
-196,1832,10.5
-196,1832,10.5
-201,1924,11.4
-201,1924,11.4
-198,1833,11.1
-198,1833,11.1
-196,1832,10.5
-197,1859,10.7
-196,1832,10.5
-197,1859,10.7
-200,1855,11.4
-200,1855,11.4
1396,393,15.2
1396,393,15.2
1392,395,16.0
1392,395,16.0
1466,653,19.0
1466,653,19.0
1466,653,19.0
1466,653,19.0
1470,652,15.1
1429,621,19.1
1470,652,15.1
1429,621,19.1
50,-1793,16.8
7,-1793,16.5
50,-1793,16.8
7,-1793,16.5
50,-1794,16.9
50,-1794,16.9
10,-1796,16.7
10,-1796,16.7
47,-1796,17.9
47,-1796,17.9
1250,1990,13.3
1250,1990,13.3
1254,1991,15.6
1254,1991,15.6
2406,-737,11.5
2406,-737,11.5
-2246,1532,10.2
-2246,1532,10.2
-2254,1523,10.5
-2254,1523,10.5
-2049,1515,17.6
-2049,1515,17.6
-2163,1607,13.9
-2047,1510,17.7
-2163,1607,13.9
-2047,1510,17.7
-2162,1607,13.9
-2162,1607,13.9
-2232,1544,10.6
-2232,1544,10.6
-2233,1548,10.6
-2233,1548,10.6
-2207,1580,10.4
-2207,1580,10.4
-2171,1611,12.4
-2171,1611,12.4
-2158,1607,14.5
-2158,1607,14.4
-2158,1607,14.5
-2158,1607,14.4
-2040,1491,16.5
-2040,1491,16.5
-2038,1490,17.4
-2041,1487,16.9
-2038,1490,17.4
-2041,1487,16.9
-139,1066,10.1
-139,1066,10.1
2409,332,18.9
2407,300,12.0
2409,332,18.9
2407,300,12.0
2466,327,18.4
2466,327,18.4
2406,305,15.3
2406,305,15.3
2408,298,11.6
2408,298,11.6
2408,332,18.8
2427,320,19.7
2408,332,18.8
2427,320,19.7
2406,329,18.4
2469,324,18.4
2406,329,18.4
2469,324,18.4
-1961,-669,10.2
-1961,-669,10.2
-1959,-665,10.2
-1959,-665,10.2
187,-1694,25.1
187,-1694,25.1
215,-1691,24.9
215,-1691,24.9
184,-1692,25.1
184,-1692,25.1
-92,-897,12.6
-92,-897,12.6
-87,-916,10.7
-87,-916,10.7
-86,-915,11.4
-86,-915,11.4
-86,-912,11.9
-86,-912,11.9
198,2014,10.7
198,2014,10.7
97,2055,18.3
100,2056,16.9
97,2055,18.3
100,2056,16.9
98,2056,18.1
99,2049,17.8
98,2056,18.1
99,2049,17.8
96,2054,18.5
103,2055,15.6
103,2053,15.1
96,2054,18.5
103,2055,15.6
103,2053,15.1
101,2007,12.4
101,2007,12.4
96,2054,18.5
98,2050,18.1
103,2053,15.1
96,2054,18.5
98,2050,18.1
103,2053,15.1
97,2054,18.4
97,2053,18.5
97,2054,18.4
97,2053,18.5
97,2053,18.6
98,2047,18.3
97,2053,18.6
98,2047,18.3
103,2005,14.2
99,2050,17.8
103,2005,14.2
99,2050,17.8
104,2005,14.6
99,2055,17.8
100,2055,17.6
104,2005,14.6
99,2055,17.8
100,2055,17.6
103,2005,14.2
124,2009,12.4
103,2005,14.2
124,2009,12.4
-2016,1439,11.5
-2016,1439,11.5
-1327,1521,10.4
-1327,1521,10.4
-1530,1468,18.4
-1530,1468,18.4
-1528,1463,19.7
-1528,1463,19.7
-245,-1713,12.6
-245,-1713,12.6
-243,-1715,10.5
-252,-1720,14.1
-243,-1715,10.5
-252,-1720,14.1
-253,-1724,13.0
-253,-1724,13.0
-251,-1719,14.2
-251,-1719,14.2
-246,-1715,13.8
-246,-1715,13.8
-269,-1736,13.0
-269,-1736,13.0
-182,-1807,15.4
-182,-1807,15.4
1509,436,10.2
1509,436,10.2
-1377,677,13.3
-1377,677,13.3
-1375,678,13.8
-1375,678,13.8
-1376,677,13.6
-1376,677,13.6
-1378,675,11.6
-1344,669,12.1
-1378,675,11.6
-1344,669,12.1
278,2846,10.1
278,2846,10.1
-1121,-661,25.8
-1122,-661,25.2
-1121,-668,25.2
-1121,-661,25.8
-1122,-661,25.2
-1121,-668,25.2
-1118,-663,26.4
-1118,-665,25.0
-1118,-663,26.4
-1118,-665,25.0
-1109,-687,10.9
-1109,-687,10.9
-1118,-665,25.2
-1126,-665,28.0
-1126,-667,27.4
-1118,-665,25.2
-1126,-665,28.0
-1126,-667,27.4
-1120,-665,25.6
-1120,-666,25.5
-1120,-665,25.6
-1120,-666,25.5
-1120,-666,25.6
-1120,-666,25.6
-1127,-666,27.8
-1127,-666,27.8
-1121,-663,26.2
-1121,-663,26.2
-1118,-665,25.0
-1164,-633,26.4
-1118,-665,25.0
-1164,-633,26.4
-1160,-633,27.9
-1160,-633,27.9
-2391,548,15.4
-2391,548,15.4
-2389,544,13.3
-2389,544,13.3
-2096,1756,15.3
-2096,1756,15.3
-2098,1747,12.2
-2098,1760,15.5
-2098,1747,12.2
-2098,1760,15.5
-2096,1753,13.6
-2096,1753,13.6
-2096,1748,14.3
-2096,1748,14.3
2704,-813,13.1
2704,-813,13.1
2705,-812,12.4
2708,-813,10.9
2705,-823,12.7
2705,-812,12.4
2708,-813,10.9
2705,-823,12.7
780,562,11.6
780,562,11.6
783,563,10.2
764,502,11.4
783,563,10.2
764,502,11.4
780,557,10.2
780,557,10.2
127,2468,17.3
127,2468,17.3
128,2470,17.4
128,2470,17.4
127,2469,18.1
127,2469,18.1
127,2465,17.5
128,2464,16.3
132,2470,13.3
127,2465,17.5
128,2464,16.3
132,2470,13.3
127,2469,18.1
127,2469,18.1
127,2468,18.0
128,2470,17.8
127,2468,18.0
128,2470,17.8
116,2533,25.8
116,2533,25.8
124,2479,27.4
119,2536,28.2
124,2479,27.4
119,2536,28.2
-555,-1226,13.9
-555,-1226,13.9
-538,-1222,13.9
-538,-1222,13.9
-1436,787,10.6
-1436,787,10.6
-1440,784,12.0
-1440,784,12.0
1937,424,10.5
1937,424,10.5
-1183,-1820,14.2
-1183,-1820,14.2
-1197,-1807,15.8
-1197,-1807,15.8
-1188,-1820,14.8
-1188,-1820,14.8
-1188,-1819,14.5
-1177,-1819,12.7
-1188,-1819,14.5
-1177,-1819,12.7
-1183,-1821,14.4
-1183,-1821,14.4
2468,29,20.7
2469,52,20.7
2468,29,20.7
2469,52,20.7
2469,29,20.7
2469,29,20.7
2472,48,22.7
2472,48,22.7
2467,26,19.9
2467,26,19.9
2468,32,20.8
2466,30,20.4
2468,32,20.8
2466,30,20.4
2466,30,20.4
2466,30,20.4
2471,32,22.2
2465,37,22.7
2471,32,22.2
2465,37,22.7
2464,35,22.6
2464,35,22.6
-1791,-326,10.9
-1791,-326,10.9
-1791,-326,10.6
-1791,-326,10.6
-431,-1513,19.7
-420,-1560,19.1
-431,-1513,19.7
-420,-1560,19.1
-433,-1516,21.8
-420,-1529,22.5
-433,-1516,21.8
-420,-1529,22.5
-422,-1525,22.0
-422,-1525,22.0
-423,-1558,23.9
-423,-1558,23.9
-1129,-388,12.2
-1129,-388,12.2
-1108,-409,11.7
-1108,-409,11.7
-1108,-407,11.7
-1108,-407,11.7
-1103,-409,10.8
-1103,-409,10.8
-1108,-408,11.7
-1108,-408,11.7
330,1579,15.5
330,1579,15.5
965,-654,13.7
965,-654,13.7
1276,1968,11.1
1251,1939,12.6
1276,1968,11.1
1251,1939,12.6
1250,1990,10.1
1250,1990,10.1
-1852,-2398,23.3
-1852,-2398,23.3
-580,-1060,22.6
-596,-1106,22.5
-580,-1060,22.6
-596,-1106,22.5
-583,-1059,24.0
-570,-1063,27.1
-583,-1059,24.0
-570,-1063,27.1
-586,-1059,25.1
-587,-1061,22.9
-569,-1067,27.1
-586,-1059,25.1
-587,-1061,22.9
-569,-1067,27.1
-541,-1157,14.3
-541,-1157,14.3
-595,-1102,21.5
-595,-1102,21.5
-570,-1063,27.1
-540,-1161,13.8
-570,-1063,27.1
-540,-1161,13.8
-2427,626,11.6
-2427,626,11.6
-2427,626,11.5
-2427,626,11.5
-2370,-721,10.3
-2370,-721,10.3
-2371,-726,10.2
-2371,-726,10.2
-1719,589,36.2
-1727,552,32.4
-1719,589,36.2
-1727,552,32.4
-1676,619,13.7
-1676,619,14.2
-1676,619,13.7
-1676,619,14.2
-1690,583,43.5
-1731,553,30.0
-1690,583,43.5
-1731,553,30.0
-1676,622,16.9
-1694,578,40.8
-1676,622,16.9
-1694,578,40.8
-1675,620,11.6
-1675,620,11.6
-1677,653,35.5
-1677,653,35.5
-1676,651,36.0
-1695,650,18.1
-1676,651,36.0
-1695,650,18.1
-1680,651,33.1
-1670,651,52.2
-1680,651,33.1
-1670,651,52.2
-1682,646,27.3
-1691,653,22.7
-1682,646,27.3
-1691,653,22.7
-1682,651,30.9
-1682,647,30.5
-1668,647,52.5
-1682,651,30.9
-1682,647,30.5
-1668,647,52.5
-1674,619,10.8
-1674,619,10.8
-1679,653,34.2
-1679,653,34.2
-1690,581,42.7
-1690,581,42.7
-1677,622,17.4
-1694,580,41.0
-1691,578,41.4
-1677,622,17.4
-1694,580,41.0
-1691,578,41.4
-1690,580,42.7
-1690,580,42.7
-1696,581,40.8
-1694,585,42.5
-1687,581,44.1
-1696,581,40.8
-1694,585,42.5
-1687,581,44.1
-1677,619,13.5
-1677,619,13.5
1469,-133,32.9
1427,-171,32.0
1469,-133,32.9
1427,-171,32.0
-2561,316,13.1
-2561,316,13.1
-2495,280,11.9
-2495,280,11.9
-2555,321,10.9
-2555,321,10.9
-2510,285,10.2
-2510,285,10.2
-2499,282,11.5
-2439,277,13.9
-2499,282,11.5
-2439,277,13.9
-2555,321,10.9
-2555,321,10.9
-2557,316,12.6
-2557,316,12.6
-2499,282,11.5
-2499,282,11.5
-2823,764,76.9
-2823,764,76.9
-2797,803,77.4
-2844,835,79.9
-2797,803,77.4
-2844,835,79.9
987,1905,25.6
987,1905,25.6
985,1909,21.6
985,1909,21.6
302,1756,10.4
302,1756,10.4
344,1714,13.4
338,1718,11.5
344,1714,13.4
338,1718,11.5
343,1713,14.3
343,1713,14.3
340,1714,12.6
340,1714,12.6
-1028,1293,14.6
-1028,1293,14.6
-1026,1290,15.8
-1026,1290,15.8
-1025,1290,15.6
-1025,1290,15.6
-1096,-1628,27.8
-1092,-1623,28.0
-1096,-1628,27.8
-1092,-1623,28.0
-1079,-1611,27.3
-1086,-1615,28.3
-1079,-1611,27.3
-1086,-1615,28.3
-1101,-1625,30.0
-1093,-1632,25.7
-1087,-1626,25.9
-1101,-1625,30.0
-1093,-1632,25.7
-1087,-1626,25.9
-1100,-1624,30.3
-1100,-1624,30.3
-1100,-1623,30.5
-1100,-1623,30.5
-1096,-1623,29.7
-1095,-1624,29.2
-1100,-1629,29.0
-1096,-1623,29.7
-1095,-1624,29.2
-1100,-1629,29.0
-1101,-1625,30.1
-1101,-1625,30.1
-1087,-1615,27.1
-1085,-1614,28.5
-1087,-1615,27.1
-1085,-1614,28.5
-1084,-1615,26.1
-1092,-1628,26.5
-1084,-1615,26.1
-1092,-1628,26.5
-1099,-1624,30.4
-1101,-1625,30.1
-1099,-1624,30.4
-1101,-1625,30.1
-1085,-1619,23.8
-1092,-1623,28.0
-1085,-1619,23.8
-1092,-1623,28.0
462,2248,10.4
462,2248,10.4
462,2248,10.5
462,2248,10.5
462,2248,10.5
462,2248,10.5
462,2249,10.4
462,2249,10.4
-1822,411,10.1
-1822,411,10.1
-1814,399,23.3
-1814,399,23.3
-1815,396,25.7
-1815,396,25.7
-1814,399,23.3
-1814,399,23.3
-1869,356,24.2
-1869,356,24.2
-1840,380,22.0
-1873,357,21.7
-1840,380,22.0
-1873,357,21.7
-1839,379,24.9
-1839,379,24.9
-1814,400,22.9
-1845,376,17.9
-1814,400,22.9
-1845,376,17.9
-1814,396,25.6
-1814,396,25.6
1371,2096,10.4
1371,2096,10.4
1371,2096,10.3
1371,2096,10.3
1369,2101,10.5
1369,2101,10.5
886,1921,24.5
886,1921,24.5
802,1929,19.6
802,1929,19.6
886,1921,24.5
886,1921,24.5
889,1924,21.7
800,1932,18.4
889,1924,21.7
800,1932,18.4
886,1921,24.4
886,1921,24.4
886,1921,24.5
886,1921,24.5
886,1921,24.5
886,1921,24.5
2328,-232,29.1
2328,-232,29.1
2313,-239,24.5
2325,-261,29.1
2313,-239,24.5
2325,-261,29.1
2328,-234,29.1
2328,-234,29.1
2325,-231,29.1
2309,-240,20.3
2322,-263,29.1
2325,-231,29.1
2309,-240,20.3
2322,-263,29.1
-1114,1023,12.7
-1114,1023,12.7
-1147,1032,12.0
-1147,1032,12.0
181,2687,10.3
181,2687,10.3
-1973,305,19.3
-1973,305,19.3
-1973,323,21.5
-1973,323,21.5
-1974,307,11.6
-1974,307,11.6
-1969,321,21.2
-1975,304,13.7
-1969,321,21.2
-1975,304,13.7
-1974,305,15.0
-1974,306,11.1
-1974,305,15.0
-1974,306,11.1
-1974,303,16.5
-1974,303,16.5
-1975,305,14.1
-1975,305,14.1
-1975,304,13.7
-1975,304,13.7
188,2230,11.3
188,2230,11.3
184,2275,10.0
184,2275,10.0
191,2227,11.1
191,2227,11.1
1307,2282,12.7
1307,2282,12.7
1308,2281,11.9
1308,2281,11.9
1307,2282,12.3
1307,2282,12.3
1308,2281,11.9
1308,2281,11.9
1307,2282,12.3
1307,2282,12.3
1309,2281,11.2
1309,2281,11.2
147,2166,22.6
162,2177,22.2
147,2166,22.6
162,2177,22.2
144,2171,16.5
165,2158,35.4
144,2171,16.5
165,2158,35.4
161,2157,35.0
161,2157,35.0
159,2159,33.3
199,2163,31.0
159,2159,33.3
199,2163,31.0
172,2177,28.1
197,2160,33.5
172,2177,28.1
197,2160,33.5
197,2160,33.5
197,2160,33.5
195,2160,33.5
195,2160,33.5
215,2180,16.0
215,2180,16.0
195,2160,33.5
195,2160,33.5
213,2180,15.6
213,2180,15.6
209,2174,22.0
209,2174,22.0
194,2161,33.3
211,2180,16.9
194,2161,33.3
211,2180,16.9
195,2160,33.5
195,2160,33.5
218,2182,12.1
218,2182,12.1
-1162,-778,12.6
-1162,-778,12.6
-1209,-846,11.0
-1209,-846,11.0
-1162,-782,12.3
-1162,-782,12.3
1022,508,12.9
1073,506,12.5
1022,508,12.9
1073,506,12.5
1075,475,10.5
1070,509,12.1
1075,475,10.5
1070,509,12.1
1077,478,11.0
1077,478,11.0
1026,511,13.0
1026,511,13.0
-660,2468,12.2
-660,2468,12.2
-663,2470,12.1
-663,2470,12.1
-669,2465,12.1
-669,2465,12.1
1555,-464,10.7
1555,-464,10.7
-1121,1968,50.6
-1132,1989,50.9
-1121,1968,50.6
-1132,1989,50.9
-1065,1996,53.4
-1076,2017,58.9
-1065,1996,53.4
-1076,2017,58.9
-1642,-204,12.0
-1642,-204,12.0
-1639,-207,10.4
-1639,-207,10.4
-1638,-205,10.1
-1638,-205,10.1
-1635,-199,10.1
-1635,-199,10.1
-1648,-205,11.2
-1648,-205,11.2
-1648,-205,11.2
-1648,-205,11.2
-1648,-205,11.2
-1648,-205,11.2
-1648,-206,10.9
-1652,-206,12.6
-1648,-206,10.9
-1652,-206,12.6
-1645,-204,12.2
-1645,-203,12.6
-1645,-204,12.2
-1645,-203,12.6
-1648,-206,11.3
-1648,-206,11.3
-1636,-207,10.4
-1636,-207,10.4
764,1936,12.5
764,1936,12.5
712,1926,12.5
751,1925,13.3
712,1926,12.5
751,1925,13.3
766,1941,13.2
746,1923,13.0
766,1941,13.2
746,1923,13.0
240,1831,10.3
240,1831,10.3
240,1831,10.1
240,1831,10.1
238,1837,11.9
238,1837,11.9
240,1838,12.0
240,1838,12.0
238,1831,10.0
238,1831,10.0
166,1262,13.0
166,1262,13.0
-812,486,12.1
-812,486,12.1
-2567,-603,16.2
-2567,-603,16.2
-2567,-598,12.9
-2592,-618,15.3
-2567,-598,12.9
-2592,-618,15.3
-2566,-600,15.6
-2566,-600,15.6
-2548,826,13.5
-2548,826,13.5
-2529,846,10.5
-2529,846,10.5
-2534,843,11.0
-2534,843,11.0
-2527,848,10.5
-2527,848,10.5
-2532,847,11.7
-2532,847,11.7
-2549,825,13.3
-2548,826,13.5
-2549,825,13.3
-2548,826,13.5
543,1194,24.7
467,1144,24.3
450,1170,26.6
543,1194,24.7
467,1144,24.3
450,1170,26.6
567,1153,28.2
545,1149,33.9
538,1195,19.9
567,1153,28.2
545,1149,33.9
538,1195,19.9
549,1151,34.0
542,1194,23.9
549,1151,34.0
542,1194,23.9
472,1145,20.0
453,1173,28.5
472,1145,20.0
453,1173,28.5
-5,3391,12.3
-5,3391,12.3
26,3362,11.4
26,3362,11.4
-5,3396,10.5
-5,3396,10.5
601,-95,14.3
601,-95,14.3
595,-97,12.6
595,-97,12.6
583,-106,11.7
583,-106,11.7
-1809,-136,10.4
-1809,-136,10.4
-1813,-133,12.1
-1813,-133,12.1
1099,-545,10.1
1099,-545,10.1
1099,-601,14.6
1077,-591,17.0
1099,-601,14.6
1077,-591,17.0
-658,2172,13.1
-658,2172,13.1
-661,2168,10.3
-661,2168,10.3
-658,2171,13.6
-658,2171,13.6
1827,283,17.7
1827,283,17.7
1827,283,18.0
1827,281,17.1
1827,283,18.0
1827,281,17.1
1826,280,15.8
1813,312,14.2
1826,280,15.8
1813,312,14.2
1827,281,17.1
1827,281,17.1
1828,283,18.2
1828,283,18.2
1817,310,19.8
1817,310,19.8
1827,281,17.1
1827,281,17.1
1827,285,18.6
1823,279,12.0
1827,285,18.6
1823,279,12.0
-1938,1431,10.3
-1938,1431,10.3
-1920,1418,12.5
-1920,1418,12.5
-2566,812,12.3
-2566,812,12.3
-2566,808,11.7
-2566,808,11.7
-237,2948,21.1
-237,2948,21.1
-234,2950,21.2
-265,2947,18.6
-234,2950,21.2
-265,2947,18.6
-240,2949,19.3
-225,2953,20.3
-240,2949,19.3
-225,2953,20.3
-274,2951,12.6
-274,2951,12.6
-263,2944,21.4
-263,2944,21.4
-276,2951,14.4
-276,2951,14.4
-260,2946,19.8
-278,2955,10.0
-260,2946,19.8
-278,2955,10.0
-2566,812,12.2
-2566,812,12.2
-2592,778,13.4
-2592,778,13.4
-2591,773,11.9
-2591,773,11.9
-2566,812,12.2
-2566,812,12.2
-2566,808,11.6
-2556,820,11.6
-2566,808,11.6
-2556,820,11.6
-2567,809,11.9
-2567,809,11.9
-2561,818,12.4
-2561,818,12.4
-2567,811,12.2
-2567,811,12.2
-1261,748,13.7
-1261,748,13.7
-1289,754,14.0
-1255,749,11.9
-1289,754,14.0
-1255,749,11.9
-1285,758,10.2
-1285,758,10.2
-1259,748,13.6
-1258,748,13.7
-1259,748,13.6
-1258,748,13.7
563,-1191,10.4
563,-1191,10.4
630,-1201,14.4
630,-1201,14.4
563,-1191,10.4
563,-1191,10.4
1262,-441,21.5
1262,-441,21.5
1258,-441,19.2
1258,-441,19.2
1229,-429,22.1
1229,-429,22.1
1234,-429,23.2
1234,-429,23.2
987,625,13.3
987,625,13.3
995,675,11.7
1053,671,10.3
995,675,11.7
1053,671,10.3
999,678,10.2
989,622,12.0
999,678,10.2
989,622,12.0
1050,674,12.2
1050,674,12.2
-560,-1833,12.2
-619,-1848,11.0
-560,-1833,12.2
-619,-1848,11.0
-563,-1836,12.9
-563,-1836,12.9
-615,-1850,12.2
-615,-1850,12.2
-563,-1836,12.9
-563,-1836,12.9
-1833,-2325,68.5
-1875,-2380,69.9
-1868,-2386,68.7
-1833,-2325,68.5
-1875,-2380,69.9
-1868,-2386,68.7
-1814,-2344,69.1
-1833,-2325,68.6
-1814,-2344,69.1
-1833,-2325,68.6
-1833,-2325,68.6
-1833,-2325,68.6
-1869,-2384,68.7
-1869,-2384,68.7
-1848,-2385,69.2
-1848,-2385,69.2
-1216,2122,17.8
-1216,2122,17.8
-1223,2135,17.4
-1213,2118,17.5
-1215,2117,17.2
-1223,2135,17.4
-1213,2118,17.5
-1215,2117,17.2
-1219,2134,18.3
-1217,2128,18.2
-1219,2134,18.3
-1217,2128,18.2
-1213,2120,17.9
-1217,2130,18.4
-1213,2120,17.9
-1217,2130,18.4
-1213,2120,17.9
-1213,2120,17.9
-1214,2102,10.2
-1214,2102,10.2
-2445,-627,12.5
-2445,-627,12.5
1215,1885,11.8
1215,1885,11.8
1237,1911,12.0
1237,1911,12.0
-1400,682,13.7
-1400,682,13.7
-1400,682,13.7
-1400,682,13.7
2066,48,10.1
2066,48,10.1
-385,-1681,26.8
-385,-1681,26.8
-390,-1681,26.8
-390,-1681,26.8
588,-104,10.8
588,-104,10.8
361,-1549,18.3
361,-1549,18.3
-571,-1764,15.8
-571,-1764,15.8
-604,-1771,10.4
-604,-1771,10.4
-574,-1768,14.7
-592,-1695,15.5
-574,-1768,14.7
-592,-1695,15.5
-604,-1771,10.4
-604,-1771,10.4
-1856,-641,12.0
-1856,-641,12.0
-1856,-641,12.0
-1856,-641,12.0
-2205,584,22.9
-2181,564,21.4
-2186,558,20.1
-2205,584,22.9
-2181,564,21.4
-2186,558,20.1
-2205,588,21.7
-2206,582,22.8
-2205,588,21.7
-2206,582,22.8
-2200,584,23.0
-2219,570,20.1
-2200,584,23.0
-2219,570,20.1
-2195,583,23.0
-2195,583,23.0
-2199,584,22.8
-2199,584,22.8
-2209,586,22.0
-2215,569,21.8
-2209,586,22.0
-2215,569,21.8
-2205,584,23.0
-2180,563,20.1
-2205,584,23.0
-2180,563,20.1
-2184,567,22.2
-2182,568,21.3
-2177,558,18.7
-2184,567,22.2
-2182,568,21.3
-2177,558,18.7
-2180,566,19.7
-2182,568,21.0
-2190,559,21.8
-2180,566,19.7
-2182,568,21.0
-2190,559,21.8
-2184,564,22.2
-2181,559,20.1
-2184,564,22.2
-2181,559,20.1
-2185,563,22.0
-2185,563,22.0
-2199,587,22.2
-2200,581,23.1
-2199,587,22.2
-2200,581,23.1
125,1827,10.3
125,1827,10.3
118,1826,10.3
118,1826,10.3
102,1750,11.0
102,1750,11.0
1993,623,10.2
1993,623,10.2
1987,596,10.1
1987,596,10.1
1215,1730,10.2
1215,1730,10.2
1230,1717,10.9
1230,1717,10.9
1229,1717,10.9
1229,1717,10.9
1213,1729,10.2
1231,1712,10.9
1213,1729,10.2
1231,1712,10.9
-438,-1515,25.4
-438,-1515,25.4
-440,-1513,26.0
-440,-1513,26.0
-437,-1515,24.6
-437,-1515,24.6
-445,-1493,22.3
-445,-1493,22.3
-440,-1471,14.6
-440,-1471,14.6
-1049,716,10.7
-1049,716,10.7
-1029,796,10.7
-1029,796,10.7
-1029,801,10.1
-1029,801,10.1
-1031,800,10.2
-1031,800,10.2
-1032,795,10.7
-1032,795,10.7
1328,-393,45.8
1328,-393,45.8
1328,-393,45.8
1328,-393,45.8
1327,-389,43.7
1327,-389,43.7
1328,-394,45.6
1328,-394,45.6
1327,-392,45.5
1327,-392,45.5
-1760,872,10.1
-1760,872,10.1
-1764,869,12.1
-1764,869,12.1
-1798,876,11.2
-1798,876,11.2
-1069,2024,23.6
-1069,2024,23.6
-1070,2020,20.7
-1096,2075,20.3
-1070,2020,20.7
-1096,2075,20.3
-1069,2024,23.3
-1069,2024,23.3
-1069,2024,23.6
-1069,2024,23.6
-882,672,12.6
-882,672,12.6
-856,667,13.2
-855,667,13.2
-856,667,13.2
-855,667,13.2
-874,670,13.4
-874,670,13.4
-883,672,12.4
-873,670,13.5
-883,672,12.4
-873,670,13.5
-883,672,12.4
-883,672,12.4
1391,1207,10.8
1391,1207,10.8
1374,1189,10.4
1408,1155,10.8
1374,1189,10.4
1408,1155,10.8
1404,1155,10.3
1404,1155,10.3
1374,1184,10.7
1374,1184,10.7
1911,614,13.0
1911,614,13.0
1288,-357,55.4
1257,-307,40.0
1258,-306,37.8
1288,-357,55.4
1257,-307,40.0
1258,-306,37.8
1257,-309,36.4
1257,-309,36.4
1260,-305,34.7
1266,-317,28.7
1234,-333,69.0
1260,-305,34.7
1266,-317,28.7
1234,-333,69.0
1295,-363,57.6
1295,-363,57.6
1285,-361,59.6
1263,-315,29.2
1234,-329,69.0
1285,-361,59.6
1263,-315,29.2
1234,-329,69.0
1276,-308,32.7
1272,-283,30.7
1276,-308,32.7
1272,-283,30.7
1299,-362,50.9
1300,-356,45.3
1284,-353,54.6
1299,-362,50.9
1300,-356,45.3
1284,-353,54.6
1258,-311,35.5
1258,-311,35.5
1279,-356,59.0
1288,-352,49.2
1279,-356,59.0
1288,-352,49.2
1297,-359,49.0
1285,-357,57.8
1297,-359,49.0
1285,-357,57.8
1256,-305,69.1
1283,-360,59.6
1288,-357,55.3
1256,-305,69.1
1283,-360,59.6
1288,-357,55.3
1288,-357,55.4
1258,-306,37.8
1288,-357,55.4
1258,-306,37.8
1285,-357,57.9
1285,-357,57.9
1255,-306,47.0
1259,-312,34.3
1262,-310,29.2
1255,-306,47.0
1259,-312,34.3
1262,-310,29.2
1341,-1165,16.2
1341,-1165,16.2
1338,-1167,17.2
1338,-1167,17.2
2298,-225,19.2
2298,-225,19.2
2322,-190,38.0
2322,-190,38.0
2295,-224,14.9
2295,-224,14.9
2316,-222,33.8
2319,-186,34.6
2316,-222,33.8
2319,-186,34.6
2296,-220,10.6
2296,-220,10.6
2295,-227,11.5
2295,-227,11.5
2296,-220,10.6
2296,-220,10.6
295,-1576,71.4
295,-1576,71.4
294,-1578,70.4
302,-1573,74.9
295,-1561,71.4
294,-1578,70.4
302,-1573,74.9
295,-1561,71.4
297,-1576,72.6
294,-1580,68.4
297,-1576,72.6
294,-1580,68.4
299,-1577,71.6
295,-1573,73.0
299,-1577,71.6
295,-1573,73.0
298,-1574,74.4
312,-1590,72.4
298,-1574,74.4
312,-1590,72.4
314,-1564,73.7
295,-1581,68.4
291,-1577,67.6
314,-1564,73.7
295,-1581,68.4
291,-1577,67.6
314,-1566,72.4
299,-1575,73.9
292,-1563,10.1
314,-1566,72.4
299,-1575,73.9
292,-1563,10.1
312,-1562,74.4
295,-1577,70.8
309,-1593,72.0
312,-1562,74.4
295,-1577,70.8
309,-1593,72.0
-1489,983,10.0
-1489,983,10.0
1804,568,18.3
1804,568,18.3
1807,566,18.4
1807,566,18.4
720,107,14.1
720,107,14.1
724,105,13.4
724,105,13.4
726,106,12.4
726,106,12.4
702,117,14.2
702,117,14.2
985,-15,11.0
985,-15,11.0
984,-17,11.9
986,-14,10.6
984,-17,11.9
986,-14,10.6
-816,482,10.6
-816,482,10.6
204,1208,35.2
204,1208,35.2
219,1160,35.2
236,1235,28.3
219,1160,35.2
236,1235,28.3
219,1160,35.2
228,1211,29.2
219,1160,35.2
228,1211,29.2
214,1162,35.2
206,1211,35.2
214,1162,35.2
206,1211,35.2
236,1235,28.4
236,1235,28.4
228,1211,29.2
212,1162,35.2
219,1160,35.2
228,1211,29.2
212,1162,35.2
219,1160,35.2
-76,-744,10.3
-76,-744,10.3
-2107,-607,10.2
-2107,-607,10.2
-2107,-607,10.1
-2107,-607,10.1
-2121,-612,11.3
-2121,-612,11.3
-2116,-613,11.6
-2116,-613,11.6
-2107,-607,10.1
-2107,-607,10.1
2720,-665,17.7
2720,-665,17.7
2723,-662,19.4
2723,-662,19.4
1292,-1510,10.8
1292,-1510,10.8
528,-1135,10.5
528,-1135,10.5
1788,254,10.1
1788,254,10.1
-2790,815,11.4
-2760,795,11.4
-2790,815,11.4
-2760,795,11.4
-2736,765,10.7
-2736,765,10.7
-2770,786,11.4
-2770,786,11.4
-2766,786,11.4
-2766,786,11.4
-918,1425,15.3
-918,1425,15.3
-915,1422,18.2
-915,1422,18.2
-838,1304,11.1
-838,1304,11.1
-483,-1628,30.2
-483,-1628,30.2
-487,-1590,27.9
-479,-1631,28.1
-487,-1590,27.9
-479,-1631,28.1
-489,-1591,28.2
-489,-1591,28.2
-490,-1594,28.8
-490,-1594,28.8
-1746,-794,11.4
-1746,-794,11.4
-1733,-782,11.3
-1733,-782,11.3
1215,-654,13.8
1215,-654,13.8
1220,-653,11.6
1196,-643,12.1
1220,-653,11.6
1196,-643,12.1
1219,-654,12.8
1219,-654,12.8
-1187,-503,10.7
-1187,-503,10.7
-1197,-489,11.9
-1197,-489,11.9
-1206,-485,11.8
-1206,-485,11.8
-1189,-509,12.4
-1189,-509,12.4
-1187,-521,10.2
-1187,-521,10.2
-1205,-485,11.7
-1205,-485,11.7
-1205,-485,11.8
-1205,-485,11.8
-1220,-486,10.0
-1219,-488,11.6
-1230,-496,10.4
-1220,-486,10.0
-1219,-488,11.6
-1230,-496,10.4
-1205,-485,11.7
-1205,-485,11.7
-1187,-512,12.3
-1187,-512,12.3
-1201,-488,12.4
-1201,-488,12.4
-1249,-512,10.1
-1249,-512,10.1
-1195,-526,10.4
-1195,-526,10.4
-1212,-512,11.4
-1212,-512,11.4
-1206,-486,12.0
-1197,-494,11.6
-1206,-486,12.0
-1197,-494,11.6
-1187,-504,11.5
-1187,-504,11.5
129,2471,16.6
129,2471,16.6
126,2467,17.1
126,2467,17.1
132,2391,12.9
132,2391,12.9
550,-423,11.0
550,-423,11.0
-187,823,15.4
-187,823,15.4
-187,823,15.4
-187,823,15.4
-193,874,12.5
-193,874,12.5
-187,823,15.0
-187,823,15.0
-975,-714,25.9
-975,-714,25.9
-1049,-786,10.9
-991,-728,11.3
-1049,-786,10.9
-991,-728,11.3
-842,-626,26.2
-908,-664,16.8
-842,-626,26.2
-908,-664,16.8
-949,-693,14.0
-949,-693,14.0
-1049,-786,10.9
-949,-693,14.4
-1049,-786,10.9
-949,-693,14.4
-846,-625,28.7
-849,-627,28.8
-846,-625,28.7
-849,-627,28.8
-949,-694,13.2
-979,-718,24.5
-949,-694,13.2
-979,-718,24.5
-1049,-786,10.9
-1049,-786,10.9
-953,-849,13.0
-953,-849,13.0
-836,-639,12.0
-836,-639,12.0
-836,-639,12.0
-836,-639,12.0
-1049,-785,11.2
-845,-627,21.4
-836,-639,11.8
-1049,-785,11.2
-845,-627,21.4
-836,-639,11.8
-1049,-782,14.2
-1040,-776,13.8
-1049,-782,14.2
-1040,-776,13.8
-996,-731,24.0
-996,-731,24.0
-903,-661,16.7
-953,-697,24.4
-903,-661,16.7
-953,-697,24.4
-1049,-786,11.0
-903,-661,17.2
-1049,-786,11.0
-903,-661,17.2
-957,-849,11.5
-957,-849,11.5
319,1703,10.0
319,1703,10.0
322,1702,10.4
322,1702,10.4
321,1702,10.3
321,1702,10.3
2383,-274,10.2
2383,-274,10.2
777,-384,12.6
777,-384,12.6
765,-421,12.3
765,-421,12.3
-1651,705,57.5
-1660,673,59.0
-1651,705,57.5
-1660,673,59.0
-1689,716,19.3
-1698,683,22.0
-1689,716,19.3
-1698,683,22.0
-2064,-507,10.3
-2064,-507,10.3
-1535,-844,22.8
-1535,-844,22.8
-1537,-844,23.1
-1533,-846,21.4
-1537,-844,23.1
-1533,-846,21.4
-1535,-845,22.2
-1541,-853,22.9
-1535,-857,20.5
-1535,-845,22.2
-1541,-853,22.9
-1535,-857,20.5
-1534,-844,22.7
-1534,-844,22.7
-1581,-832,18.4
-1534,-845,21.6
-1534,-846,21.4
-1581,-832,18.4
-1534,-845,21.6
-1534,-846,21.4
-1533,-843,23.0
-1538,-842,23.5
-1540,-847,23.9
-1533,-843,23.0
-1538,-842,23.5
-1540,-847,23.9
-1580,-831,19.0
-1549,-840,23.3
-1580,-831,19.0
-1549,-840,23.3
-1537,-850,23.1
-1533,-852,20.9
-1537,-850,23.1
-1533,-852,20.9
-1535,-844,22.8
-1535,-844,22.8
-1535,-843,23.0
-1535,-843,23.0
-1539,-843,23.7
-1541,-847,23.8
-1533,-851,20.9
-1539,-843,23.7
-1541,-847,23.8
-1533,-851,20.9
-1533,-847,21.0
-1559,-814,20.9
-1533,-847,21.0
-1559,-814,20.9
-1554,-815,21.1
-1554,-815,21.1
-665,2536,10.4
-665,2536,10.4
1688,111,14.4
1688,111,14.4
1715,55,12.2
1715,55,12.2
1713,57,13.3
1713,57,13.3
1717,55,10.1
1690,115,10.7
1717,55,10.1
1690,115,10.7
-1985,1459,13.7
-1985,1459,13.7
-1984,1458,13.4
-1999,1451,10.4
-1984,1458,13.4
-1999,1451,10.4
-1956,1438,11.6
-1956,1438,11.6
-1956,1442,12.3
-1956,1442,12.3
-1990,1457,13.2
-1990,1457,13.2
-566,-1551,10.1
-566,-1551,10.1
-570,-1549,11.2
-570,-1549,11.2
1765,646,21.2
1784,633,23.0
1765,646,21.2
1784,633,23.0
1771,656,20.1
1762,644,20.0
1782,629,22.4
1771,656,20.1
1762,644,20.0
1782,629,22.4
1775,654,20.4
1741,637,18.5
1775,654,20.4
1741,637,18.5
1743,641,19.0
1743,641,19.0
103,2704,14.2
101,2676,10.1
103,2704,14.2
101,2676,10.1
98,2679,11.6
98,2679,11.6
1897,781,11.0
1897,781,11.0
358,-1694,11.6
358,-1694,11.6
361,-1658,10.6
361,-1658,10.6
361,-1658,10.7
361,-1658,10.7
-1021,1252,18.7
-1021,1252,18.7
-1021,1200,16.6
-1021,1200,16.6
-1024,1255,20.2
-1024,1255,20.2
-526,-1248,15.9
-526,-1248,15.9
-527,-1248,16.0
-527,-1248,16.0
-596,-1233,14.9
-596,-1233,14.9
-531,-1249,15.9
-531,-1249,15.9
-592,-1235,14.9
-652,-1252,14.7
-592,-1235,14.9
-652,-1252,14.7
-530,-1246,15.9
-530,-1246,15.9
-650,-1249,16.0
-650,-1249,16.0
2217,-322,10.2
2210,-366,11.2
2217,-322,10.2
2210,-366,11.2
2218,-322,10.8
2218,-322,10.8
2218,-322,10.8
2218,-322,10.8
2213,-364,11.6
2213,-363,11.6
2213,-364,11.6
2213,-363,11.6
2217,-322,10.2
2217,-322,10.2
2370,-13,25.9
2375,-24,23.9
2370,-13,25.9
2375,-24,23.9
2398,-76,16.4
2372,-20,24.8
2398,-76,16.4
2372,-20,24.8
2375,-58,23.9
2363,-67,31.0
2375,-58,23.9
2363,-67,31.0
2370,-59,24.5
2368,-64,26.6
2370,-59,24.5
2368,-64,26.6
2366,-70,28.4
2369,-63,25.9
2366,-70,28.4
2369,-63,25.9
2375,-33,24.7
2375,-33,24.7
2370,-59,24.5
2370,-59,24.5
2373,-63,24.0
2373,-63,24.0
2396,-76,10.9
2374,-29,23.9
2396,-76,10.9
2374,-29,23.9
2370,-73,23.9
2364,-63,30.5
2370,-73,23.9
2364,-63,30.5
2366,-62,28.8
2369,-68,25.9
2365,-70,29.1
2366,-62,28.8
2369,-68,25.9
2365,-70,29.1
2371,-73,23.3
2365,-64,29.0
2363,-65,30.9
2371,-73,23.3
2365,-64,29.0
2363,-65,30.9
1300,1979,11.8
1300,1979,11.8
1285,1960,11.3
1285,1960,11.3
1282,1959,10.9
1282,1959,10.9
1280,1960,10.7
1280,1960,10.7
1282,1959,10.9
1282,1959,10.9
1896,783,12.2
1896,783,12.2
1899,780,10.2
1899,780,10.2
-1491,697,10.8
-1523,707,12.9
-1491,697,10.8
-1523,707,12.9
-1494,701,12.4
-1494,701,12.4
-1963,1352,10.6
-1963,1352,10.6
-2051,494,15.8
-2051,494,15.8
-526,2289,26.6
-525,2322,25.8
-525,2322,25.8
-526,2289,26.6
-525,2322,25.8
-525,2322,25.8
-532,2289,28.7
-524,2320,26.1
-532,2322,26.8
-532,2289,28.7
-524,2320,26.1
-532,2322,26.8
-522,2319,24.4
-523,2316,25.2
-535,2319,28.3
-522,2319,24.4
-523,2316,25.2
-535,2319,28.3
-527,2256,24.8
-527,2256,24.8
-517,2250,24.1
-528,2257,25.2
-517,2250,24.1
-528,2257,25.2
-527,2289,26.9
-524,2322,25.7
-527,2289,26.9
-524,2322,25.7
-525,2316,26.7
-525,2316,26.7
-525,2316,26.7
-525,2316,26.7
-526,2256,24.5
-525,2295,27.5
-526,2295,27.6
-526,2256,24.5
-525,2295,27.5
-526,2295,27.6
-525,2289,26.6
-526,2289,26.6
-525,2289,26.6
-526,2289,26.6
-526,2289,26.6
-528,2289,27.1
-525,2322,25.8
-526,2289,26.6
-528,2289,27.1
-525,2322,25.8
-526,2256,24.5
-526,2256,24.5
1610,594,14.2
1610,594,14.2
1614,593,13.5
1614,593,13.5
1614,594,13.5
1614,594,13.5
1627,611,14.3
1627,611,14.3
1631,610,13.8
1612,598,14.1
1631,610,13.8
1612,598,14.1
1613,602,14.6
1613,602,14.6
1629,612,14.0
1629,612,14.0
241,1166,11.4
241,1166,11.4
242,1166,11.6
242,1166,11.6
240,1166,11.2
253,1162,12.0
240,1166,11.2
253,1162,12.0
242,1166,11.6
242,1166,11.6
211,1163,12.0
232,1156,12.0
211,1163,12.0
232,1156,12.0
240,1166,11.2
240,1166,11.2
232,1156,12.0
232,1156,12.0
229,1157,12.0
229,1157,12.0
214,1162,12.0
206,1211,12.0
214,1162,12.0
206,1211,12.0
204,1208,12.0
204,1208,12.0
-663,2476,13.6
-663,2476,13.6
-663,2513,12.6
-663,2513,12.6
-666,2473,13.6
-666,2473,13.6
-663,2483,13.3
-663,2483,13.3
-664,2486,13.3
-664,2486,13.3
-665,2516,12.5
-665,2516,12.5
-661,2486,13.3
-661,2486,13.3
290,2603,16.0
291,2602,13.5
290,2603,16.0
291,2602,13.5
326,961,14.1
326,961,14.1
287,901,11.8
342,923,11.1
287,901,11.8
342,923,11.1
1164,450,10.9
1164,450,10.9
1165,451,10.6
1165,451,10.6
1154,433,12.9
1154,433,12.9
1155,429,12.0
1155,429,12.0
1286,246,10.6
1286,246,10.6
941,-276,33.8
964,-273,37.9
941,-276,33.8
964,-273,37.9
885,-267,26.8
891,-263,31.7
885,-267,26.8
891,-263,31.7
964,-268,39.9
962,-279,34.4
964,-268,39.9
962,-279,34.4
943,-269,33.8
899,-269,20.8
943,-269,33.8
899,-269,20.8
868,-272,32.2
868,-272,32.2
870,-268,33.9
885,-269,23.4
870,-268,33.9
885,-269,23.4
1025,-332,33.9
1010,-343,20.7
1025,-332,33.9
1010,-343,20.7
1013,-339,20.6
1013,-339,20.6
962,-274,36.2
962,-274,36.2
872,-264,36.0
872,-264,36.0
939,-271,33.8
943,-271,33.8
939,-271,33.8
943,-271,33.8
939,-269,34.4
939,-269,34.4
964,-273,37.8
964,-273,37.8
961,-275,35.8
1009,-293,36.1
961,-275,35.8
1009,-293,36.1
998,-396,19.7
998,-396,19.7
1023,-328,33.4
994,-398,16.3
1023,-328,33.4
994,-398,16.3
883,-268,24.1
884,-271,15.7
895,-265,24.1
883,-268,24.1
884,-271,15.7
895,-265,24.1
892,-266,24.9
895,-265,25.9
892,-266,24.9
895,-265,25.9
885,-269,23.4
885,-269,23.4
890,-265,30.4
899,-269,20.8
890,-265,30.4
899,-269,20.8
937,-267,35.5
939,-281,33.8
966,-277,34.7
937,-267,35.5
939,-281,33.8
966,-277,34.7
937,-267,35.5
966,-277,34.7
937,-267,35.5
966,-277,34.7
901,-282,20.4
901,-282,20.4
886,-268,24.3
882,-270,21.5
886,-268,24.3
882,-270,21.5
895,-271,20.6
903,-271,20.8
895,-271,20.6
903,-271,20.8
893,-268,20.1
943,-268,33.8
893,-268,20.1
943,-268,33.8
887,-265,29.6
887,-265,29.6
1283,-405,61.6
1242,-415,28.0
1248,-441,17.0
1283,-405,61.6
1242,-415,28.0
1248,-441,17.0
1219,-420,25.8
1246,-413,27.1
1253,-440,19.3
1219,-420,25.8
1246,-413,27.1
1253,-440,19.3
1220,-424,22.9
1250,-417,31.0
1240,-379,71.4
1220,-424,22.9
1250,-417,31.0
1240,-379,71.4
1283,-409,60.1
1246,-418,21.0
1237,-380,69.5
1283,-409,60.1
1246,-418,21.0
1237,-380,69.5
-865,1091,11.2
-865,1091,11.2
-841,1013,11.0
-838,1090,10.7
-841,1013,11.0
-838,1090,10.7
-2527,854,11.5
-2527,854,11.5
-684,2204,57.2
-684,2204,57.2
-664,2167,60.1
-664,2167,60.1
-665,2165,59.3
-685,2204,56.6
-665,2165,59.3
-685,2204,56.6
-1826,-2388,13.8
-1826,-2388,13.8
1220,2019,11.9
1243,1998,20.1
1220,2019,11.9
1243,1998,20.1
1805,566,22.9
1805,566,22.9
1792,591,10.1
1792,591,10.1
1796,590,17.7
1796,590,17.7
341,-1044,11.6
341,-1044,11.6
326,-1035,14.8
326,-1035,14.8
342,-1047,12.6
342,-1047,12.6
324,-1032,12.5
324,-1032,12.5
340,-1045,12.6
340,-1045,12.6
-1310,2315,12.5
-1310,2315,12.5
-1324,2344,11.3
-1324,2344,11.3
2331,-749,11.0
2331,-749,11.0
213,1348,17.1
213,1348,17.1
224,1291,17.1
224,1291,17.1
209,1348,16.1
209,1348,16.1
1488,0,24.6
1488,0,24.6
1489,3,10.4
1563,-104,14.5
1489,3,10.4
1563,-104,14.5
1559,-104,20.6
1559,-104,20.6
1488,2,23.4
1488,2,23.4
1488,0,24.6
1488,0,24.6
1488,2,23.4
1488,2,23.4
1488,0,24.6
1488,0,24.6
1483,272,11.4
1483,272,11.4
1479,273,10.2
1479,273,10.2
1883,374,10.2
1883,374,10.2
1881,399,10.2
1881,399,10.2
1881,399,10.2
1881,399,10.2
-86,-915,14.5
-86,-915,14.5
-90,-918,10.7
-90,-918,10.7
-200,496,13.7
-185,458,15.1
-200,496,13.7
-185,458,15.1
-161,457,11.9
-189,461,12.7
-161,457,11.9
-189,461,12.7
-202,493,14.6
-202,493,14.6
-164,455,12.5
-164,455,12.5
2902,-1304,14.2
2902,-1304,14.2
2904,-1302,15.5
2904,-1302,15.5
2864,-1315,16.0
2864,-1315,16.0
2867,-1312,16.0
2867,-1312,16.0
2900,-1302,14.3
2901,-1299,14.1
2900,-1302,14.3
2901,-1299,14.1
2904,-1304,14.1
2904,-1304,14.1
2867,-1331,15.4
2867,-1331,15.4
2867,-1331,15.4
2867,-1331,15.4
2902,-1304,14.6
2904,-1304,14.1
2902,-1304,14.6
2904,-1304,14.1
2902,-1300,15.1
2902,-1300,15.1
2866,-1318,16.0
2870,-1311,16.0
2866,-1318,16.0
2870,-1311,16.0
2866,-1331,15.2
2866,-1331,15.2
2865,-1315,16.0
2865,-1314,16.0
2865,-1315,16.0
2865,-1314,16.0
2866,-1331,11.0
2866,-1331,11.0
2868,-1328,16.0
2868,-1328,16.0
2910,-1274,10.6
2910,-1274,10.6
2898,-1281,13.5
2898,-1281,13.5
2903,-1299,14.9
2903,-1299,14.9
2903,-1305,13.1
2900,-1277,13.0
2903,-1305,13.1
2900,-1277,13.0
2907,-1278,10.0
2945,-1273,10.6
2907,-1278,10.0
2945,-1273,10.6
2942,-1271,11.7
2942,-1271,11.7
-226,-938,17.3
-266,-955,15.3
-226,-938,17.3
-266,-955,15.3
-229,-936,18.4
-229,-936,18.4
-265,-951,16.2
-265,-951,16.2
-229,-936,18.5
-229,-936,18.5
-832,432,12.9
-832,432,12.9
-832,432,12.9
-832,432,12.9
-836,430,18.0
-836,430,18.0
-833,431,15.2
-833,431,15.2
-959,-860,11.4
-959,-860,11.4
-1073,-778,14.1
-1073,-778,14.1
-1069,-777,18.6
-1105,-828,15.3
-1069,-777,18.6
-1105,-828,15.3
-991,-905,13.5
-991,-905,13.5
-995,-905,11.0
-960,-856,10.4
-995,-905,11.0
-960,-856,10.4
-1078,-847,10.4
-1078,-847,10.4
-1073,-778,14.2
-1073,-778,14.2
-1070,-777,18.4
-1070,-777,18.4
-2788,373,11.3
-2788,373,11.3
-2788,373,11.3
-2788,373,11.3
-440,-1471,15.0
-437,-1485,21.2
-440,-1471,15.0
-437,-1485,21.2
-447,-1446,13.4
-447,-1446,13.4
-447,-1445,13.4
-447,-1445,13.4
-447,-1446,13.7
-447,-1445,13.2
-447,-1446,13.7
-447,-1445,13.2
-439,-1479,17.5
-439,-1479,17.5
-447,-1449,14.1
-447,-1449,14.1
-446,-1443,12.0
-446,-1443,12.0
-448,-1446,14.1
-448,-1446,14.1
-441,-1471,16.1
-441,-1471,16.1
28,1686,10.3
29,1739,10.3
28,1686,10.3
29,1739,10.3
78,1739,10.5
79,1686,12.8
78,1739,10.5
79,1686,12.8
81,1736,11.7
26,1736,10.3
81,1736,11.7
26,1736,10.3
25,1689,10.5
82,1689,10.3
25,1689,10.5
82,1689,10.3
-2242,-2321,11.4
-2242,-2321,11.4
-2242,-2321,11.4
-2242,-2321,11.4
-2319,-2260,74.0
-2319,-2260,74.0
-2268,-2300,16.0
-2268,-2300,16.0
-2236,-2265,10.3
-2236,-2265,10.3
-2315,-2260,67.1
-2315,-2260,67.1
-2268,-2300,16.0
-2268,-2300,16.0
329,-290,10.8
329,-290,10.8
329,-290,11.0
329,-290,11.0
1450,57,17.5
1426,90,16.7
1450,57,17.5
1426,90,16.7
1450,56,18.8
1450,57,12.0
1426,90,16.7
1450,56,18.8
1450,57,12.0
1426,90,16.7
1426,90,16.7
1426,90,16.7
1458,43,19.3
1458,43,19.3
1446,59,19.3
1446,59,19.3
233,-113,63.6
231,-82,63.6
233,-113,63.6
231,-82,63.6
285,-104,63.6
270,-105,64.2
272,-135,63.5
285,-104,63.6
270,-105,64.2
272,-135,63.5
274,-106,64.1
276,-134,44.6
274,-106,64.1
276,-134,44.6
287,-108,63.6
229,-111,64.2
287,-108,63.6
229,-111,64.2
-112,2619,17.1
-112,2619,17.1
-106,2539,17.9
-106,2539,17.9
-109,2609,19.9
-82,2622,11.0
-109,2609,19.9
-82,2622,11.0
-114,2615,17.9
-114,2615,17.9
-106,2559,17.9
-106,2559,17.9
-103,2537,17.6
-103,2537,17.6
-332,654,13.4
-332,654,13.4
-369,595,12.4
-369,595,12.4
-329,656,13.5
-330,650,13.4
-329,656,13.5
-330,650,13.4
-372,598,14.2
-372,598,14.2
-328,595,12.2
-328,595,12.2
-2609,-299,11.0
-2609,-299,11.0
152,2127,17.8
152,2127,17.8
151,2127,17.9
151,2127,17.9
151,2127,17.9
151,2127,17.9
147,2126,17.7
163,2127,17.6
147,2126,17.7
163,2127,17.6
96,2061,25.3
96,2061,25.3
96,2061,25.3
96,2061,25.3
162,2102,11.9
161,2117,10.7
162,2102,11.9
161,2117,10.7
160,2130,17.7
161,2111,11.7
160,2130,17.7
161,2111,11.7
160,2130,17.7
160,2130,17.7
100,2059,23.5
94,2123,23.8
100,2059,23.5
94,2123,23.8
91,2120,23.7
91,2120,23.7
162,2095,11.9
162,2095,11.9
150,2129,20.1
150,2129,20.1
163,2114,11.4
163,2114,11.4
150,2127,18.4
150,2127,18.4
150,2127,18.4
150,2127,18.4
162,2112,11.9
149,2127,18.8
148,2127,17.9
162,2112,11.9
149,2127,18.8
148,2127,17.9
163,2090,11.0
162,2101,11.9
163,2090,11.0
162,2101,11.9
163,2095,11.7
162,2095,11.9
163,2095,11.7
162,2095,11.9
1228,925,10.5
1228,925,10.5
1160,600,21.1
1145,554,17.9
1160,600,21.1
1145,554,17.9
1158,600,21.3
1158,600,21.3
1158,600,21.3
1158,600,21.3
1170,605,15.2
1156,595,21.2
1170,605,15.2
1156,595,21.2
1166,606,19.4
1196,520,10.6
1166,606,19.4
1196,520,10.6
1158,600,21.3
1158,600,21.3
1168,604,16.3
1168,604,16.3
1144,559,19.9
1144,559,19.9
427,-475,11.1
427,-475,11.1
409,-533,11.1
409,-533,11.1
429,-479,11.1
370,-454,11.1
429,-479,11.1
370,-454,11.1
374,-453,11.1
374,-453,11.1
429,-478,11.1
429,-478,11.1
2345,-313,11.9
2345,-313,11.9
2343,14,14.0
2343,14,14.0
-280,-933,12.9
-280,-933,12.9
-282,-936,12.5
-282,-936,12.5
-280,-932,12.8
-280,-932,12.8
-1905,1449,16.6
-1905,1449,16.6
-1895,1533,16.2
-1895,1533,16.2
-1867,1490,13.1
-1867,1490,13.1
-1901,1524,12.2
-1901,1524,12.2
-1901,1524,12.2
-1901,1524,12.2
-1904,1449,16.5
-1904,1449,16.5
-1905,1449,16.6
-1905,1449,16.6
-1924,1465,14.9
-1924,1465,14.9
-1901,1450,14.7
-1928,1469,15.2
-1901,1450,14.7
-1928,1469,15.2
1278,317,10.8
1293,336,10.7
1278,317,10.8
1293,336,10.7
85,3358,19.7
85,3358,19.7
88,3361,19.7
88,3361,19.7
717,1923,12.9
668,1924,12.1
717,1923,12.9
668,1924,12.1
-1875,1379,15.0
-1875,1379,15.0
-1868,1366,13.8
-1868,1366,13.8
-1878,1379,14.2
-1869,1362,13.1
-1878,1379,14.2
-1869,1362,13.1
-1868,1366,13.8
-1868,1366,13.8
-1875,1380,15.1
-1875,1380,15.1
-1867,1365,14.4
-1867,1365,14.4
-1868,1376,15.2
-1868,1376,15.2
-1869,1362,13.1
-1877,1379,14.6
-1878,1379,14.2
-1869,1362,13.1
-1877,1379,14.6
-1878,1379,14.2
-1867,1363,14.3
-1868,1366,13.8
-1867,1363,14.3
-1868,1366,13.8
-1879,1378,13.3
-1866,1372,14.7
-1879,1378,13.3
-1866,1372,14.7
-1871,1359,13.8
-1871,1359,13.8
-1058,1990,14.8
-1058,1990,14.8
-1061,1991,11.0
-1052,1961,19.7
-1061,1991,11.0
-1052,1961,19.7
-1050,1965,20.5
-1050,1965,20.5
-1552,-351,10.1
-1552,-351,10.1
2191,-610,13.4
2191,-610,13.4
2208,-632,15.4
2208,-632,15.4
-1220,2338,22.4
-1220,2338,22.4
-1221,2334,22.1
-1247,2386,27.6
-1221,2334,22.1
-1247,2386,27.6
-1220,2338,22.4
-1220,2338,22.4
-1220,2338,22.4
-1220,2338,22.4
315,783,26.5
390,827,26.7
405,801,25.9
315,783,26.5
390,827,26.7
405,801,25.9
386,827,26.0
403,798,25.1
386,827,26.0
403,798,25.1
324,814,27.6
318,806,26.0
316,807,26.9
324,814,27.6
318,806,26.0
316,807,26.9
400,831,27.0
332,791,28.5
319,812,27.0
400,831,27.0
332,791,28.5
319,812,27.0
319,781,26.5
321,800,26.0
314,801,27.1
319,781,26.5
321,800,26.0
314,801,27.1
317,780,26.0
336,792,28.8
322,815,27.9
317,780,26.0
336,792,28.8
322,815,27.9
313,800,27.0
321,810,26.4
319,812,27.0
313,800,27.0
321,810,26.4
319,812,27.0
324,815,27.7
316,799,26.0
313,801,27.1
324,815,27.7
316,799,26.0
313,801,27.1
314,795,26.0
319,804,26.0
315,806,27.1
314,795,26.0
319,804,26.0
315,806,27.1
323,815,27.8
320,794,26.0
313,795,26.1
323,815,27.8
320,794,26.0
313,795,26.1
2346,6,20.0
2346,6,20.0
2346,6,20.0
2346,6,20.0
2345,16,15.0
2341,13,13.0
2345,16,15.0
2341,13,13.0
2347,6,20.1
2341,13,13.0
2347,6,20.1
2341,13,13.0
2345,18,15.7
2348,14,17.0
2345,18,15.7
2348,14,17.0
2343,4,17.8
2344,15,14.2
2343,4,17.8
2344,15,14.2
713,-1241,18.7
713,-1241,18.7
649,-1202,15.4
649,-1202,15.4
-2150,-610,10.1
-2150,-610,10.1
-2154,-608,10.2
-2154,-608,10.2
-2144,-616,10.3
-2144,-616,10.3
-1304,583,15.4
-1304,583,15.4
-1298,614,14.4
-1331,621,13.9
-1298,614,14.4
-1331,621,13.9
-2139,-245,11.9
-2139,-245,11.9
-2134,-251,11.5
-2134,-251,11.5
-2168,-204,10.8
-2168,-204,10.8
-2134,-255,10.0
-2141,-257,10.8
-2134,-255,10.0
-2141,-257,10.8
-2029,1429,11.7
-2029,1429,11.7
-2029,1429,11.7
-2029,1429,11.7
-2031,1428,10.6
-2031,1428,10.6
-1495,2221,45.3
-1517,2258,46.1
-1495,2221,45.3
-1517,2258,46.1
-1451,2255,45.3
-1482,2231,45.3
-1451,2255,45.3
-1482,2231,45.3
-1452,2253,44.8
-1482,2282,47.7
-1452,2253,44.8
-1482,2282,47.7
-1452,2253,44.8
-1485,2258,47.2
-1482,2282,47.7
-1452,2253,44.8
-1485,2258,47.2
-1482,2282,47.7
-1481,2257,44.9
-1481,2257,44.9
-1522,2265,46.3
-1516,2253,47.8
-1522,2265,46.3
-1516,2253,47.8
-1483,2296,47.3
-1472,2282,47.5
-1483,2296,47.3
-1472,2282,47.5
-1495,2221,45.3
-1479,2233,45.3
-1495,2221,45.3
-1479,2233,45.3
-1510,2275,47.5
-1522,2265,46.3
-1510,2275,47.5
-1522,2265,46.3
-1069,-1619,17.4
-1069,-1619,17.4
-1065,-1618,13.4
-1065,-1618,13.4
-1049,-1597,11.5
-1049,-1597,11.5
-1066,-1621,10.7
-1066,-1621,10.7
-1065,-1618,13.4
-1065,-1618,13.4
-1070,-1621,16.0
-1065,-1618,13.4
-1070,-1621,16.0
-1065,-1618,13.4
-1048,-1594,12.7
-1048,-1594,12.7
-1066,-1621,10.7
-1066,-1621,10.7
-1072,-1622,13.8
-1072,-1622,13.8
-2667,713,10.1
-2667,713,10.1
-2672,739,12.1
-2672,739,12.1
-2666,716,10.5
-2666,716,10.5
-2669,735,10.2
-2669,735,10.2
-2669,737,11.4
-2669,737,11.4
-2668,734,10.4
-2668,737,11.4
-2668,734,10.4
-2668,737,11.4
-429,-1573,12.0
-429,-1573,12.0
-427,-1570,15.3
-427,-1570,15.3
1181,2110,11.7
1181,2110,11.7
1213,2199,14.5
1213,2199,14.5
1209,2197,15.0
1209,2197,15.0
-905,1012,19.6
-905,1012,19.6
-885,1087,23.4
-885,1087,23.4
-884,1112,20.2
-884,1112,20.2
-864,1022,15.9
-864,1022,15.9
-915,1013,19.1
-904,1012,19.6
-915,1013,19.1
-904,1012,19.6
-881,1109,21.0
-881,1109,21.0
-885,1087,23.4
-885,1087,23.4
-867,1019,14.4
-864,1086,20.8
-867,1019,14.4
-864,1086,20.8
-885,1087,23.4
-885,1087,23.4
-885,1087,23.4
-885,1087,23.4
-1666,-864,11.1
-1664,-863,10.2
-1654,-875,10.2
-1666,-864,11.1
-1664,-863,10.2
-1654,-875,10.2
-1659,-875,11.8
-1659,-875,11.8
-931,1599,13.4
-931,1599,13.4
-930,1600,12.9
-931,1604,10.1
-930,1600,12.9
-931,1604,10.1
932,-737,12.3
932,-737,12.3
251,2604,17.0
251,2604,17.0
254,2601,15.2
254,2601,15.2
1275,-1697,10.8
1275,-1697,10.8
1275,-1697,10.8
1275,-1697,10.8
-1853,-446,11.2
-1853,-446,11.2
-1857,-445,11.2
-1857,-445,11.2
-1815,-411,11.0
-1815,-411,11.0
-1814,-410,10.3
-1814,-410,10.3
-1815,-411,11.1
-1815,-411,11.1
373,2996,42.0
372,3047,46.4
373,2996,42.0
372,3047,46.4
422,2997,78.5
422,2997,78.5
-2996,225,11.5
-2996,225,11.5
-2994,229,11.8
-2994,229,11.8
-2993,228,11.2
-2999,220,11.0
-2993,228,11.2
-2999,220,11.0
-119,-821,10.4
-119,-821,10.4
-123,-820,11.1
-123,-820,11.1
-1065,-1483,28.6
-1065,-1483,28.6
-1060,-1537,20.1
-1060,-1537,20.1
-1055,-1537,17.7
-1087,-1514,28.6
-1055,-1537,17.7
-1087,-1514,28.6
-1059,-1537,20.1
-1062,-1509,24.6
-1059,-1537,20.1
-1062,-1509,24.6
-1065,-1483,28.6
-1065,-1483,28.6
-1061,-1483,27.2
-1086,-1518,28.9
-1061,-1483,27.2
-1086,-1518,28.9
-211,-1812,10.3
-211,-1812,10.3
-186,-1774,10.6
-186,-1774,10.6
-728,-1476,18.9
-728,-1476,18.9
-2443,-207,11.8
-2443,-207,11.8
-2082,-788,13.9
-2096,-804,19.6
-2082,-788,13.9
-2096,-804,19.6
-1403,1154,11.3
-1403,1154,11.3
-1388,1225,13.7
-1407,1151,10.2
-1388,1225,13.7
-1407,1151,10.2
-1403,1154,11.1
-1403,1154,11.1
-1386,1221,13.4
-1386,1221,13.4
247,3077,15.2
247,3077,15.2
191,3045,13.7
191,3045,13.7
250,3074,15.2
250,3074,15.2
188,3048,12.7
188,3048,12.7
214,3086,13.2
214,3086,13.2
-1206,2399,14.4
-1206,2399,14.4
-1144,2427,13.0
-1144,2427,13.0
-1148,2428,13.1
-1148,2428,13.1
-1442,443,13.4
-1442,443,13.4
-1385,390,21.5
-1385,390,21.5
-1385,386,17.6
-1385,386,17.6
-1438,445,24.5
-1476,478,23.3
-1438,445,24.5
-1476,478,23.3
-1442,443,13.4
-1442,443,13.4
-1457,205,17.5
-1457,205,17.5
-1454,205,18.1
-1459,210,10.5
-1454,205,18.1
-1459,210,10.5
-1455,206,17.5
-1455,206,17.5
-1455,206,17.5
-1455,206,17.5
-1455,206,17.5
-1455,206,17.5
-1456,205,17.7
-1456,205,17.7
-1458,206,17.1
-1386,334,22.6
-1458,206,17.1
-1386,334,22.6
69,2745,11.8
69,2745,11.8
67,2797,11.4
67,2797,11.4
67,2797,11.5
67,2797,11.5
67,2797,11.4
67,2797,11.4
641,1576,13.9
626,1580,12.6
618,1546,10.5
641,1576,13.9
626,1580,12.6
618,1546,10.5
617,1548,10.5
617,1548,10.5
639,1577,13.7
639,1577,13.7
614,1582,11.9
628,1579,13.2
620,1545,10.6
614,1582,11.9
628,1579,13.2
620,1545,10.6
292,2183,31.8
287,2186,31.1
277,2170,31.5
292,2183,31.8
287,2186,31.1
277,2170,31.5
264,2196,28.5
264,2196,28.5
289,2182,31.8
281,2170,31.4
289,2182,31.8
281,2170,31.4
264,2167,31.5
265,2168,31.6
264,2167,31.5
265,2168,31.6
265,2167,31.5
265,2167,31.5
290,2178,31.7
290,2178,31.7
265,2169,31.6
265,2169,31.6
263,2166,31.4
259,2169,28.0
262,2173,31.4
263,2166,31.4
259,2169,28.0
262,2173,31.4
265,2167,31.5
265,2167,31.5
273,2178,31.8
264,2168,31.5
273,2178,31.8
264,2168,31.5
282,2172,31.4
271,2182,31.8
259,2170,28.7
282,2172,31.4
271,2182,31.8
259,2170,28.7
223,2159,35.0
223,2159,35.0
265,2168,31.6
265,2168,31.6
609,185,10.1
600,187,10.1
609,185,10.1
600,187,10.1
612,186,10.1
612,188,10.2
612,186,10.1
612,188,10.2
606,186,10.1
606,186,10.1
-1231,-1801,11.4
-1231,-1801,11.4
-1227,-1799,10.7
-1227,-1799,10.7
1790,445,17.9
1768,436,14.4
1790,445,17.9
1768,436,14.4
1788,441,17.9
1788,441,17.9
1882,361,11.8
1882,361,11.8
1885,347,12.8
1878,363,11.5
1885,347,12.8
1878,363,11.5
1886,348,12.8
1886,348,12.8
1849,331,10.5
1849,331,10.5
1886,351,12.6
1886,351,12.6
1519,515,14.7
1519,515,14.7
1519,511,14.4
1519,511,14.4
-2211,-1065,10.3
-2211,-1065,10.3
-2207,-1065,10.6
-2207,-1065,10.6
-2211,-1065,10.3
-2211,-1065,10.3
-2207,-1068,11.4
-2207,-1068,11.4
-1884,1394,13.9
-1884,1394,13.9
-1917,1421,14.4
-1917,1421,14.4
71,2989,18.0
71,2989,18.0
66,2991,14.6
66,2991,14.6
70,2988,18.7
70,2988,18.7
91,2989,12.0
91,2989,12.0
719,-217,10.3
759,-234,11.8
719,-217,10.3
759,-234,11.8
771,-206,11.8
771,-206,11.8
769,-202,14.8
769,-202,14.8
721,-221,10.1
734,-188,10.5
721,-221,10.1
734,-188,10.5
1637,685,19.9
1637,685,19.9
1660,660,19.9
1660,660,19.9
1655,655,20.7
1655,655,20.7
1661,659,19.9
1661,659,19.9
1657,655,20.3
1657,655,19.9
1657,655,20.3
1657,655,19.9
1653,655,19.8
1653,655,19.8
1657,655,20.4
1657,655,20.4
1664,646,19.3
1664,646,19.3
1633,686,19.9
1661,655,19.9
1633,686,19.9
1661,655,19.9
1018,1760,19.9
1054,1756,19.9
1018,1760,19.9
1054,1756,19.9
1019,1757,20.2
1019,1757,20.2
1019,1757,20.7
1019,1757,20.7
1061,1831,21.0
1058,1799,19.9
1061,1831,21.0
1058,1799,19.9
1019,1757,20.2
1051,1777,22.2
1019,1757,20.2
1051,1777,22.2
1057,1779,19.9
1057,1779,19.9
1061,1801,22.2
1061,1801,22.2
1054,1782,19.6
1051,1753,19.9
1054,1782,19.6
1051,1753,19.9
1064,1828,19.9
1056,1815,22.7
1026,1832,21.1
1064,1828,19.9
1056,1815,22.7
1026,1832,21.1
1062,1831,20.5
1062,1831,20.5
1020,1756,21.1
1057,1819,22.5
1020,1756,21.1
1057,1819,22.5
-2614,360,11.2
-2596,345,12.6
-2614,360,11.2
-2596,345,12.6
-1717,-1356,26.2
-1700,-1380,26.8
-1647,-1343,28.1
-1717,-1356,26.2
-1700,-1380,26.8
-1647,-1343,28.1
-1701,-1379,26.8
-1677,-1362,29.8
-1675,-1365,29.2
-1701,-1379,26.8
-1677,-1362,29.8
-1675,-1365,29.2
-1647,-1343,28.1
-1663,-1319,28.2
-1717,-1356,26.2
-1647,-1343,28.1
-1663,-1319,28.2
-1717,-1356,26.2
-1680,-1368,29.0
-1650,-1343,26.2
-1648,-1346,26.0
-1680,-1368,29.0
-1650,-1343,26.2
-1648,-1346,26.0
-1649,-1340,27.3
-1655,-1345,23.4
-1651,-1350,21.8
-1649,-1340,27.3
-1655,-1345,23.4
-1651,-1350,21.8
-1647,-1341,28.0
-1682,-1366,29.7
-1680,-1368,28.6
-1647,-1341,28.0
-1682,-1366,29.7
-1680,-1368,28.6
167,2998,12.0
167,2998,12.0
171,3049,10.4
170,2995,10.3
171,3049,10.4
170,2995,10.3
168,3046,10.0
168,3046,10.0
168,3047,10.0
168,3047,10.0
-1653,-436,10.1
-1653,-436,10.1
-1693,-472,14.2
-1693,-472,14.2
-1644,-378,10.8
-1644,-378,10.8
-1724,-443,10.0
-1724,-443,10.0
107,-909,11.8
107,-909,11.8
76,-926,11.2
76,-926,11.2
76,-927,10.4
76,-927,10.4
-2093,-668,11.0
-2093,-668,11.0
74,-1640,13.8
74,-1643,16.2
74,-1640,13.8
74,-1643,16.2
71,-1638,11.7
69,-1667,25.3
71,-1638,11.7
69,-1667,25.3
67,-1666,23.7
67,-1663,24.7
67,-1666,23.7
67,-1663,24.7
70,-1668,27.8
72,-1638,12.2
70,-1638,12.1
70,-1668,27.8
72,-1638,12.2
70,-1638,12.1
70,-1668,27.8
70,-1638,12.1
70,-1668,27.8
70,-1638,12.1
71,-1672,33.0
68,-1663,26.0
69,-1662,26.9
71,-1672,33.0
68,-1663,26.0
69,-1662,26.9
70,-1668,29.3
71,-1668,30.5
70,-1668,29.3
71,-1668,30.5
73,-1643,16.3
73,-1643,16.3
0,-1639,21.5
7,-1684,11.4
0,-1639,21.5
7,-1684,11.4
72,-1672,33.6
72,-1672,33.6
74,-1668,34.7
4,-1681,23.3
74,-1668,34.7
4,-1681,23.3
-3,-1643,24.7
-3,-1643,24.7
72,-1672,33.6
72,-1672,33.6
-3,-1643,24.6
-3,-1643,24.6
-670,-1506,16.7
-670,-1506,16.7
-565,-1559,12.8
-565,-1559,12.8
-649,-1580,11.4
-649,-1580,11.4
777,-236,22.0
777,-236,22.0
778,-240,20.6
799,-210,24.9
778,-240,20.6
799,-210,24.9
820,-221,20.1
794,-211,23.3
820,-221,20.1
794,-211,23.3
818,-217,23.2
818,-217,23.2
800,-211,24.5
789,-225,22.8
784,-222,23.2
800,-211,24.5
789,-225,22.8
784,-222,23.2
778,-240,19.9
792,-220,19.8
788,-217,21.3
778,-240,19.9
792,-220,19.8
788,-217,21.3
303,-309,10.4
303,-309,10.4
331,-290,11.4
331,-290,11.4
303,-309,10.4
303,-309,10.4
303,-309,10.2
303,-309,10.2
2431,-1311,14.6
2431,-1311,14.6
103,1713,11.4
103,1713,11.4
101,1750,12.2
101,1750,12.2
-1011,1428,11.5
-1011,1428,11.5
-1010,1399,11.7
-1010,1399,11.7
-1011,1422,12.0
-1011,1422,12.0
-1008,1403,11.7
-1008,1403,11.7
-1011,1428,12.5
-1014,1414,11.7
-1011,1428,12.5
-1014,1414,11.7
-1011,1418,11.7
-1011,1418,11.7
-2064,1614,19.8
-2064,1614,19.8
-2019,1671,17.8
-2019,1671,17.8
-2020,1672,17.7
-2069,1613,17.5
-2020,1672,17.7
-2069,1613,17.5
-2019,1670,17.8
-2100,1634,15.6
-2101,1635,15.0
-2019,1670,17.8
-2100,1634,15.6
-2101,1635,15.0
-2018,1673,16.5
-2069,1609,17.4
-2071,1610,17.0
-2018,1673,16.5
-2069,1609,17.4
-2071,1610,17.0
-2065,1609,19.1
-2065,1610,19.2
-2071,1615,16.9
-2065,1609,19.1
-2065,1610,19.2
-2071,1615,16.9
-2069,1613,17.5
-2019,1671,17.8
-2020,1672,17.7
-2069,1613,17.5
-2019,1671,17.8
-2020,1672,17.7
-2078,1613,16.3
-2078,1613,16.3
-2101,1636,15.0
-2074,1613,16.2
-2101,1636,15.0
-2074,1613,16.2
-2101,1636,15.3
-2101,1636,15.3
-2019,1667,18.6
-2060,1703,16.4
-2019,1667,18.6
-2060,1703,16.4
-2017,1671,17.2
-2018,1672,16.8
-2069,1609,17.4
-2017,1671,17.2
-2018,1672,16.8
-2069,1609,17.4
-2108,1641,14.8
-2056,1703,16.5
-2108,1641,14.8
-2056,1703,16.5
-2019,1670,17.8
-2101,1635,15.0
-2019,1670,17.8
-2101,1635,15.0
-2019,1673,16.4
-2018,1672,16.9
-2069,1609,17.4
-2019,1673,16.4
-2018,1672,16.9
-2069,1609,17.4
-2070,1610,17.1
-2064,1617,20.0
-2065,1618,19.8
-2070,1610,17.1
-2064,1617,20.0
-2065,1618,19.8
-2018,1673,16.5
-2069,1613,17.5
-2018,1673,16.5
-2069,1613,17.5
-2018,1672,16.8
-2023,1666,20.5
-2024,1667,20.6
-2018,1672,16.8
-2023,1666,20.5
-2024,1667,20.6
-905,-1750,11.2
-905,-1750,11.2
-903,-1744,10.8
-903,-1744,10.8
2387,373,10.1
2387,373,10.1
2304,420,12.5
2304,420,12.5
2302,419,12.1
2302,419,12.1
2302,419,12.1
2302,419,12.1
2301,419,11.5
2301,419,11.5
2300,417,11.4
2390,409,11.0
2300,417,11.4
2390,409,11.0
2387,374,10.1
2387,374,10.1
1074,650,11.8
1074,650,11.8
1082,650,10.4
1082,650,10.4
1074,650,12.0
1074,650,12.0
1079,622,10.2
1079,622,10.2
302,-1258,30.8
276,-1159,15.8
302,-1258,30.8
276,-1159,15.8
329,-1145,15.3
329,-1145,15.3
329,-1145,15.3
329,-1145,15.3
328,-1137,16.5
328,-1137,16.5
330,-1145,15.4
330,-1145,15.4
274,-1163,15.2
274,-1163,15.2
327,-1138,16.6
327,-1138,16.6
326,-1141,16.2
326,-1141,16.2
-2037,-735,11.3
-2037,-735,11.3
-2134,-836,17.4
-2134,-836,17.4
-2133,-840,19.3
-2133,-840,19.3
2339,-2385,32.4
2287,-2387,37.2
2339,-2385,32.4
2287,-2387,37.2
2326,-2394,33.8
2308,-2389,33.2
2305,-2401,20.3
2326,-2394,33.8
2308,-2389,33.2
2305,-2401,20.3
2287,-2386,36.8
2326,-2385,33.4
2326,-2395,33.8
2287,-2386,36.8
2326,-2385,33.4
2326,-2395,33.8
2310,-2402,27.1
2292,-2388,35.9
2291,-2390,36.3
2310,-2402,27.1
2292,-2388,35.9
2291,-2390,36.3
2288,-2385,35.4
2297,-2391,34.2
2295,-2394,33.1
2288,-2385,35.4
2297,-2391,34.2
2295,-2394,33.1
2338,-2383,30.7
2320,-2384,33.2
2321,-2397,32.8
2338,-2383,30.7
2320,-2384,33.2
2321,-2397,32.8
2288,-2385,36.0
2313,-2391,33.2
2310,-2402,26.4
2288,-2385,36.0
2313,-2391,33.2
2310,-2402,26.4
1048,1977,13.1
1048,1977,13.1
-1307,2311,13.7
-1314,2320,11.9
-1307,2311,13.7
-1314,2320,11.9
-1308,2312,13.9
-1308,2312,13.9
-1307,2311,13.8
-1307,2311,13.8
1758,696,10.4
1758,696,10.4
1694,666,10.0
1694,666,10.0
1762,694,10.4
1762,694,10.4
1762,694,10.4
1762,694,10.4
1761,695,10.4
1761,695,10.4
1761,695,10.4
1761,695,10.4
1762,694,10.4
1762,694,10.4
69,-1678,21.7
69,-1678,21.7
-1,-1692,22.4
67,-1707,18.4
-1,-1692,22.4
67,-1707,18.4
0,-1690,22.0
0,-1690,22.0
-1,-1734,19.0
8,-1733,10.0
1,-1690,21.1
-1,-1734,19.0
8,-1733,10.0
1,-1690,21.1
68,-1714,25.1
67,-1710,24.7
68,-1714,25.1
67,-1710,24.7
0,-1690,22.0
0,-1690,22.0
7,-1733,10.3
0,-1690,21.9
7,-1733,10.3
0,-1690,21.9
67,-1711,24.7
67,-1711,24.7
-1,-1693,22.4
-1,-1693,22.4
71,-1708,26.8
66,-1676,18.3
71,-1708,26.8
66,-1676,18.3
-1095,1306,14.1
-1095,1306,14.1
-1099,1306,14.7
-1099,1306,14.7
-1092,1311,10.2
-1095,1306,14.3
-1092,1311,10.2
-1095,1306,14.3
-1093,1309,11.1
-1093,1309,11.1
-1095,1306,14.1
-1095,1306,14.1
2222,-381,11.7
2222,-381,11.7
2222,-381,11.7
2222,-381,11.7
2220,-377,10.6
2220,-377,10.6
2222,-379,11.7
2222,-379,11.7
1404,-1118,11.0
1386,-1180,10.6
1404,-1118,11.0
1386,-1180,10.6
1788,179,13.5
1788,179,13.5
1789,183,13.5
1789,183,13.5
1789,182,13.5
1789,182,13.5
1769,230,12.9
1769,230,12.9
1258,1934,13.5
1235,1908,13.7
1258,1934,13.5
1235,1908,13.7
1298,953,10.6
1298,953,10.6
1297,953,10.6
1297,953,10.6
1299,954,10.6
1299,954,10.6
1298,953,10.6
1298,953,10.6
1297,953,10.6
1297,953,10.6
1278,944,11.2
1278,944,11.2
90,2671,19.0
90,2671,19.0
93,2674,19.3
93,2674,19.3
93,2610,14.8
93,2610,14.8
114,2676,10.4
114,2676,10.4
1275,-1700,11.3
1275,-1700,11.3
1275,-1704,10.3
1275,-1704,10.3
1252,-1735,11.4
1252,-1735,11.4
1253,-1731,11.4
1253,-1731,11.4
1255,-1728,11.3
1252,-1736,11.4
1255,-1728,11.3
1252,-1736,11.4
1255,-1725,11.3
1255,-1739,11.3
1255,-1725,11.3
1255,-1739,11.3
1276,-1700,10.8
1276,-1700,10.8
1252,-1735,11.4
1252,-1735,11.4
-1255,1186,10.9
-1255,1186,10.9
2346,-790,11.5
2346,-790,11.5
439,-1501,17.3
427,-1485,32.1
439,-1501,17.3
427,-1485,32.1
426,-1489,31.6
426,-1489,31.6
435,-1500,21.8
435,-1500,21.8
435,-1501,20.7
435,-1501,20.7
435,-1501,20.7
435,-1501,20.7
102,999,28.2
104,999,28.6
104,992,27.6
102,999,28.2
104,999,28.6
104,992,27.6
106,997,28.6
70,990,27.8
106,997,28.6
70,990,27.8
60,1056,22.9
107,996,27.6
104,994,27.6
60,1056,22.9
107,996,27.6
104,994,27.6
61,1057,23.0
98,1005,25.9
61,1057,23.0
98,1005,25.9
58,1053,22.4
99,1061,22.7
58,1053,22.4
99,1061,22.7
95,1063,23.5
95,1063,23.5
111,996,26.7
101,998,27.6
100,994,27.6
111,996,26.7
101,998,27.6
100,994,27.6
111,995,27.6
106,1002,28.8
100,997,27.6
111,995,27.6
106,1002,28.8
100,997,27.6
1104,110,14.7
1104,110,14.7
1141,74,15.2
1141,74,15.2
1104,114,13.9
1145,74,14.7
1104,114,13.9
1145,74,14.7