fbx_poly_130_1|68.6|-1804.18 -2423.03;-1818.49 -2440.30;-1828.35 -2402.99;-1842.67 -2420.26
fbx_poly_130_1|133.7|-1804.18 -2423.03;-1818.49 -2440.30;-1828.35 -2402.99;-1842.67 -2420.26
fbx_poly_130_1|155.4|-1804.18 -2423.03;-1818.49 -2440.30;-1828.35 -2402.99;-1842.67 -2420.26
fbx_poly_130_1|112.0|-1804.18 -2423.03;-1818.49 -2440.30;-1828.35 -2402.99;-1842.67 -2420.26
fbx_poly_130_1|90.3|-1804.18 -2423.03;-1818.49 -2440.30;-1828.35 -2402.99;-1842.67 -2420.26
fbx_poly_130_1|90.3|-1821.36 -2443.76;-1838.54 -2464.48;-1845.53 -2423.71;-1862.71 -2444.43
fbx_poly_130_1|133.7|-1821.36 -2443.76;-1838.54 -2464.48;-1845.53 -2423.71;-1862.71 -2444.43
fbx_poly_130_1|155.4|-1821.36 -2443.76;-1838.54 -2464.48;-1845.53 -2423.71;-1862.71 -2444.43
fbx_poly_130_1|112.0|-1821.36 -2443.76;-1838.54 -2464.48;-1845.53 -2423.71;-1862.71 -2444.43
fbx_poly_130_1|68.6|-1821.36 -2443.76;-1838.54 -2464.48;-1845.53 -2423.71;-1862.71 -2444.43
fbx_poly_130_1|90.3|-1848.99 -2420.85;-1866.17 -2441.57;-1873.16 -2400.81;-1890.34 -2421.53
fbx_poly_130_1|133.7|-1848.99 -2420.85;-1866.17 -2441.57;-1873.16 -2400.81;-1890.34 -2421.53
fbx_poly_130_1|155.4|-1848.99 -2420.85;-1866.17 -2441.57;-1873.16 -2400.81;-1890.34 -2421.53
fbx_poly_130_1|112.0|-1848.99 -2420.85;-1866.17 -2441.57;-1873.16 -2400.81;-1890.34 -2421.53
fbx_poly_130_1|68.6|-1848.99 -2420.85;-1866.17 -2441.57;-1873.16 -2400.81;-1890.34 -2421.53
fbx_poly_130_1|68.6|-1883.35 -2462.29;-1894.80 -2476.11;-1907.52 -2442.25;-1918.97 -2456.06
fbx_poly_130_1|173.2|-1883.35 -2462.29;-1894.80 -2476.11;-1907.52 -2442.25;-1918.97 -2456.06
fbx_poly_130_1|131.4|-1883.35 -2462.29;-1894.80 -2476.11;-1907.52 -2442.25;-1918.97 -2456.06
fbx_poly_130_1|152.3|-1883.35 -2462.29;-1894.80 -2476.11;-1907.52 -2442.25;-1918.97 -2456.06
fbx_poly_130_1|89.5|-1883.35 -2462.29;-1894.80 -2476.11;-1907.52 -2442.25;-1918.97 -2456.06
fbx_poly_130_1|110.4|-1883.35 -2462.29;-1894.80 -2476.11;-1907.52 -2442.25;-1918.97 -2456.06
fbx_poly_130_1|68.6|-1867.76 -2492.70;-1872.22 -2490.10;-1874.08 -2493.29/-1850.58 -2471.97;-1870.72 -2475.43;-1867.76 -2492.70/-1891.35 -2478.97;-1872.22 -2490.10;-1874.08 -2493.29/-1891.35 -2478.97;-1870.72 -2475.43;-1867.76 -2492.70/-1850.58 -2471.97;-1871.30 -2454.79;-1891.35 -2478.97
fbx_poly_130_1|89.0|-1891.35 -2478.97;-1872.22 -2490.10;-1874.08 -2493.29/-1867.76 -2492.70;-1872.22 -2490.10;-1874.08 -2493.29/-1850.58 -2471.97;-1870.72 -2475.43;-1867.76 -2492.70/-1891.35 -2478.97;-1870.72 -2475.43;-1867.76 -2492.70/-1850.58 -2471.97;-1871.30 -2454.79;-1891.35 -2478.97
fbx_poly_130_1|109.4|-1850.58 -2471.97;-1870.72 -2475.43;-1867.76 -2492.70/-1867.76 -2492.70;-1872.22 -2490.10;-1874.08 -2493.29/-1891.35 -2478.97;-1870.72 -2475.43;-1867.76 -2492.70/-1891.35 -2478.97;-1872.22 -2490.10;-1874.08 -2493.29/-1850.58 -2471.97;-1871.30 -2454.79;-1891.35 -2478.97
fbx_poly_130_1|191.1|-1891.35 -2478.97;-1870.72 -2475.43;-1867.76 -2492.70/-1850.58 -2471.97;-1870.72 -2475.43;-1867.76 -2492.70/-1891.35 -2478.97;-1872.22 -2490.10;-1874.08 -2493.29/-1850.58 -2471.97;-1871.30 -2454.79;-1891.35 -2478.97/-1867.76 -2492.70;-1872.22 -2490.10;-1874.08 -2493.29
fbx_poly_130_1|129.8|-1850.58 -2471.97;-1870.72 -2475.43;-1867.76 -2492.70/-1850.58 -2471.97;-1871.30 -2454.79;-1891.35 -2478.97/-1867.76 -2492.70;-1872.22 -2490.10;-1874.08 -2493.29/-1891.35 -2478.97;-1870.72 -2475.43;-1867.76 -2492.70/-1891.35 -2478.97;-1872.22 -2490.10;-1874.08 -2493.29
fbx_poly_130_1|150.2|-1850.58 -2471.97;-1870.72 -2475.43;-1867.76 -2492.70/-1867.76 -2492.70;-1872.22 -2490.10;-1874.08 -2493.29/-1850.58 -2471.97;-1871.30 -2454.79;-1891.35 -2478.97/-1891.35 -2478.97;-1870.72 -2475.43;-1867.76 -2492.70/-1891.35 -2478.97;-1872.22 -2490.10;-1874.08 -2493.29
fbx_poly_130_1|170.7|-1850.58 -2471.97;-1870.72 -2475.43;-1867.76 -2492.70/-1867.76 -2492.70;-1872.22 -2490.10;-1874.08 -2493.29/-1891.35 -2478.97;-1870.72 -2475.43;-1867.76 -2492.70/-1891.35 -2478.97;-1872.22 -2490.10;-1874.08 -2493.29/-1850.58 -2471.97;-1871.30 -2454.79;-1891.35 -2478.97
fbx_poly_130_1|89.5|-1890.34 -2421.53;-1866.17 -2441.57;-1846.12 -2417.40/-1890.34 -2421.53;-1871.39 -2419.76;-1873.16 -2400.81/-1846.12 -2417.40;-1864.51 -2406.11;-1860.53 -2399.62/-1873.16 -2400.81;-1864.51 -2406.11;-1860.53 -2399.62/-1846.12 -2417.40;-1871.39 -2419.76;-1873.16 -2400.81/-1860.53 -2399.62;-1854.99 -2406.46;-1853.62 -2405.35/-1846.12 -2417.40;-1854.99 -2406.46;-1853.62 -2405.35
fbx_poly_130_1|173.2|-1860.53 -2399.62;-1854.99 -2406.46;-1853.62 -2405.35/-1873.16 -2400.81;-1864.51 -2406.11;-1860.53 -2399.62/-1846.12 -2417.40;-1854.99 -2406.46;-1853.62 -2405.35/-1890.34 -2421.53;-1866.17 -2441.57;-1846.12 -2417.40/-1846.12 -2417.40;-1864.51 -2406.11;-1860.53 -2399.62/-1890.34 -2421.53;-1871.39 -2419.76;-1873.16 -2400.81/-1846.12 -2417.40;-1871.39 -2419.76;-1873.16 -2400.81
fbx_poly_130_1|131.4|-1873.16 -2400.81;-1864.51 -2406.11;-1860.53 -2399.62/-1890.34 -2421.53;-1871.39 -2419.76;-1873.16 -2400.81/-1846.12 -2417.40;-1864.51 -2406.11;-1860.53 -2399.62/-1890.34 -2421.53;-1866.17 -2441.57;-1846.12 -2417.40/-1846.12 -2417.40;-1871.39 -2419.76;-1873.16 -2400.81/-1860.53 -2399.62;-1854.99 -2406.46;-1853.62 -2405.35/-1846.12 -2417.40;-1854.99 -2406.46;-1853.62 -2405.35
fbx_poly_130_1|152.3|-1860.53 -2399.62;-1854.99 -2406.46;-1853.62 -2405.35/-1846.12 -2417.40;-1854.99 -2406.46;-1853.62 -2405.35/-1846.12 -2417.40;-1871.39 -2419.76;-1873.16 -2400.81/-1890.34 -2421.53;-1871.39 -2419.76;-1873.16 -2400.81/-1873.16 -2400.81;-1864.51 -2406.11;-1860.53 -2399.62/-1890.34 -2421.53;-1866.17 -2441.57;-1846.12 -2417.40/-1846.12 -2417.40;-1864.51 -2406.11;-1860.53 -2399.62
fbx_poly_130_1|68.6|-1890.34 -2421.53;-1866.17 -2441.57;-1846.12 -2417.40/-1890.34 -2421.53;-1871.39 -2419.76;-1873.16 -2400.81/-1846.12 -2417.40;-1871.39 -2419.76;-1873.16 -2400.81/-1873.16 -2400.81;-1864.51 -2406.11;-1860.53 -2399.62/-1846.12 -2417.40;-1864.51 -2406.11;-1860.53 -2399.62/-1860.53 -2399.62;-1854.99 -2406.46;-1853.62 -2405.35/-1846.12 -2417.40;-1854.99 -2406.46;-1853.62 -2405.35
fbx_poly_130_1|110.4|-1890.34 -2421.53;-1866.17 -2441.57;-1846.12 -2417.40/-1890.34 -2421.53;-1871.39 -2419.76;-1873.16 -2400.81/-1846.12 -2417.40;-1871.39 -2419.76;-1873.16 -2400.81/-1873.16 -2400.81;-1864.51 -2406.11;-1860.53 -2399.62/-1846.12 -2417.40;-1854.99 -2406.46;-1853.62 -2405.35/-1846.12 -2417.40;-1864.51 -2406.11;-1860.53 -2399.62/-1860.53 -2399.62;-1854.99 -2406.46;-1853.62 -2405.35
fbx_poly_130_10|91.8|-1329.19 1906.10;-1278.40 1904.02;-1277.76 1919.65/-1277.76 1919.65;-1245.86 1934.00;-1285.32 2021.71/-1329.19 1906.10;-1318.43 1882.17;-1270.58 1903.70/-1359.49 1930.82;-1345.14 1898.92;-1329.19 1906.10/-1320.81 2015.34;-1295.76 2019.84;-1277.76 1919.65/-1285.32 2021.71;-1295.76 2019.84;-1277.76 1919.65/-1320.81 2015.34;-1299.28 1967.49;-1339.15 1949.55/-1359.49 1930.82;-1342.04 1928.43;-1339.15 1949.55/-1277.76 1919.65;-1299.28 1967.49;-1339.15 1949.55/-1277.76 1919.65;-1342.04 1928.43;-1339.15 1949.55/-1270.58 1903.70;-1278.40 1904.02;-1277.76 1919.65/-1359.49 1930.82;-1326.43 1926.30;-1329.19 1906.10/-1277.76 1919.65;-1326.43 1926.30;-1329.19 1906.10
fbx_poly_130_10|137.8|-1329.19 1906.10;-1278.40 1904.02;-1277.76 1919.65/-1329.19 1906.10;-1318.43 1882.17;-1270.58 1903.70/-1359.49 1930.82;-1345.14 1898.92;-1329.19 1906.10/-1277.76 1919.65;-1245.86 1934.00;-1285.32 2021.71/-1285.32 2021.71;-1295.76 2019.84;-1277.76 1919.65/-1320.81 2015.34;-1299.28 1967.49;-1339.15 1949.55/-1320.81 2015.34;-1295.76 2019.84;-1277.76 1919.65/-1359.49 1930.82;-1342.04 1928.43;-1339.15 1949.55/-1277.76 1919.65;-1299.28 1967.49;-1339.15 1949.55/-1277.76 1919.65;-1342.04 1928.43;-1339.15 1949.55/-1270.58 1903.70;-1278.40 1904.02;-1277.76 1919.65/-1359.49 1930.82;-1326.43 1926.30;-1329.19 1906.10/-1277.76 1919.65;-1326.43 1926.30;-1329.19 1906.10
fbx_poly_130_10|114.8|-1329.19 1906.10;-1278.40 1904.02;-1277.76 1919.65/-1359.49 1930.82;-1326.43 1926.30;-1329.19 1906.10/-1329.19 1906.10;-1318.43 1882.17;-1270.58 1903.70/-1359.49 1930.82;-1345.14 1898.92;-1329.19 1906.10/-1320.81 2015.34;-1295.76 2019.84;-1277.76 1919.65/-1285.32 2021.71;-1295.76 2019.84;-1277.76 1919.65/-1320.81 2015.34;-1299.28 1967.49;-1339.15 1949.55/-1359.49 1930.82;-1342.04 1928.43;-1339.15 1949.55/-1277.76 1919.65;-1342.04 1928.43;-1339.15 1949.55/-1277.76 1919.65;-1299.28 1967.49;-1339.15 1949.55/-1270.58 1903.70;-1278.40 1904.02;-1277.76 1919.65/-1277.76 1919.65;-1245.86 1934.00;-1285.32 2021.71/-1277.76 1919.65;-1326.43 1926.30;-1329.19 1906.10
fbx_poly_130_10|91.8|-1224.32 2077.93;-1229.42 2042.75;-1268.58 2048.43/-1224.32 2077.93;-1224.01 2009.56;-1184.05 2009.74/-1240.67 1965.10;-1229.42 2042.75;-1268.58 2048.43/-1223.93 1991.81;-1224.01 2009.56;-1184.05 2009.74/-1240.67 1965.10;-1239.33 1974.39;-1224.73 1972.27/-1224.73 1972.27;-1224.65 1991.81;-1223.93 1991.81/-1224.32 2077.93;-1239.33 1974.39;-1224.73 1972.27/-1224.32 2077.93;-1224.65 1991.81;-1223.93 1991.81
fbx_poly_130_10|114.8|-1224.32 2077.93;-1239.33 1974.39;-1224.73 1972.27/-1224.73 1972.27;-1224.65 1991.81;-1223.93 1991.81/-1224.32 2077.93;-1224.65 1991.81;-1223.93 1991.81/-1224.32 2077.93;-1224.01 2009.56;-1184.05 2009.74/-1240.67 1965.10;-1239.33 1974.39;-1224.73 1972.27/-1223.93 1991.81;-1224.01 2009.56;-1184.05 2009.74/-1240.67 1965.10;-1229.42 2042.75;-1268.58 2048.43/-1224.32 2077.93;-1229.42 2042.75;-1268.58 2048.43
fbx_poly_130_10|137.8|-1224.32 2077.93;-1224.01 2009.56;-1184.05 2009.74/-1224.32 2077.93;-1239.33 1974.39;-1224.73 1972.27/-1224.32 2077.93;-1224.65 1991.81;-1223.93 1991.81/-1224.73 1972.27;-1224.65 1991.81;-1223.93 1991.81/-1223.93 1991.81;-1224.01 2009.56;-1184.05 2009.74/-1240.67 1965.10;-1239.33 1974.39;-1224.73 1972.27/-1224.32 2077.93;-1229.42 2042.75;-1268.58 2048.43/-1240.67 1965.10;-1229.42 2042.75;-1268.58 2048.43
fbx_poly_130_10|137.8|-1339.15 1949.55;-1267.39 1981.84;-1285.32 2021.71/-1285.32 2021.71;-1301.07 2000.61;-1320.81 2015.34/-1339.15 1949.55;-1301.07 2000.61;-1320.81 2015.34
fbx_poly_130_10|164.6|-1339.15 1949.55;-1301.07 2000.61;-1320.81 2015.34/-1339.15 1949.55;-1267.39 1981.84;-1285.32 2021.71/-1285.32 2021.71;-1301.07 2000.61;-1320.81 2015.34
fbx_poly_130_10|191.4|-1339.15 1949.55;-1267.39 1981.84;-1285.32 2021.71/-1285.32 2021.71;-1301.07 2000.61;-1320.81 2015.34/-1339.15 1949.55;-1301.07 2000.61;-1320.81 2015.34
fbx_poly_130_10|137.8|-1268.58 2048.43;-1220.73 2069.95;-1224.32 2077.93/-1212.76 2073.54;-1220.73 2069.95;-1224.32 2077.93/-1212.76 2073.54;-1231.93 2031.65;-1268.58 2048.43/-1251.44 1989.02;-1231.93 2031.65;-1268.58 2048.43/-1251.44 1989.02;-1187.64 2017.72;-1212.76 2073.54
fbx_poly_130_10|164.6|-1268.58 2048.43;-1220.73 2069.95;-1224.32 2077.93/-1251.44 1989.02;-1231.93 2031.65;-1268.58 2048.43/-1212.76 2073.54;-1231.93 2031.65;-1268.58 2048.43/-1212.76 2073.54;-1220.73 2069.95;-1224.32 2077.93/-1251.44 1989.02;-1187.64 2017.72;-1212.76 2073.54
fbx_poly_130_10|191.4|-1212.76 2073.54;-1220.73 2069.95;-1224.32 2077.93/-1251.44 1989.02;-1231.93 2031.65;-1268.58 2048.43/-1251.44 1989.02;-1187.64 2017.72;-1212.76 2073.54/-1212.76 2073.54;-1231.93 2031.65;-1268.58 2048.43/-1268.58 2048.43;-1220.73 2069.95;-1224.32 2077.93
fbx_poly_130_10|137.8|-1355.90 1922.84;-1339.04 1904.54;-1345.14 1898.92/-1355.90 1922.84;-1311.53 1912.89;-1318.43 1882.17/-1318.43 1882.17;-1339.04 1904.54;-1345.14 1898.92/-1245.86 1934.00;-1260.21 1965.89;-1355.90 1922.84/-1355.90 1922.84;-1273.37 1931.21;-1270.58 1903.70/-1270.58 1903.70;-1311.53 1912.89;-1318.43 1882.17/-1245.86 1934.00;-1273.37 1931.21;-1270.58 1903.70
fbx_poly_130_10|164.6|-1318.43 1882.17;-1339.04 1904.54;-1345.14 1898.92/-1270.58 1903.70;-1311.53 1912.89;-1318.43 1882.17/-1245.86 1934.00;-1273.37 1931.21;-1270.58 1903.70/-1355.90 1922.84;-1339.04 1904.54;-1345.14 1898.92/-1355.90 1922.84;-1311.53 1912.89;-1318.43 1882.17/-1245.86 1934.00;-1260.21 1965.89;-1355.90 1922.84/-1355.90 1922.84;-1273.37 1931.21;-1270.58 1903.70
fbx_poly_130_10|191.4|-1318.43 1882.17;-1339.04 1904.54;-1345.14 1898.92/-1355.90 1922.84;-1339.04 1904.54;-1345.14 1898.92/-1355.90 1922.84;-1273.37 1931.21;-1270.58 1903.70/-1270.58 1903.70;-1311.53 1912.89;-1318.43 1882.17/-1245.86 1934.00;-1260.21 1965.89;-1355.90 1922.84/-1245.86 1934.00;-1273.37 1931.21;-1270.58 1903.70/-1355.90 1922.84;-1311.53 1912.89;-1318.43 1882.17
fbx_poly_130_11|110.3|-1612.73 1606.75;-1575.22 1643.99;-1617.12 1686.19/-1612.73 1606.75;-1448.98 1671.57;-1476.76 1741.75/-1476.76 1741.75;-1575.22 1643.99;-1617.12 1686.19/-1617.12 1686.19;-1615.37 1654.41;-1631.25 1653.54/-1612.73 1606.75;-1615.37 1654.41;-1631.25 1653.54
fbx_poly_130_11|77.3|-1476.76 1741.75;-1575.22 1643.99;-1617.12 1686.19/-1612.73 1606.75;-1448.98 1671.57;-1476.76 1741.75/-1617.12 1686.19;-1615.37 1654.41;-1631.25 1653.54/-1612.73 1606.75;-1615.37 1654.41;-1631.25 1653.54/-1612.73 1606.75;-1575.22 1643.99;-1617.12 1686.19
fbx_poly_130_11|199.5|-1659.28 1655.97;-1616.00 1648.02;-1624.43 1602.12/-1542.55 1634.53;-1616.00 1648.02;-1624.43 1602.12/-1542.55 1634.53;-1565.70 1693.01;-1659.28 1655.97/-1624.43 1602.12;-1645.87 1635.26;-1650.02 1632.58/-1659.28 1655.97;-1645.87 1635.26;-1650.02 1632.58
fbx_poly_130_11|146.0|-1542.55 1634.53;-1565.70 1693.01;-1659.28 1655.97/-1659.28 1655.97;-1616.00 1648.02;-1624.43 1602.12/-1624.43 1602.12;-1645.87 1635.26;-1650.02 1632.58/-1659.28 1655.97;-1645.87 1635.26;-1650.02 1632.58/-1542.55 1634.53;-1616.00 1648.02;-1624.43 1602.12
fbx_poly_130_11|163.8|-1659.28 1655.97;-1616.00 1648.02;-1624.43 1602.12/-1542.55 1634.53;-1565.70 1693.01;-1659.28 1655.97/-1542.55 1634.53;-1616.00 1648.02;-1624.43 1602.12/-1659.28 1655.97;-1645.87 1635.26;-1650.02 1632.58/-1624.43 1602.12;-1645.87 1635.26;-1650.02 1632.58
fbx_poly_130_11|128.1|-1624.43 1602.12;-1645.87 1635.26;-1650.02 1632.58/-1542.55 1634.53;-1616.00 1648.02;-1624.43 1602.12/-1542.55 1634.53;-1565.70 1693.01;-1659.28 1655.97/-1659.28 1655.97;-1616.00 1648.02;-1624.43 1602.12/-1659.28 1655.97;-1645.87 1635.26;-1650.02 1632.58
fbx_poly_130_11|110.3|-1659.28 1655.97;-1616.00 1648.02;-1624.43 1602.12/-1659.28 1655.97;-1645.87 1635.26;-1650.02 1632.58/-1624.43 1602.12;-1645.87 1635.26;-1650.02 1632.58/-1542.55 1634.53;-1616.00 1648.02;-1624.43 1602.12/-1542.55 1634.53;-1565.70 1693.01;-1659.28 1655.97
fbx_poly_130_11|181.7|-1624.43 1602.12;-1645.87 1635.26;-1650.02 1632.58/-1542.55 1634.53;-1565.70 1693.01;-1659.28 1655.97/-1659.28 1655.97;-1645.87 1635.26;-1650.02 1632.58/-1542.55 1634.53;-1616.00 1648.02;-1624.43 1602.12/-1659.28 1655.97;-1616.00 1648.02;-1624.43 1602.12
fbx_poly_130_11|199.5|-1552.30 1522.43;-1537.18 1524.44;-1535.97 1515.37/-1575.45 1580.92;-1532.43 1551.11;-1552.30 1522.43/-1500.88 1529.26;-1528.66 1599.44;-1575.45 1580.92/-1500.88 1529.26;-1532.43 1551.11;-1552.30 1522.43/-1500.88 1529.26;-1537.18 1524.44;-1535.97 1515.37
fbx_poly_130_11|110.3|-1500.88 1529.26;-1528.66 1599.44;-1575.45 1580.92/-1500.88 1529.26;-1537.18 1524.44;-1535.97 1515.37/-1500.88 1529.26;-1532.43 1551.11;-1552.30 1522.43/-1575.45 1580.92;-1532.43 1551.11;-1552.30 1522.43/-1552.30 1522.43;-1537.18 1524.44;-1535.97 1515.37
fbx_poly_130_11|146.0|-1575.45 1580.92;-1532.43 1551.11;-1552.30 1522.43/-1500.88 1529.26;-1528.66 1599.44;-1575.45 1580.92/-1552.30 1522.43;-1537.18 1524.44;-1535.97 1515.37/-1500.88 1529.26;-1532.43 1551.11;-1552.30 1522.43/-1500.88 1529.26;-1537.18 1524.44;-1535.97 1515.37
fbx_poly_130_11|128.1|-1552.30 1522.43;-1537.18 1524.44;-1535.97 1515.37/-1500.88 1529.26;-1532.43 1551.11;-1552.30 1522.43/-1500.88 1529.26;-1537.18 1524.44;-1535.97 1515.37/-1500.88 1529.26;-1528.66 1599.44;-1575.45 1580.92/-1575.45 1580.92;-1532.43 1551.11;-1552.30 1522.43
fbx_poly_130_11|163.8|-1500.88 1529.26;-1537.18 1524.44;-1535.97 1515.37/-1552.30 1522.43;-1537.18 1524.44;-1535.97 1515.37/-1500.88 1529.26;-1528.66 1599.44;-1575.45 1580.92/-1575.45 1580.92;-1532.43 1551.11;-1552.30 1522.43/-1500.88 1529.26;-1532.43 1551.11;-1552.30 1522.43
fbx_poly_130_11|181.7|-1500.88 1529.26;-1537.18 1524.44;-1535.97 1515.37/-1552.30 1522.43;-1537.18 1524.44;-1535.97 1515.37/-1500.88 1529.26;-1532.43 1551.11;-1552.30 1522.43/-1575.45 1580.92;-1532.43 1551.11;-1552.30 1522.43/-1500.88 1529.26;-1528.66 1599.44;-1575.45 1580.92
fbx_poly_130_11|146.0|-1495.76 1653.05;-1518.92 1711.53;-1413.89 1685.46;-1437.04 1743.95
fbx_poly_130_11|199.5|-1495.76 1653.05;-1518.92 1711.53;-1413.89 1685.46;-1437.04 1743.95
fbx_poly_130_11|163.8|-1495.76 1653.05;-1518.92 1711.53;-1413.89 1685.46;-1437.04 1743.95
fbx_poly_130_11|128.1|-1495.76 1653.05;-1518.92 1711.53;-1413.89 1685.46;-1437.04 1743.95
fbx_poly_130_11|110.3|-1495.76 1653.05;-1518.92 1711.53;-1413.89 1685.46;-1437.04 1743.95
fbx_poly_130_11|181.7|-1495.76 1653.05;-1518.92 1711.53;-1413.89 1685.46;-1437.04 1743.95
fbx_poly_130_12|118.4|-819.37 2287.79;-809.33 2292.90;-795.53 2240.93;-785.49 2246.03
fbx_poly_130_12|100.6|-819.37 2287.79;-809.33 2292.90;-795.53 2240.93;-785.49 2246.03
fbx_poly_130_12|136.3|-819.37 2287.79;-809.33 2292.90;-795.53 2240.93;-785.49 2246.03
fbx_poly_130_12|82.7|-819.37 2287.79;-807.23 2297.37;-807.68 2297.95/-795.53 2240.93;-802.93 2290.25;-819.37 2287.79/-804.34 2299.65;-807.23 2297.37;-807.68 2297.95/-795.53 2240.93;-778.80 2249.44;-804.34 2299.65/-804.34 2299.65;-802.93 2290.25;-819.37 2287.79
fbx_poly_130_12|109.5|-804.34 2299.65;-807.23 2297.37;-807.68 2297.95/-795.53 2240.93;-802.93 2290.25;-819.37 2287.79/-795.53 2240.93;-778.80 2249.44;-804.34 2299.65/-804.34 2299.65;-802.93 2290.25;-819.37 2287.79/-819.37 2287.79;-807.23 2297.37;-807.68 2297.95
fbx_poly_130_12|136.3|-804.34 2299.65;-802.93 2290.25;-819.37 2287.79/-795.53 2240.93;-802.93 2290.25;-819.37 2287.79/-795.53 2240.93;-778.80 2249.44;-804.34 2299.65/-819.37 2287.79;-807.23 2297.37;-807.68 2297.95/-804.34 2299.65;-807.23 2297.37;-807.68 2297.95
fbx_poly_130_12|82.7|-790.95 2306.46;-789.89 2302.92;-789.24 2303.11/-790.95 2306.46;-800.99 2301.35;-782.26 2264.53/-778.91 2266.23;-789.89 2302.92;-789.24 2303.11/-782.26 2264.53;-782.46 2265.50;-778.91 2266.23/-790.95 2306.46;-782.46 2265.50;-778.91 2266.23
fbx_poly_130_12|109.5|-778.91 2266.23;-789.89 2302.92;-789.24 2303.11/-790.95 2306.46;-782.46 2265.50;-778.91 2266.23/-782.26 2264.53;-782.46 2265.50;-778.91 2266.23/-790.95 2306.46;-789.89 2302.92;-789.24 2303.11/-790.95 2306.46;-800.99 2301.35;-782.26 2264.53
fbx_poly_130_12|136.3|-790.95 2306.46;-789.89 2302.92;-789.24 2303.11/-778.91 2266.23;-789.89 2302.92;-789.24 2303.11/-790.95 2306.46;-800.99 2301.35;-782.26 2264.53/-782.26 2264.53;-782.46 2265.50;-778.91 2266.23/-790.95 2306.46;-782.46 2265.50;-778.91 2266.23
fbx_poly_130_12|154.1|-812.73 2299.59;-797.47 2253.21;-793.95 2254.37/-797.29 2252.67;-797.47 2253.21;-793.95 2254.37/-812.73 2299.59;-819.43 2296.18;-797.29 2252.67/-822.77 2294.48;-819.43 2296.18;-797.29 2252.67/-822.77 2294.48;-812.73 2299.59;-819.54 2312.98/-819.54 2312.98;-829.59 2307.87;-822.77 2294.48
fbx_poly_130_12|100.6|-819.54 2312.98;-829.59 2307.87;-822.77 2294.48/-812.73 2299.59;-819.43 2296.18;-797.29 2252.67/-822.77 2294.48;-819.43 2296.18;-797.29 2252.67/-822.77 2294.48;-812.73 2299.59;-819.54 2312.98/-812.73 2299.59;-797.47 2253.21;-793.95 2254.37/-797.29 2252.67;-797.47 2253.21;-793.95 2254.37
fbx_poly_130_12|127.3|-822.77 2294.48;-812.73 2299.59;-819.54 2312.98/-819.54 2312.98;-829.59 2307.87;-822.77 2294.48/-822.77 2294.48;-819.43 2296.18;-797.29 2252.67/-812.73 2299.59;-819.43 2296.18;-797.29 2252.67/-797.29 2252.67;-797.47 2253.21;-793.95 2254.37/-812.73 2299.59;-797.47 2253.21;-793.95 2254.37
fbx_poly_130_15|139.3|-1815.96 772.10;-1853.84 760.96;-1857.56 773.59/-1866.47 757.25;-1856.97 743.58;-1815.96 772.10/-1815.96 772.10;-1820.95 772.28;-1820.71 778.93/-1866.47 757.25;-1853.84 760.96;-1857.55 773.59/-1857.55 773.59;-1820.95 772.28;-1820.71 778.93
fbx_poly_130_15|160.0|-1815.96 772.10;-1820.95 772.28;-1820.71 778.93/-1815.96 772.10;-1853.84 760.96;-1857.56 773.59/-1857.55 773.59;-1820.95 772.28;-1820.71 778.93/-1866.47 757.25;-1853.84 760.96;-1857.55 773.59/-1866.47 757.25;-1856.97 743.58;-1815.96 772.10
fbx_poly_130_15|180.7|-1815.96 772.10;-1853.84 760.96;-1857.56 773.59/-1866.47 757.25;-1856.97 743.58;-1815.96 772.10/-1866.47 757.25;-1853.84 760.96;-1857.55 773.59/-1815.96 772.10;-1820.95 772.28;-1820.71 778.93/-1857.55 773.59;-1820.95 772.28;-1820.71 778.93
fbx_poly_130_15|118.6|-1815.96 772.10;-1820.95 772.28;-1820.71 778.93/-1866.47 757.25;-1853.84 760.96;-1857.55 773.59/-1815.96 772.10;-1853.84 760.96;-1857.56 773.59/-1866.47 757.25;-1856.97 743.58;-1815.96 772.10/-1857.55 773.59;-1820.95 772.28;-1820.71 778.93
fbx_poly_130_15|118.6|-1742.01 651.16;-1768.77 662.62;-1780.93 634.24/-1780.93 634.24;-1749.49 647.91;-1748.84 646.41/-1742.01 651.16;-1749.49 647.91;-1748.84 646.41/-1742.01 651.16;-1780.02 705.84;-1814.20 682.07/-1814.20 682.07;-1768.77 662.62;-1780.93 634.24
fbx_poly_130_15|144.9|-1742.01 651.16;-1749.49 647.91;-1748.84 646.41/-1780.93 634.24;-1749.49 647.91;-1748.84 646.41/-1742.01 651.16;-1780.02 705.84;-1814.20 682.07/-1742.01 651.16;-1768.77 662.62;-1780.93 634.24/-1814.20 682.07;-1768.77 662.62;-1780.93 634.24
fbx_poly_130_15|118.6|-1718.83 647.00;-1717.70 663.86;-1709.92 663.34/-1711.68 753.36;-1724.97 647.77;-1718.83 647.00/-1725.67 642.25;-1724.97 647.77;-1718.83 647.00/-1711.68 753.36;-1773.19 710.59;-1725.67 642.25/-1694.76 714.44;-1708.43 745.87;-1706.93 746.53/-1711.68 753.36;-1699.81 712.95;-1694.76 714.44/-1711.68 753.36;-1708.43 745.87;-1706.93 746.53/-1711.68 753.36;-1710.69 702.58;-1696.84 702.85/-1709.92 663.34;-1710.69 702.58;-1696.84 702.85/-1711.68 753.36;-1717.70 663.86;-1709.92 663.34/-1696.84 702.85;-1699.81 712.95;-1694.76 714.44
fbx_poly_130_15|144.9|-1711.68 753.36;-1708.43 745.87;-1706.93 746.53/-1694.76 714.44;-1708.43 745.87;-1706.93 746.53/-1711.68 753.36;-1699.81 712.95;-1694.76 714.44/-1696.84 702.85;-1699.81 712.95;-1694.76 714.44/-1711.68 753.36;-1710.69 702.58;-1696.84 702.85/-1709.92 663.34;-1710.69 702.58;-1696.84 702.85/-1718.83 647.00;-1717.70 663.86;-1709.92 663.34/-1711.68 753.36;-1717.70 663.86;-1709.92 663.34/-1725.67 642.25;-1724.97 647.77;-1718.83 647.00/-1711.68 753.36;-1773.19 710.59;-1725.67 642.25/-1711.68 753.36;-1724.97 647.77;-1718.83 647.00
fbx_poly_130_15|180.7|-1780.93 634.24;-1763.49 664.23;-1725.67 642.25/-1711.68 753.36;-1814.20 682.07;-1780.93 634.24/-1696.84 702.85;-1699.81 712.95;-1694.76 714.44/-1711.68 753.36;-1710.69 702.58;-1696.84 702.85/-1709.92 663.34;-1710.69 702.58;-1696.84 702.85/-1711.68 753.36;-1708.43 745.87;-1706.93 746.53/-1694.76 714.44;-1708.43 745.87;-1706.93 746.53/-1711.68 753.36;-1699.81 712.95;-1694.76 714.44/-1725.67 642.25;-1724.97 647.77;-1718.83 647.00/-1711.68 753.36;-1763.49 664.23;-1725.67 642.25/-1711.68 753.36;-1717.70 663.86;-1709.92 663.34/-1718.83 647.00;-1717.70 663.86;-1709.92 663.34/-1711.68 753.36;-1724.97 647.77;-1718.83 647.00
fbx_poly_130_15|144.9|-1711.68 753.36;-1724.97 647.77;-1718.83 647.00/-1711.68 753.36;-1717.70 663.86;-1709.92 663.34/-1711.68 753.36;-1710.69 702.58;-1696.84 702.85/-1780.93 634.24;-1763.49 664.23;-1725.67 642.25/-1725.67 642.25;-1724.97 647.77;-1718.83 647.00/-1711.68 753.36;-1763.49 664.23;-1725.67 642.25/-1718.83 647.00;-1717.70 663.86;-1709.92 663.34/-1711.68 753.36;-1814.20 682.07;-1780.93 634.24/-1709.92 663.34;-1710.69 702.58;-1696.84 702.85/-1711.68 753.36;-1708.43 745.87;-1706.93 746.53/-1694.76 714.44;-1708.43 745.87;-1706.93 746.53/-1711.68 753.36;-1699.81 712.95;-1694.76 714.44/-1696.84 702.85;-1699.81 712.95;-1694.76 714.44
fbx_poly_130_15|162.8|-1694.76 714.44;-1708.43 745.87;-1706.93 746.53/-1711.68 753.36;-1699.81 712.95;-1694.76 714.44/-1711.68 753.36;-1708.43 745.87;-1706.93 746.53/-1709.92 663.34;-1710.69 702.58;-1696.84 702.85/-1696.84 702.85;-1699.81 712.95;-1694.76 714.44/-1711.68 753.36;-1710.69 702.58;-1696.84 702.85/-1711.68 753.36;-1724.97 647.77;-1718.83 647.00/-1711.68 753.36;-1717.70 663.86;-1709.92 663.34/-1718.83 647.00;-1717.70 663.86;-1709.92 663.34/-1725.67 642.25;-1724.97 647.77;-1718.83 647.00/-1711.68 753.36;-1763.49 664.23;-1725.67 642.25/-1711.68 753.36;-1814.20 682.07;-1780.93 634.24/-1780.93 634.24;-1763.49 664.23;-1725.67 642.25
fbx_poly_130_3|105.1|1099.77 1047.45;1089.65 1040.21;1067.93 1070.58/1079.53 1032.97;1089.65 1040.21;1067.93 1070.58/1067.93 1070.58;1021.68 1006.89;1078.99 965.27/1079.53 1032.97;1079.12 981.74;1110.23 981.49/1078.99 965.27;1079.12 981.74;1110.23 981.49/1078.99 965.27;1071.96 1032.18;1079.53 1032.97/1067.93 1070.58;1071.96 1032.18;1079.53 1032.97
fbx_poly_130_3|84.7|1079.53 1032.97;1079.12 981.74;1110.23 981.49/1078.99 965.27;1079.12 981.74;1110.23 981.49/1067.93 1070.58;1021.68 1006.89;1078.99 965.27/1067.93 1070.58;1071.96 1032.18;1079.53 1032.97/1078.99 965.27;1071.96 1032.18;1079.53 1032.97/1099.77 1047.45;1089.65 1040.21;1067.93 1070.58/1079.53 1032.97;1089.65 1040.21;1067.93 1070.58
fbx_poly_130_3|64.3|1078.99 965.27;1071.96 1032.18;1079.53 1032.97/1099.77 1047.45;1089.65 1040.21;1067.93 1070.58/1067.93 1070.58;1021.68 1006.89;1078.99 965.27/1079.53 1032.97;1089.65 1040.21;1067.93 1070.58/1078.99 965.27;1079.12 981.74;1110.23 981.49/1079.53 1032.97;1079.12 981.74;1110.23 981.49/1067.93 1070.58;1071.96 1032.18;1079.53 1032.97
fbx_poly_130_3|138.7|984.08 995.29;997.95 1014.40;972.48 1032.90/972.48 1032.90;977.12 1017.86;969.60 1015.54/984.08 995.29;977.12 1017.86;969.60 1015.54
fbx_poly_130_3|82.9|984.08 995.29;997.95 1014.40;972.48 1032.90/972.48 1032.90;977.12 1017.86;969.60 1015.54/984.08 995.29;977.12 1017.86;969.60 1015.54
fbx_poly_130_3|64.3|984.08 995.29;997.95 1014.40;972.48 1032.90/972.48 1032.90;977.12 1017.86;969.60 1015.54/984.08 995.29;977.12 1017.86;969.60 1015.54
fbx_poly_130_3|194.4|984.08 995.29;977.12 1017.86;969.60 1015.54/972.48 1032.90;977.12 1017.86;969.60 1015.54/984.08 995.29;997.95 1014.40;972.48 1032.90
fbx_poly_130_3|157.2|984.08 995.29;997.95 1014.40;972.48 1032.90/972.48 1032.90;977.12 1017.86;969.60 1015.54/984.08 995.29;977.12 1017.86;969.60 1015.54
fbx_poly_130_3|175.8|984.08 995.29;977.12 1017.86;969.60 1015.54/984.08 995.29;997.95 1014.40;972.48 1032.90/972.48 1032.90;977.12 1017.86;969.60 1015.54
fbx_poly_130_3|120.1|984.08 995.29;977.12 1017.86;969.60 1015.54/972.48 1032.90;977.12 1017.86;969.60 1015.54/984.08 995.29;997.95 1014.40;972.48 1032.90
fbx_poly_130_3|101.5|972.48 1032.90;977.12 1017.86;969.60 1015.54/984.08 995.29;997.95 1014.40;972.48 1032.90/984.08 995.29;977.12 1017.86;969.60 1015.54
fbx_poly_130_3|138.7|1068.00 963.53;1018.90 966.95;1016.52 932.82/993.93 968.68;1018.90 966.95;1016.52 932.82/1068.00 963.53;1017.06 1000.53;993.93 968.68
fbx_poly_130_3|64.3|1068.00 963.53;1017.06 1000.53;993.93 968.68/993.93 968.68;1018.90 966.95;1016.52 932.82/1068.00 963.53;1018.90 966.95;1016.52 932.82
fbx_poly_130_3|101.5|993.93 968.68;1018.90 966.95;1016.52 932.82/1068.00 963.53;1018.90 966.95;1016.52 932.82/1068.00 963.53;1017.06 1000.53;993.93 968.68
fbx_poly_130_3|194.4|993.93 968.68;1018.90 966.95;1016.52 932.82/1068.00 963.53;1018.90 966.95;1016.52 932.82/1068.00 963.53;1017.06 1000.53;993.93 968.68
fbx_poly_130_3|157.2|1068.00 963.53;1017.06 1000.53;993.93 968.68/993.93 968.68;1018.90 966.95;1016.52 932.82/1068.00 963.53;1018.90 966.95;1016.52 932.82
fbx_poly_130_3|175.8|1068.00 963.53;1017.06 1000.53;993.93 968.68/1068.00 963.53;1018.90 966.95;1016.52 932.82/993.93 968.68;1018.90 966.95;1016.52 932.82
fbx_poly_130_3|120.1|1068.00 963.53;1018.90 966.95;1016.52 932.82/993.93 968.68;1018.90 966.95;1016.52 932.82/1068.00 963.53;1017.06 1000.53;993.93 968.68
fbx_poly_130_3|82.9|1068.00 963.53;1017.06 1000.53;993.93 968.68/993.93 968.68;1018.90 966.95;1016.52 932.82/1068.00 963.53;1018.90 966.95;1016.52 932.82
fbx_poly_130_3|146.8|970.73 1043.89;995.47 1059.47;989.23 1069.36/1006.59 1066.48;1045.10 1082.86;1042.45 1089.07/1006.59 1066.48;995.47 1059.47;989.23 1069.36/970.73 1043.89;1002.58 1020.77;1048.82 1084.45/1048.82 1084.45;1045.10 1082.86;1042.45 1089.07/970.73 1043.89;1008.22 1063.36;1006.59 1066.48/1048.82 1084.45;1008.22 1063.36;1006.59 1066.48
fbx_poly_130_3|170.6|970.73 1043.89;1002.58 1020.77;1048.82 1084.45/970.73 1043.89;1008.22 1063.36;1006.59 1066.48/1006.59 1066.48;995.47 1059.47;989.23 1069.36/970.73 1043.89;995.47 1059.47;989.23 1069.36/1006.59 1066.48;1045.10 1082.86;1042.45 1089.07/1048.82 1084.45;1045.10 1082.86;1042.45 1089.07/1048.82 1084.45;1008.22 1063.36;1006.59 1066.48
fbx_poly_130_3|123.0|1006.59 1066.48;995.47 1059.47;989.23 1069.36/970.73 1043.89;995.47 1059.47;989.23 1069.36/1048.82 1084.45;1008.22 1063.36;1006.59 1066.48/1048.82 1084.45;1045.10 1082.86;1042.45 1089.07/1006.59 1066.48;1045.10 1082.86;1042.45 1089.07/970.73 1043.89;1008.22 1063.36;1006.59 1066.48/970.73 1043.89;1002.58 1020.77;1048.82 1084.45
fbx_poly_130_3|194.4|1006.59 1066.48;995.47 1059.47;989.23 1069.36/970.73 1043.89;1002.58 1020.77;1048.82 1084.45/1048.82 1084.45;1045.10 1082.86;1042.45 1089.07/970.73 1043.89;995.47 1059.47;989.23 1069.36/1048.82 1084.45;1008.22 1063.36;1006.59 1066.48/1006.59 1066.48;1045.10 1082.86;1042.45 1089.07/970.73 1043.89;1008.22 1063.36;1006.59 1066.48
fbx_poly_130_3|146.8|1079.53 1032.97;1079.12 981.74;1110.23 981.49/1067.93 1070.58;1021.68 1006.89;1078.99 965.27/1078.99 965.27;1079.12 981.74;1110.23 981.49/1099.77 1047.45;1089.65 1040.21;1067.93 1070.58/1079.53 1032.97;1089.65 1040.21;1067.93 1070.58/1078.99 965.27;1071.96 1032.18;1079.53 1032.97/1067.93 1070.58;1071.96 1032.18;1079.53 1032.97
fbx_poly_130_3|123.0|1079.53 1032.97;1089.65 1040.21;1067.93 1070.58/1078.99 965.27;1071.96 1032.18;1079.53 1032.97/1099.77 1047.45;1089.65 1040.21;1067.93 1070.58/1067.93 1070.58;1071.96 1032.18;1079.53 1032.97/1067.93 1070.58;1021.68 1006.89;1078.99 965.27/1079.53 1032.97;1079.12 981.74;1110.23 981.49/1078.99 965.27;1079.12 981.74;1110.23 981.49
fbx_poly_130_3|170.6|1079.53 1032.97;1079.12 981.74;1110.23 981.49/1078.99 965.27;1079.12 981.74;1110.23 981.49/1067.93 1070.58;1021.68 1006.89;1078.99 965.27/1067.93 1070.58;1071.96 1032.18;1079.53 1032.97/1099.77 1047.45;1089.65 1040.21;1067.93 1070.58/1079.53 1032.97;1089.65 1040.21;1067.93 1070.58/1078.99 965.27;1071.96 1032.18;1079.53 1032.97
fbx_poly_130_3|194.4|1078.99 965.27;1079.12 981.74;1110.23 981.49/1067.93 1070.58;1071.96 1032.18;1079.53 1032.97/1067.93 1070.58;1021.68 1006.89;1078.99 965.27/1099.77 1047.45;1089.65 1040.21;1067.93 1070.58/1079.53 1032.97;1079.12 981.74;1110.23 981.49/1078.99 965.27;1071.96 1032.18;1079.53 1032.97/1079.53 1032.97;1089.65 1040.21;1067.93 1070.58
fbx_poly_130_32|91.6|-1105.08 1328.69;-1121.22 1337.48;-1111.63 1355.09/-1097.87 1320.96;-1105.00 1320.89;-1105.08 1328.69/-1180.15 1320.11;-1158.10 1320.34;-1158.01 1311.86/-1141.76 1348.67;-1121.22 1337.48;-1111.63 1355.09/-1180.15 1320.11;-1173.21 1304.92;-1158.01 1311.86/-1158.01 1311.86;-1098.27 1309.76;-1097.87 1320.96/-1179.89 1327.58;-1142.02 1328.14;-1142.16 1337.47/-1105.08 1328.69;-1179.05 1320.24;-1179.89 1327.58/-1105.08 1328.69;-1142.02 1328.14;-1142.16 1337.47/-1097.87 1320.96;-1158.10 1320.34;-1158.01 1311.86/-1180.15 1320.11;-1105.00 1320.89;-1105.08 1328.69/-1180.15 1320.11;-1179.05 1320.24;-1179.89 1327.58/-1141.76 1348.67;-1137.36 1346.28;-1142.16 1337.47/-1105.08 1328.69;-1137.36 1346.27;-1142.16 1337.47
fbx_poly_130_32|115.1|-1105.08 1328.69;-1121.22 1337.48;-1111.63 1355.09/-1180.15 1320.11;-1173.21 1304.92;-1158.01 1311.86/-1158.01 1311.86;-1098.27 1309.76;-1097.87 1320.96/-1105.08 1328.69;-1179.05 1320.24;-1179.89 1327.58/-1105.08 1328.69;-1142.02 1328.14;-1142.16 1337.47/-1141.76 1348.67;-1137.36 1346.28;-1142.16 1337.47/-1179.89 1327.58;-1142.02 1328.14;-1142.16 1337.47/-1097.87 1320.96;-1105.00 1320.89;-1105.08 1328.69/-1180.15 1320.11;-1179.05 1320.24;-1179.89 1327.58/-1105.08 1328.69;-1137.36 1346.27;-1142.16 1337.47/-1141.76 1348.67;-1121.22 1337.48;-1111.63 1355.09/-1180.15 1320.11;-1158.10 1320.34;-1158.01 1311.86/-1180.15 1320.11;-1105.00 1320.89;-1105.08 1328.69/-1097.87 1320.96;-1158.10 1320.34;-1158.01 1311.86
fbx_poly_130_32|132.9|-1173.21 1304.91;-1177.89 1320.78;-1180.15 1320.11/-1179.89 1327.58;-1164.92 1314.18;-1173.21 1304.92/-1179.89 1327.58;-1177.89 1320.78;-1180.15 1320.11/-1158.14 1308.12;-1164.92 1314.18;-1173.21 1304.91/-1179.89 1327.58;-1168.48 1317.37;-1153.49 1334.13/-1158.14 1308.12;-1168.48 1317.37;-1153.49 1334.13
fbx_poly_130_32|115.1|-1158.14 1308.12;-1164.92 1314.18;-1173.21 1304.91/-1179.89 1327.58;-1177.89 1320.78;-1180.15 1320.11/-1179.89 1327.58;-1164.92 1314.18;-1173.21 1304.92/-1158.14 1308.12;-1168.48 1317.37;-1153.49 1334.13/-1179.89 1327.58;-1168.48 1317.37;-1153.49 1334.13/-1173.21 1304.91;-1177.89 1320.78;-1180.15 1320.11
fbx_poly_130_32|150.8|-1179.89 1327.58;-1164.92 1314.18;-1173.21 1304.92/-1179.89 1327.58;-1168.48 1317.37;-1153.49 1334.13/-1179.89 1327.58;-1177.89 1320.78;-1180.15 1320.11/-1158.14 1308.12;-1164.92 1314.18;-1173.21 1304.91/-1158.14 1308.12;-1168.48 1317.37;-1153.49 1334.13/-1173.21 1304.91;-1177.89 1320.78;-1180.15 1320.11
fbx_poly_130_32|132.9|-1141.76 1348.67;-1121.22 1337.48;-1111.63 1355.09/-1105.08 1328.69;-1121.22 1337.48;-1111.63 1355.09/-1146.81 1311.46;-1144.66 1327.31;-1097.87 1320.96/-1141.76 1348.67;-1144.66 1327.31;-1097.87 1320.96/-1146.81 1311.46;-1098.27 1309.76;-1097.87 1320.96/-1097.87 1320.96;-1106.52 1326.42;-1105.08 1328.69/-1141.76 1348.67;-1106.52 1326.42;-1105.08 1328.69
fbx_poly_130_32|115.1|-1097.87 1320.96;-1106.52 1326.42;-1105.08 1328.69/-1141.76 1348.67;-1106.52 1326.42;-1105.08 1328.69/-1141.76 1348.67;-1144.66 1327.31;-1097.87 1320.96/-1141.76 1348.67;-1121.22 1337.48;-1111.63 1355.09/-1105.08 1328.69;-1121.22 1337.48;-1111.63 1355.09/-1146.81 1311.46;-1098.27 1309.76;-1097.87 1320.96/-1146.81 1311.46;-1144.66 1327.31;-1097.87 1320.96
fbx_poly_130_32|150.8|-1146.81 1311.46;-1144.66 1327.31;-1097.87 1320.96/-1146.81 1311.46;-1098.27 1309.76;-1097.87 1320.96/-1097.87 1320.96;-1106.52 1326.42;-1105.08 1328.69/-1105.08 1328.69;-1121.22 1337.48;-1111.63 1355.09/-1141.76 1348.67;-1144.66 1327.31;-1097.87 1320.96/-1141.76 1348.67;-1121.22 1337.48;-1111.63 1355.09/-1141.76 1348.67;-1106.52 1326.42;-1105.08 1328.69
fbx_poly_130_33|139.0|-2072.03 1757.29;-2063.25 1753.16;-2064.28 1750.96/-2034.70 1739.73;-2063.25 1753.16;-2064.28 1750.96/-2034.70 1739.73;-2064.17 1739.43;-2064.28 1750.96/-2073.77 1739.33;-2064.17 1739.43;-2064.28 1750.96/-2087.85 1737.91;-2056.85 1712.60;-2034.70 1739.73/-2034.70 1739.73;-2065.71 1765.04;-2072.03 1757.29/-2073.77 1739.33;-2081.53 1745.66;-2087.85 1737.91/-2034.70 1739.73;-2073.74 1738.39;-2073.77 1739.33/-2087.85 1737.91;-2073.74 1738.39;-2073.77 1739.33
fbx_poly_130_33|160.6|-2087.85 1737.91;-2056.85 1712.60;-2034.70 1739.73/-2034.70 1739.73;-2065.71 1765.04;-2072.03 1757.29/-2034.70 1739.73;-2073.74 1738.39;-2073.77 1739.33/-2087.85 1737.91;-2073.74 1738.39;-2073.77 1739.33/-2073.77 1739.33;-2064.17 1739.43;-2064.28 1750.96/-2034.70 1739.73;-2064.17 1739.43;-2064.28 1750.96/-2034.70 1739.73;-2063.25 1753.16;-2064.28 1750.96/-2073.77 1739.33;-2081.53 1745.66;-2087.85 1737.91/-2072.03 1757.29;-2063.25 1753.16;-2064.28 1750.96
fbx_poly_130_33|117.5|-2034.70 1739.73;-2064.17 1739.43;-2064.28 1750.96/-2073.77 1739.33;-2081.53 1745.66;-2087.85 1737.91/-2073.77 1739.33;-2064.17 1739.43;-2064.28 1750.96/-2087.85 1737.91;-2056.85 1712.60;-2034.70 1739.73/-2034.70 1739.73;-2063.25 1753.16;-2064.28 1750.96/-2072.03 1757.29;-2063.25 1753.16;-2064.28 1750.96/-2034.70 1739.73;-2065.71 1765.04;-2072.03 1757.29/-2034.70 1739.73;-2073.74 1738.39;-2073.77 1739.33/-2087.85 1737.91;-2073.74 1738.39;-2073.77 1739.33
fbx_poly_130_33|139.0|-2018.56 1791.14;-2034.07 1803.80;-2002.74 1810.52;-2018.25 1823.17
fbx_poly_130_33|117.5|-2018.56 1791.14;-2034.07 1803.80;-2002.74 1810.52;-2018.25 1823.17
fbx_poly_130_33|160.6|-2018.56 1791.14;-2034.07 1803.80;-2002.74 1810.52;-2018.25 1823.17
fbx_poly_130_33|117.5|-2029.80 1761.56;-2027.73 1765.95;-2026.63 1765.43/-2021.01 1780.22;-2027.73 1765.95;-2026.63 1765.43/-2037.23 1799.92;-2053.05 1780.54;-2029.80 1761.56/-2029.80 1761.56;-2034.30 1784.83;-2021.73 1787.26/-2037.23 1799.92;-2034.30 1784.83;-2021.73 1787.26/-2029.80 1761.56;-2023.67 1781.06;-2021.02 1780.22/-2021.73 1787.26;-2023.67 1781.06;-2021.01 1780.22
fbx_poly_130_33|142.7|-2021.01 1780.22;-2027.73 1765.95;-2026.63 1765.43/-2037.23 1799.92;-2053.05 1780.54;-2029.80 1761.56/-2029.80 1761.56;-2034.30 1784.83;-2021.73 1787.26/-2029.80 1761.56;-2023.67 1781.06;-2021.02 1780.22/-2037.23 1799.92;-2034.30 1784.83;-2021.73 1787.26/-2029.80 1761.56;-2027.73 1765.95;-2026.63 1765.43/-2021.73 1787.26;-2023.67 1781.06;-2021.01 1780.22
fbx_poly_130_36|91.3|55.60 1883.17;67.91 1896.66;27.44 1933.58/67.91 1896.66;29.60 1935.71;27.44 1933.58/-8.94 1974.99;29.60 1935.71;27.44 1933.58/27.44 1933.58;49.03 1894.93;25.51 1881.79/-8.94 1974.99;27.48 1937.88;64.35 1974.05/55.60 1883.17;49.03 1894.93;25.51 1881.79/67.91 1896.66;27.48 1937.88;64.35 1974.05/-8.94 1974.99;-6.96 1932.00;27.44 1933.58
fbx_poly_130_36|67.4|55.60 1883.17;67.91 1896.66;27.44 1933.58/55.60 1883.17;49.03 1894.93;25.51 1881.79/67.91 1896.66;29.60 1935.71;27.44 1933.58/-8.94 1974.99;27.48 1937.88;64.35 1974.05/-8.94 1974.99;-6.96 1932.00;27.44 1933.58/67.91 1896.66;27.48 1937.88;64.35 1974.05/27.44 1933.58;49.03 1894.93;25.51 1881.79/-8.94 1974.99;29.60 1935.71;27.44 1933.58
fbx_poly_130_36|115.3|55.60 1883.17;67.91 1896.66;27.44 1933.58/27.44 1933.58;49.03 1894.93;25.51 1881.79/-8.94 1974.99;-6.96 1932.00;27.44 1933.58/-8.94 1974.99;27.48 1937.88;64.35 1974.05/67.91 1896.66;27.48 1937.88;64.35 1974.05/55.60 1883.17;49.03 1894.93;25.51 1881.79/-8.94 1974.99;29.60 1935.71;27.44 1933.58/67.91 1896.66;29.60 1935.71;27.44 1933.58
fbx_poly_130_36|142.0|64.35 1974.05;40.63 1926.94;27.44 1933.58/28.82 1903.48;67.51 1905.26;64.35 1974.05/-8.94 1974.99;-6.96 1932.00;27.44 1933.58/64.35 1974.05;27.96 1974.52;27.44 1933.58/-8.94 1974.99;27.96 1974.52;27.44 1933.58/28.82 1903.48;40.63 1926.94;27.44 1933.58
fbx_poly_130_36|115.3|64.35 1974.05;27.96 1974.52;27.44 1933.58/-8.94 1974.99;-6.96 1932.00;27.44 1933.58/-8.94 1974.99;27.96 1974.52;27.44 1933.58/28.82 1903.48;67.51 1905.26;64.35 1974.05/64.35 1974.05;40.63 1926.94;27.44 1933.58/28.82 1903.48;40.63 1926.94;27.44 1933.58
fbx_poly_130_36|168.8|28.82 1903.48;40.63 1926.94;27.44 1933.58/64.35 1974.05;40.63 1926.94;27.44 1933.58/28.82 1903.48;67.51 1905.26;64.35 1974.05/-8.94 1974.99;-6.96 1932.00;27.44 1933.58/-8.94 1974.99;27.96 1974.52;27.44 1933.58/64.35 1974.05;27.96 1974.52;27.44 1933.58
fbx_poly_130_36|125.5|25.31 1886.09;33.89 1922.33;-6.96 1932.00/46.96 1977.56;33.89 1922.33;-6.96 1932.00/46.96 1977.56;50.89 1976.45;25.31 1886.09/46.96 1977.56;-8.94 1974.99;-6.96 1932.00/63.21 1905.06;47.97 1897.43;50.91 1891.57/25.31 1886.09;47.97 1897.43;50.91 1891.57/25.31 1886.09;33.61 1887.86;33.91 1886.48/50.91 1891.57;33.61 1887.86;33.91 1886.48/60.05 1973.85;50.89 1976.45;25.31 1886.09/25.31 1886.09;36.94 1915.46;63.21 1905.06/60.05 1973.85;36.94 1915.46;63.21 1905.06
fbx_poly_130_36|67.4|63.21 1905.06;47.97 1897.43;50.91 1891.57/60.05 1973.85;36.94 1915.46;63.21 1905.06/25.31 1886.09;33.61 1887.86;33.91 1886.48/50.91 1891.57;33.61 1887.86;33.91 1886.48/46.96 1977.56;33.89 1922.33;-6.96 1932.00/46.96 1977.56;-8.94 1974.99;-6.96 1932.00/46.96 1977.56;50.89 1976.45;25.31 1886.09/25.31 1886.09;33.89 1922.33;-6.96 1932.00/60.05 1973.85;50.89 1976.45;25.31 1886.09/25.31 1886.09;47.97 1897.43;50.91 1891.57/25.31 1886.09;36.94 1915.46;63.21 1905.06
fbx_poly_130_36|106.2|46.96 1977.56;50.89 1976.45;25.31 1886.09/25.31 1886.09;36.94 1915.46;63.21 1905.06/60.05 1973.85;50.89 1976.45;25.31 1886.09/46.96 1977.56;-8.94 1974.99;-6.96 1932.00/25.31 1886.09;33.89 1922.33;-6.96 1932.00/46.96 1977.56;33.89 1922.33;-6.96 1932.00/50.91 1891.57;33.61 1887.86;33.91 1886.48/25.31 1886.09;33.61 1887.86;33.91 1886.48/25.31 1886.09;47.97 1897.43;50.91 1891.57/60.05 1973.85;36.94 1915.46;63.21 1905.06/63.21 1905.06;47.97 1897.43;50.91 1891.57
fbx_poly_130_36|203.0|25.31 1886.09;33.89 1922.33;-6.96 1932.00/60.05 1973.85;50.89 1976.45;25.31 1886.09/46.96 1977.56;50.89 1976.45;25.31 1886.09/63.21 1905.06;47.97 1897.43;50.91 1891.57/50.91 1891.57;33.61 1887.86;33.91 1886.48/25.31 1886.09;33.61 1887.86;33.91 1886.48/46.96 1977.56;33.89 1922.33;-6.96 1932.00/46.96 1977.56;-8.94 1974.99;-6.96 1932.00/25.31 1886.09;47.97 1897.43;50.91 1891.57/25.31 1886.09;36.94 1915.46;63.21 1905.06/60.05 1973.85;36.94 1915.46;63.21 1905.06
fbx_poly_130_36|144.9|46.96 1977.56;-8.94 1974.99;-6.96 1932.00/46.96 1977.56;33.89 1922.33;-6.96 1932.00/25.31 1886.09;47.97 1897.43;50.91 1891.57/25.31 1886.09;36.94 1915.46;63.21 1905.06/60.05 1973.85;36.94 1915.46;63.21 1905.06/46.96 1977.56;50.89 1976.45;25.31 1886.09/25.31 1886.09;33.89 1922.33;-6.96 1932.00/60.05 1973.85;50.89 1976.45;25.31 1886.09/50.91 1891.57;33.61 1887.86;33.91 1886.48/25.31 1886.09;33.61 1887.86;33.91 1886.48/63.21 1905.06;47.97 1897.43;50.91 1891.57
fbx_poly_130_36|164.3|60.05 1973.85;50.89 1976.45;25.31 1886.09/46.96 1977.56;50.89 1976.45;25.31 1886.09/25.31 1886.09;36.94 1915.46;63.21 1905.06/46.96 1977.56;-8.94 1974.99;-6.96 1932.00/25.31 1886.09;33.89 1922.33;-6.96 1932.00/46.96 1977.56;33.89 1922.33;-6.96 1932.00/50.91 1891.57;33.61 1887.86;33.91 1886.48/25.31 1886.09;33.61 1887.86;33.91 1886.48/25.31 1886.09;47.97 1897.43;50.91 1891.57/60.05 1973.85;36.94 1915.46;63.21 1905.06/63.21 1905.06;47.97 1897.43;50.91 1891.57
fbx_poly_130_36|86.8|50.91 1891.57;33.61 1887.86;33.91 1886.48/25.31 1886.09;33.61 1887.86;33.91 1886.48/46.96 1977.56;33.89 1922.33;-6.96 1932.00/46.96 1977.56;-8.94 1974.99;-6.96 1932.00/63.21 1905.06;47.97 1897.43;50.91 1891.57/60.05 1973.85;36.94 1915.46;63.21 1905.06/25.31 1886.09;47.97 1897.43;50.91 1891.57/25.31 1886.09;36.94 1915.46;63.21 1905.06/46.96 1977.56;50.89 1976.45;25.31 1886.09/60.05 1973.85;50.89 1976.45;25.31 1886.09/25.31 1886.09;33.89 1922.33;-6.96 1932.00
fbx_poly_130_36|183.7|50.91 1891.57;33.61 1887.86;33.91 1886.48/46.96 1977.56;33.89 1922.33;-6.96 1932.00/25.31 1886.09;33.89 1922.33;-6.96 1932.00/46.96 1977.56;50.89 1976.45;25.31 1886.09/46.96 1977.56;-8.94 1974.99;-6.96 1932.00/25.31 1886.09;47.97 1897.43;50.91 1891.57/63.21 1905.06;47.97 1897.43;50.91 1891.57/25.31 1886.09;33.61 1887.86;33.91 1886.48/60.05 1973.85;50.89 1976.45;25.31 1886.09/25.31 1886.09;36.94 1915.46;63.21 1905.06/60.05 1973.85;36.94 1915.46;63.21 1905.06
fbx_poly_130_36|222.4|46.96 1977.56;33.89 1922.33;-6.96 1932.00/25.31 1886.09;33.89 1922.33;-6.96 1932.00/60.05 1973.85;50.89 1976.45;25.31 1886.09/46.96 1977.56;50.89 1976.45;25.31 1886.09/46.96 1977.56;-8.94 1974.99;-6.96 1932.00/25.31 1886.09;36.94 1915.46;63.21 1905.06/60.05 1973.85;36.94 1915.46;63.21 1905.06/50.91 1891.57;33.61 1887.86;33.91 1886.48/63.21 1905.06;47.97 1897.43;50.91 1891.57/25.31 1886.09;47.97 1897.43;50.91 1891.57/25.31 1886.09;33.61 1887.86;33.91 1886.48
fbx_poly_130_39|83.7|215.27 800.27;200.95 814.05;246.26 832.48;231.95 846.25
fbx_poly_130_39|106.3|215.27 800.27;200.95 814.05;246.26 832.48;231.95 846.25
fbx_poly_130_39|129.0|215.27 800.27;200.95 814.05;246.26 832.48;231.95 846.25
fbx_poly_130_39|61.1|215.27 800.27;200.95 814.05;246.26 832.48;231.95 846.25
fbx_poly_130_39|83.7|249.71 836.06;235.39 849.83;260.04 846.79;245.73 860.57
fbx_poly_130_39|129.0|249.71 836.06;235.39 849.83;260.04 846.79;245.73 860.57
fbx_poly_130_39|106.3|249.71 836.06;235.39 849.83;260.04 846.79;245.73 860.57
fbx_poly_130_39|61.1|249.71 836.06;235.39 849.83;260.04 846.79;245.73 860.57
fbx_poly_130_39|142.0|201.35 792.98;204.93 789.53;211.82 796.69/256.46 850.24;249.31 857.12;197.64 803.45/256.46 850.24;203.04 807.74;211.82 796.69/197.64 803.45;203.04 807.74;211.82 796.69/197.64 803.45;201.35 792.98;211.82 796.69/189.41 866.52;190.08 859.55;189.54 859.49/197.64 803.45;195.33 821.14;193.79 820.94/203.32 873.81;218.16 869.17;197.64 803.45/197.64 803.45;245.86 853.55;235.13 863.88/203.32 873.81;202.96 869.28;192.85 870.10/249.31 857.12;245.86 853.55;235.13 863.88/197.64 803.45;202.96 869.28;192.85 870.10/235.13 863.88;218.16 869.17;197.64 803.45/189.41 866.52;195.33 821.14;193.79 820.94/192.85 870.10;193.09 866.78;189.41 866.52/193.79 820.94;190.08 859.55;189.54 859.49/197.64 803.45;193.09 866.78;189.41 866.52
fbx_poly_130_39|81.3|197.64 803.45;245.86 853.55;235.13 863.88/203.32 873.81;218.16 869.17;197.64 803.45/197.64 803.45;193.09 866.78;189.41 866.52/197.64 803.45;195.33 821.14;193.79 820.94/189.41 866.52;190.08 859.55;189.54 859.49/189.41 866.52;195.33 821.14;193.79 820.94/193.79 820.94;190.08 859.55;189.54 859.49/203.32 873.81;202.96 869.28;192.85 870.10/235.13 863.88;218.16 869.17;197.64 803.45/192.85 870.10;193.09 866.78;189.41 866.52/197.64 803.45;202.96 869.28;192.85 870.10/197.64 803.45;203.04 807.74;211.82 796.69/197.64 803.45;201.35 792.98;211.82 796.69/201.35 792.98;204.93 789.53;211.82 796.69/256.46 850.24;249.31 857.12;197.64 803.45/256.46 850.24;203.04 807.74;211.82 796.69/249.31 857.12;245.86 853.55;235.13 863.88
fbx_poly_130_39|182.5|193.79 820.94;190.08 859.55;189.54 859.49/197.64 803.45;203.04 807.74;211.82 796.69/197.64 803.45;201.35 792.98;211.82 796.69/201.35 792.98;204.93 789.53;211.82 796.69/249.31 857.12;245.86 853.55;235.13 863.88/256.46 850.24;249.31 857.12;197.64 803.45/256.46 850.24;203.04 807.74;211.82 796.69/235.13 863.88;218.16 869.17;197.64 803.45/203.32 873.81;218.16 869.17;197.64 803.45/197.64 803.45;245.86 853.55;235.13 863.88/197.64 803.45;193.09 866.78;189.41 866.52/192.85 870.10;193.09 866.78;189.41 866.52/203.32 873.81;202.96 869.28;192.85 870.10/197.64 803.45;202.96 869.28;192.85 870.10/189.41 866.52;190.08 859.55;189.54 859.49/189.41 866.52;195.33 821.14;193.79 820.94/197.64 803.45;195.33 821.14;193.79 820.94
fbx_poly_130_39|101.6|193.79 820.94;190.08 859.55;189.54 859.49/192.85 870.10;193.09 866.78;189.41 866.52/197.64 803.45;193.09 866.78;189.41 866.52/197.64 803.45;202.96 869.28;192.85 870.10/189.41 866.52;190.08 859.55;189.54 859.49/189.41 866.52;195.33 821.14;193.79 820.94/197.64 803.45;195.33 821.14;193.79 820.94/256.46 850.24;203.04 807.74;211.82 796.69/256.46 850.24;249.31 857.12;197.64 803.45/203.32 873.81;218.16 869.17;197.64 803.45/197.64 803.45;245.86 853.55;235.13 863.88/249.31 857.12;245.86 853.55;235.13 863.88/235.13 863.88;218.16 869.17;197.64 803.45/203.32 873.81;202.96 869.28;192.85 870.10/197.64 803.45;201.35 792.98;211.82 796.69/201.35 792.98;204.93 789.53;211.82 796.69/197.64 803.45;203.04 807.74;211.82 796.69
fbx_poly_130_39|162.3|189.41 866.52;190.08 859.55;189.54 859.49/193.79 820.94;190.08 859.55;189.54 859.49/201.35 792.98;204.93 789.53;211.82 796.69/197.64 803.45;201.35 792.98;211.82 796.69/192.85 870.10;193.09 866.78;189.41 866.52/197.64 803.45;202.96 869.28;192.85 870.10/203.32 873.81;202.96 869.28;192.85 870.10/235.13 863.88;218.16 869.17;197.64 803.45/197.64 803.45;195.33 821.14;193.79 820.94/189.41 866.52;195.33 821.14;193.79 820.94/197.64 803.45;193.09 866.78;189.41 866.52/256.46 850.24;249.31 857.12;197.64 803.45/256.46 850.24;203.04 807.74;211.82 796.69/197.64 803.45;203.04 807.74;211.82 796.69/203.32 873.81;218.16 869.17;197.64 803.45/197.64 803.45;245.86 853.55;235.13 863.88/249.31 857.12;245.86 853.55;235.13 863.88
fbx_poly_130_39|121.8|235.13 863.88;218.16 869.17;197.64 803.45/203.32 873.81;202.96 869.28;192.85 870.10/203.32 873.81;218.16 869.17;197.64 803.45/197.64 803.45;203.04 807.74;211.82 796.69/256.46 850.24;203.04 807.74;211.82 796.69/197.64 803.45;201.35 792.98;211.82 796.69/197.64 803.45;245.86 853.55;235.13 863.88/256.46 850.24;249.31 857.12;197.64 803.45/249.31 857.12;245.86 853.55;235.13 863.88/201.35 792.98;204.93 789.53;211.82 796.69/189.41 866.52;195.33 821.14;193.79 820.94/197.64 803.45;202.96 869.28;192.85 870.10/192.85 870.10;193.09 866.78;189.41 866.52/197.64 803.45;193.09 866.78;189.41 866.52/193.79 820.94;190.08 859.55;189.54 859.49/197.64 803.45;195.33 821.14;193.79 820.94/189.41 866.52;190.08 859.55;189.54 859.49
fbx_poly_130_39|61.1|197.64 803.45;201.35 792.98;211.82 796.69/256.46 850.24;249.31 857.12;197.64 803.45/256.46 850.24;203.04 807.74;211.82 796.69/203.32 873.81;218.16 869.17;197.64 803.45/197.64 803.45;245.86 853.55;235.13 863.88/235.13 863.88;218.16 869.17;197.64 803.45/249.31 857.12;245.86 853.55;235.13 863.88/201.35 792.98;204.93 789.53;211.82 796.69/203.32 873.81;202.96 869.28;192.85 870.10/192.85 870.10;193.09 866.78;189.41 866.52/197.64 803.45;193.09 866.78;189.41 866.52/197.64 803.45;202.96 869.28;192.85 870.10/197.64 803.45;203.04 807.74;211.82 796.69/197.64 803.45;195.33 821.14;193.79 820.94/189.41 866.52;195.33 821.14;193.79 820.94/193.79 820.94;190.08 859.55;189.54 859.49/189.41 866.52;190.08 859.55;189.54 859.49
fbx_poly_130_40|178.8|269.66 962.20;275.49 964.14;279.97 950.66/388.05 1001.58;267.84 968.88;269.66 962.20/388.05 1001.58;275.49 964.14;279.97 950.66/406.81 906.27;401.86 931.43;372.83 925.71/372.83 925.71;380.10 899.00;406.81 906.27/388.05 1001.58;401.86 931.43;372.83 925.71/388.05 1001.58;357.95 932.16;372.83 925.71/388.05 1001.58;368.27 955.96;331.58 971.87/352.79 920.26;368.27 955.96;331.58 971.87/279.97 950.66;330.39 974.41;331.58 971.87/388.05 1001.58;330.39 974.41;331.58 971.87/352.79 920.26;357.95 932.16;372.83 925.71
fbx_poly_130_40|125.3|388.05 1001.58;267.84 968.88;269.66 962.20/372.83 925.71;380.10 899.00;406.81 906.27/388.05 1001.58;401.86 931.43;372.83 925.71/406.81 906.27;401.86 931.43;372.83 925.71/269.66 962.20;275.49 964.14;279.97 950.66/388.05 1001.58;275.49 964.14;279.97 950.66/352.79 920.26;357.95 932.16;372.83 925.71/388.05 1001.58;357.95 932.16;372.83 925.71/388.05 1001.58;368.27 955.96;331.58 971.87/352.79 920.26;368.27 955.96;331.58 971.87/279.97 950.66;330.39 974.41;331.58 971.87/388.05 1001.58;330.39 974.41;331.58 971.87
fbx_poly_130_40|161.0|279.97 950.66;330.39 974.41;331.58 971.87/388.05 1001.58;330.39 974.41;331.58 971.87/372.83 925.71;380.10 899.00;406.81 906.27/388.05 1001.58;401.86 931.43;372.83 925.71/406.81 906.27;401.86 931.43;372.83 925.71/269.66 962.20;275.49 964.14;279.97 950.66/388.05 1001.58;275.49 964.14;279.97 950.66/352.79 920.26;368.27 955.96;331.58 971.87/352.79 920.26;357.95 932.16;372.83 925.71/388.05 1001.58;357.95 932.16;372.83 925.71/388.05 1001.58;368.27 955.96;331.58 971.87/388.05 1001.58;267.84 968.88;269.66 962.20
fbx_poly_130_40|143.1|352.79 920.26;368.27 955.96;331.58 971.87/388.05 1001.58;330.39 974.41;331.58 971.87/388.05 1001.58;368.27 955.96;331.58 971.87/279.97 950.66;330.39 974.41;331.58 971.87/388.05 1001.58;275.49 964.14;279.97 950.66/352.79 920.26;357.95 932.16;372.83 925.71/406.81 906.27;401.86 931.43;372.83 925.71/388.05 1001.58;357.95 932.16;372.83 925.71/372.83 925.71;380.10 899.00;406.81 906.27/388.05 1001.58;267.84 968.88;269.66 962.20/388.05 1001.58;401.86 931.43;372.83 925.71/269.66 962.20;275.49 964.14;279.97 950.66
fbx_poly_130_40|196.7|372.83 925.71;380.10 899.00;406.81 906.27/269.66 962.20;275.49 964.14;279.97 950.66/388.05 1001.58;267.84 968.88;269.66 962.20/388.05 1001.58;401.86 931.43;372.83 925.71/406.81 906.27;401.86 931.43;372.83 925.71/352.79 920.26;357.95 932.16;372.83 925.71/388.05 1001.58;357.95 932.16;372.83 925.71/279.97 950.66;330.39 974.41;331.58 971.87/388.05 1001.58;275.49 964.14;279.97 950.66/388.05 1001.58;330.39 974.41;331.58 971.87/388.05 1001.58;368.27 955.96;331.58 971.87/352.79 920.26;368.27 955.96;331.58 971.87
fbx_poly_130_40|89.6|352.79 920.26;357.95 932.16;372.83 925.71/388.05 1001.58;357.95 932.16;372.83 925.71/388.05 1001.58;368.27 955.96;331.58 971.87/352.79 920.26;368.27 955.96;331.58 971.87/279.97 950.66;330.39 974.41;331.58 971.87/388.05 1001.58;330.39 974.41;331.58 971.87/388.05 1001.58;401.86 931.43;372.83 925.71/406.81 906.27;401.86 931.43;372.83 925.71/269.66 962.20;275.49 964.14;279.97 950.66/388.05 1001.58;275.49 964.14;279.97 950.66/372.83 925.71;380.10 899.00;406.81 906.27/388.05 1001.58;267.84 968.88;269.66 962.20
fbx_poly_130_40|107.4|388.05 1001.58;267.84 968.88;269.66 962.20/372.83 925.71;380.10 899.00;406.81 906.27/388.05 1001.58;401.86 931.43;372.83 925.71/406.81 906.27;401.86 931.43;372.83 925.71/269.66 962.20;275.49 964.14;279.97 950.66/388.05 1001.58;275.49 964.14;279.97 950.66/352.79 920.26;357.95 932.16;372.83 925.71/388.05 1001.58;330.39 974.41;331.58 971.87/352.79 920.26;368.27 955.96;331.58 971.87/388.05 1001.58;368.27 955.96;331.58 971.87/279.97 950.66;330.39 974.41;331.58 971.87/388.05 1001.58;357.95 932.16;372.83 925.71
fbx_poly_130_40|178.8|386.24 1008.26;356.85 1013.43;365.02 1059.87/258.17 1030.80;356.85 1013.43;365.02 1059.87/386.24 1008.26;275.22 1027.80;266.03 975.56/258.17 1030.80;275.22 1027.80;266.03 975.56
fbx_poly_130_40|125.3|258.17 1030.80;356.85 1013.43;365.02 1059.87/386.24 1008.26;275.22 1027.80;266.03 975.56/386.24 1008.26;356.85 1013.43;365.02 1059.87/258.17 1030.80;275.22 1027.80;266.03 975.56
fbx_poly_130_40|161.0|258.17 1030.80;275.22 1027.80;266.03 975.56/258.17 1030.80;356.85 1013.43;365.02 1059.87/386.24 1008.26;275.22 1027.80;266.03 975.56/386.24 1008.26;356.85 1013.43;365.02 1059.87
fbx_poly_130_40|143.1|258.17 1030.80;275.22 1027.80;266.03 975.56/386.24 1008.26;275.22 1027.80;266.03 975.56/258.17 1030.80;356.85 1013.43;365.02 1059.87/386.24 1008.26;356.85 1013.43;365.02 1059.87
fbx_poly_130_40|89.6|258.17 1030.80;275.22 1027.80;266.03 975.56/386.24 1008.26;275.22 1027.80;266.03 975.56/386.24 1008.26;356.85 1013.43;365.02 1059.87/258.17 1030.80;356.85 1013.43;365.02 1059.87
fbx_poly_130_40|107.4|258.17 1030.80;356.85 1013.43;365.02 1059.87/386.24 1008.26;356.85 1013.43;365.02 1059.87/258.17 1030.80;275.22 1027.80;266.03 975.56/386.24 1008.26;275.22 1027.80;266.03 975.56
fbx_poly_130_40|89.6|380.10 899.00;308.17 976.75;279.97 950.66/279.97 950.66;261.80 1017.44;255.13 1015.63/258.17 1030.80;261.80 1017.44;255.13 1015.63/258.17 1030.80;388.06 921.97;404.40 941.48/258.17 1030.80;308.17 976.75;279.97 950.66/406.81 906.27;394.69 916.42;380.10 899.00/258.17 1030.80;394.69 916.42;380.10 899.00/404.40 941.48;339.99 980.82;377.15 1041.65/406.81 906.27;388.06 921.97;404.40 941.48/258.17 1030.80;339.99 980.82;377.15 1041.65/377.15 1041.65;366.77 1040.70;365.02 1059.87/258.17 1030.80;366.77 1040.70;365.02 1059.87/255.13 1015.63;274.81 964.17;269.66 962.20/279.97 950.66;274.81 964.17;269.66 962.20
fbx_poly_130_40|59.2|258.17 1030.80;308.17 976.75;279.97 950.66/406.81 906.27;394.69 916.42;380.10 899.00/380.10 899.00;308.17 976.75;279.97 950.66/258.17 1030.80;261.80 1017.44;255.13 1015.63/258.17 1030.80;388.06 921.97;404.40 941.48/406.81 906.27;388.06 921.97;404.40 941.48/258.17 1030.80;394.69 916.42;380.10 899.00/404.40 941.48;339.99 980.82;377.15 1041.65/258.17 1030.80;366.77 1040.70;365.02 1059.87/258.17 1030.80;339.99 980.82;377.15 1041.65/377.15 1041.65;366.77 1040.70;365.02 1059.87/279.97 950.66;261.80 1017.44;255.13 1015.63/255.13 1015.63;274.81 964.17;269.66 962.20/279.97 950.66;274.81 964.17;269.66 962.20
fbx_poly_130_41|69.8|1015.39 1422.39;1028.27 1437.37;1052.84 1390.19;1065.72 1405.17
fbx_poly_130_41|129.8|1015.39 1422.39;1028.27 1437.37;1052.84 1390.19;1065.72 1405.17
fbx_poly_130_41|109.8|1015.39 1422.39;1028.27 1437.37;1052.84 1390.19;1065.72 1405.17
fbx_poly_130_41|89.8|1015.39 1422.39;1028.27 1437.37;1052.84 1390.19;1065.72 1405.17
fbx_poly_130_41|129.8|1036.85 1447.36;1030.42 1439.87;1067.87 1407.67/1034.40 1479.86;1036.69 1474.91;1025.82 1469.87/1067.87 1407.67;1089.33 1432.64;1034.40 1479.86/1036.85 1447.36;1028.29 1464.82;1024.02 1462.73/1067.87 1407.67;1036.69 1474.91;1025.82 1469.87/1025.82 1469.87;1039.73 1449.30;1036.85 1447.36/1025.82 1469.87;1028.29 1464.82;1024.02 1462.73/1067.87 1407.67;1039.73 1449.30;1036.85 1447.36
fbx_poly_130_41|112.0|1025.82 1469.87;1028.29 1464.82;1024.02 1462.73/1067.87 1407.67;1039.73 1449.30;1036.85 1447.36/1034.40 1479.86;1036.69 1474.91;1025.82 1469.87/1036.85 1447.36;1028.29 1464.82;1024.02 1462.73/1067.87 1407.67;1089.33 1432.64;1034.40 1479.86/1067.87 1407.67;1036.69 1474.91;1025.82 1469.87/1025.82 1469.87;1039.73 1449.30;1036.85 1447.36/1036.85 1447.36;1030.42 1439.87;1067.87 1407.67
fbx_poly_130_41|94.1|1025.82 1469.87;1039.73 1449.30;1036.85 1447.36/1036.85 1447.36;1030.42 1439.87;1067.87 1407.67/1034.40 1479.86;1036.69 1474.91;1025.82 1469.87/1067.87 1407.67;1039.73 1449.30;1036.85 1447.36/1025.82 1469.87;1028.29 1464.82;1024.02 1462.73/1067.87 1407.67;1036.69 1474.91;1025.82 1469.87/1067.87 1407.67;1089.33 1432.64;1034.40 1479.86/1036.85 1447.36;1028.29 1464.82;1024.02 1462.73
fbx_poly_130_41|129.8|1034.40 1479.86;1030.58 1468.30;1025.82 1469.87/1052.84 1390.19;1044.97 1428.47;1015.39 1422.39/1034.40 1479.86;1044.97 1428.47;1015.39 1422.39/1052.84 1390.19;1089.33 1432.64;1034.40 1479.86/1015.39 1422.39;1024.24 1462.68;1024.02 1462.73/1025.82 1469.87;1024.24 1462.68;1024.02 1462.73/1015.39 1422.39;1030.58 1468.30;1025.82 1469.87
fbx_poly_130_41|183.4|1052.84 1390.19;1089.33 1432.64;1034.40 1479.86/1015.39 1422.39;1030.58 1468.30;1025.82 1469.87/1025.82 1469.87;1024.24 1462.68;1024.02 1462.73/1015.39 1422.39;1024.24 1462.68;1024.02 1462.73/1034.40 1479.86;1044.97 1428.47;1015.39 1422.39/1052.84 1390.19;1044.97 1428.47;1015.39 1422.39/1034.40 1479.86;1030.58 1468.30;1025.82 1469.87
fbx_poly_130_41|156.6|1015.39 1422.39;1030.58 1468.30;1025.82 1469.87/1015.39 1422.39;1024.24 1462.68;1024.02 1462.73/1025.82 1469.87;1024.24 1462.68;1024.02 1462.73/1034.40 1479.86;1044.97 1428.47;1015.39 1422.39/1034.40 1479.86;1030.58 1468.30;1025.82 1469.87/1052.84 1390.19;1044.97 1428.47;1015.39 1422.39/1052.84 1390.19;1089.33 1432.64;1034.40 1479.86
fbx_poly_130_42|68.3|1197.23 1494.41;1241.17 1451.96;1243.66 1454.54/1155.18 1476.74;1179.91 1417.87;1247.20 1446.13/1155.18 1476.74;1187.75 1465.91;1197.23 1494.41/1247.20 1446.13;1241.17 1451.96;1243.66 1454.54/1247.20 1446.13;1187.75 1465.91;1197.23 1494.41
fbx_poly_130_42|121.5|1155.18 1476.74;1187.75 1465.91;1197.23 1494.41/1247.20 1446.13;1241.17 1451.96;1243.66 1454.54/1247.20 1446.13;1187.75 1465.91;1197.23 1494.41/1197.23 1494.41;1241.17 1451.96;1243.66 1454.54/1155.18 1476.74;1179.91 1417.87;1247.20 1446.13
fbx_poly_130_42|94.9|1247.20 1446.13;1241.17 1451.96;1243.66 1454.54/1247.20 1446.13;1187.75 1465.91;1197.23 1494.41/1155.18 1476.74;1179.91 1417.87;1247.20 1446.13/1155.18 1476.74;1187.75 1465.91;1197.23 1494.41/1197.23 1494.41;1241.17 1451.96;1243.66 1454.54
fbx_poly_130_42|68.3|1136.17 1498.44;1151.36 1511.75;1149.46 1513.92/1169.81 1512.57;1161.40 1509.04;1157.87 1517.45/1157.87 1517.45;1151.36 1511.75;1149.46 1513.92/1173.34 1504.16;1169.81 1512.57;1136.17 1498.44/1136.17 1498.44;1139.70 1490.03;1173.34 1504.16/1136.17 1498.44;1161.40 1509.04;1157.87 1517.45
fbx_poly_130_42|172.1|1173.34 1504.16;1169.81 1512.57;1136.17 1498.44/1169.81 1512.57;1161.40 1509.04;1157.87 1517.45/1136.17 1498.44;1139.70 1490.03;1173.34 1504.16/1136.17 1498.44;1151.36 1511.75;1149.46 1513.92/1157.87 1517.45;1151.36 1511.75;1149.46 1513.92/1136.17 1498.44;1161.40 1509.04;1157.87 1517.45
fbx_poly_130_42|151.4|1136.17 1498.44;1161.40 1509.04;1157.87 1517.45/1169.81 1512.57;1161.40 1509.04;1157.87 1517.45/1136.17 1498.44;1139.70 1490.03;1173.34 1504.16/1173.34 1504.16;1169.81 1512.57;1136.17 1498.44/1136.17 1498.44;1151.36 1511.75;1149.46 1513.92/1157.87 1517.45;1151.36 1511.75;1149.46 1513.92
fbx_poly_130_42|192.9|1136.17 1498.44;1151.36 1511.75;1149.46 1513.92/1169.81 1512.57;1161.40 1509.04;1157.87 1517.45/1157.87 1517.45;1151.36 1511.75;1149.46 1513.92/1136.17 1498.44;1161.40 1509.04;1157.87 1517.45/1136.17 1498.44;1139.70 1490.03;1173.34 1504.16/1173.34 1504.16;1169.81 1512.57;1136.17 1498.44
fbx_poly_130_42|109.8|1136.17 1498.44;1161.40 1509.04;1157.87 1517.45/1169.81 1512.57;1161.40 1509.04;1157.87 1517.45/1173.34 1504.16;1169.81 1512.57;1136.17 1498.44/1136.17 1498.44;1139.70 1490.03;1173.34 1504.16/1157.87 1517.45;1151.36 1511.75;1149.46 1513.92/1136.17 1498.44;1151.36 1511.75;1149.46 1513.92
fbx_poly_130_42|130.6|1173.34 1504.16;1169.81 1512.57;1136.17 1498.44/1136.17 1498.44;1139.70 1490.03;1173.34 1504.16/1169.81 1512.57;1161.40 1509.04;1157.87 1517.45/1136.17 1498.44;1161.40 1509.04;1157.87 1517.45/1157.87 1517.45;1151.36 1511.75;1149.46 1513.92/1136.17 1498.44;1151.36 1511.75;1149.46 1513.92
fbx_poly_130_42|89.0|1157.87 1517.45;1151.36 1511.75;1149.46 1513.92/1173.34 1504.16;1169.81 1512.57;1136.17 1498.44/1169.81 1512.57;1161.40 1509.04;1157.87 1517.45/1136.17 1498.44;1161.40 1509.04;1157.87 1517.45/1136.17 1498.44;1151.36 1511.75;1149.46 1513.92/1136.17 1498.44;1139.70 1490.03;1173.34 1504.16
fbx_poly_130_42|192.9|1058.29 1495.41;1060.72 1501.38;1114.47 1479.43/1063.16 1507.35;1060.72 1501.38;1114.47 1479.43/1114.47 1479.43;1068.17 1504.63;1071.57 1510.88/1063.16 1507.35;1068.17 1504.63;1071.57 1510.88/1058.29 1495.41;1072.42 1461.76;1114.47 1479.43/1071.57 1510.88;1108.16 1484.06;1110.94 1487.84/1114.47 1479.43;1108.16 1484.06;1110.94 1487.84/1071.57 1510.88;1082.60 1504.43;1083.52 1506.01/1110.94 1487.84;1082.60 1504.43;1083.52 1506.01
fbx_poly_130_42|109.8|1058.29 1495.41;1072.42 1461.76;1114.47 1479.43/1058.29 1495.41;1060.72 1501.38;1114.47 1479.43/1063.16 1507.35;1060.72 1501.38;1114.47 1479.43/1071.57 1510.88;1108.16 1484.06;1110.94 1487.84/1110.94 1487.84;1082.60 1504.43;1083.52 1506.01/1114.47 1479.43;1068.17 1504.63;1071.57 1510.88/1071.57 1510.88;1082.60 1504.43;1083.52 1506.01/1114.47 1479.43;1108.16 1484.06;1110.94 1487.84/1063.16 1507.35;1068.17 1504.63;1071.57 1510.88
fbx_poly_130_42|151.4|1063.16 1507.35;1068.17 1504.63;1071.57 1510.88/1114.47 1479.43;1108.16 1484.06;1110.94 1487.84/1071.57 1510.88;1108.16 1484.06;1110.94 1487.84/1058.29 1495.41;1060.72 1501.38;1114.47 1479.43/1063.16 1507.35;1060.72 1501.38;1114.47 1479.43/1114.47 1479.43;1068.17 1504.63;1071.57 1510.88/1071.57 1510.88;1082.60 1504.43;1083.52 1506.01/1110.94 1487.84;1082.60 1504.43;1083.52 1506.01/1058.29 1495.41;1072.42 1461.76;1114.47 1479.43
fbx_poly_130_42|68.3|1071.57 1510.88;1082.60 1504.43;1083.52 1506.01/1110.94 1487.84;1082.60 1504.43;1083.52 1506.01/1071.57 1510.88;1108.16 1484.06;1110.94 1487.84/1114.47 1479.43;1068.17 1504.63;1071.57 1510.88/1114.47 1479.43;1108.16 1484.06;1110.94 1487.84/1058.29 1495.41;1060.72 1501.38;1114.47 1479.43/1063.16 1507.35;1068.17 1504.63;1071.57 1510.88/1058.29 1495.41;1072.42 1461.76;1114.47 1479.43/1063.16 1507.35;1060.72 1501.38;1114.47 1479.43
fbx_poly_130_42|172.1|1063.16 1507.35;1068.17 1504.63;1071.57 1510.88/1114.47 1479.43;1068.17 1504.63;1071.57 1510.88/1114.47 1479.43;1108.16 1484.06;1110.94 1487.84/1110.94 1487.84;1082.60 1504.43;1083.52 1506.01/1071.57 1510.88;1108.16 1484.06;1110.94 1487.84/1071.57 1510.88;1082.60 1504.43;1083.52 1506.01/1058.29 1495.41;1060.72 1501.38;1114.47 1479.43/1058.29 1495.41;1072.42 1461.76;1114.47 1479.43/1063.16 1507.35;1060.72 1501.38;1114.47 1479.43
fbx_poly_130_42|130.6|1071.57 1510.88;1082.60 1504.43;1083.52 1506.01/1110.94 1487.84;1082.60 1504.43;1083.52 1506.01/1114.47 1479.43;1108.16 1484.06;1110.94 1487.84/1071.57 1510.88;1108.16 1484.06;1110.94 1487.84/1058.29 1495.41;1060.72 1501.38;1114.47 1479.43/1058.29 1495.41;1072.42 1461.76;1114.47 1479.43/1063.16 1507.35;1068.17 1504.63;1071.57 1510.88/1114.47 1479.43;1068.17 1504.63;1071.57 1510.88/1063.16 1507.35;1060.72 1501.38;1114.47 1479.43
fbx_poly_130_42|89.0|1071.57 1510.88;1082.60 1504.43;1083.52 1506.01/1114.47 1479.43;1108.16 1484.06;1110.94 1487.84/1071.57 1510.88;1108.16 1484.06;1110.94 1487.84/1110.94 1487.84;1082.60 1504.43;1083.52 1506.01/1063.16 1507.35;1060.72 1501.38;1114.47 1479.43/1063.16 1507.35;1068.17 1504.63;1071.57 1510.88/1058.29 1495.41;1072.42 1461.76;1114.47 1479.43/1114.47 1479.43;1068.17 1504.63;1071.57 1510.88/1058.29 1495.41;1060.72 1501.38;1114.47 1479.43
fbx_poly_130_43|99.9|1322.06 1706.27;1365.17 1726.85;1349.05 1760.62/1434.87 1760.13;1365.17 1726.85;1349.05 1760.62/1434.87 1760.13;1430.83 1763.05;1433.75 1767.09/1434.87 1760.13;1378.28 1801.04;1349.05 1760.62/1378.28 1801.04;1430.83 1763.05;1433.75 1767.09/1378.28 1801.04;1429.51 1769.69;1429.71 1770.01/1433.75 1767.09;1429.51 1769.69;1429.71 1770.01/1322.06 1706.27;1370.57 1671.19;1434.87 1760.13
fbx_poly_130_43|70.2|1378.28 1801.04;1429.51 1769.69;1429.71 1770.01/1433.75 1767.09;1429.51 1769.69;1429.71 1770.01/1434.87 1760.13;1430.83 1763.05;1433.75 1767.09/1434.87 1760.13;1378.28 1801.04;1349.05 1760.62/1378.28 1801.04;1430.83 1763.05;1433.75 1767.09/1322.06 1706.27;1365.17 1726.85;1349.05 1760.62/1322.06 1706.27;1370.57 1671.19;1434.87 1760.13/1434.87 1760.13;1365.17 1726.85;1349.05 1760.62
fbx_poly_130_43|153.4|1372.87 1768.02;1360.74 1776.79;1390.41 1792.27;1378.28 1801.04
fbx_poly_130_43|99.9|1372.87 1768.02;1360.74 1776.79;1390.41 1792.27;1378.28 1801.04
fbx_poly_130_43|126.6|1372.87 1768.02;1360.74 1776.79;1390.41 1792.27;1378.28 1801.04
fbx_poly_130_43|117.7|1354.40 1682.88;1322.06 1706.27;1386.55 1727.35;1354.21 1750.73
fbx_poly_130_43|153.4|1354.40 1682.88;1322.06 1706.27;1386.55 1727.35;1354.21 1750.73
fbx_poly_130_43|171.3|1354.40 1682.88;1322.06 1706.27;1386.55 1727.35;1354.21 1750.73
fbx_poly_130_43|207.0|1354.40 1682.88;1322.06 1706.27;1386.55 1727.35;1354.21 1750.73
fbx_poly_130_43|189.1|1354.40 1682.88;1322.06 1706.27;1386.55 1727.35;1354.21 1750.73
fbx_poly_130_43|135.6|1354.40 1682.88;1322.06 1706.27;1386.55 1727.35;1354.21 1750.73
fbx_poly_130_44|134.7|1378.56 2099.67;1374.00 2131.63;1347.84 2127.90/1437.51 2102.15;1404.00 2130.13;1378.56 2099.67/1370.18 2158.37;1404.00 2130.13;1378.56 2099.67/1370.18 2158.37;1374.00 2131.63;1347.84 2127.90
fbx_poly_130_44|155.0|1378.56 2099.67;1374.00 2131.63;1347.84 2127.90/1370.18 2158.37;1374.00 2131.63;1347.84 2127.90/1437.51 2102.15;1404.00 2130.13;1378.56 2099.67/1370.18 2158.37;1404.00 2130.13;1378.56 2099.67
fbx_poly_130_44|73.8|1378.56 2099.67;1374.00 2131.63;1347.84 2127.90/1370.18 2158.37;1374.00 2131.63;1347.84 2127.90/1370.18 2158.37;1404.00 2130.13;1378.56 2099.67/1437.51 2102.15;1404.00 2130.13;1378.56 2099.67
fbx_poly_130_44|114.4|1378.56 2099.67;1374.00 2131.63;1347.84 2127.90/1370.18 2158.37;1374.00 2131.63;1347.84 2127.90/1437.51 2102.15;1404.00 2130.13;1378.56 2099.67/1370.18 2158.37;1404.00 2130.13;1378.56 2099.67
fbx_poly_130_44|175.3|1378.56 2099.67;1374.00 2131.63;1347.84 2127.90/1437.51 2102.15;1404.00 2130.13;1378.56 2099.67/1370.18 2158.37;1374.00 2131.63;1347.84 2127.90/1370.18 2158.37;1404.00 2130.13;1378.56 2099.67
fbx_poly_130_44|94.1|1378.56 2099.67;1374.00 2131.63;1347.84 2127.90/1370.18 2158.37;1374.00 2131.63;1347.84 2127.90/1437.51 2102.15;1404.00 2130.13;1378.56 2099.67/1370.18 2158.37;1404.00 2130.13;1378.56 2099.67
fbx_poly_130_44|134.7|1480.51 2062.63;1439.25 2056.74;1439.50 2054.99/1480.51 2062.63;1422.36 2065.45;1421.81 2054.25/1421.81 2054.25;1439.25 2056.74;1439.50 2054.99/1480.51 2062.63;1480.26 2068.52;1415.42 2065.79/1415.42 2065.79;1422.36 2065.45;1421.81 2054.25/1446.39 2031.66;1454.22 2038.77;1439.50 2054.99/1480.51 2062.63;1454.22 2038.77;1439.50 2054.99
fbx_poly_130_44|155.0|1480.51 2062.63;1480.26 2068.52;1415.42 2065.79/1480.51 2062.63;1454.22 2038.77;1439.50 2054.99/1446.39 2031.66;1454.22 2038.77;1439.50 2054.99/1480.51 2062.63;1439.25 2056.74;1439.50 2054.99/1421.81 2054.25;1439.25 2056.74;1439.50 2054.99/1480.51 2062.63;1422.36 2065.45;1421.81 2054.25/1415.42 2065.79;1422.36 2065.45;1421.81 2054.25
fbx_poly_130_44|73.8|1480.51 2062.63;1480.26 2068.52;1415.42 2065.79/1415.42 2065.79;1422.36 2065.45;1421.81 2054.25/1480.51 2062.63;1454.22 2038.77;1439.50 2054.99/1421.81 2054.25;1439.25 2056.74;1439.50 2054.99/1480.51 2062.63;1422.36 2065.45;1421.81 2054.25/1446.39 2031.66;1454.22 2038.77;1439.50 2054.99/1480.51 2062.63;1439.25 2056.74;1439.50 2054.99
fbx_poly_130_44|114.4|1480.51 2062.63;1480.26 2068.52;1415.42 2065.79/1480.51 2062.63;1422.36 2065.45;1421.81 2054.25/1415.42 2065.79;1422.36 2065.45;1421.81 2054.25/1480.51 2062.63;1454.22 2038.77;1439.50 2054.99/1446.39 2031.66;1454.22 2038.77;1439.50 2054.99/1480.51 2062.63;1439.25 2056.74;1439.50 2054.99/1421.81 2054.25;1439.25 2056.74;1439.50 2054.99
fbx_poly_130_44|175.3|1480.51 2062.63;1454.22 2038.77;1439.50 2054.99/1446.39 2031.66;1454.22 2038.77;1439.50 2054.99/1415.42 2065.79;1422.36 2065.45;1421.81 2054.25/1480.51 2062.63;1422.36 2065.45;1421.81 2054.25/1421.81 2054.25;1439.25 2056.74;1439.50 2054.99/1480.51 2062.63;1439.25 2056.74;1439.50 2054.99/1480.51 2062.63;1480.26 2068.52;1415.42 2065.79
fbx_poly_130_44|94.1|1421.81 2054.25;1439.25 2056.74;1439.50 2054.99/1480.51 2062.63;1439.25 2056.74;1439.50 2054.99/1480.51 2062.63;1480.26 2068.52;1415.42 2065.79/1480.51 2062.63;1422.36 2065.45;1421.81 2054.25/1480.51 2062.63;1454.22 2038.77;1439.50 2054.99/1415.42 2065.79;1422.36 2065.45;1421.81 2054.25/1446.39 2031.66;1454.22 2038.77;1439.50 2054.99
fbx_poly_130_44|93.7|1467.98 2079.82;1440.44 2076.14;1446.39 2031.66/1403.38 2071.19;1440.44 2076.14;1446.39 2031.66/1446.39 2031.66;1480.26 2068.52;1467.98 2079.82/1452.28 2031.91;1477.51 2064.92;1480.51 2062.63/1467.98 2079.82;1403.13 2077.08;1403.38 2071.19/1446.39 2031.66;1449.21 2034.73;1452.28 2031.91/1480.26 2068.52;1449.21 2034.73;1452.28 2031.91/1480.26 2068.52;1477.51 2064.92;1480.51 2062.63
fbx_poly_130_44|153.3|1480.26 2068.52;1449.21 2034.73;1452.28 2031.91/1480.26 2068.52;1477.51 2064.92;1480.51 2062.63/1452.28 2031.91;1477.51 2064.92;1480.51 2062.63/1446.39 2031.66;1449.21 2034.73;1452.28 2031.91/1446.39 2031.66;1480.26 2068.52;1467.98 2079.82/1403.38 2071.19;1440.44 2076.14;1446.39 2031.66/1467.98 2079.82;1440.44 2076.14;1446.39 2031.66/1467.98 2079.82;1403.13 2077.08;1403.38 2071.19
fbx_poly_130_44|133.5|1446.39 2031.66;1480.26 2068.52;1467.98 2079.82/1446.39 2031.66;1449.21 2034.73;1452.28 2031.91/1480.26 2068.52;1449.21 2034.73;1452.28 2031.91/1480.26 2068.52;1477.51 2064.92;1480.51 2062.63/1452.28 2031.91;1477.51 2064.92;1480.51 2062.63/1403.38 2071.19;1440.44 2076.14;1446.39 2031.66/1467.98 2079.82;1403.13 2077.08;1403.38 2071.19/1467.98 2079.82;1440.44 2076.14;1446.39 2031.66
fbx_poly_130_44|73.8|1480.26 2068.52;1477.51 2064.92;1480.51 2062.63/1452.28 2031.91;1477.51 2064.92;1480.51 2062.63/1467.98 2079.82;1403.13 2077.08;1403.38 2071.19/1467.98 2079.82;1440.44 2076.14;1446.39 2031.66/1403.38 2071.19;1440.44 2076.14;1446.39 2031.66/1446.39 2031.66;1480.26 2068.52;1467.98 2079.82/1480.26 2068.52;1449.21 2034.73;1452.28 2031.91/1446.39 2031.66;1449.21 2034.73;1452.28 2031.91
fbx_poly_130_44|193.1|1467.98 2079.82;1403.13 2077.08;1403.38 2071.19/1403.38 2071.19;1440.44 2076.14;1446.39 2031.66/1446.39 2031.66;1480.26 2068.52;1467.98 2079.82/1467.98 2079.82;1440.44 2076.14;1446.39 2031.66/1480.26 2068.52;1449.21 2034.73;1452.28 2031.91/1446.39 2031.66;1449.21 2034.73;1452.28 2031.91/1452.28 2031.91;1477.51 2064.92;1480.51 2062.63/1480.26 2068.52;1477.51 2064.92;1480.51 2062.63
fbx_poly_130_44|113.6|1467.98 2079.82;1403.13 2077.08;1403.38 2071.19/1403.38 2071.19;1440.44 2076.14;1446.39 2031.66/1467.98 2079.82;1440.44 2076.14;1446.39 2031.66/1446.39 2031.66;1449.21 2034.73;1452.28 2031.91/1480.26 2068.52;1449.21 2034.73;1452.28 2031.91/1480.26 2068.52;1477.51 2064.92;1480.51 2062.63/1446.39 2031.66;1480.26 2068.52;1467.98 2079.82/1452.28 2031.91;1477.51 2064.92;1480.51 2062.63
fbx_poly_130_44|173.2|1467.98 2079.82;1403.13 2077.08;1403.38 2071.19/1403.38 2071.19;1440.44 2076.14;1446.39 2031.66/1446.39 2031.66;1480.26 2068.52;1467.98 2079.82/1446.39 2031.66;1449.21 2034.73;1452.28 2031.91/1480.26 2068.52;1449.21 2034.73;1452.28 2031.91/1467.98 2079.82;1440.44 2076.14;1446.39 2031.66/1480.26 2068.52;1477.51 2064.92;1480.51 2062.63/1452.28 2031.91;1477.51 2064.92;1480.51 2062.63
fbx_poly_130_45|139.7|917.48 2057.15;981.93 2053.34;912.36 1970.54;976.82 1966.73
fbx_poly_130_45|109.4|917.48 2057.15;981.93 2053.34;912.36 1970.54;976.82 1966.73
fbx_poly_130_45|157.5|921.77 2057.15;944.06 2026.13;981.93 2053.34/921.77 2057.15;951.96 1969.46;978.27 1978.52/978.27 1978.52;944.06 2026.13;981.93 2053.34
fbx_poly_130_45|139.7|921.77 2057.15;951.96 1969.46;978.27 1978.52/978.27 1978.52;944.06 2026.13;981.93 2053.34/921.77 2057.15;944.06 2026.13;981.93 2053.34
fbx_poly_130_45|157.5|912.36 1970.54;913.45 1978.76;909.34 1979.31/932.92 1967.81;923.30 2003.23;916.45 2001.37/916.45 2001.37;912.36 1970.54;932.92 1967.81/916.45 2001.37;913.45 1978.76;909.34 1979.31/932.92 1967.81;919.16 2035.99;914.66 2035.08/919.04 2036.59;919.16 2035.99;914.66 2035.08/914.66 2035.08;923.30 2003.23;916.45 2001.37/932.92 1967.81;941.68 1970.83;919.04 2036.59
fbx_poly_130_45|139.7|916.45 2001.37;912.36 1970.54;932.92 1967.81/916.45 2001.37;913.45 1978.76;909.34 1979.31/912.36 1970.54;913.45 1978.76;909.34 1979.31/932.92 1967.81;919.16 2035.99;914.66 2035.08/914.66 2035.08;923.30 2003.23;916.45 2001.37/932.92 1967.81;923.30 2003.23;916.45 2001.37/932.92 1967.81;941.68 1970.83;919.04 2036.59/919.04 2036.59;919.16 2035.99;914.66 2035.08
fbx_poly_130_47|111.2|-130.76 2977.96;-138.16 3004.89;-218.96 2982.67/-130.76 2977.96;-212.34 2982.32;-213.41 2962.47/-218.96 2982.67;-212.34 2982.32;-213.41 2962.47/-130.76 2977.96;-178.64 2968.99;-177.89 2965.00/-213.41 2962.47;-178.64 2968.99;-177.89 2965.00
fbx_poly_130_47|76.3|-130.76 2977.96;-138.16 3004.89;-218.96 2982.67/-130.76 2977.96;-212.34 2982.32;-213.41 2962.47/-218.96 2982.67;-212.34 2982.32;-213.41 2962.47/-130.76 2977.96;-178.64 2968.99;-177.89 2965.00/-213.41 2962.47;-178.64 2968.99;-177.89 2965.00
fbx_poly_130_47|111.2|-230.24 3102.69;-231.41 3080.64;-143.21 3075.92/-143.21 3075.92;-139.61 3051.07;-227.04 3038.39/-143.21 3075.92;-156.17 3123.06;-230.24 3102.69/-135.13 3020.21;-139.61 3051.07;-227.04 3038.39/-227.04 3038.39;-215.93 2997.99;-135.13 3020.21/-227.04 3038.39;-229.99 3066.94;-143.21 3075.92/-231.41 3080.64;-229.99 3066.94;-143.21 3075.92
fbx_poly_130_47|76.3|-227.04 3038.39;-215.93 2997.99;-135.13 3020.21/-143.21 3075.92;-156.17 3123.06;-230.24 3102.69/-230.24 3102.69;-231.41 3080.64;-143.21 3075.92/-135.13 3020.21;-139.61 3051.07;-227.04 3038.39/-143.21 3075.92;-139.61 3051.07;-227.04 3038.39/-227.04 3038.39;-229.99 3066.94;-143.21 3075.92/-231.41 3080.64;-229.99 3066.94;-143.21 3075.92
fbx_poly_130_48|124.7|-271.34 2951.82;-274.06 2962.08;-279.92 2960.53/-271.34 2951.82;-263.67 2995.92;-283.97 2999.45/-262.33 3003.62;-263.67 2995.92;-283.97 2999.45/-283.97 2999.45;-274.06 2962.08;-279.92 2960.53/-236.32 3016.40;-262.24 3016.58;-262.33 3003.62/-271.34 2951.82;-247.59 2995.62;-262.33 3003.62/-236.32 3016.40;-247.59 2995.62;-262.33 3003.62/-271.34 2951.82;-236.77 2951.58;-236.32 3016.40
fbx_poly_130_48|74.5|-271.34 2951.82;-263.67 2995.92;-283.97 2999.45/-262.33 3003.62;-263.67 2995.92;-283.97 2999.45/-283.97 2999.45;-274.06 2962.08;-279.92 2960.53/-271.34 2951.82;-274.06 2962.08;-279.92 2960.53/-271.34 2951.82;-247.59 2995.62;-262.33 3003.62/-236.32 3016.40;-247.59 2995.62;-262.33 3003.62/-271.34 2951.82;-236.77 2951.58;-236.32 3016.40/-236.32 3016.40;-262.24 3016.58;-262.33 3003.62
fbx_poly_130_48|99.6|-271.34 2951.82;-247.59 2995.62;-262.33 3003.62/-236.32 3016.40;-247.59 2995.62;-262.33 3003.62/-262.33 3003.62;-263.67 2995.92;-283.97 2999.45/-271.34 2951.82;-236.77 2951.58;-236.32 3016.40/-236.32 3016.40;-262.24 3016.58;-262.33 3003.62/-283.97 2999.45;-274.06 2962.08;-279.92 2960.53/-271.34 2951.82;-263.67 2995.92;-283.97 2999.45/-271.34 2951.82;-274.06 2962.08;-279.92 2960.53
fbx_poly_130_48|124.7|-279.92 2960.53;-269.96 2958.46;-271.34 2951.82/-236.77 2951.58;-269.96 2958.46;-271.34 2951.82/-236.77 2951.58;-236.44 2999.11;-283.97 2999.45/-236.77 2951.58;-262.51 2977.69;-279.92 2960.53/-283.97 2999.45;-262.51 2977.69;-279.92 2960.53
fbx_poly_130_48|178.3|-236.77 2951.58;-236.44 2999.11;-283.97 2999.45/-283.97 2999.45;-262.51 2977.69;-279.92 2960.53/-236.77 2951.58;-269.96 2958.46;-271.34 2951.82/-279.92 2960.53;-269.96 2958.46;-271.34 2951.82/-236.77 2951.58;-262.51 2977.69;-279.92 2960.53
fbx_poly_130_48|151.5|-236.77 2951.58;-262.51 2977.69;-279.92 2960.53/-283.97 2999.45;-262.51 2977.69;-279.92 2960.53/-236.77 2951.58;-269.96 2958.46;-271.34 2951.82/-279.92 2960.53;-269.96 2958.46;-271.34 2951.82/-236.77 2951.58;-236.44 2999.11;-283.97 2999.45
fbx_poly_130_48|157.5|-257.74 3042.48;-252.47 3036.06;-244.78 3042.39/-262.24 3016.58;-262.30 3007.94;-236.38 3007.76/-236.38 3007.76;-236.32 3016.40;-262.24 3016.58/-236.32 3016.40;-246.85 3029.22;-262.24 3016.58/-236.32 3016.40;-252.47 3036.06;-244.78 3042.39/-257.74 3042.48;-246.85 3029.22;-262.24 3016.58
fbx_poly_130_48|74.5|-262.24 3016.58;-262.30 3007.94;-236.38 3007.76/-236.32 3016.40;-246.85 3029.22;-262.24 3016.58/-257.74 3042.48;-252.47 3036.06;-244.78 3042.39/-236.32 3016.40;-252.47 3036.06;-244.78 3042.39/-257.74 3042.48;-246.85 3029.22;-262.24 3016.58/-236.38 3007.76;-236.32 3016.40;-262.24 3016.58
fbx_poly_130_48|116.0|-257.74 3042.48;-246.85 3029.22;-262.24 3016.58/-236.32 3016.40;-252.47 3036.06;-244.78 3042.39/-257.74 3042.48;-252.47 3036.06;-244.78 3042.39/-236.32 3016.40;-246.85 3029.22;-262.24 3016.58/-262.24 3016.58;-262.30 3007.94;-236.38 3007.76/-236.38 3007.76;-236.32 3016.40;-262.24 3016.58
fbx_poly_130_48|178.3|-262.24 3016.58;-262.30 3007.94;-236.38 3007.76/-236.38 3007.76;-236.32 3016.40;-262.24 3016.58/-257.74 3042.48;-246.85 3029.22;-262.24 3016.58/-236.32 3016.40;-246.85 3029.22;-262.24 3016.58/-236.32 3016.40;-252.47 3036.06;-244.78 3042.39/-257.74 3042.48;-252.47 3036.06;-244.78 3042.39
fbx_poly_130_48|136.7|-236.32 3016.40;-246.85 3029.22;-262.24 3016.58/-236.38 3007.76;-236.32 3016.40;-262.24 3016.58/-257.74 3042.48;-246.85 3029.22;-262.24 3016.58/-236.32 3016.40;-252.47 3036.06;-244.78 3042.39/-257.74 3042.48;-252.47 3036.06;-244.78 3042.39/-262.24 3016.58;-262.30 3007.94;-236.38 3007.76
fbx_poly_130_48|95.2|-236.38 3007.76;-236.32 3016.40;-262.24 3016.58/-262.24 3016.58;-262.30 3007.94;-236.38 3007.76/-257.74 3042.48;-246.85 3029.22;-262.24 3016.58/-257.74 3042.48;-252.47 3036.06;-244.78 3042.39/-236.32 3016.40;-252.47 3036.06;-244.78 3042.39/-236.32 3016.40;-246.85 3029.22;-262.24 3016.58
fbx_poly_130_49|108.3|60.10 2860.43;62.05 2791.31;-3.25 2858.64;-1.30 2789.52
fbx_poly_130_49|134.0|60.10 2860.43;62.05 2791.31;-3.25 2858.64;-1.30 2789.52
fbx_poly_130_49|82.6|60.10 2860.43;62.05 2791.31;-3.25 2858.64;-1.30 2789.52
fbx_poly_130_49|108.3|-61.66 2885.81;24.97 2875.92;25.06 2876.73/25.06 2876.73;-57.49 2885.38;-56.23 2897.49/-61.66 2885.81;-57.49 2885.38;-56.23 2897.49/59.78 2871.95;24.97 2875.92;25.06 2876.73/25.06 2876.73;-4.59 2885.69;1.21 2904.88/-44.71 2897.82;-4.59 2885.69;1.21 2904.88/25.06 2876.73;-45.49 2894.75;-44.71 2897.82/-56.23 2897.49;-45.49 2894.75;-44.71 2897.82/1.21 2904.88;12.84 2891.15;30.01 2905.69/-44.71 2897.82;-2.86 2914.87;1.21 2904.88/0.88 2916.40;-2.86 2914.87;1.21 2904.88/59.78 2871.95;59.62 2877.71;25.06 2876.73/25.06 2876.73;12.84 2891.15;30.01 2905.69/0.88 2916.40;-45.19 2915.10;-44.71 2897.82/-61.66 2885.81;-61.17 2868.53;59.78 2871.95
fbx_poly_130_49|82.6|-61.66 2885.81;-57.49 2885.38;-56.23 2897.49/59.78 2871.95;24.97 2875.92;25.06 2876.73/-61.66 2885.81;24.97 2875.92;25.06 2876.73/25.06 2876.73;-45.49 2894.75;-44.71 2897.82/-56.23 2897.49;-45.49 2894.75;-44.71 2897.82/25.06 2876.73;-57.49 2885.38;-56.23 2897.49/1.21 2904.88;12.84 2891.15;30.01 2905.69/0.88 2916.40;-2.86 2914.87;1.21 2904.88/25.06 2876.73;-4.59 2885.69;1.21 2904.88/-44.71 2897.82;-4.59 2885.69;1.21 2904.88/25.06 2876.73;12.84 2891.15;30.01 2905.69/59.78 2871.95;59.62 2877.71;25.06 2876.73/-44.71 2897.82;-2.86 2914.87;1.21 2904.88/-61.66 2885.81;-61.17 2868.53;59.78 2871.95/0.88 2916.40;-45.19 2915.10;-44.71 2897.82
fbx_poly_130_49|134.0|59.78 2871.95;24.97 2875.92;25.06 2876.73/-56.23 2897.49;-45.49 2894.75;-44.71 2897.82/25.06 2876.73;-57.49 2885.38;-56.23 2897.49/-61.66 2885.81;-57.49 2885.38;-56.23 2897.49/25.06 2876.73;-4.59 2885.69;1.21 2904.88/-44.71 2897.82;-4.59 2885.69;1.21 2904.88/25.06 2876.73;-45.49 2894.75;-44.71 2897.82/0.88 2916.40;-2.86 2914.87;1.21 2904.88/1.21 2904.88;12.84 2891.15;30.01 2905.69/25.06 2876.73;12.84 2891.15;30.01 2905.69/-44.71 2897.82;-2.86 2914.87;1.21 2904.88/-61.66 2885.81;-61.17 2868.53;59.78 2871.95/59.78 2871.95;59.62 2877.71;25.06 2876.73/0.88 2916.40;-45.19 2915.10;-44.71 2897.82/-61.66 2885.81;24.97 2875.92;25.06 2876.73
fbx_poly_130_49|294.7|-56.23 2897.49;26.20 2883.41;30.01 2905.69/61.40 2814.35;59.62 2877.70;-55.58 2874.46/-56.23 2897.49;-55.58 2874.46;59.62 2877.70/-56.23 2897.49;-44.40 2898.62;-44.87 2903.58/30.01 2905.69;-44.40 2898.62;-44.87 2903.58/-55.58 2874.46;48.47 2796.98;61.40 2814.35/56.29 2791.15;20.02 2818.16;-1.30 2789.52/-55.58 2874.46;20.02 2818.16;-1.30 2789.52/59.62 2877.71;26.20 2883.41;30.01 2905.69/56.29 2791.15;48.47 2796.98;61.40 2814.35
fbx_poly_130_49|179.0|-56.23 2897.49;-55.58 2874.46;59.62 2877.70/61.40 2814.35;59.62 2877.70;-55.58 2874.46/59.62 2877.71;26.20 2883.41;30.01 2905.69/56.29 2791.15;48.47 2796.98;61.40 2814.35/-55.58 2874.46;20.02 2818.16;-1.30 2789.52/30.01 2905.69;-44.40 2898.62;-44.87 2903.58/-56.23 2897.49;26.20 2883.41;30.01 2905.69/-56.23 2897.49;-44.40 2898.62;-44.87 2903.58/-55.58 2874.46;48.47 2796.98;61.40 2814.35/56.29 2791.15;20.02 2818.16;-1.30 2789.52
fbx_poly_130_49|217.6|61.40 2814.35;59.62 2877.70;-55.58 2874.46/59.62 2877.71;26.20 2883.41;30.01 2905.69/30.01 2905.69;-44.40 2898.62;-44.87 2903.58/-56.23 2897.49;-44.40 2898.62;-44.87 2903.58/-56.23 2897.49;26.20 2883.41;30.01 2905.69/-56.23 2897.49;-55.58 2874.46;59.62 2877.70/-55.58 2874.46;48.47 2796.98;61.40 2814.35/56.29 2791.15;48.47 2796.98;61.40 2814.35/-55.58 2874.46;20.02 2818.16;-1.30 2789.52/56.29 2791.15;20.02 2818.16;-1.30 2789.52
fbx_poly_130_49|275.4|-55.58 2874.46;20.02 2818.16;-1.30 2789.52/-56.23 2897.49;-44.40 2898.62;-44.87 2903.58/59.62 2877.71;26.20 2883.41;30.01 2905.69/56.29 2791.15;48.47 2796.98;61.40 2814.35/56.29 2791.15;20.02 2818.16;-1.30 2789.52/-55.58 2874.46;48.47 2796.98;61.40 2814.35/30.01 2905.69;-44.40 2898.62;-44.87 2903.58/-56.23 2897.49;26.20 2883.41;30.01 2905.69/61.40 2814.35;59.62 2877.70;-55.58 2874.46/-56.23 2897.49;-55.58 2874.46;59.62 2877.70
fbx_poly_130_49|198.3|-56.23 2897.49;-44.40 2898.62;-44.87 2903.58/30.01 2905.69;-44.40 2898.62;-44.87 2903.58/-56.23 2897.49;26.20 2883.41;30.01 2905.69/59.62 2877.71;26.20 2883.41;30.01 2905.69/-55.58 2874.46;48.47 2796.98;61.40 2814.35/56.29 2791.15;48.47 2796.98;61.40 2814.35/56.29 2791.15;20.02 2818.16;-1.30 2789.52/-56.23 2897.49;-55.58 2874.46;59.62 2877.70/61.40 2814.35;59.62 2877.70;-55.58 2874.46/-55.58 2874.46;20.02 2818.16;-1.30 2789.52
fbx_poly_130_49|101.9|-55.58 2874.46;48.47 2796.98;61.40 2814.35/56.29 2791.15;48.47 2796.98;61.40 2814.35/56.29 2791.15;20.02 2818.16;-1.30 2789.52/-55.58 2874.46;20.02 2818.16;-1.30 2789.52/-56.23 2897.49;-44.40 2898.62;-44.87 2903.58/30.01 2905.69;-44.40 2898.62;-44.87 2903.58/-56.23 2897.49;26.20 2883.41;30.01 2905.69/61.40 2814.35;59.62 2877.70;-55.58 2874.46/-56.23 2897.49;-55.58 2874.46;59.62 2877.70/59.62 2877.71;26.20 2883.41;30.01 2905.69
fbx_poly_130_49|256.2|30.01 2905.69;-44.40 2898.62;-44.87 2903.58/-56.23 2897.49;-44.40 2898.62;-44.87 2903.58/61.40 2814.35;59.62 2877.70;-55.58 2874.46/-56.23 2897.49;-55.58 2874.46;59.62 2877.70/59.62 2877.71;26.20 2883.41;30.01 2905.69/-56.23 2897.49;26.20 2883.41;30.01 2905.69/-55.58 2874.46;20.02 2818.16;-1.30 2789.52/56.29 2791.15;48.47 2796.98;61.40 2814.35/56.29 2791.15;20.02 2818.16;-1.30 2789.52/-55.58 2874.46;48.47 2796.98;61.40 2814.35
fbx_poly_130_49|159.8|30.01 2905.69;-44.40 2898.62;-44.87 2903.58/-56.23 2897.49;26.20 2883.41;30.01 2905.69/-56.23 2897.49;-44.40 2898.62;-44.87 2903.58/-55.58 2874.46;48.47 2796.98;61.40 2814.35/56.29 2791.15;48.47 2796.98;61.40 2814.35/56.29 2791.15;20.02 2818.16;-1.30 2789.52/61.40 2814.35;59.62 2877.70;-55.58 2874.46/-56.23 2897.49;-55.58 2874.46;59.62 2877.70/59.62 2877.71;26.20 2883.41;30.01 2905.69/-55.58 2874.46;20.02 2818.16;-1.30 2789.52
fbx_poly_130_49|121.2|-56.23 2897.49;-44.40 2898.62;-44.87 2903.58/56.29 2791.15;48.47 2796.98;61.40 2814.35/30.01 2905.69;-44.40 2898.62;-44.87 2903.58/-56.23 2897.49;26.20 2883.41;30.01 2905.69/56.29 2791.15;20.02 2818.16;-1.30 2789.52/59.62 2877.71;26.20 2883.41;30.01 2905.69/-56.23 2897.49;-55.58 2874.46;59.62 2877.70/-55.58 2874.46;48.47 2796.98;61.40 2814.35/61.40 2814.35;59.62 2877.70;-55.58 2874.46/-55.58 2874.46;20.02 2818.16;-1.30 2789.52
fbx_poly_130_49|236.9|30.01 2905.69;-44.40 2898.62;-44.87 2903.58/-56.23 2897.49;26.20 2883.41;30.01 2905.69/-56.23 2897.49;-44.40 2898.62;-44.87 2903.58/56.29 2791.15;48.47 2796.98;61.40 2814.35/-55.58 2874.46;48.47 2796.98;61.40 2814.35/-55.58 2874.46;20.02 2818.16;-1.30 2789.52/61.40 2814.35;59.62 2877.70;-55.58 2874.46/-56.23 2897.49;-55.58 2874.46;59.62 2877.70/56.29 2791.15;20.02 2818.16;-1.30 2789.52/59.62 2877.71;26.20 2883.41;30.01 2905.69
fbx_poly_130_49|140.5|61.40 2814.35;59.62 2877.70;-55.58 2874.46/30.01 2905.69;-44.40 2898.62;-44.87 2903.58/59.62 2877.71;26.20 2883.41;30.01 2905.69/-56.23 2897.49;-55.58 2874.46;59.62 2877.70/56.29 2791.15;20.02 2818.16;-1.30 2789.52/-56.23 2897.49;-44.40 2898.62;-44.87 2903.58/-56.23 2897.49;26.20 2883.41;30.01 2905.69/-55.58 2874.46;20.02 2818.16;-1.30 2789.52/-55.58 2874.46;48.47 2796.98;61.40 2814.35/56.29 2791.15;48.47 2796.98;61.40 2814.35
fbx_poly_130_49|82.6|-56.23 2897.49;-55.58 2874.46;59.62 2877.70/61.40 2814.35;59.62 2877.70;-55.58 2874.46/59.62 2877.71;26.20 2883.41;30.01 2905.69/-55.58 2874.46;48.47 2796.98;61.40 2814.35/56.29 2791.15;20.02 2818.16;-1.30 2789.52/56.29 2791.15;48.47 2796.98;61.40 2814.35/-56.23 2897.49;-44.40 2898.62;-44.87 2903.58/30.01 2905.69;-44.40 2898.62;-44.87 2903.58/-56.23 2897.49;26.20 2883.41;30.01 2905.69/-55.58 2874.46;20.02 2818.16;-1.30 2789.52
fbx_poly_130_51|92.0|51.92 2147.68;49.46 2178.89;114.34 2152.59;111.88 2183.80
fbx_poly_130_51|129.2|51.92 2147.68;49.46 2178.89;114.34 2152.59;111.88 2183.80
fbx_poly_130_51|110.6|51.92 2147.68;49.46 2178.89;114.34 2152.59;111.88 2183.80
fbx_poly_130_51|110.6|76.15 2188.84;50.59 2222.56;61.09 2230.52/45.48 2229.29;48.84 2186.69;76.15 2188.84/45.48 2229.29;50.59 2222.56;61.09 2230.52
fbx_poly_130_51|129.2|45.48 2229.29;50.59 2222.56;61.09 2230.52/76.15 2188.84;50.59 2222.56;61.09 2230.52/45.48 2229.29;48.84 2186.69;76.15 2188.84
fbx_poly_130_51|92.0|45.48 2229.29;50.59 2222.56;61.09 2230.52/76.15 2188.84;50.59 2222.56;61.09 2230.52/45.48 2229.29;48.84 2186.69;76.15 2188.84
fbx_poly_130_51|110.6|32.41 2146.14;25.98 2227.76;126.04 2153.52;119.61 2235.14
fbx_poly_130_51|129.2|32.41 2146.14;25.98 2227.76;126.04 2153.52;119.61 2235.14
fbx_poly_130_51|92.0|32.41 2146.14;25.98 2227.76;126.04 2153.52;119.61 2235.14
fbx_poly_130_53|95.1|-586.15 983.18;-553.71 945.58;-518.99 975.53/-471.08 849.78;-553.71 945.58;-518.99 975.53/-471.08 849.78;-537.81 927.14;-594.80 877.97/-586.15 983.18;-537.81 927.14;-594.80 877.97/-485.91 952.69;-480.94 974.52;-517.33 982.81/-473.01 942.09;-486.49 951.90;-485.91 952.69/-485.91 952.69;-514.56 980.15;-518.99 975.53/-518.99 975.53;-484.16 932.97;-473.01 942.09/-517.33 982.81;-514.56 980.15;-518.99 975.53/-465.09 909.67;-484.16 932.97;-473.01 942.09/-471.08 849.78;-490.24 900.08;-465.09 909.67/-518.99 975.53;-490.24 900.08;-465.09 909.67/-518.99 975.53;-486.49 951.90;-485.91 952.69
fbx_poly_130_53|116.0|-471.08 849.78;-553.71 945.58;-518.99 975.53/-518.99 975.53;-490.24 900.08;-465.09 909.67/-586.15 983.18;-553.71 945.58;-518.99 975.53/-471.08 849.78;-537.81 927.14;-594.80 877.97/-586.15 983.18;-537.81 927.14;-594.80 877.97/-485.91 952.69;-480.94 974.52;-517.33 982.81/-518.99 975.53;-486.49 951.90;-485.91 952.69/-473.01 942.09;-486.49 951.90;-485.91 952.69/-518.99 975.53;-484.16 932.97;-473.01 942.09/-485.91 952.69;-514.56 980.15;-518.99 975.53/-517.33 982.81;-514.56 980.15;-518.99 975.53/-471.08 849.78;-490.24 900.08;-465.09 909.67/-465.09 909.67;-484.16 932.97;-473.01 942.09
fbx_poly_130_53|74.3|-518.99 975.53;-484.16 932.97;-473.01 942.09/-518.99 975.53;-490.24 900.08;-465.09 909.67/-465.09 909.67;-484.16 932.97;-473.01 942.09/-471.08 849.78;-490.24 900.08;-465.09 909.67/-471.08 849.78;-553.71 945.58;-518.99 975.53/-586.15 983.18;-553.71 945.58;-518.99 975.53/-518.99 975.53;-486.49 951.90;-485.91 952.69/-473.01 942.09;-486.49 951.90;-485.91 952.69/-517.33 982.81;-514.56 980.15;-518.99 975.53/-485.91 952.69;-514.56 980.15;-518.99 975.53/-485.91 952.69;-480.94 974.52;-517.33 982.81/-471.08 849.78;-537.81 927.14;-594.80 877.97/-586.15 983.18;-537.81 927.14;-594.80 877.97
fbx_poly_130_53|136.8|-518.99 975.53;-490.24 900.08;-465.09 909.67/-471.08 849.78;-490.24 900.08;-465.09 909.67/-471.08 849.78;-537.81 927.14;-594.80 877.97/-586.15 983.18;-553.71 945.58;-518.99 975.53/-471.08 849.78;-553.71 945.58;-518.99 975.53/-518.99 975.53;-486.49 951.90;-485.91 952.69/-485.91 952.69;-514.56 980.15;-518.99 975.53/-473.01 942.09;-486.49 951.90;-485.91 952.69/-517.33 982.81;-514.56 980.15;-518.99 975.53/-518.99 975.53;-484.16 932.97;-473.01 942.09/-465.09 909.67;-484.16 932.97;-473.01 942.09/-586.15 983.18;-537.81 927.14;-594.80 877.97/-485.91 952.69;-480.94 974.52;-517.33 982.81
fbx_poly_130_53|53.5|-485.91 952.69;-480.94 974.52;-517.33 982.81/-586.15 983.18;-537.81 927.14;-594.80 877.97/-518.99 975.53;-490.24 900.08;-465.09 909.67/-586.15 983.18;-553.71 945.58;-518.99 975.53/-471.08 849.78;-490.24 900.08;-465.09 909.67/-471.08 849.78;-553.71 945.58;-518.99 975.53/-465.09 909.67;-484.16 932.97;-473.01 942.09/-473.01 942.09;-486.49 951.90;-485.91 952.69/-518.99 975.53;-486.49 951.90;-485.91 952.69/-485.91 952.69;-514.56 980.15;-518.99 975.53/-518.99 975.53;-484.16 932.97;-473.01 942.09/-517.33 982.81;-514.56 980.15;-518.99 975.53/-471.08 849.78;-537.81 927.14;-594.80 877.97
fbx_poly_130_53|136.8|-563.39 847.84;-563.20 862.44;-560.07 862.40/-489.87 968.90;-550.46 876.99;-529.30 863.05/-560.07 862.40;-530.96 855.77;-529.30 863.05/-509.12 850.79;-482.60 967.24;-489.87 968.90/-562.01 954.71;-585.22 852.82;-563.39 847.84/-560.07 862.40;-550.46 876.99;-529.30 863.05/-509.12 850.79;-507.70 859.53;-529.30 863.05/-489.87 968.90;-507.70 859.53;-529.30 863.05/-562.01 954.71;-563.20 862.44;-560.07 862.40/-560.07 862.40;-520.63 930.89;-562.01 954.71/-509.41 950.38;-520.63 930.89;-562.01 954.71/-489.87 968.90;-504.30 947.02;-509.41 950.38/-489.87 968.90;-500.39 958.93;-506.09 964.94/-509.41 950.38;-500.39 958.93;-506.09 964.94/-560.07 862.40;-504.30 947.02;-509.41 950.38
fbx_poly_130_53|154.6|-563.39 847.84;-563.20 862.44;-560.07 862.40/-489.87 968.90;-550.46 876.99;-529.30 863.05/-560.07 862.40;-550.46 876.99;-529.30 863.05/-509.12 850.79;-507.70 859.53;-529.30 863.05/-560.07 862.40;-520.63 930.89;-562.01 954.71/-509.41 950.38;-520.63 930.89;-562.01 954.71/-562.01 954.71;-563.20 862.44;-560.07 862.40/-489.87 968.90;-500.39 958.93;-506.09 964.94/-560.07 862.40;-504.30 947.02;-509.41 950.38/-489.87 968.90;-504.30 947.02;-509.41 950.38/-489.87 968.90;-507.70 859.53;-529.30 863.05/-562.01 954.71;-585.22 852.82;-563.39 847.84/-509.41 950.38;-500.39 958.93;-506.09 964.94/-509.12 850.79;-482.60 967.24;-489.87 968.90/-560.07 862.40;-530.96 855.77;-529.30 863.05
fbx_poly_130_53|172.5|-509.12 850.79;-507.70 859.53;-529.30 863.05/-489.87 968.90;-507.70 859.53;-529.30 863.05/-489.87 968.90;-550.46 876.99;-529.30 863.05/-509.41 950.38;-500.39 958.93;-506.09 964.94/-489.87 968.90;-500.39 958.93;-506.09 964.94/-560.07 862.40;-504.30 947.02;-509.41 950.38/-560.07 862.40;-520.63 930.89;-562.01 954.71/-489.87 968.90;-504.30 947.02;-509.41 950.38/-563.39 847.84;-563.20 862.44;-560.07 862.40/-509.41 950.38;-520.63 930.89;-562.01 954.71/-562.01 954.71;-563.20 862.44;-560.07 862.40/-560.07 862.40;-550.46 876.99;-529.30 863.05/-509.12 850.79;-482.60 967.24;-489.87 968.90/-562.01 954.71;-585.22 852.82;-563.39 847.84/-560.07 862.40;-530.96 855.77;-529.30 863.05
fbx_poly_130_53|208.2|-565.97 970.93;-583.05 866.15;-560.07 862.40/-506.09 964.94;-510.16 859.55;-514.74 859.73/-510.78 843.52;-510.16 859.55;-514.74 859.73/-560.07 862.40;-565.08 954.54;-562.01 954.71/-565.97 970.93;-565.08 954.54;-562.01 954.71/-562.01 954.71;-560.07 862.40;-529.30 863.05/-529.30 863.05;-559.32 947.16;-547.45 951.40/-562.01 954.71;-559.32 947.16;-547.45 951.40/-547.45 951.40;-526.97 950.85;-529.30 863.05/-509.41 950.38;-526.97 950.85;-529.30 863.05/-509.41 950.38;-529.30 863.05;-514.74 859.73/-514.74 859.73;-507.30 950.21;-509.41 950.38/-506.09 964.94;-507.30 950.21;-509.41 950.38/-585.22 852.82;-583.05 866.15;-560.07 862.40/-565.97 970.93;-583.95 860.63;-590.84 861.75/-494.57 847.48;-482.96 898.43;-490.24 900.08/-509.41 950.38;-545.80 958.67;-547.45 951.40/-560.07 862.40;-530.96 855.77;-529.30 863.05/-585.22 852.82;-563.39 847.84;-560.07 862.40/-482.60 967.24;-497.52 901.74;-490.24 900.08/-510.78 843.52;-490.96 962.42;-506.09 964.94/-490.24 900.08;-507.62 852.22;-494.57 847.48/-510.78 843.52;-507.62 852.22;-494.57 847.48/-489.87 968.90;-490.96 962.42;-506.09 964.94/-585.22 852.82;-583.95 860.63;-590.84 861.75/-510.78 843.52;-497.52 901.74;-490.24 900.08/-510.78 843.52;-482.60 967.24;-489.87 968.90
fbx_poly_130_53|190.4|-489.87 968.90;-490.96 962.42;-506.09 964.94/-565.97 970.93;-583.95 860.63;-590.84 861.75/-510.78 843.52;-490.96 962.42;-506.09 964.94/-585.22 852.82;-583.95 860.63;-590.84 861.75/-585.22 852.82;-563.39 847.84;-560.07 862.40/-494.57 847.48;-482.96 898.43;-490.24 900.08/-509.41 950.38;-545.80 958.67;-547.45 951.40/-510.78 843.52;-507.62 852.22;-494.57 847.48/-560.07 862.40;-530.96 855.77;-529.30 863.05/-490.24 900.08;-507.62 852.22;-494.57 847.48/-510.78 843.52;-497.52 901.74;-490.24 900.08/-482.60 967.24;-497.52 901.74;-490.24 900.08/-510.78 843.52;-482.60 967.24;-489.87 968.90/-547.45 951.40;-526.97 950.85;-529.30 863.05/-562.01 954.71;-559.32 947.16;-547.45 951.40/-529.30 863.05;-559.32 947.16;-547.45 951.40/-562.01 954.71;-560.07 862.40;-529.30 863.05/-565.97 970.93;-565.08 954.54;-562.01 954.71/-560.07 862.40;-565.08 954.54;-562.01 954.71/-509.41 950.38;-529.30 863.05;-514.74 859.73/-509.41 950.38;-526.97 950.85;-529.30 863.05/-506.09 964.94;-507.30 950.21;-509.41 950.38/-514.74 859.73;-507.30 950.21;-509.41 950.38/-585.22 852.82;-583.05 866.15;-560.07 862.40/-565.97 970.93;-583.05 866.15;-560.07 862.40/-506.09 964.94;-510.16 859.55;-514.74 859.73/-510.78 843.52;-510.16 859.55;-514.74 859.73
fbx_poly_130_53|172.5|-510.78 843.52;-507.62 852.22;-494.57 847.48/-506.09 964.94;-510.16 859.55;-514.74 859.73/-482.60 967.24;-497.52 901.74;-490.24 900.08/-560.07 862.40;-565.08 954.54;-562.01 954.71/-510.78 843.52;-510.16 859.55;-514.74 859.73/-510.78 843.52;-482.60 967.24;-489.87 968.90/-489.87 968.90;-490.96 962.42;-506.09 964.94/-565.97 970.93;-583.95 860.63;-590.84 861.75/-585.22 852.82;-583.95 860.63;-590.84 861.75/-510.78 843.52;-490.96 962.42;-506.09 964.94/-510.78 843.52;-497.52 901.74;-490.24 900.08/-585.22 852.82;-583.05 866.15;-560.07 862.40/-565.97 970.93;-583.05 866.15;-560.07 862.40/-560.07 862.40;-530.96 855.77;-529.30 863.05/-585.22 852.82;-563.39 847.84;-560.07 862.40/-494.57 847.48;-482.96 898.43;-490.24 900.08/-509.41 950.38;-545.80 958.67;-547.45 951.40/-562.01 954.71;-560.07 862.40;-529.30 863.05/-565.97 970.93;-565.08 954.54;-562.01 954.71/-547.45 951.40;-526.97 950.85;-529.30 863.05/-529.30 863.05;-559.32 947.16;-547.45 951.40/-490.24 900.08;-507.62 852.22;-494.57 847.48/-562.01 954.71;-559.32 947.16;-547.45 951.40/-509.41 950.38;-526.97 950.85;-529.30 863.05/-514.74 859.73;-507.30 950.21;-509.41 950.38/-509.41 950.38;-529.30 863.05;-514.74 859.73/-506.09 964.94;-507.30 950.21;-509.41 950.38
fbx_poly_130_53|243.9|-489.87 968.90;-489.64 966.55;-482.60 967.24/-482.96 898.43;-489.64 966.55;-482.60 967.24/-589.83 899.80;-581.11 864.13;-590.84 861.75/-589.83 899.80;-567.72 856.36;-577.94 851.16/-563.39 847.84;-567.72 856.36;-577.94 851.16/-577.94 851.16;-581.11 864.13;-590.84 861.75/-503.50 841.86;-547.56 871.43;-563.39 847.84/-587.16 945.13;-566.05 919.07;-589.83 899.80/-589.83 899.80;-547.56 871.43;-563.39 847.84/-482.96 898.43;-482.76 936.48;-481.95 936.47/-482.60 967.24;-482.76 936.48;-481.95 936.47/-503.50 841.86;-566.05 919.07;-589.83 899.80/-582.19 966.96;-573.76 953.56;-587.16 945.13/-503.50 841.86;-573.76 953.56;-587.16 945.13/-489.87 968.90;-502.81 848.36;-494.57 847.48/-503.50 841.86;-502.81 848.36;-494.57 847.48/-494.57 847.48;-492.58 898.80;-482.96 898.43/-489.87 968.90;-492.58 898.80;-482.96 898.43/-582.19 966.96;-579.38 962.50;-565.97 970.93/-503.50 841.86;-579.38 962.50;-565.97 970.93/-503.50 841.86;-550.74 939.45;-489.87 968.90/-565.97 970.93;-550.74 939.45;-489.87 968.90
fbx_poly_130_53|148.7|-482.96 898.43;-482.76 936.48;-481.95 936.47/-503.50 841.86;-502.81 848.36;-494.57 847.48/-489.87 968.90;-489.64 966.55;-482.60 967.24/-494.57 847.48;-492.58 898.80;-482.96 898.43/-489.87 968.90;-502.81 848.36;-494.57 847.48/-482.96 898.43;-489.64 966.55;-482.60 967.24/-489.87 968.90;-492.58 898.80;-482.96 898.43/-503.50 841.86;-579.38 962.50;-565.97 970.93/-503.50 841.86;-573.76 953.56;-587.16 945.13/-563.39 847.84;-567.72 856.36;-577.94 851.16/-503.50 841.86;-550.74 939.45;-489.87 968.90/-582.19 966.96;-579.38 962.50;-565.97 970.93/-565.97 970.93;-550.74 939.45;-489.87 968.90/-582.19 966.96;-573.76 953.56;-587.16 945.13/-503.50 841.86;-566.05 919.07;-589.83 899.80/-587.16 945.13;-566.05 919.07;-589.83 899.80/-577.94 851.16;-581.11 864.13;-590.84 861.75/-589.83 899.80;-567.72 856.36;-577.94 851.16/-482.60 967.24;-482.76 936.48;-481.95 936.47/-589.83 899.80;-547.56 871.43;-563.39 847.84/-503.50 841.86;-547.56 871.43;-563.39 847.84/-589.83 899.80;-581.11 864.13;-590.84 861.75
fbx_poly_130_53|186.8|-503.50 841.86;-547.56 871.43;-563.39 847.84/-589.83 899.80;-547.56 871.43;-563.39 847.84/-589.83 899.80;-567.72 856.36;-577.94 851.16/-589.83 899.80;-581.11 864.13;-590.84 861.75/-563.39 847.84;-567.72 856.36;-577.94 851.16/-577.94 851.16;-581.11 864.13;-590.84 861.75/-489.87 968.90;-489.64 966.55;-482.60 967.24/-482.96 898.43;-482.76 936.48;-481.95 936.47/-482.60 967.24;-482.76 936.48;-481.95 936.47/-565.97 970.93;-550.74 939.45;-489.87 968.90/-489.87 968.90;-492.58 898.80;-482.96 898.43/-503.50 841.86;-550.74 939.45;-489.87 968.90/-503.50 841.86;-502.81 848.36;-494.57 847.48/-489.87 968.90;-502.81 848.36;-494.57 847.48/-494.57 847.48;-492.58 898.80;-482.96 898.43/-482.96 898.43;-489.64 966.55;-482.60 967.24/-582.19 966.96;-573.76 953.56;-587.16 945.13/-503.50 841.86;-566.05 919.07;-589.83 899.80/-503.50 841.86;-579.38 962.50;-565.97 970.93/-503.50 841.86;-573.76 953.56;-587.16 945.13/-582.19 966.96;-579.38 962.50;-565.97 970.93/-587.16 945.13;-566.05 919.07;-589.83 899.80
fbx_poly_130_53|110.6|-489.87 968.90;-489.64 966.55;-482.60 967.24/-482.96 898.43;-489.64 966.55;-482.60 967.24/-489.87 968.90;-492.58 898.80;-482.96 898.43/-482.96 898.43;-482.76 936.48;-481.95 936.47/-482.60 967.24;-482.76 936.48;-481.95 936.47/-503.50 841.86;-573.76 953.56;-587.16 945.13/-582.19 966.96;-579.38 962.50;-565.97 970.93/-503.50 841.86;-579.38 962.50;-565.97 970.93/-565.97 970.93;-550.74 939.45;-489.87 968.90/-503.50 841.86;-502.81 848.36;-494.57 847.48/-503.50 841.86;-550.74 939.45;-489.87 968.90/-503.50 841.86;-547.56 871.43;-563.39 847.84/-563.39 847.84;-567.72 856.36;-577.94 851.16/-587.16 945.13;-566.05 919.07;-589.83 899.80/-589.83 899.80;-547.56 871.43;-563.39 847.84/-503.50 841.86;-566.05 919.07;-589.83 899.80/-582.19 966.96;-573.76 953.56;-587.16 945.13/-589.83 899.80;-581.11 864.13;-590.84 861.75/-577.94 851.16;-581.11 864.13;-590.84 861.75/-589.83 899.80;-567.72 856.36;-577.94 851.16/-489.87 968.90;-502.81 848.36;-494.57 847.48/-494.57 847.48;-492.58 898.80;-482.96 898.43
fbx_poly_130_53|91.6|-565.97 970.93;-550.74 939.45;-489.87 968.90/-503.50 841.86;-502.81 848.36;-494.57 847.48/-489.87 968.90;-492.58 898.80;-482.96 898.43/-482.96 898.43;-489.64 966.55;-482.60 967.24/-489.87 968.90;-502.81 848.36;-494.57 847.48/-494.57 847.48;-492.58 898.80;-482.96 898.43/-503.50 841.86;-573.76 953.56;-587.16 945.13/-503.50 841.86;-579.38 962.50;-565.97 970.93/-503.50 841.86;-566.05 919.07;-589.83 899.80/-582.19 966.96;-573.76 953.56;-587.16 945.13/-589.83 899.80;-581.11 864.13;-590.84 861.75/-589.83 899.80;-567.72 856.36;-577.94 851.16/-577.94 851.16;-581.11 864.13;-590.84 861.75/-589.83 899.80;-547.56 871.43;-563.39 847.84/-587.16 945.13;-566.05 919.07;-589.83 899.80/-503.50 841.86;-547.56 871.43;-563.39 847.84/-563.39 847.84;-567.72 856.36;-577.94 851.16/-503.50 841.86;-550.74 939.45;-489.87 968.90/-582.19 966.96;-579.38 962.50;-565.97 970.93/-482.60 967.24;-482.76 936.48;-481.95 936.47/-482.96 898.43;-482.76 936.48;-481.95 936.47/-489.87 968.90;-489.64 966.55;-482.60 967.24
fbx_poly_130_53|129.6|-489.87 968.90;-502.81 848.36;-494.57 847.48/-589.83 899.80;-547.56 871.43;-563.39 847.84/-563.39 847.84;-567.72 856.36;-577.94 851.16/-577.94 851.16;-581.11 864.13;-590.84 861.75/-589.83 899.80;-581.11 864.13;-590.84 861.75/-482.96 898.43;-489.64 966.55;-482.60 967.24/-482.96 898.43;-482.76 936.48;-481.95 936.47/-489.87 968.90;-489.64 966.55;-482.60 967.24/-589.83 899.80;-567.72 856.36;-577.94 851.16/-565.97 970.93;-550.74 939.45;-489.87 968.90/-582.19 966.96;-579.38 962.50;-565.97 970.93/-482.60 967.24;-482.76 936.48;-481.95 936.47/-489.87 968.90;-492.58 898.80;-482.96 898.43/-494.57 847.48;-492.58 898.80;-482.96 898.43/-503.50 841.86;-550.74 939.45;-489.87 968.90/-503.50 841.86;-502.81 848.36;-494.57 847.48/-503.50 841.86;-579.38 962.50;-565.97 970.93/-582.19 966.96;-573.76 953.56;-587.16 945.13/-503.50 841.86;-573.76 953.56;-587.16 945.13/-503.50 841.86;-566.05 919.07;-589.83 899.80/-503.50 841.86;-547.56 871.43;-563.39 847.84/-587.16 945.13;-566.05 919.07;-589.83 899.80
fbx_poly_130_53|167.7|-589.83 899.80;-567.72 856.36;-577.94 851.16/-482.96 898.43;-489.64 966.55;-482.60 967.24/-489.87 968.90;-492.58 898.80;-482.96 898.43/-577.94 851.16;-581.11 864.13;-590.84 861.75/-589.83 899.80;-581.11 864.13;-590.84 861.75/-503.50 841.86;-547.56 871.43;-563.39 847.84/-587.16 945.13;-566.05 919.07;-589.83 899.80/-503.50 841.86;-573.76 953.56;-587.16 945.13/-503.50 841.86;-566.05 919.07;-589.83 899.80/-582.19 966.96;-573.76 953.56;-587.16 945.13/-589.83 899.80;-547.56 871.43;-563.39 847.84/-563.39 847.84;-567.72 856.36;-577.94 851.16/-482.96 898.43;-482.76 936.48;-481.95 936.47/-482.60 967.24;-482.76 936.48;-481.95 936.47/-489.87 968.90;-489.64 966.55;-482.60 967.24/-494.57 847.48;-492.58 898.80;-482.96 898.43/-582.19 966.96;-579.38 962.50;-565.97 970.93/-503.50 841.86;-579.38 962.50;-565.97 970.93/-503.50 841.86;-550.74 939.45;-489.87 968.90/-565.97 970.93;-550.74 939.45;-489.87 968.90/-489.87 968.90;-502.81 848.36;-494.57 847.48/-503.50 841.86;-502.81 848.36;-494.57 847.48
fbx_poly_130_53|224.9|-489.87 968.90;-492.58 898.80;-482.96 898.43/-482.96 898.43;-489.64 966.55;-482.60 967.24/-482.96 898.43;-482.76 936.48;-481.95 936.47/-489.87 968.90;-489.64 966.55;-482.60 967.24/-482.60 967.24;-482.76 936.48;-481.95 936.47/-503.50 841.86;-550.74 939.45;-489.87 968.90/-582.19 966.96;-579.38 962.50;-565.97 970.93/-503.50 841.86;-502.81 848.36;-494.57 847.48/-565.97 970.93;-550.74 939.45;-489.87 968.90/-494.57 847.48;-492.58 898.80;-482.96 898.43/-489.87 968.90;-502.81 848.36;-494.57 847.48/-577.94 851.16;-581.11 864.13;-590.84 861.75/-589.83 899.80;-567.72 856.36;-577.94 851.16/-563.39 847.84;-567.72 856.36;-577.94 851.16/-589.83 899.80;-547.56 871.43;-563.39 847.84/-589.83 899.80;-581.11 864.13;-590.84 861.75/-503.50 841.86;-573.76 953.56;-587.16 945.13/-503.50 841.86;-579.38 962.50;-565.97 970.93/-503.50 841.86;-547.56 871.43;-563.39 847.84/-587.16 945.13;-566.05 919.07;-589.83 899.80/-503.50 841.86;-566.05 919.07;-589.83 899.80/-582.19 966.96;-573.76 953.56;-587.16 945.13
fbx_poly_130_53|72.5|-582.19 966.96;-579.38 962.50;-565.97 970.93/-565.97 970.93;-550.74 939.45;-489.87 968.90/-503.50 841.86;-550.74 939.45;-489.87 968.90/-503.50 841.86;-547.56 871.43;-563.39 847.84/-587.16 945.13;-566.05 919.07;-589.83 899.80/-589.83 899.80;-547.56 871.43;-563.39 847.84/-503.50 841.86;-566.05 919.07;-589.83 899.80/-503.50 841.86;-502.81 848.36;-494.57 847.48/-489.87 968.90;-502.81 848.36;-494.57 847.48/-494.57 847.48;-492.58 898.80;-482.96 898.43/-503.50 841.86;-579.38 962.50;-565.97 970.93/-582.19 966.96;-573.76 953.56;-587.16 945.13/-503.50 841.86;-573.76 953.56;-587.16 945.13/-589.83 899.80;-567.72 856.36;-577.94 851.16/-577.94 851.16;-581.11 864.13;-590.84 861.75/-589.83 899.80;-581.11 864.13;-590.84 861.75/-563.39 847.84;-567.72 856.36;-577.94 851.16/-489.87 968.90;-489.64 966.55;-482.60 967.24/-482.60 967.24;-482.76 936.48;-481.95 936.47/-489.87 968.90;-492.58 898.80;-482.96 898.43/-482.96 898.43;-489.64 966.55;-482.60 967.24/-482.96 898.43;-482.76 936.48;-481.95 936.47
fbx_poly_130_53|205.8|-482.60 967.24;-482.76 936.48;-481.95 936.47/-503.50 841.86;-566.05 919.07;-589.83 899.80/-587.16 945.13;-566.05 919.07;-589.83 899.80/-503.50 841.86;-573.76 953.56;-587.16 945.13/-582.19 966.96;-573.76 953.56;-587.16 945.13/-503.50 841.86;-550.74 939.45;-489.87 968.90/-503.50 841.86;-579.38 962.50;-565.97 970.93/-565.97 970.93;-550.74 939.45;-489.87 968.90/-582.19 966.96;-579.38 962.50;-565.97 970.93/-503.50 841.86;-502.81 848.36;-494.57 847.48/-489.87 968.90;-502.81 848.36;-494.57 847.48/-489.87 968.90;-492.58 898.80;-482.96 898.43/-494.57 847.48;-492.58 898.80;-482.96 898.43/-482.96 898.43;-482.76 936.48;-481.95 936.47/-482.96 898.43;-489.64 966.55;-482.60 967.24/-489.87 968.90;-489.64 966.55;-482.60 967.24/-589.83 899.80;-581.11 864.13;-590.84 861.75/-577.94 851.16;-581.11 864.13;-590.84 861.75/-563.39 847.84;-567.72 856.36;-577.94 851.16/-589.83 899.80;-547.56 871.43;-563.39 847.84/-503.50 841.86;-547.56 871.43;-563.39 847.84/-589.83 899.80;-567.72 856.36;-577.94 851.16
fbx_poly_130_53|53.5|-482.60 967.24;-482.76 936.48;-481.95 936.47/-482.96 898.43;-489.64 966.55;-482.60 967.24/-482.96 898.43;-482.76 936.48;-481.95 936.47/-494.57 847.48;-492.58 898.80;-482.96 898.43/-489.87 968.90;-492.58 898.80;-482.96 898.43/-489.87 968.90;-489.64 966.55;-482.60 967.24/-489.87 968.90;-502.81 848.36;-494.57 847.48/-582.19 966.96;-573.76 953.56;-587.16 945.13/-503.50 841.86;-573.76 953.56;-587.16 945.13/-503.50 841.86;-502.81 848.36;-494.57 847.48/-565.97 970.93;-550.74 939.45;-489.87 968.90/-582.19 966.96;-579.38 962.50;-565.97 970.93/-503.50 841.86;-550.74 939.45;-489.87 968.90/-503.50 841.86;-579.38 962.50;-565.97 970.93/-587.16 945.13;-566.05 919.07;-589.83 899.80/-589.83 899.80;-547.56 871.43;-563.39 847.84/-563.39 847.84;-567.72 856.36;-577.94 851.16/-589.83 899.80;-567.72 856.36;-577.94 851.16/-503.50 841.86;-547.56 871.43;-563.39 847.84/-503.50 841.86;-566.05 919.07;-589.83 899.80/-577.94 851.16;-581.11 864.13;-590.84 861.75/-589.83 899.80;-581.11 864.13;-590.84 861.75
fbx_poly_130_8|154.0|-1697.19 -221.31;-1692.06 -219.57;-1696.41 -206.72/-1652.49 -206.17;-1692.06 -219.57;-1696.41 -206.72/-1693.36 -241.02;-1685.84 -234.61;-1697.19 -221.31/-1696.41 -206.72;-1662.21 -206.29;-1662.21 -205.65/-1652.49 -206.17;-1662.21 -206.29;-1662.21 -205.65/-1652.49 -206.17;-1685.84 -234.61;-1697.19 -221.31/-1693.36 -241.02;-1654.45 -243.09;-1652.49 -206.17
fbx_poly_130_8|133.3|-1696.41 -206.72;-1662.21 -206.29;-1662.21 -205.65/-1693.36 -241.02;-1685.84 -234.61;-1697.19 -221.31/-1652.49 -206.17;-1685.84 -234.61;-1697.19 -221.31/-1693.36 -241.02;-1654.45 -243.09;-1652.49 -206.17/-1652.49 -206.17;-1662.21 -206.29;-1662.21 -205.65/-1652.49 -206.17;-1692.06 -219.57;-1696.41 -206.72/-1697.19 -221.31;-1692.06 -219.57;-1696.41 -206.72
fbx_poly_130_8|71.2|-1696.41 -206.72;-1662.21 -206.29;-1662.21 -205.65/-1652.49 -206.17;-1662.21 -206.29;-1662.21 -205.65/-1652.49 -206.17;-1692.06 -219.57;-1696.41 -206.72/-1693.36 -241.02;-1685.84 -234.61;-1697.19 -221.31/-1697.19 -221.31;-1692.06 -219.57;-1696.41 -206.72/-1652.49 -206.17;-1685.84 -234.61;-1697.19 -221.31/-1693.36 -241.02;-1654.45 -243.09;-1652.49 -206.17
fbx_poly_130_8|91.9|-1697.19 -221.31;-1692.06 -219.57;-1696.41 -206.72/-1696.41 -206.72;-1662.21 -206.29;-1662.21 -205.65/-1693.36 -241.02;-1654.45 -243.09;-1652.49 -206.17/-1693.36 -241.02;-1685.84 -234.61;-1697.19 -221.31/-1652.49 -206.17;-1685.84 -234.61;-1697.19 -221.31/-1652.49 -206.17;-1662.21 -206.29;-1662.21 -205.65/-1652.49 -206.17;-1692.06 -219.57;-1696.41 -206.72
fbx_poly_130_8|112.6|-1697.19 -221.31;-1692.06 -219.57;-1696.41 -206.72/-1696.41 -206.72;-1662.21 -206.29;-1662.21 -205.65/-1652.49 -206.17;-1692.06 -219.57;-1696.41 -206.72/-1693.36 -241.02;-1685.84 -234.61;-1697.19 -221.31/-1652.49 -206.17;-1685.84 -234.61;-1697.19 -221.31/-1693.36 -241.02;-1654.45 -243.09;-1652.49 -206.17/-1652.49 -206.17;-1662.21 -206.29;-1662.21 -205.65
fbx_poly_130_8|174.6|-1652.49 -206.17;-1685.84 -234.61;-1697.19 -221.31/-1693.36 -241.02;-1685.84 -234.61;-1697.19 -221.31/-1652.49 -206.17;-1692.06 -219.57;-1696.41 -206.72/-1693.36 -241.02;-1654.45 -243.09;-1652.49 -206.17/-1696.41 -206.72;-1662.21 -206.29;-1662.21 -205.65/-1697.19 -221.31;-1692.06 -219.57;-1696.41 -206.72/-1652.49 -206.17;-1662.21 -206.29;-1662.21 -205.65
fbx_poly_130_8|154.0|-1693.62 -245.89;-1694.65 -265.34;-1655.74 -267.41/-1664.43 -247.44;-1659.22 -259.42;-1655.22 -257.68/-1655.74 -267.41;-1670.89 -258.80;-1664.43 -247.44/-1693.62 -245.89;-1670.89 -258.80;-1664.43 -247.44/-1655.74 -267.41;-1659.22 -259.42;-1655.22 -257.68
fbx_poly_130_8|133.3|-1693.62 -245.89;-1694.65 -265.34;-1655.74 -267.41/-1655.74 -267.41;-1670.89 -258.80;-1664.43 -247.44/-1664.43 -247.44;-1659.22 -259.42;-1655.22 -257.68/-1655.74 -267.41;-1659.22 -259.42;-1655.22 -257.68/-1693.62 -245.89;-1670.89 -258.80;-1664.43 -247.44
fbx_poly_130_8|91.9|-1655.74 -267.41;-1659.22 -259.42;-1655.22 -257.68/-1664.43 -247.44;-1659.22 -259.42;-1655.22 -257.68/-1693.62 -245.89;-1670.89 -258.80;-1664.43 -247.44/-1655.74 -267.41;-1670.89 -258.80;-1664.43 -247.44/-1693.62 -245.89;-1694.65 -265.34;-1655.74 -267.41
fbx_poly_130_8|71.2|-1664.43 -247.44;-1659.22 -259.42;-1655.22 -257.68/-1655.74 -267.41;-1659.22 -259.42;-1655.22 -257.68/-1693.62 -245.89;-1670.89 -258.80;-1664.43 -247.44/-1655.74 -267.41;-1670.89 -258.80;-1664.43 -247.44/-1693.62 -245.89;-1694.65 -265.34;-1655.74 -267.41
fbx_poly_130_8|112.6|-1655.74 -267.41;-1659.22 -259.42;-1655.22 -257.68/-1664.43 -247.44;-1659.22 -259.42;-1655.22 -257.68/-1693.62 -245.89;-1694.65 -265.34;-1655.74 -267.41/-1693.62 -245.89;-1670.89 -258.80;-1664.43 -247.44/-1655.74 -267.41;-1670.89 -258.80;-1664.43 -247.44
fbx_poly_130_8|174.6|-1655.74 -267.41;-1659.22 -259.42;-1655.22 -257.68/-1664.43 -247.44;-1659.22 -259.42;-1655.22 -257.68/-1655.74 -267.41;-1670.89 -258.80;-1664.43 -247.44/-1693.62 -245.89;-1694.65 -265.34;-1655.74 -267.41/-1693.62 -245.89;-1670.89 -258.80;-1664.43 -247.44
fbx_poly_130_8|154.0|-1588.17 -280.75;-1646.53 -277.65;-1647.05 -287.38/-1642.70 -297.36;-1584.34 -300.47;-1584.08 -295.60/-1584.08 -295.60;-1641.49 -288.10;-1642.70 -297.36/-1647.05 -287.38;-1590.00 -294.83;-1588.17 -280.75/-1647.05 -287.38;-1641.49 -288.10;-1642.70 -297.36/-1584.08 -295.60;-1590.00 -294.83;-1588.17 -280.75
fbx_poly_130_8|133.3|-1642.70 -297.36;-1584.34 -300.47;-1584.08 -295.60/-1584.08 -295.60;-1590.00 -294.83;-1588.17 -280.75/-1647.05 -287.38;-1641.49 -288.10;-1642.70 -297.36/-1584.08 -295.60;-1641.49 -288.10;-1642.70 -297.36/-1647.05 -287.38;-1590.00 -294.83;-1588.17 -280.75/-1588.17 -280.75;-1646.53 -277.65;-1647.05 -287.38
fbx_poly_130_8|91.9|-1584.08 -295.60;-1590.00 -294.83;-1588.17 -280.75/-1647.05 -287.38;-1590.00 -294.83;-1588.17 -280.75/-1584.08 -295.60;-1641.49 -288.10;-1642.70 -297.36/-1647.05 -287.38;-1641.49 -288.10;-1642.70 -297.36/-1588.17 -280.75;-1646.53 -277.65;-1647.05 -287.38/-1642.70 -297.36;-1584.34 -300.47;-1584.08 -295.60
fbx_poly_130_8|71.2|-1647.05 -287.38;-1590.00 -294.83;-1588.17 -280.75/-1647.05 -287.38;-1641.49 -288.10;-1642.70 -297.36/-1584.08 -295.60;-1641.49 -288.10;-1642.70 -297.36/-1588.17 -280.75;-1646.53 -277.65;-1647.05 -287.38/-1642.70 -297.36;-1584.34 -300.47;-1584.08 -295.60/-1584.08 -295.60;-1590.00 -294.83;-1588.17 -280.75
fbx_poly_130_8|112.6|-1584.08 -295.60;-1590.00 -294.83;-1588.17 -280.75/-1584.08 -295.60;-1641.49 -288.10;-1642.70 -297.36/-1647.05 -287.38;-1590.00 -294.83;-1588.17 -280.75/-1647.05 -287.38;-1641.49 -288.10;-1642.70 -297.36/-1588.17 -280.75;-1646.53 -277.65;-1647.05 -287.38/-1642.70 -297.36;-1584.34 -300.47;-1584.08 -295.60
fbx_poly_130_8|174.6|-1588.17 -280.75;-1646.53 -277.65;-1647.05 -287.38/-1647.05 -287.38;-1641.49 -288.10;-1642.70 -297.36/-1584.08 -295.60;-1641.49 -288.10;-1642.70 -297.36/-1647.05 -287.38;-1590.00 -294.83;-1588.17 -280.75/-1642.70 -297.36;-1584.34 -300.47;-1584.08 -295.60/-1584.08 -295.60;-1590.00 -294.83;-1588.17 -280.75
fbx_poly_130_8|156.8|-1641.15 -268.18;-1640.12 -248.73;-1587.65 -271.03;-1586.62 -251.57
fbx_poly_130_8|114.0|-1641.15 -268.18;-1640.12 -248.73;-1587.65 -271.03;-1586.62 -251.57
fbx_poly_130_8|92.6|-1641.15 -268.18;-1640.12 -248.73;-1587.65 -271.03;-1586.62 -251.57
fbx_poly_130_8|135.4|-1641.15 -268.18;-1640.12 -248.73;-1587.65 -271.03;-1586.62 -251.57
fbx_poly_130_8|71.2|-1641.15 -268.18;-1640.12 -248.73;-1587.65 -271.03;-1586.62 -251.57
fbx_poly_170_0|156.5|368.96 2579.69;367.19 2590.49;377.99 2592.25/364.25 2608.47;367.19 2590.49;377.99 2592.25/364.25 2608.47;352.21 2591.73;368.96 2579.69
fbx_poly_170_0|192.2|364.25 2608.47;352.21 2591.73;368.96 2579.69/368.96 2579.69;367.19 2590.49;377.99 2592.25/364.25 2608.47;367.19 2590.49;377.99 2592.25
fbx_poly_170_0|174.4|364.25 2608.47;352.21 2591.73;368.96 2579.69/368.96 2579.69;367.19 2590.49;377.99 2592.25/364.25 2608.47;367.19 2590.49;377.99 2592.25
fbx_poly_170_0|156.5|312.70 2607.42;311.58 2598.76;295.30 2600.88/302.90 2531.93;311.58 2598.76;295.30 2600.88/302.90 2531.93;342.01 2586.36;312.70 2607.42
fbx_poly_170_0|192.2|302.90 2531.93;342.01 2586.36;312.70 2607.42/312.70 2607.42;311.58 2598.76;295.30 2600.88/302.90 2531.93;311.58 2598.76;295.30 2600.88
fbx_poly_170_0|174.4|302.90 2531.93;342.01 2586.36;312.70 2607.42/312.70 2607.42;311.58 2598.76;295.30 2600.88/302.90 2531.93;311.58 2598.76;295.30 2600.88
fbx_poly_170_0|156.5|346.20 2583.35;362.94 2571.32;307.09 2528.92;323.83 2516.89
fbx_poly_170_0|192.2|346.20 2583.35;362.94 2571.32;307.09 2528.92;323.83 2516.89
fbx_poly_170_0|174.4|346.20 2583.35;362.94 2571.32;307.09 2528.92;323.83 2516.89
fbx_poly_170_0|156.5|371.32 2565.30;347.25 2531.81;351.44 2528.80/351.44 2528.80;370.01 2528.15;371.32 2565.30/370.01 2528.15;370.77 2549.58;385.06 2549.08/371.32 2565.30;370.77 2549.58;385.06 2549.08
fbx_poly_170_0|192.2|371.32 2565.30;370.77 2549.58;385.06 2549.08/370.01 2528.15;370.77 2549.58;385.06 2549.08/371.32 2565.30;347.25 2531.81;351.44 2528.80/351.44 2528.80;370.01 2528.15;371.32 2565.30
fbx_poly_170_0|174.4|371.32 2565.30;347.25 2531.81;351.44 2528.80/370.01 2528.15;370.77 2549.58;385.06 2549.08/371.32 2565.30;370.77 2549.58;385.06 2549.08/351.44 2528.80;370.01 2528.15;371.32 2565.30
fbx_poly_170_0|143.5|334.29 2610.96;325.56 2592.31;298.31 2605.06/298.71 2534.94;325.56 2592.31;298.31 2605.06/295.30 2600.88;296.26 2582.38;294.65 2582.30/298.71 2534.94;346.85 2601.93;334.29 2610.96/298.31 2605.06;298.33 2600.89;295.30 2600.88/352.86 2610.30;298.71 2534.94;302.90 2531.93/352.86 2610.30;343.64 2595.84;368.96 2579.69/298.71 2534.94;298.33 2600.89;295.30 2600.88/302.90 2531.93;343.64 2595.84;368.96 2579.69/352.86 2610.30;346.85 2601.93;334.29 2610.96/368.96 2579.69;377.99 2592.25;352.86 2610.30/298.71 2534.94;296.26 2582.38;294.65 2582.30/298.71 2534.94;298.09 2542.18;297.53 2542.14/294.65 2582.30;298.09 2542.18;297.53 2542.14
fbx_poly_170_0|165.7|294.65 2582.30;298.09 2542.18;297.53 2542.14/298.71 2534.94;325.56 2592.31;298.31 2605.06/334.29 2610.96;325.56 2592.31;298.31 2605.06/295.30 2600.88;296.26 2582.38;294.65 2582.30/298.71 2534.94;298.09 2542.18;297.53 2542.14/298.71 2534.94;296.26 2582.38;294.65 2582.30/298.71 2534.94;346.85 2601.93;334.29 2610.96/352.86 2610.30;298.71 2534.94;302.90 2531.93/298.31 2605.06;298.33 2600.89;295.30 2600.88/352.86 2610.30;346.85 2601.93;334.29 2610.96/368.96 2579.69;377.99 2592.25;352.86 2610.30/352.86 2610.30;343.64 2595.84;368.96 2579.69/298.71 2534.94;298.33 2600.89;295.30 2600.88/302.90 2531.93;343.64 2595.84;368.96 2579.69
fbx_poly_170_0|121.3|298.71 2534.94;296.26 2582.38;294.65 2582.30/298.71 2534.94;298.09 2542.18;297.53 2542.14/294.65 2582.30;298.09 2542.18;297.53 2542.14/298.31 2605.06;298.33 2600.89;295.30 2600.88/298.71 2534.94;298.33 2600.89;295.30 2600.88/302.90 2531.93;343.64 2595.84;368.96 2579.69/334.29 2610.96;325.56 2592.31;298.31 2605.06/298.71 2534.94;325.56 2592.31;298.31 2605.06/295.30 2600.88;296.26 2582.38;294.65 2582.30/352.86 2610.30;343.64 2595.84;368.96 2579.69/298.71 2534.94;346.85 2601.93;334.29 2610.96/352.86 2610.30;346.85 2601.93;334.29 2610.96/352.86 2610.30;298.71 2534.94;302.90 2531.93/368.96 2579.69;377.99 2592.25;352.86 2610.30
fbx_poly_170_0|187.9|294.65 2582.30;298.09 2542.18;297.53 2542.14/295.30 2600.88;296.26 2582.38;294.65 2582.30/352.86 2610.30;343.64 2595.84;368.96 2579.69/352.86 2610.30;298.71 2534.94;302.90 2531.93/298.71 2534.94;325.56 2592.31;298.31 2605.06/298.31 2605.06;298.33 2600.89;295.30 2600.88/298.71 2534.94;298.09 2542.18;297.53 2542.14/352.86 2610.30;346.85 2601.93;334.29 2610.96/368.96 2579.69;377.99 2592.25;352.86 2610.30/302.90 2531.93;343.64 2595.84;368.96 2579.69/334.29 2610.96;325.56 2592.31;298.31 2605.06/298.71 2534.94;296.26 2582.38;294.65 2582.30/298.71 2534.94;298.33 2600.89;295.30 2600.88/298.71 2534.94;346.85 2601.93;334.29 2610.96
fbx_poly_170_0|210.1|298.71 2534.94;325.56 2592.31;298.31 2605.06/298.71 2534.94;298.09 2542.18;297.53 2542.14/352.86 2610.30;343.64 2595.84;368.96 2579.69/352.86 2610.30;346.85 2601.93;334.29 2610.96/352.86 2610.30;298.71 2534.94;302.90 2531.93/334.29 2610.96;325.56 2592.31;298.31 2605.06/298.71 2534.94;346.85 2601.93;334.29 2610.96/298.71 2534.94;298.33 2600.89;295.30 2600.88/298.31 2605.06;298.33 2600.89;295.30 2600.88/295.30 2600.88;296.26 2582.38;294.65 2582.30/294.65 2582.30;298.09 2542.18;297.53 2542.14/298.71 2534.94;296.26 2582.38;294.65 2582.30/368.96 2579.69;377.99 2592.25;352.86 2610.30/302.90 2531.93;343.64 2595.84;368.96 2579.69
fbx_poly_170_0|143.5|386.89 2560.46;381.83 2550.77;385.06 2549.08/370.01 2528.15;381.83 2550.77;385.06 2549.08/384.53 2574.85;354.45 2532.99;362.82 2526.97/384.53 2574.85;380.34 2577.86;347.25 2531.81/362.82 2526.97;379.52 2563.80;386.89 2560.46/351.44 2528.80;354.45 2532.99;362.82 2526.97/384.53 2574.85;379.52 2563.80;386.89 2560.46/386.89 2560.46;365.83 2531.16;370.01 2528.15/362.82 2526.97;365.83 2531.16;370.01 2528.15/347.25 2531.81;351.44 2528.80;384.53 2574.85
fbx_poly_170_0|165.7|351.44 2528.80;354.45 2532.99;362.82 2526.97/347.25 2531.81;351.44 2528.80;384.53 2574.85/384.53 2574.85;354.45 2532.99;362.82 2526.97/386.89 2560.46;365.83 2531.16;370.01 2528.15/370.01 2528.15;381.83 2550.77;385.06 2549.08/384.53 2574.85;380.34 2577.86;347.25 2531.81/362.82 2526.97;365.83 2531.16;370.01 2528.15/384.53 2574.85;379.52 2563.80;386.89 2560.46/362.82 2526.97;379.52 2563.80;386.89 2560.46/386.89 2560.46;381.83 2550.77;385.06 2549.08
fbx_poly_170_0|210.1|347.25 2531.81;351.44 2528.80;384.53 2574.85/384.53 2574.85;380.34 2577.86;347.25 2531.81/362.82 2526.97;379.52 2563.80;386.89 2560.46/351.44 2528.80;354.45 2532.99;362.82 2526.97/384.53 2574.85;354.45 2532.99;362.82 2526.97/370.01 2528.15;381.83 2550.77;385.06 2549.08/386.89 2560.46;381.83 2550.77;385.06 2549.08/384.53 2574.85;379.52 2563.80;386.89 2560.46/362.82 2526.97;365.83 2531.16;370.01 2528.15/386.89 2560.46;365.83 2531.16;370.01 2528.15
fbx_poly_170_0|187.9|386.89 2560.46;365.83 2531.16;370.01 2528.15/386.89 2560.46;381.83 2550.77;385.06 2549.08/362.82 2526.97;365.83 2531.16;370.01 2528.15/362.82 2526.97;379.52 2563.80;386.89 2560.46/384.53 2574.85;379.52 2563.80;386.89 2560.46/351.44 2528.80;354.45 2532.99;362.82 2526.97/384.53 2574.85;354.45 2532.99;362.82 2526.97/347.25 2531.81;351.44 2528.80;384.53 2574.85/384.53 2574.85;380.34 2577.86;347.25 2531.81/370.01 2528.15;381.83 2550.77;385.06 2549.08
fbx_poly_170_0|121.3|347.25 2531.81;351.44 2528.80;384.53 2574.85/351.44 2528.80;354.45 2532.99;362.82 2526.97/384.53 2574.85;380.34 2577.86;347.25 2531.81/370.01 2528.15;381.83 2550.77;385.06 2549.08/384.53 2574.85;354.45 2532.99;362.82 2526.97/362.82 2526.97;379.52 2563.80;386.89 2560.46/362.82 2526.97;365.83 2531.16;370.01 2528.15/386.89 2560.46;381.83 2550.77;385.06 2549.08/384.53 2574.85;379.52 2563.80;386.89 2560.46/386.89 2560.46;365.83 2531.16;370.01 2528.15
fbx_poly_170_0|156.5|294.65 2582.30;298.50 2542.23;297.53 2542.14/299.89 2527.74;296.46 2582.41;294.65 2582.30/329.85 2525.26;328.71 2528.14;315.46 2522.91/298.31 2605.06;314.62 2526.94;304.08 2524.74/298.31 2605.06;328.71 2528.14;315.46 2522.91/329.85 2525.26;356.93 2562.95;298.31 2605.06/295.30 2600.88;296.46 2582.41;294.65 2582.30/299.89 2527.74;298.39 2600.94;295.30 2600.88/298.31 2605.06;303.84 2528.03;299.89 2527.74/304.08 2524.74;303.84 2528.03;299.89 2527.74/298.31 2605.06;298.39 2600.94;295.30 2600.88/315.46 2522.91;314.62 2526.94;304.08 2524.74/299.89 2527.74;298.50 2542.23;297.53 2542.14
fbx_poly_170_0|121.3|294.65 2582.30;298.50 2542.23;297.53 2542.14/299.89 2527.74;296.46 2582.41;294.65 2582.30/329.85 2525.26;328.71 2528.14;315.46 2522.91/298.31 2605.06;314.62 2526.94;304.08 2524.74/329.85 2525.26;356.93 2562.95;298.31 2605.06/298.31 2605.06;328.71 2528.14;315.46 2522.91/299.89 2527.74;298.39 2600.94;295.30 2600.88/295.30 2600.88;296.46 2582.41;294.65 2582.30/298.31 2605.06;298.39 2600.94;295.30 2600.88/304.08 2524.74;303.84 2528.03;299.89 2527.74/298.31 2605.06;303.84 2528.03;299.89 2527.74/315.46 2522.91;314.62 2526.94;304.08 2524.74/299.89 2527.74;298.50 2542.23;297.53 2542.14
fbx_poly_170_0|185.3|386.24 2541.89;365.30 2556.93;347.25 2531.81/386.24 2541.89;386.82 2538.29;347.25 2531.81/387.41 2534.69;386.82 2538.29;347.25 2531.81/347.25 2531.81;362.97 2531.26;362.82 2526.97/347.25 2531.81;384.12 2534.45;384.41 2530.50/387.41 2534.69;384.12 2534.45;384.41 2530.50/347.25 2531.81;351.92 2530.36;351.44 2528.80/362.82 2526.97;351.92 2530.36;351.44 2528.80/384.41 2530.50;362.97 2531.26;362.82 2526.97
fbx_poly_170_0|206.6|362.82 2526.97;351.92 2530.36;351.44 2528.80/387.41 2534.69;386.82 2538.29;347.25 2531.81/347.25 2531.81;362.97 2531.26;362.82 2526.97/387.41 2534.69;384.12 2534.45;384.41 2530.50/347.25 2531.81;384.12 2534.45;384.41 2530.50/347.25 2531.81;351.92 2530.36;351.44 2528.80/384.41 2530.50;362.97 2531.26;362.82 2526.97/386.24 2541.89;365.30 2556.93;347.25 2531.81/386.24 2541.89;386.82 2538.29;347.25 2531.81
fbx_poly_170_0|163.9|386.24 2541.89;365.30 2556.93;347.25 2531.81/386.24 2541.89;386.82 2538.29;347.25 2531.81/387.41 2534.69;386.82 2538.29;347.25 2531.81/347.25 2531.81;384.12 2534.45;384.41 2530.50/384.41 2530.50;362.97 2531.26;362.82 2526.97/387.41 2534.69;384.12 2534.45;384.41 2530.50/347.25 2531.81;362.97 2531.26;362.82 2526.97/362.82 2526.97;351.92 2530.36;351.44 2528.80/347.25 2531.81;351.92 2530.36;351.44 2528.80
fbx_poly_170_0|142.6|362.82 2526.97;351.92 2530.36;351.44 2528.80/386.24 2541.89;386.82 2538.29;347.25 2531.81/386.24 2541.89;365.30 2556.93;347.25 2531.81/387.41 2534.69;384.12 2534.45;384.41 2530.50/347.25 2531.81;384.12 2534.45;384.41 2530.50/347.25 2531.81;362.97 2531.26;362.82 2526.97/347.25 2531.81;351.92 2530.36;351.44 2528.80/384.41 2530.50;362.97 2531.26;362.82 2526.97/387.41 2534.69;386.82 2538.29;347.25 2531.81
fbx_poly_170_0|121.3|347.25 2531.81;384.12 2534.45;384.41 2530.50/362.82 2526.97;351.92 2530.36;351.44 2528.80/347.25 2531.81;362.97 2531.26;362.82 2526.97/387.41 2534.69;384.12 2534.45;384.41 2530.50/384.41 2530.50;362.97 2531.26;362.82 2526.97/347.25 2531.81;351.92 2530.36;351.44 2528.80/386.24 2541.89;386.82 2538.29;347.25 2531.81/386.24 2541.89;365.30 2556.93;347.25 2531.81/387.41 2534.69;386.82 2538.29;347.25 2531.81
fbx_poly_170_0|227.9|347.25 2531.81;384.12 2534.45;384.41 2530.50/387.41 2534.69;386.82 2538.29;347.25 2531.81/386.24 2541.89;386.82 2538.29;347.25 2531.81/386.24 2541.89;365.30 2556.93;347.25 2531.81/387.41 2534.69;384.12 2534.45;384.41 2530.50/347.25 2531.81;362.97 2531.26;362.82 2526.97/384.41 2530.50;362.97 2531.26;362.82 2526.97/362.82 2526.97;351.92 2530.36;351.44 2528.80/347.25 2531.81;351.92 2530.36;351.44 2528.80
fbx_poly_170_20|165.5|-17.83 1589.28;-9.60 1462.33;-25.12 1461.32/-25.12 1461.32;-22.58 1505.99;-26.20 1506.19/-26.20 1506.19;-21.18 1556.05;-37.80 1557.72/-17.83 1589.28;-21.18 1556.05;-37.80 1557.72/-25.12 1461.32;-25.70 1485.48;-39.51 1485.15/-26.20 1506.19;-25.70 1485.48;-39.51 1485.15/-17.83 1589.28;-22.58 1505.98;-26.20 1506.19/-6.87 1420.31;66.33 1536.04;-17.83 1589.28/-25.12 1461.32;-38.43 1440.28;-6.87 1420.31/-6.87 1420.31;-9.60 1462.33;-25.12 1461.32
fbx_poly_170_20|183.4|-17.83 1589.28;-9.60 1462.33;-25.12 1461.32/-17.83 1589.28;-21.18 1556.05;-37.80 1557.72/-26.20 1506.19;-21.18 1556.05;-37.80 1557.72/-6.87 1420.31;-9.60 1462.33;-25.12 1461.32/-25.12 1461.32;-38.43 1440.28;-6.87 1420.31/-6.87 1420.31;66.33 1536.04;-17.83 1589.28/-26.20 1506.19;-25.70 1485.48;-39.51 1485.15/-25.12 1461.32;-25.70 1485.48;-39.51 1485.15/-17.83 1589.28;-22.58 1505.98;-26.20 1506.19/-25.12 1461.32;-22.58 1505.99;-26.20 1506.19
fbx_poly_170_20|201.2|-17.83 1589.28;-22.58 1505.98;-26.20 1506.19/-26.20 1506.19;-25.70 1485.48;-39.51 1485.15/-17.83 1589.28;-21.18 1556.05;-37.80 1557.72/-26.20 1506.19;-21.18 1556.05;-37.80 1557.72/-25.12 1461.32;-25.70 1485.48;-39.51 1485.15/-25.12 1461.32;-22.58 1505.99;-26.20 1506.19/-6.87 1420.31;-9.60 1462.33;-25.12 1461.32/-25.12 1461.32;-38.43 1440.28;-6.87 1420.31/-6.87 1420.31;66.33 1536.04;-17.83 1589.28/-17.83 1589.28;-9.60 1462.33;-25.12 1461.32
fbx_poly_170_20|182.1|84.14 1657.35;83.09 1612.53;85.22 1612.48/82.43 1584.78;80.69 1657.27;84.14 1657.35/80.28 1674.53;80.69 1657.27;84.14 1657.35/82.43 1584.78;70.80 1673.28;80.28 1674.53/69.76 1681.18;70.80 1673.28;80.28 1674.53/82.43 1584.78;83.09 1612.53;85.22 1612.48/42.06 1683.97;46.97 1671.91;69.76 1681.18/42.06 1683.97;21.46 1669.06;82.43 1584.78/82.43 1584.78;46.97 1671.91;69.76 1681.18/-12.26 1644.67;21.46 1669.06;82.43 1584.78/-12.26 1644.68;-18.91 1634.15;75.78 1574.26/75.78 1574.26;82.43 1584.78;-12.26 1644.68
fbx_poly_170_20|201.2|82.43 1584.78;83.09 1612.53;85.22 1612.48/84.14 1657.35;83.09 1612.53;85.22 1612.48/82.43 1584.78;80.69 1657.27;84.14 1657.35/80.28 1674.53;80.69 1657.27;84.14 1657.35/69.76 1681.18;70.80 1673.28;80.28 1674.53/42.06 1683.97;46.97 1671.91;69.76 1681.18/82.43 1584.78;70.80 1673.28;80.28 1674.53/82.43 1584.78;46.97 1671.91;69.76 1681.18/-12.26 1644.67;21.46 1669.06;82.43 1584.78/42.06 1683.97;21.46 1669.06;82.43 1584.78/75.78 1574.26;82.43 1584.78;-12.26 1644.68/-12.26 1644.68;-18.91 1634.15;75.78 1574.26
fbx_poly_170_20|162.9|84.14 1657.35;83.09 1612.53;85.22 1612.48/80.28 1674.53;80.69 1657.27;84.14 1657.35/82.43 1584.78;83.09 1612.53;85.22 1612.48/82.43 1584.78;80.69 1657.27;84.14 1657.35/82.43 1584.78;70.80 1673.28;80.28 1674.53/69.76 1681.18;70.80 1673.28;80.28 1674.53/82.43 1584.78;46.97 1671.91;69.76 1681.18/42.06 1683.97;46.97 1671.91;69.76 1681.18/42.06 1683.97;21.46 1669.06;82.43 1584.78/75.78 1574.26;82.43 1584.78;-12.26 1644.68/-12.26 1644.67;21.46 1669.06;82.43 1584.78/-12.26 1644.68;-18.91 1634.15;75.78 1574.26
fbx_poly_170_20|143.8|75.78 1574.26;82.43 1584.78;-12.26 1644.68/42.06 1683.97;21.46 1669.06;82.43 1584.78/-12.26 1644.67;21.46 1669.06;82.43 1584.78/-12.26 1644.68;-18.91 1634.15;75.78 1574.26/84.14 1657.35;83.09 1612.53;85.22 1612.48/82.43 1584.78;83.09 1612.53;85.22 1612.48/80.28 1674.53;80.69 1657.27;84.14 1657.35/69.76 1681.18;70.80 1673.28;80.28 1674.53/82.43 1584.78;80.69 1657.27;84.14 1657.35/82.43 1584.78;70.80 1673.28;80.28 1674.53/82.43 1584.78;46.97 1671.91;69.76 1681.18/42.06 1683.97;46.97 1671.91;69.76 1681.18
fbx_poly_170_20|86.3|84.14 1657.35;83.09 1612.53;85.22 1612.48/80.28 1674.53;80.69 1657.27;84.14 1657.35/82.43 1584.78;80.69 1657.27;84.14 1657.35/82.43 1584.78;83.09 1612.53;85.22 1612.48/75.78 1574.26;82.43 1584.78;-12.26 1644.68/-12.26 1644.68;-18.91 1634.15;75.78 1574.26/69.76 1681.18;70.80 1673.28;80.28 1674.53/82.43 1584.78;70.80 1673.28;80.28 1674.53/82.43 1584.78;46.97 1671.91;69.76 1681.18/42.06 1683.97;46.97 1671.91;69.76 1681.18/-12.26 1644.67;21.46 1669.06;82.43 1584.78/42.06 1683.97;21.46 1669.06;82.43 1584.78
fbx_poly_170_20|124.6|84.14 1657.35;83.09 1612.53;85.22 1612.48/82.43 1584.78;83.09 1612.53;85.22 1612.48/82.43 1584.78;80.69 1657.27;84.14 1657.35/80.28 1674.53;80.69 1657.27;84.14 1657.35/42.06 1683.97;46.97 1671.91;69.76 1681.18/69.76 1681.18;70.80 1673.28;80.28 1674.53/82.43 1584.78;70.80 1673.28;80.28 1674.53/-12.26 1644.67;21.46 1669.06;82.43 1584.78/82.43 1584.78;46.97 1671.91;69.76 1681.18/42.06 1683.97;21.46 1669.06;82.43 1584.78/-12.26 1644.68;-18.91 1634.15;75.78 1574.26/75.78 1574.26;82.43 1584.78;-12.26 1644.68
fbx_poly_170_20|67.1|75.78 1574.26;82.43 1584.78;-12.26 1644.68/-12.26 1644.68;-18.91 1634.15;75.78 1574.26/-12.26 1644.67;21.46 1669.06;82.43 1584.78/69.76 1681.18;70.80 1673.28;80.28 1674.53/80.28 1674.53;80.69 1657.27;84.14 1657.35/82.43 1584.78;46.97 1671.91;69.76 1681.18/42.06 1683.97;21.46 1669.06;82.43 1584.78/82.43 1584.78;70.80 1673.28;80.28 1674.53/42.06 1683.97;46.97 1671.91;69.76 1681.18/82.43 1584.78;83.09 1612.53;85.22 1612.48/82.43 1584.78;80.69 1657.27;84.14 1657.35/84.14 1657.35;83.09 1612.53;85.22 1612.48
fbx_poly_170_20|105.4|82.43 1584.78;83.09 1612.53;85.22 1612.48/80.28 1674.53;80.69 1657.27;84.14 1657.35/84.14 1657.35;83.09 1612.53;85.22 1612.48/82.43 1584.78;80.69 1657.27;84.14 1657.35/82.43 1584.78;70.80 1673.28;80.28 1674.53/69.76 1681.18;70.80 1673.28;80.28 1674.53/42.06 1683.97;46.97 1671.91;69.76 1681.18/42.06 1683.97;21.46 1669.06;82.43 1584.78/82.43 1584.78;46.97 1671.91;69.76 1681.18/75.78 1574.26;82.43 1584.78;-12.26 1644.68/-12.26 1644.67;21.46 1669.06;82.43 1584.78/-12.26 1644.68;-18.91 1634.15;75.78 1574.26
fbx_poly_170_20|165.5|34.13 1438.56;80.72 1512.21;44.66 1431.91;91.24 1505.56
fbx_poly_170_20|219.1|34.13 1438.56;80.72 1512.21;44.66 1431.91;91.24 1505.56
fbx_poly_170_20|183.4|34.13 1438.56;80.72 1512.21;44.66 1431.91;91.24 1505.56
fbx_poly_170_20|147.7|34.13 1438.56;80.72 1512.21;44.66 1431.91;91.24 1505.56
fbx_poly_170_20|111.9|34.13 1438.56;80.72 1512.21;44.66 1431.91;91.24 1505.56
fbx_poly_170_20|129.8|34.13 1438.56;80.72 1512.21;44.66 1431.91;91.24 1505.56
fbx_poly_170_20|201.2|34.13 1438.56;80.72 1512.21;44.66 1431.91;91.24 1505.56
fbx_poly_170_20|94.1|34.13 1438.56;80.72 1512.21;44.66 1431.91;91.24 1505.56
fbx_poly_170_20|219.1|75.78 1574.26;45.23 1673.64;69.76 1681.18/42.06 1683.97;2.13 1620.84;75.78 1574.26/85.22 1612.48;81.66 1657.15;84.14 1657.35/80.28 1674.53;81.66 1657.15;84.14 1657.35/80.28 1674.53;81.77 1612.39;85.22 1612.48/75.78 1574.26;70.16 1673.96;80.28 1674.53/69.76 1681.18;70.16 1673.96;80.28 1674.53/42.06 1683.97;45.23 1673.64;69.76 1681.18/80.28 1674.53;76.26 1585.06;82.43 1584.78/82.43 1584.78;81.77 1612.39;85.22 1612.48/75.78 1574.26;76.26 1585.06;82.43 1584.78
fbx_poly_170_20|192.3|69.76 1681.18;70.16 1673.96;80.28 1674.53/80.28 1674.53;81.66 1657.15;84.14 1657.35/42.06 1683.97;45.23 1673.64;69.76 1681.18/75.78 1574.26;45.23 1673.64;69.76 1681.18/42.06 1683.97;2.13 1620.84;75.78 1574.26/80.28 1674.53;76.26 1585.06;82.43 1584.78/75.78 1574.26;76.26 1585.06;82.43 1584.78/85.22 1612.48;81.66 1657.15;84.14 1657.35/80.28 1674.53;81.77 1612.39;85.22 1612.48/82.43 1584.78;81.77 1612.39;85.22 1612.48/75.78 1574.26;70.16 1673.96;80.28 1674.53
fbx_poly_170_20|165.5|75.78 1574.26;76.26 1585.06;82.43 1584.78/75.78 1574.26;45.23 1673.64;69.76 1681.18/42.06 1683.97;2.13 1620.84;75.78 1574.26/42.06 1683.97;45.23 1673.64;69.76 1681.18/75.78 1574.26;70.16 1673.96;80.28 1674.53/69.76 1681.18;70.16 1673.96;80.28 1674.53/80.28 1674.53;76.26 1585.06;82.43 1584.78/85.22 1612.48;81.66 1657.15;84.14 1657.35/82.43 1584.78;81.77 1612.39;85.22 1612.48/80.28 1674.53;81.77 1612.39;85.22 1612.48/80.28 1674.53;81.66 1657.15;84.14 1657.35
fbx_poly_170_21|74.9|999.59 1650.62;934.41 1631.14;921.72 1673.59/909.84 1623.79;934.41 1631.14;921.72 1673.59/931.15 1566.06;995.80 1645.94;1009.07 1635.20/1009.07 1635.20;953.11 1585.55;980.96 1554.17/931.15 1566.06;953.11 1585.55;980.96 1554.17/909.84 1623.79;899.55 1617.47;924.83 1576.34/924.83 1576.34;915.35 1591.77;894.79 1579.13/999.59 1650.62;995.80 1645.94;1009.07 1635.20/909.84 1623.79;927.05 1577.16;924.83 1576.34/931.15 1566.06;950.95 1590.52;909.84 1623.79/999.59 1650.62;950.95 1590.52;909.84 1623.79/899.55 1617.47;915.35 1591.77;894.79 1579.13/931.15 1566.06;927.05 1577.16;924.83 1576.34
fbx_poly_170_21|93.4|931.15 1566.06;995.80 1645.94;1009.07 1635.20/1009.07 1635.20;953.11 1585.55;980.96 1554.17/931.15 1566.06;953.11 1585.55;980.96 1554.17/924.83 1576.34;915.35 1591.77;894.79 1579.13/899.55 1617.47;915.35 1591.77;894.79 1579.13/909.84 1623.79;927.05 1577.16;924.83 1576.34/999.59 1650.62;950.95 1590.52;909.84 1623.79/909.84 1623.79;899.55 1617.47;924.83 1576.34/999.59 1650.62;995.80 1645.94;1009.07 1635.20/931.15 1566.06;950.95 1590.52;909.84 1623.79/931.15 1566.06;927.05 1577.16;924.83 1576.34/999.59 1650.62;934.41 1631.14;921.72 1673.59/909.84 1623.79;934.41 1631.14;921.72 1673.59
fbx_poly_170_21|112.0|931.15 1566.06;927.05 1577.16;924.83 1576.34/909.84 1623.79;927.05 1577.16;924.83 1576.34/909.84 1623.79;934.41 1631.14;921.72 1673.59/931.15 1566.06;995.80 1645.94;1009.07 1635.20/999.59 1650.62;934.41 1631.14;921.72 1673.59/931.15 1566.06;953.11 1585.55;980.96 1554.17/924.83 1576.34;915.35 1591.77;894.79 1579.13/899.55 1617.47;915.35 1591.77;894.79 1579.13/999.59 1650.62;950.95 1590.52;909.84 1623.79/909.84 1623.79;899.55 1617.47;924.83 1576.34/999.59 1650.62;995.80 1645.94;1009.07 1635.20/931.15 1566.06;950.95 1590.52;909.84 1623.79/1009.07 1635.20;953.11 1585.55;980.96 1554.17
fbx_poly_170_21|130.6|909.84 1623.79;927.05 1577.16;924.83 1576.34/931.15 1566.06;927.05 1577.16;924.83 1576.34/931.15 1566.06;950.95 1590.52;909.84 1623.79/999.59 1650.62;995.80 1645.94;1009.07 1635.20/999.59 1650.62;950.95 1590.52;909.84 1623.79/924.83 1576.34;915.35 1591.77;894.79 1579.13/909.84 1623.79;899.55 1617.47;924.83 1576.34/899.55 1617.47;915.35 1591.77;894.79 1579.13/1009.07 1635.20;953.11 1585.55;980.96 1554.17/931.15 1566.06;953.11 1585.55;980.96 1554.17/999.59 1650.62;934.41 1631.14;921.72 1673.59/931.15 1566.06;995.80 1645.94;1009.07 1635.20/909.84 1623.79;934.41 1631.14;921.72 1673.59
fbx_poly_170_21|149.2|909.84 1623.79;934.41 1631.14;921.72 1673.59/931.15 1566.06;995.80 1645.94;1009.07 1635.20/931.15 1566.06;927.05 1577.16;924.83 1576.34/909.84 1623.79;927.05 1577.16;924.83 1576.34/999.59 1650.62;995.80 1645.94;1009.07 1635.20/999.59 1650.62;950.95 1590.52;909.84 1623.79/899.55 1617.47;915.35 1591.77;894.79 1579.13/931.15 1566.06;950.95 1590.52;909.84 1623.79/924.83 1576.34;915.35 1591.77;894.79 1579.13/909.84 1623.79;899.55 1617.47;924.83 1576.34/1009.07 1635.20;953.11 1585.55;980.96 1554.17/931.15 1566.06;953.11 1585.55;980.96 1554.17/999.59 1650.62;934.41 1631.14;921.72 1673.59
fbx_poly_170_21|167.0|983.36 1619.40;985.34 1627.70;993.64 1625.72/991.29 1652.60;985.34 1627.70;993.64 1625.72/983.36 1619.40;970.39 1633.87;991.29 1652.60/938.32 1669.63;970.39 1633.87;991.29 1652.60/918.94 1643.55;930.30 1658.84;983.36 1619.40/938.32 1669.63;930.30 1658.84;983.36 1619.40/918.94 1643.55;966.34 1566.44;976.62 1572.76/976.62 1572.76;956.47 1597.49;983.36 1619.40/918.94 1643.55;956.47 1597.49;983.36 1619.40
fbx_poly_170_21|149.2|918.94 1643.55;966.34 1566.44;976.62 1572.76/983.36 1619.40;985.34 1627.70;993.64 1625.72/991.29 1652.60;985.34 1627.70;993.64 1625.72/918.94 1643.55;956.47 1597.49;983.36 1619.40/976.62 1572.76;956.47 1597.49;983.36 1619.40/918.94 1643.55;930.30 1658.84;983.36 1619.40/938.32 1669.63;930.30 1658.84;983.36 1619.40/938.32 1669.63;970.39 1633.87;991.29 1652.60/983.36 1619.40;970.39 1633.87;991.29 1652.60
fbx_poly_170_21|167.0|956.05 1560.12;961.19 1563.28;920.12 1630.11/920.12 1630.11;931.95 1607.05;912.19 1596.91/956.05 1560.12;931.95 1607.05;912.19 1596.91/956.05 1560.12;912.19 1596.91;899.93 1582.29
fbx_poly_170_21|149.2|956.05 1560.12;912.19 1596.91;899.93 1582.29/956.05 1560.12;931.95 1607.05;912.19 1596.91/920.12 1630.11;931.95 1607.05;912.19 1596.91/956.05 1560.12;961.19 1563.28;920.12 1630.11
fbx_poly_170_21|220.6|981.38 1611.10;989.93 1624.85;928.04 1663.31/928.04 1663.31;918.22 1629.39;981.38 1611.10/995.62 1634.02;989.93 1624.85;928.04 1663.31/903.09 1577.15;969.49 1561.30;981.38 1611.10/903.09 1577.15;918.22 1629.39;981.38 1611.10/995.62 1634.02;985.19 1638.54;991.29 1652.60/928.04 1663.31;985.19 1638.54;991.29 1652.60/928.04 1663.31;937.00 1661.80;938.32 1669.63/991.29 1652.60;937.00 1661.80;938.32 1669.63
fbx_poly_170_21|193.8|903.09 1577.15;969.49 1561.30;981.38 1611.10/903.09 1577.15;918.22 1629.39;981.38 1611.10/928.04 1663.31;918.22 1629.39;981.38 1611.10/928.04 1663.31;937.00 1661.80;938.32 1669.63/991.29 1652.60;937.00 1661.80;938.32 1669.63/995.62 1634.02;989.93 1624.85;928.04 1663.31/981.38 1611.10;989.93 1624.85;928.04 1663.31/928.04 1663.31;985.19 1638.54;991.29 1652.60/995.62 1634.02;985.19 1638.54;991.29 1652.60
fbx_poly_170_21|167.0|991.29 1652.60;937.00 1661.80;938.32 1669.63/928.04 1663.31;985.19 1638.54;991.29 1652.60/995.62 1634.02;985.19 1638.54;991.29 1652.60/903.09 1577.15;969.49 1561.30;981.38 1611.10/903.09 1577.15;918.22 1629.39;981.38 1611.10/981.38 1611.10;989.93 1624.85;928.04 1663.31/928.04 1663.31;918.22 1629.39;981.38 1611.10/995.62 1634.02;989.93 1624.85;928.04 1663.31/928.04 1663.31;937.00 1661.80;938.32 1669.63
fbx_poly_170_22|171.9|321.99 2767.60;330.21 2768.08;330.40 2764.79/345.83 2768.98;330.21 2768.08;330.40 2764.79/348.64 2777.39;343.44 2775.48;345.83 2768.98/345.86 2797.02;337.36 2786.54;348.64 2777.39/345.86 2797.02;333.25 2801.24;321.99 2767.60/321.99 2767.60;343.44 2775.48;345.83 2768.98/321.99 2767.60;337.36 2786.54;348.64 2777.39
fbx_poly_170_22|145.1|345.86 2797.02;337.36 2786.54;348.64 2777.39/321.99 2767.60;337.36 2786.54;348.64 2777.39/345.86 2797.02;333.25 2801.24;321.99 2767.60/348.64 2777.39;343.44 2775.48;345.83 2768.98/321.99 2767.60;343.44 2775.48;345.83 2768.98/345.83 2768.98;330.21 2768.08;330.40 2764.79/321.99 2767.60;330.21 2768.08;330.40 2764.79
fbx_poly_170_22|198.7|321.99 2767.60;343.44 2775.48;345.83 2768.98/345.86 2797.02;337.36 2786.54;348.64 2777.39/321.99 2767.60;337.36 2786.54;348.64 2777.39/345.86 2797.02;333.25 2801.24;321.99 2767.60/345.83 2768.98;330.21 2768.08;330.40 2764.79/348.64 2777.39;343.44 2775.48;345.83 2768.98/321.99 2767.60;330.21 2768.08;330.40 2764.79
fbx_poly_170_22|171.9|317.79 2769.01;299.07 2795.29;279.95 2781.68/282.80 2818.12;299.07 2795.29;279.95 2781.68/317.79 2769.01;329.05 2802.64;282.80 2818.12
fbx_poly_170_22|145.1|317.79 2769.01;299.07 2795.29;279.95 2781.68/317.79 2769.01;329.05 2802.64;282.80 2818.12/282.80 2818.12;299.07 2795.29;279.95 2781.68
fbx_poly_170_22|198.7|317.79 2769.01;299.07 2795.29;279.95 2781.68/282.80 2818.12;299.07 2795.29;279.95 2781.68/317.79 2769.01;329.05 2802.64;282.80 2818.12
fbx_poly_170_22|180.8|275.80 2825.14;330.45 2806.85;338.90 2832.07/338.90 2832.07;298.88 2827.68;296.86 2846.14/275.80 2825.14;298.88 2827.68;296.86 2846.14/296.86 2846.14;285.63 2834.94;277.23 2843.36/275.80 2825.14;285.63 2834.94;277.23 2843.36
fbx_poly_170_22|198.7|275.80 2825.14;330.45 2806.85;338.90 2832.07/296.86 2846.14;285.63 2834.94;277.23 2843.36/275.80 2825.14;285.63 2834.94;277.23 2843.36/338.90 2832.07;298.88 2827.68;296.86 2846.14/275.80 2825.14;298.88 2827.68;296.86 2846.14
fbx_poly_170_22|162.9|275.80 2825.14;285.63 2834.94;277.23 2843.36/275.80 2825.14;330.45 2806.85;338.90 2832.07/338.90 2832.07;298.88 2827.68;296.86 2846.14/275.80 2825.14;298.88 2827.68;296.86 2846.14/296.86 2846.14;285.63 2834.94;277.23 2843.36
fbx_poly_170_22|216.5|277.23 2843.36;334.77 2844.52;334.71 2847.50/277.23 2843.36;283.01 2843.78;282.84 2846.16/334.71 2847.50;283.01 2843.78;282.84 2846.16/343.12 2844.68;334.77 2844.52;334.71 2847.50/345.91 2839.07;344.77 2839.14;344.51 2834.87/345.91 2839.07;342.78 2839.27;343.12 2844.68/277.23 2843.36;344.77 2839.14;344.51 2834.87/344.51 2834.87;277.22 2834.95;277.23 2843.36/277.23 2843.36;342.78 2839.27;343.12 2844.68/344.51 2834.87;326.84 2832.37;330.45 2806.85/274.41 2834.96;277.22 2834.95;277.23 2843.36/274.41 2834.96;275.81 2834.95;275.80 2825.14/344.51 2834.87;275.81 2834.95;275.80 2825.14/275.80 2825.14;326.84 2832.37;330.45 2806.85
fbx_poly_170_22|145.1|344.51 2834.87;326.84 2832.37;330.45 2806.85/274.41 2834.96;275.81 2834.95;275.80 2825.14/344.51 2834.87;275.81 2834.95;275.80 2825.14/277.23 2843.36;334.77 2844.52;334.71 2847.50/343.12 2844.68;334.77 2844.52;334.71 2847.50/277.23 2843.36;283.01 2843.78;282.84 2846.16/277.23 2843.36;344.77 2839.14;344.51 2834.87/345.91 2839.07;344.77 2839.14;344.51 2834.87/344.51 2834.87;277.22 2834.95;277.23 2843.36/334.71 2847.50;283.01 2843.78;282.84 2846.16/277.23 2843.36;342.78 2839.27;343.12 2844.68/345.91 2839.07;342.78 2839.27;343.12 2844.68/274.41 2834.96;277.22 2834.95;277.23 2843.36/275.80 2825.14;326.84 2832.37;330.45 2806.85
fbx_poly_170_22|168.9|344.51 2834.87;277.22 2834.95;277.23 2843.36/334.71 2847.50;283.01 2843.78;282.84 2846.16/344.51 2834.87;275.81 2834.95;275.80 2825.14/274.41 2834.96;275.81 2834.95;275.80 2825.14/275.80 2825.14;326.84 2832.37;330.45 2806.85/277.23 2843.36;334.77 2844.52;334.71 2847.50/277.23 2843.36;283.01 2843.78;282.84 2846.16/345.91 2839.07;344.77 2839.14;344.51 2834.87/274.41 2834.96;277.22 2834.95;277.23 2843.36/277.23 2843.36;344.77 2839.14;344.51 2834.87/345.91 2839.07;342.78 2839.27;343.12 2844.68/343.12 2844.68;334.77 2844.52;334.71 2847.50/277.23 2843.36;342.78 2839.27;343.12 2844.68/344.51 2834.87;326.84 2832.37;330.45 2806.85
fbx_poly_170_22|192.7|344.51 2834.87;275.81 2834.95;275.80 2825.14/344.51 2834.87;277.22 2834.95;277.23 2843.36/344.51 2834.87;326.84 2832.37;330.45 2806.85/275.80 2825.14;326.84 2832.37;330.45 2806.85/274.41 2834.96;275.81 2834.95;275.80 2825.14/274.41 2834.96;277.22 2834.95;277.23 2843.36/277.23 2843.36;283.01 2843.78;282.84 2846.16/334.71 2847.50;283.01 2843.78;282.84 2846.16/277.23 2843.36;342.78 2839.27;343.12 2844.68/277.23 2843.36;334.77 2844.52;334.71 2847.50/345.91 2839.07;342.78 2839.27;343.12 2844.68/277.23 2843.36;344.77 2839.14;344.51 2834.87/343.12 2844.68;334.77 2844.52;334.71 2847.50/345.91 2839.07;344.77 2839.14;344.51 2834.87
fbx_poly_170_23|127.7|-1630.90 432.10;-1585.96 427.24;-1591.99 371.55/-1540.53 422.32;-1545.59 448.56;-1630.90 432.10/-1540.53 422.32;-1585.96 427.24;-1591.99 371.55
fbx_poly_170_23|181.3|-1540.53 422.32;-1585.96 427.24;-1591.99 371.55/-1630.90 432.10;-1585.96 427.24;-1591.99 371.55/-1540.53 422.32;-1545.59 448.56;-1630.90 432.10
fbx_poly_170_23|154.5|-1540.53 422.32;-1545.59 448.56;-1630.90 432.10/-1630.90 432.10;-1585.96 427.24;-1591.99 371.55/-1540.53 422.32;-1585.96 427.24;-1591.99 371.55
fbx_poly_170_23|98.8|-1507.25 496.80;-1494.24 483.60;-1491.60 486.21/-1490.33 479.65;-1494.24 483.60;-1491.60 486.21/-1526.94 493.00;-1510.79 487.11;-1507.25 496.80/-1490.33 479.65;-1510.79 487.11;-1507.25 496.80/-1526.94 493.00;-1495.63 471.82;-1490.33 479.65/-1526.94 493.00;-1521.87 466.75;-1495.63 471.82
fbx_poly_170_23|127.7|-1490.33 479.65;-1494.24 483.60;-1491.60 486.21/-1507.25 496.80;-1494.24 483.60;-1491.60 486.21/-1526.94 493.00;-1510.79 487.11;-1507.25 496.80/-1490.33 479.65;-1510.79 487.11;-1507.25 496.80/-1526.94 493.00;-1495.63 471.82;-1490.33 479.65/-1526.94 493.00;-1521.87 466.75;-1495.63 471.82
fbx_poly_170_23|234.8|-1570.34 471.01;-1594.29 457.55;-1595.32 459.39/-1607.18 450.29;-1594.29 457.55;-1595.32 459.39/-1570.34 471.01;-1576.22 468.28;-1576.90 469.75/-1549.39 468.25;-1566.01 461.04;-1570.34 471.01/-1605.92 443.73;-1566.01 461.04;-1570.34 471.01/-1570.34 471.01;-1603.54 445.55;-1607.18 450.29/-1605.92 443.73;-1603.54 445.55;-1607.18 450.29/-1605.92 443.73;-1546.86 455.13;-1549.39 468.25/-1595.32 459.39;-1576.22 468.28;-1576.90 469.75
fbx_poly_170_23|196.0|-1570.34 471.01;-1576.22 468.28;-1576.90 469.75/-1607.18 450.29;-1594.29 457.55;-1595.32 459.39/-1605.92 443.73;-1603.54 445.55;-1607.18 450.29/-1570.34 471.01;-1603.54 445.55;-1607.18 450.29/-1570.34 471.01;-1594.29 457.55;-1595.32 459.39/-1595.32 459.39;-1576.22 468.28;-1576.90 469.75/-1549.39 468.25;-1566.01 461.04;-1570.34 471.01/-1605.92 443.73;-1566.01 461.04;-1570.34 471.01/-1605.92 443.73;-1546.86 455.13;-1549.39 468.25
fbx_poly_170_23|176.5|-1607.18 450.29;-1594.29 457.55;-1595.32 459.39/-1549.39 468.25;-1566.01 461.04;-1570.34 471.01/-1605.92 443.73;-1566.01 461.04;-1570.34 471.01/-1570.34 471.01;-1603.54 445.55;-1607.18 450.29/-1605.92 443.73;-1546.86 455.13;-1549.39 468.25/-1595.32 459.39;-1576.22 468.28;-1576.90 469.75/-1570.34 471.01;-1576.22 468.28;-1576.90 469.75/-1570.34 471.01;-1594.29 457.55;-1595.32 459.39/-1605.92 443.73;-1603.54 445.55;-1607.18 450.29
fbx_poly_170_23|98.8|-1595.32 459.39;-1576.22 468.28;-1576.90 469.75/-1570.34 471.01;-1576.22 468.28;-1576.90 469.75/-1607.18 450.29;-1594.29 457.55;-1595.32 459.39/-1570.34 471.01;-1594.29 457.55;-1595.32 459.39/-1605.92 443.73;-1603.54 445.55;-1607.18 450.29/-1570.34 471.01;-1603.54 445.55;-1607.18 450.29/-1605.92 443.73;-1566.01 461.04;-1570.34 471.01/-1605.92 443.73;-1546.86 455.13;-1549.39 468.25/-1549.39 468.25;-1566.01 461.04;-1570.34 471.01
fbx_poly_170_23|137.6|-1607.18 450.29;-1594.29 457.55;-1595.32 459.39/-1570.34 471.01;-1576.22 468.28;-1576.90 469.75/-1595.32 459.39;-1576.22 468.28;-1576.90 469.75/-1605.92 443.73;-1546.86 455.13;-1549.39 468.25/-1549.39 468.25;-1566.01 461.04;-1570.34 471.01/-1605.92 443.73;-1566.01 461.04;-1570.34 471.01/-1570.34 471.01;-1603.54 445.55;-1607.18 450.29/-1570.34 471.01;-1594.29 457.55;-1595.32 459.39/-1605.92 443.73;-1603.54 445.55;-1607.18 450.29
fbx_poly_170_23|215.4|-1595.32 459.39;-1576.22 468.28;-1576.90 469.75/-1570.34 471.01;-1594.29 457.55;-1595.32 459.39/-1607.18 450.29;-1594.29 457.55;-1595.32 459.39/-1570.34 471.01;-1576.22 468.28;-1576.90 469.75/-1605.92 443.73;-1566.01 461.04;-1570.34 471.01/-1570.34 471.01;-1603.54 445.55;-1607.18 450.29/-1605.92 443.73;-1546.86 455.13;-1549.39 468.25/-1549.39 468.25;-1566.01 461.04;-1570.34 471.01/-1605.92 443.73;-1603.54 445.55;-1607.18 450.29
fbx_poly_170_23|118.2|-1605.92 443.73;-1603.54 445.55;-1607.18 450.29/-1570.34 471.01;-1594.29 457.55;-1595.32 459.39/-1607.18 450.29;-1594.29 457.55;-1595.32 459.39/-1595.32 459.39;-1576.22 468.28;-1576.90 469.75/-1570.34 471.01;-1576.22 468.28;-1576.90 469.75/-1605.92 443.73;-1546.86 455.13;-1549.39 468.25/-1549.39 468.25;-1566.01 461.04;-1570.34 471.01/-1605.92 443.73;-1566.01 461.04;-1570.34 471.01/-1570.34 471.01;-1603.54 445.55;-1607.18 450.29
fbx_poly_170_23|157.1|-1570.34 471.01;-1594.29 457.55;-1595.32 459.39/-1607.18 450.29;-1594.29 457.55;-1595.32 459.39/-1570.34 471.01;-1576.22 468.28;-1576.90 469.75/-1549.39 468.25;-1566.01 461.04;-1570.34 471.01/-1605.92 443.73;-1546.86 455.13;-1549.39 468.25/-1605.92 443.73;-1566.01 461.04;-1570.34 471.01/-1570.34 471.01;-1603.54 445.55;-1607.18 450.29/-1605.92 443.73;-1603.54 445.55;-1607.18 450.29/-1595.32 459.39;-1576.22 468.28;-1576.90 469.75
fbx_poly_170_23|98.8|-1586.69 379.38;-1555.80 431.39;-1540.53 422.32/-1545.59 448.56;-1598.09 438.44;-1586.69 379.38/-1540.53 422.32;-1546.95 415.56;-1545.82 414.49/-1586.69 379.38;-1582.54 383.24;-1580.13 380.64/-1545.59 448.56;-1555.80 431.39;-1540.53 422.32/-1580.13 380.64;-1546.95 415.56;-1545.82 414.49/-1540.53 422.32;-1582.54 383.24;-1580.13 380.64
fbx_poly_170_23|127.7|-1545.59 448.56;-1598.09 438.44;-1586.69 379.38/-1586.69 379.38;-1555.80 431.39;-1540.53 422.32/-1545.59 448.56;-1555.80 431.39;-1540.53 422.32/-1540.53 422.32;-1582.54 383.24;-1580.13 380.64/-1586.69 379.38;-1582.54 383.24;-1580.13 380.64/-1580.13 380.64;-1546.95 415.56;-1545.82 414.49/-1540.53 422.32;-1546.95 415.56;-1545.82 414.49
fbx_poly_170_23|234.8|-1507.48 462.72;-1540.29 456.39;-1535.23 430.14/-1506.22 456.16;-1530.96 433.97;-1528.67 431.41/-1535.23 430.14;-1530.96 433.97;-1528.67 431.41/-1535.23 430.14;-1510.19 459.54;-1506.22 456.16/-1507.48 462.72;-1510.19 459.54;-1506.22 456.16
fbx_poly_170_23|196.0|-1506.22 456.16;-1530.96 433.97;-1528.67 431.41/-1535.23 430.14;-1510.19 459.54;-1506.22 456.16/-1535.23 430.14;-1530.96 433.97;-1528.67 431.41/-1507.48 462.72;-1510.19 459.54;-1506.22 456.16/-1507.48 462.72;-1540.29 456.39;-1535.23 430.14
fbx_poly_170_23|157.1|-1535.23 430.14;-1530.96 433.97;-1528.67 431.41/-1506.22 456.16;-1530.96 433.97;-1528.67 431.41/-1507.48 462.72;-1510.19 459.54;-1506.22 456.16/-1535.23 430.14;-1510.19 459.54;-1506.22 456.16/-1507.48 462.72;-1540.29 456.39;-1535.23 430.14
fbx_poly_170_23|98.8|-1535.23 430.14;-1510.19 459.54;-1506.22 456.16/-1506.22 456.16;-1530.96 433.97;-1528.67 431.41/-1507.48 462.72;-1540.29 456.39;-1535.23 430.14/-1535.23 430.14;-1530.96 433.97;-1528.67 431.41/-1507.48 462.72;-1510.19 459.54;-1506.22 456.16
fbx_poly_170_23|176.5|-1535.23 430.14;-1530.96 433.97;-1528.67 431.41/-1506.22 456.16;-1530.96 433.97;-1528.67 431.41/-1507.48 462.72;-1540.29 456.39;-1535.23 430.14/-1535.23 430.14;-1510.19 459.54;-1506.22 456.16/-1507.48 462.72;-1510.19 459.54;-1506.22 456.16
fbx_poly_170_23|215.4|-1506.22 456.16;-1530.96 433.97;-1528.67 431.41/-1535.23 430.14;-1530.96 433.97;-1528.67 431.41/-1507.48 462.72;-1510.19 459.54;-1506.22 456.16/-1507.48 462.72;-1540.29 456.39;-1535.23 430.14/-1535.23 430.14;-1510.19 459.54;-1506.22 456.16
fbx_poly_170_23|118.2|-1506.22 456.16;-1530.96 433.97;-1528.67 431.41/-1535.23 430.14;-1530.96 433.97;-1528.67 431.41/-1507.48 462.72;-1510.19 459.54;-1506.22 456.16/-1507.48 462.72;-1540.29 456.39;-1535.23 430.14/-1535.23 430.14;-1510.19 459.54;-1506.22 456.16
fbx_poly_170_23|137.6|-1535.23 430.14;-1530.96 433.97;-1528.67 431.41/-1506.22 456.16;-1530.96 433.97;-1528.67 431.41/-1507.48 462.72;-1540.29 456.39;-1535.23 430.14/-1507.48 462.72;-1510.19 459.54;-1506.22 456.16/-1535.23 430.14;-1510.19 459.54;-1506.22 456.16
fbx_poly_170_23|234.8|-1545.36 482.64;-1540.29 456.39;-1507.48 462.72/-1528.21 499.56;-1521.92 498.73;-1521.64 500.83/-1545.36 482.64;-1505.06 473.87;-1507.48 462.72/-1495.63 471.82;-1505.06 473.87;-1507.48 462.72/-1495.63 471.82;-1541.93 481.89;-1540.06 490.47/-1490.33 479.65;-1494.03 481.59;-1491.60 486.21/-1528.21 499.56;-1494.03 481.59;-1491.60 486.21/-1490.33 479.65;-1492.98 475.73;-1528.21 499.56/-1540.06 490.47;-1533.23 487.60;-1528.21 499.56/-1495.63 471.82;-1533.23 487.60;-1528.21 499.56/-1545.36 482.64;-1541.93 481.89;-1540.06 490.47/-1528.21 499.56;-1508.82 492.49;-1507.25 496.80/-1495.63 471.82;-1492.98 475.73;-1528.21 499.56/-1491.60 486.21;-1508.82 492.49;-1507.25 496.80/-1507.25 496.80;-1521.92 498.73;-1521.64 500.83
fbx_poly_170_23|127.7|-1545.36 482.64;-1505.06 473.87;-1507.48 462.72/-1495.63 471.82;-1505.06 473.87;-1507.48 462.72/-1507.25 496.80;-1521.92 498.73;-1521.64 500.83/-1528.21 499.56;-1521.92 498.73;-1521.64 500.83/-1528.21 499.56;-1508.82 492.49;-1507.25 496.80/-1490.33 479.65;-1494.03 481.59;-1491.60 486.21/-1528.21 499.56;-1494.03 481.59;-1491.60 486.21/-1491.60 486.21;-1508.82 492.49;-1507.25 496.80/-1495.63 471.82;-1541.93 481.89;-1540.06 490.47/-1495.63 471.82;-1533.23 487.60;-1528.21 499.56/-1545.36 482.64;-1541.93 481.89;-1540.06 490.47/-1490.33 479.65;-1492.98 475.73;-1528.21 499.56/-1540.06 490.47;-1533.23 487.60;-1528.21 499.56/-1495.63 471.82;-1492.98 475.73;-1528.21 499.56/-1545.36 482.64;-1540.29 456.39;-1507.48 462.72
fbx_poly_170_23|181.3|-1490.33 479.65;-1492.98 475.73;-1528.21 499.56/-1495.63 471.82;-1533.23 487.60;-1528.21 499.56/-1540.06 490.47;-1533.23 487.60;-1528.21 499.56/-1495.63 471.82;-1541.93 481.89;-1540.06 490.47/-1495.63 471.82;-1505.06 473.87;-1507.48 462.72/-1507.25 496.80;-1521.92 498.73;-1521.64 500.83/-1528.21 499.56;-1508.82 492.49;-1507.25 496.80/-1545.36 482.64;-1541.93 481.89;-1540.06 490.47/-1491.60 486.21;-1508.82 492.49;-1507.25 496.80/-1495.63 471.82;-1492.98 475.73;-1528.21 499.56/-1490.33 479.65;-1494.03 481.59;-1491.60 486.21/-1528.21 499.56;-1521.92 498.73;-1521.64 500.83/-1528.21 499.56;-1494.03 481.59;-1491.60 486.21/-1545.36 482.64;-1505.06 473.87;-1507.48 462.72/-1545.36 482.64;-1540.29 456.39;-1507.48 462.72
fbx_poly_170_23|199.1|-1540.06 490.47;-1533.23 487.60;-1528.21 499.56/-1495.63 471.82;-1505.06 473.87;-1507.48 462.72/-1545.36 482.64;-1540.29 456.39;-1507.48 462.72/-1495.63 471.82;-1541.93 481.89;-1540.06 490.47/-1545.36 482.64;-1505.06 473.87;-1507.48 462.72/-1490.33 479.65;-1492.98 475.73;-1528.21 499.56/-1490.33 479.65;-1494.03 481.59;-1491.60 486.21/-1495.63 471.82;-1492.98 475.73;-1528.21 499.56/-1495.63 471.82;-1533.23 487.60;-1528.21 499.56/-1545.36 482.64;-1541.93 481.89;-1540.06 490.47/-1528.21 499.56;-1494.03 481.59;-1491.60 486.21/-1528.21 499.56;-1508.82 492.49;-1507.25 496.80/-1491.60 486.21;-1508.82 492.49;-1507.25 496.80/-1507.25 496.80;-1521.92 498.73;-1521.64 500.83/-1528.21 499.56;-1521.92 498.73;-1521.64 500.83
fbx_poly_170_23|217.0|-1528.21 499.56;-1508.82 492.49;-1507.25 496.80/-1528.21 499.56;-1521.92 498.73;-1521.64 500.83/-1507.25 496.80;-1521.92 498.73;-1521.64 500.83/-1495.63 471.82;-1505.06 473.87;-1507.48 462.72/-1495.63 471.82;-1541.93 481.89;-1540.06 490.47/-1490.33 479.65;-1492.98 475.73;-1528.21 499.56/-1545.36 482.64;-1540.29 456.39;-1507.48 462.72/-1545.36 482.64;-1541.93 481.89;-1540.06 490.47/-1491.60 486.21;-1508.82 492.49;-1507.25 496.80/-1528.21 499.56;-1494.03 481.59;-1491.60 486.21/-1495.63 471.82;-1492.98 475.73;-1528.21 499.56/-1495.63 471.82;-1533.23 487.60;-1528.21 499.56/-1540.06 490.47;-1533.23 487.60;-1528.21 499.56/-1490.33 479.65;-1494.03 481.59;-1491.60 486.21/-1545.36 482.64;-1505.06 473.87;-1507.48 462.72
fbx_poly_170_23|145.6|-1495.63 471.82;-1541.93 481.89;-1540.06 490.47/-1545.36 482.64;-1541.93 481.89;-1540.06 490.47/-1545.36 482.64;-1505.06 473.87;-1507.48 462.72/-1495.63 471.82;-1505.06 473.87;-1507.48 462.72/-1545.36 482.64;-1540.29 456.39;-1507.48 462.72/-1490.33 479.65;-1494.03 481.59;-1491.60 486.21/-1528.21 499.56;-1494.03 481.59;-1491.60 486.21/-1495.63 471.82;-1492.98 475.73;-1528.21 499.56/-1540.06 490.47;-1533.23 487.60;-1528.21 499.56/-1490.33 479.65;-1492.98 475.73;-1528.21 499.56/-1495.63 471.82;-1533.23 487.60;-1528.21 499.56/-1528.21 499.56;-1521.92 498.73;-1521.64 500.83/-1507.25 496.80;-1521.92 498.73;-1521.64 500.83/-1491.60 486.21;-1508.82 492.49;-1507.25 496.80/-1528.21 499.56;-1508.82 492.49;-1507.25 496.80
fbx_poly_170_23|163.4|-1490.33 479.65;-1494.03 481.59;-1491.60 486.21/-1540.06 490.47;-1533.23 487.60;-1528.21 499.56/-1490.33 479.65;-1492.98 475.73;-1528.21 499.56/-1495.63 471.82;-1492.98 475.73;-1528.21 499.56/-1528.21 499.56;-1521.92 498.73;-1521.64 500.83/-1507.25 496.80;-1521.92 498.73;-1521.64 500.83/-1495.63 471.82;-1533.23 487.60;-1528.21 499.56/-1545.36 482.64;-1505.06 473.87;-1507.48 462.72/-1545.36 482.64;-1541.93 481.89;-1540.06 490.47/-1495.63 471.82;-1541.93 481.89;-1540.06 490.47/-1545.36 482.64;-1540.29 456.39;-1507.48 462.72/-1528.21 499.56;-1508.82 492.49;-1507.25 496.80/-1491.60 486.21;-1508.82 492.49;-1507.25 496.80/-1495.63 471.82;-1505.06 473.87;-1507.48 462.72/-1528.21 499.56;-1494.03 481.59;-1491.60 486.21
fbx_poly_170_5|164.8|-362.17 -1197.30;-356.23 -1214.38;-359.43 -1215.50/-329.35 -1291.60;-356.23 -1214.38;-359.43 -1215.50/-329.35 -1291.60;-347.55 -1294.34;-359.43 -1215.50/-291.14 -1298.24;-306.92 -1275.81;-329.35 -1291.60/-392.41 -1325.91;-390.85 -1309.62;-376.04 -1311.04/-380.36 -1200.05;-390.85 -1309.62;-376.04 -1311.04/-359.43 -1215.50;-365.49 -1216.41;-353.61 -1295.25/-377.62 -1218.24;-365.49 -1216.41;-353.61 -1295.25/-353.61 -1295.25;-347.55 -1294.34;-359.43 -1215.50/-357.85 -1308.29;-363.91 -1309.21;-377.62 -1218.24/-376.04 -1311.04;-363.91 -1309.21;-377.62 -1218.24/-377.62 -1218.24;-360.39 -1296.74;-353.61 -1295.25/-357.85 -1308.29;-360.39 -1296.74;-353.61 -1295.25/-362.17 -1197.30;-306.92 -1275.81;-329.35 -1291.60/-392.41 -1325.91;-374.22 -1323.16;-376.04 -1311.04/-329.35 -1291.60;-327.53 -1303.72;-291.14 -1298.24/-380.36 -1200.05;-410.69 -1204.61;-392.41 -1325.91/-291.14 -1298.24;-307.59 -1189.08;-362.17 -1197.30/-380.36 -1200.05;-379.65 -1218.32;-377.62 -1218.24/-376.04 -1311.04;-379.65 -1218.32;-377.62 -1218.24
fbx_poly_170_5|140.0|-329.35 -1291.60;-347.55 -1294.34;-359.43 -1215.50/-359.43 -1215.50;-365.49 -1216.41;-353.61 -1295.25/-353.61 -1295.25;-347.55 -1294.34;-359.43 -1215.50/-377.62 -1218.24;-360.39 -1296.74;-353.61 -1295.25/-357.85 -1308.29;-363.91 -1309.21;-377.62 -1218.24/-357.85 -1308.29;-360.39 -1296.74;-353.61 -1295.25/-376.04 -1311.04;-379.65 -1218.32;-377.62 -1218.24/-380.36 -1200.05;-379.65 -1218.32;-377.62 -1218.24/-376.04 -1311.04;-363.91 -1309.21;-377.62 -1218.24/-291.14 -1298.24;-306.92 -1275.81;-329.35 -1291.60/-377.62 -1218.24;-365.49 -1216.41;-353.61 -1295.25/-329.35 -1291.60;-356.23 -1214.38;-359.43 -1215.50/-362.17 -1197.30;-356.23 -1214.38;-359.43 -1215.50/-380.36 -1200.05;-390.85 -1309.62;-376.04 -1311.04/-291.14 -1298.24;-307.59 -1189.08;-362.17 -1197.30/-392.41 -1325.91;-374.22 -1323.16;-376.04 -1311.04/-380.36 -1200.05;-410.69 -1204.61;-392.41 -1325.91/-329.35 -1291.60;-327.53 -1303.72;-291.14 -1298.24/-362.17 -1197.30;-306.92 -1275.81;-329.35 -1291.60/-392.41 -1325.91;-390.85 -1309.62;-376.04 -1311.04
fbx_poly_170_5|115.3|-362.17 -1197.30;-306.92 -1275.81;-329.35 -1291.60/-392.41 -1325.91;-390.85 -1309.62;-376.04 -1311.04/-329.35 -1291.60;-347.55 -1294.34;-359.43 -1215.50/-353.61 -1295.25;-347.55 -1294.34;-359.43 -1215.50/-359.43 -1215.50;-365.49 -1216.41;-353.61 -1295.25/-357.85 -1308.29;-360.39 -1296.74;-353.61 -1295.25/-377.62 -1218.24;-365.49 -1216.41;-353.61 -1295.25/-377.62 -1218.24;-360.39 -1296.74;-353.61 -1295.25/-329.35 -1291.60;-327.53 -1303.72;-291.14 -1298.24/-392.41 -1325.91;-374.22 -1323.16;-376.04 -1311.04/-291.14 -1298.24;-307.59 -1189.08;-362.17 -1197.30/-357.85 -1308.29;-363.91 -1309.21;-377.62 -1218.24/-376.04 -1311.04;-363.91 -1309.21;-377.62 -1218.24/-376.04 -1311.04;-379.65 -1218.32;-377.62 -1218.24/-380.36 -1200.05;-379.65 -1218.32;-377.62 -1218.24/-380.36 -1200.05;-390.85 -1309.62;-376.04 -1311.04/-291.14 -1298.24;-306.92 -1275.81;-329.35 -1291.60/-362.17 -1197.30;-356.23 -1214.38;-359.43 -1215.50/-329.35 -1291.60;-356.23 -1214.38;-359.43 -1215.50/-380.36 -1200.05;-410.69 -1204.61;-392.41 -1325.91
fbx_poly_170_5|164.8|-382.77 -1225.22;-407.03 -1228.87;-392.41 -1325.91/-382.77 -1225.22;-391.98 -1321.46;-374.22 -1323.16/-392.41 -1325.91;-391.98 -1321.46;-374.22 -1323.16
fbx_poly_170_5|182.6|-382.77 -1225.22;-391.98 -1321.46;-374.22 -1323.16/-392.41 -1325.91;-391.98 -1321.46;-374.22 -1323.16/-382.77 -1225.22;-407.03 -1228.87;-392.41 -1325.91
fbx_poly_170_5|200.5|-382.77 -1225.22;-391.98 -1321.46;-374.22 -1323.16/-392.41 -1325.91;-391.98 -1321.46;-374.22 -1323.16/-382.77 -1225.22;-407.03 -1228.87;-392.41 -1325.91
fbx_poly_170_5|182.6|-297.20 -1299.16;-310.00 -1214.25;-370.64 -1223.39/-329.35 -1291.60;-327.53 -1303.72;-297.20 -1299.16/-370.64 -1223.39;-316.56 -1279.19;-329.35 -1291.60/-329.35 -1291.60;-344.06 -1296.91;-370.64 -1223.39/-358.76 -1302.23;-344.06 -1296.91;-370.64 -1223.39/-297.20 -1299.16;-316.56 -1279.19;-329.35 -1291.60
fbx_poly_170_5|164.8|-329.35 -1291.60;-327.53 -1303.72;-297.20 -1299.16/-329.35 -1291.60;-344.06 -1296.91;-370.64 -1223.39/-297.20 -1299.16;-310.00 -1214.25;-370.64 -1223.39/-297.20 -1299.16;-316.56 -1279.19;-329.35 -1291.60/-370.64 -1223.39;-316.56 -1279.19;-329.35 -1291.60/-358.76 -1302.23;-344.06 -1296.91;-370.64 -1223.39
fbx_poly_170_5|182.6|-316.98 -1209.10;-359.43 -1215.50;-319.72 -1190.91;-362.17 -1197.30
fbx_poly_170_5|164.8|-316.98 -1209.10;-359.43 -1215.50;-319.72 -1190.91;-362.17 -1197.30
fbx_poly_170_5|182.6|-303.27 -1300.07;-315.16 -1282.17;-329.35 -1291.60/-359.43 -1215.50;-358.84 -1291.82;-329.35 -1291.60/-359.43 -1215.50;-315.16 -1282.17;-329.35 -1291.60/-303.27 -1300.07;-322.46 -1207.81;-359.43 -1215.50/-325.78 -1191.82;-322.46 -1207.81;-359.43 -1215.50/-358.76 -1302.23;-358.84 -1291.82;-329.35 -1291.60/-359.43 -1215.50;-371.56 -1217.33;-358.76 -1302.23/-329.35 -1291.60;-327.53 -1303.72;-303.27 -1300.07/-325.78 -1191.82;-362.17 -1197.30;-359.43 -1215.50
fbx_poly_170_5|200.5|-359.43 -1215.50;-315.16 -1282.17;-329.35 -1291.60/-303.27 -1300.07;-315.16 -1282.17;-329.35 -1291.60/-358.76 -1302.23;-358.84 -1291.82;-329.35 -1291.60/-325.78 -1191.82;-362.17 -1197.30;-359.43 -1215.50/-359.43 -1215.50;-371.56 -1217.33;-358.76 -1302.23/-303.27 -1300.07;-322.46 -1207.81;-359.43 -1215.50/-359.43 -1215.50;-358.84 -1291.82;-329.35 -1291.60/-325.78 -1191.82;-322.46 -1207.81;-359.43 -1215.50/-329.35 -1291.60;-327.53 -1303.72;-303.27 -1300.07
fbx_poly_170_54|174.8|-2271.79 -553.97;-2265.22 -599.90;-2225.85 -594.27/-2215.54 -572.70;-2220.30 -582.66;-2213.66 -585.83/-2225.85 -594.27;-2220.30 -582.66;-2213.66 -585.83/-2253.98 -538.03;-2232.41 -581.15;-2215.54 -572.70/-2253.98 -538.03;-2266.31 -549.07;-2225.85 -594.27/-2271.79 -553.97;-2266.31 -549.07;-2225.85 -594.27/-2225.85 -594.27;-2232.41 -581.15;-2215.54 -572.70
fbx_poly_170_54|148.0|-2225.85 -594.27;-2232.41 -581.15;-2215.54 -572.70/-2253.98 -538.03;-2266.31 -549.07;-2225.85 -594.27/-2271.79 -553.97;-2266.31 -549.07;-2225.85 -594.27/-2271.79 -553.97;-2265.22 -599.90;-2225.85 -594.27/-2225.85 -594.27;-2220.30 -582.66;-2213.66 -585.83/-2215.54 -572.70;-2220.30 -582.66;-2213.66 -585.83/-2253.98 -538.03;-2232.41 -581.15;-2215.54 -572.70
fbx_poly_170_54|121.3|-2253.98 -538.03;-2266.31 -549.07;-2225.85 -594.27/-2271.79 -553.97;-2266.31 -549.07;-2225.85 -594.27/-2271.79 -553.97;-2265.22 -599.90;-2225.85 -594.27/-2215.54 -572.70;-2220.30 -582.66;-2213.66 -585.83/-2253.98 -538.03;-2232.41 -581.15;-2215.54 -572.70/-2225.85 -594.27;-2232.41 -581.15;-2215.54 -572.70/-2225.85 -594.27;-2220.30 -582.66;-2213.66 -585.83
fbx_poly_170_54|210.5|-2283.98 -562.41;-2302.72 -571.79;-2274.58 -628.03/-2302.72 -571.79;-2312.02 -610.07;-2338.34 -603.67/-2302.72 -571.79;-2298.70 -639.93;-2319.58 -641.17/-2302.72 -571.79;-2299.31 -629.49;-2274.58 -628.03/-2298.01 -651.47;-2298.70 -639.93;-2319.58 -641.17/-2338.35 -556.80;-2360.84 -586.81;-2338.34 -603.67/-2298.01 -651.47;-2299.31 -629.49;-2274.58 -628.03/-2338.35 -556.80;-2314.25 -566.94;-2311.16 -559.61/-2302.72 -571.79;-2314.25 -566.94;-2311.16 -559.61/-2302.72 -571.79;-2321.58 -563.85;-2338.34 -603.67/-2338.35 -556.80;-2321.58 -563.85;-2338.34 -603.67/-2319.58 -641.17;-2312.02 -610.07;-2338.34 -603.67
fbx_poly_170_54|174.8|-2302.72 -571.79;-2321.58 -563.85;-2338.34 -603.67/-2302.72 -571.79;-2314.25 -566.94;-2311.16 -559.61/-2338.35 -556.80;-2314.25 -566.94;-2311.16 -559.61/-2298.01 -651.47;-2299.31 -629.49;-2274.58 -628.03/-2338.35 -556.80;-2360.84 -586.81;-2338.34 -603.67/-2283.98 -562.41;-2302.72 -571.79;-2274.58 -628.03/-2338.35 -556.80;-2321.58 -563.85;-2338.34 -603.67/-2319.58 -641.17;-2312.02 -610.07;-2338.34 -603.67/-2302.72 -571.79;-2312.02 -610.07;-2338.34 -603.67/-2298.01 -651.47;-2298.70 -639.93;-2319.58 -641.17/-2302.72 -571.79;-2298.70 -639.93;-2319.58 -641.17/-2302.72 -571.79;-2299.31 -629.49;-2274.58 -628.03
fbx_poly_170_54|192.7|-2338.35 -556.80;-2360.84 -586.81;-2338.34 -603.67/-2283.98 -562.41;-2302.72 -571.79;-2274.58 -628.03/-2319.58 -641.17;-2312.02 -610.07;-2338.34 -603.67/-2302.72 -571.79;-2312.02 -610.07;-2338.34 -603.67/-2298.01 -651.47;-2298.70 -639.93;-2319.58 -641.17/-2302.72 -571.79;-2299.31 -629.49;-2274.58 -628.03/-2302.72 -571.79;-2298.70 -639.93;-2319.58 -641.17/-2298.01 -651.47;-2299.31 -629.49;-2274.58 -628.03/-2338.35 -556.80;-2314.25 -566.94;-2311.16 -559.61/-2302.72 -571.79;-2314.25 -566.94;-2311.16 -559.61/-2302.72 -571.79;-2321.58 -563.85;-2338.34 -603.67/-2338.35 -556.80;-2321.58 -563.85;-2338.34 -603.67
fbx_poly_170_54|174.8|-2213.66 -585.83;-2234.59 -574.36;-2251.15 -604.59/-2255.84 -618.65;-2258.84 -606.48;-2251.15 -604.59/-2271.79 -553.97;-2234.59 -574.36;-2251.15 -604.59/-2271.79 -553.97;-2258.84 -606.48;-2251.15 -604.59/-2213.66 -585.83;-2247.42 -537.09;-2271.79 -553.97/-2271.79 -553.97;-2262.40 -619.59;-2255.84 -618.65
fbx_poly_170_54|210.5|-2271.79 -553.97;-2258.84 -606.48;-2251.15 -604.59/-2271.79 -553.97;-2262.40 -619.59;-2255.84 -618.65/-2255.84 -618.65;-2258.84 -606.48;-2251.15 -604.59/-2213.66 -585.83;-2247.42 -537.09;-2271.79 -553.97/-2271.79 -553.97;-2234.59 -574.36;-2251.15 -604.59/-2213.66 -585.83;-2234.59 -574.36;-2251.15 -604.59
fbx_poly_170_54|192.7|-2271.79 -553.97;-2262.40 -619.59;-2255.84 -618.65/-2271.79 -553.97;-2234.59 -574.36;-2251.15 -604.59/-2255.84 -618.65;-2258.84 -606.48;-2251.15 -604.59/-2213.66 -585.83;-2247.42 -537.09;-2271.79 -553.97/-2271.79 -553.97;-2258.84 -606.48;-2251.15 -604.59/-2213.66 -585.83;-2234.59 -574.36;-2251.15 -604.59
fbx_poly_170_55|174.7|1527.33 951.71;1513.77 934.99;1533.29 919.16/1468.18 907.25;1481.50 911.71;1466.65 956.09/1488.91 904.32;1513.77 934.99;1533.29 919.16/1494.77 960.56;1480.33 958.26;1488.91 904.32/1488.91 904.32;1518.74 941.12;1494.77 960.56/1466.65 956.09;1480.33 958.26;1488.91 904.32/1527.33 951.71;1518.74 941.12;1494.77 960.56/1488.91 904.32;1485.07 913.24;1481.50 911.71/1466.65 956.09;1485.07 913.24;1481.50 911.71
fbx_poly_170_55|156.9|1466.65 956.09;1485.07 913.24;1481.50 911.71/1488.91 904.32;1485.07 913.24;1481.50 911.71/1468.18 907.25;1481.50 911.71;1466.65 956.09/1488.91 904.32;1513.77 934.99;1533.29 919.16/1527.33 951.71;1513.77 934.99;1533.29 919.16/1527.33 951.71;1518.74 941.12;1494.77 960.56/1494.77 960.56;1480.33 958.26;1488.91 904.32/1488.91 904.32;1518.74 941.12;1494.77 960.56/1466.65 956.09;1480.33 958.26;1488.91 904.32
fbx_poly_170_55|139.0|1488.91 904.32;1513.77 934.99;1533.29 919.16/1468.18 907.25;1481.50 911.71;1466.65 956.09/1488.91 904.32;1485.07 913.24;1481.50 911.71/1527.33 951.71;1518.74 941.12;1494.77 960.56/1527.33 951.71;1513.77 934.99;1533.29 919.16/1488.91 904.32;1518.74 941.12;1494.77 960.56/1466.65 956.09;1485.07 913.24;1481.50 911.71/1466.65 956.09;1480.33 958.26;1488.91 904.32/1494.77 960.56;1480.33 958.26;1488.91 904.32
fbx_poly_170_55|77.5|1466.65 956.09;1471.21 956.81;1471.09 957.57/1494.77 960.56;1471.21 956.81;1471.09 957.57/1466.65 956.09;1494.94 958.30;1494.77 960.56/1527.33 951.71;1466.79 950.24;1466.65 956.09/1505.13 959.09;1494.94 958.30;1494.77 960.56/1466.65 956.09;1521.23 952.15;1521.41 954.67/1527.33 951.71;1521.23 952.15;1521.41 954.67/1463.70 950.17;1466.79 950.24;1466.65 956.09/1533.29 919.16;1524.89 922.91;1531.79 938.40/1530.33 913.24;1531.81 916.20;1463.70 950.17/1466.65 956.09;1505.02 955.09;1505.13 959.09/1521.41 954.67;1505.02 955.09;1505.13 959.09/1533.29 919.16;1531.81 916.20;1463.70 950.17/1531.79 938.40;1525.23 939.53;1527.33 951.71/1463.70 950.17;1524.89 922.91;1531.79 938.40/1463.70 950.17;1525.23 939.53;1527.33 951.71/1463.70 950.17;1483.00 892.47;1496.31 896.92/1463.70 950.17;1511.22 923.83;1496.31 896.92/1530.33 913.24;1511.22 923.83;1496.31 896.92
fbx_poly_170_55|115.8|1463.70 950.17;1483.00 892.47;1496.31 896.92/1463.70 950.17;1511.22 923.83;1496.31 896.92/1505.13 959.09;1494.94 958.30;1494.77 960.56/1466.65 956.09;1494.94 958.30;1494.77 960.56/1494.77 960.56;1471.21 956.81;1471.09 957.57/1466.65 956.09;1471.21 956.81;1471.09 957.57/1530.33 913.24;1511.22 923.83;1496.31 896.92/1531.79 938.40;1525.23 939.53;1527.33 951.71/1533.29 919.16;1531.81 916.20;1463.70 950.17/1530.33 913.24;1531.81 916.20;1463.70 950.17/1463.70 950.17;1466.79 950.24;1466.65 956.09/1463.70 950.17;1525.23 939.53;1527.33 951.71/1463.70 950.17;1524.89 922.91;1531.79 938.40/1533.29 919.16;1524.89 922.91;1531.79 938.40/1466.65 956.09;1505.02 955.09;1505.13 959.09/1527.33 951.71;1521.23 952.15;1521.41 954.67/1466.65 956.09;1521.23 952.15;1521.41 954.67/1527.33 951.71;1466.79 950.24;1466.65 956.09/1521.41 954.67;1505.02 955.09;1505.13 959.09
fbx_poly_170_55|96.7|1505.13 959.09;1494.94 958.30;1494.77 960.56/1466.65 956.09;1494.94 958.30;1494.77 960.56/1494.77 960.56;1471.21 956.81;1471.09 957.57/1466.65 956.09;1471.21 956.81;1471.09 957.57/1463.70 950.17;1525.23 939.53;1527.33 951.71/1530.33 913.24;1511.22 923.83;1496.31 896.92/1530.33 913.24;1531.81 916.20;1463.70 950.17/1533.29 919.16;1531.81 916.20;1463.70 950.17/1533.29 919.16;1524.89 922.91;1531.79 938.40/1527.33 951.71;1521.23 952.15;1521.41 954.67/1463.70 950.17;1466.79 950.24;1466.65 956.09/1531.79 938.40;1525.23 939.53;1527.33 951.71/1463.70 950.17;1524.89 922.91;1531.79 938.40/1521.41 954.67;1505.02 955.09;1505.13 959.09/1466.65 956.09;1521.23 952.15;1521.41 954.67/1466.65 956.09;1505.02 955.09;1505.13 959.09/1527.33 951.71;1466.79 950.24;1466.65 956.09/1463.70 950.17;1483.00 892.47;1496.31 896.92/1463.70 950.17;1511.22 923.83;1496.31 896.92
fbx_poly_170_55|173.4|1463.70 950.17;1511.22 923.83;1496.31 896.92/1463.70 950.17;1483.00 892.47;1496.31 896.92/1533.29 919.16;1524.89 922.91;1531.79 938.40/1530.33 913.24;1531.81 916.20;1463.70 950.17/1533.29 919.16;1531.81 916.20;1463.70 950.17/1530.33 913.24;1511.22 923.83;1496.31 896.92/1463.70 950.17;1466.79 950.24;1466.65 956.09/1527.33 951.71;1466.79 950.24;1466.65 956.09/1527.33 951.71;1521.23 952.15;1521.41 954.67/1466.65 956.09;1521.23 952.15;1521.41 954.67/1463.70 950.17;1524.89 922.91;1531.79 938.40/1463.70 950.17;1525.23 939.53;1527.33 951.71/1531.79 938.40;1525.23 939.53;1527.33 951.71/1521.41 954.67;1505.02 955.09;1505.13 959.09/1466.65 956.09;1471.21 956.81;1471.09 957.57/1466.65 956.09;1494.94 958.30;1494.77 960.56/1494.77 960.56;1471.21 956.81;1471.09 957.57/1466.65 956.09;1505.02 955.09;1505.13 959.09/1505.13 959.09;1494.94 958.30;1494.77 960.56
fbx_poly_170_55|154.2|1466.65 956.09;1505.02 955.09;1505.13 959.09/1505.13 959.09;1494.94 958.30;1494.77 960.56/1521.41 954.67;1505.02 955.09;1505.13 959.09/1494.77 960.56;1471.21 956.81;1471.09 957.57/1466.65 956.09;1494.94 958.30;1494.77 960.56/1466.65 956.09;1471.21 956.81;1471.09 957.57/1463.70 950.17;1511.22 923.83;1496.31 896.92/1530.33 913.24;1511.22 923.83;1496.31 896.92/1533.29 919.16;1531.81 916.20;1463.70 950.17/1530.33 913.24;1531.81 916.20;1463.70 950.17/1533.29 919.16;1524.89 922.91;1531.79 938.40/1463.70 950.17;1524.89 922.91;1531.79 938.40/1531.79 938.40;1525.23 939.53;1527.33 951.71/1463.70 950.17;1525.23 939.53;1527.33 951.71/1527.33 951.71;1466.79 950.24;1466.65 956.09/1463.70 950.17;1466.79 950.24;1466.65 956.09/1527.33 951.71;1521.23 952.15;1521.41 954.67/1466.65 956.09;1521.23 952.15;1521.41 954.67/1463.70 950.17;1483.00 892.47;1496.31 896.92
fbx_poly_170_55|135.0|1466.65 956.09;1505.02 955.09;1505.13 959.09/1505.13 959.09;1494.94 958.30;1494.77 960.56/1466.65 956.09;1471.21 956.81;1471.09 957.57/1466.65 956.09;1494.94 958.30;1494.77 960.56/1494.77 960.56;1471.21 956.81;1471.09 957.57/1463.70 950.17;1511.22 923.83;1496.31 896.92/1530.33 913.24;1511.22 923.83;1496.31 896.92/1533.29 919.16;1524.89 922.91;1531.79 938.40/1533.29 919.16;1531.81 916.20;1463.70 950.17/1531.79 938.40;1525.23 939.53;1527.33 951.71/1530.33 913.24;1531.81 916.20;1463.70 950.17/1463.70 950.17;1525.23 939.53;1527.33 951.71/1463.70 950.17;1524.89 922.91;1531.79 938.40/1527.33 951.71;1521.23 952.15;1521.41 954.67/1527.33 951.71;1466.79 950.24;1466.65 956.09/1463.70 950.17;1466.79 950.24;1466.65 956.09/1466.65 956.09;1521.23 952.15;1521.41 954.67/1521.41 954.67;1505.02 955.09;1505.13 959.09/1463.70 950.17;1483.00 892.47;1496.31 896.92
fbx_poly_170_55|192.6|1466.65 956.09;1521.23 952.15;1521.41 954.67/1527.33 951.71;1521.23 952.15;1521.41 954.67/1463.70 950.17;1466.79 950.24;1466.65 956.09/1463.70 950.17;1525.23 939.53;1527.33 951.71/1521.41 954.67;1505.02 955.09;1505.13 959.09/1527.33 951.71;1466.79 950.24;1466.65 956.09/1463.70 950.17;1524.89 922.91;1531.79 938.40/1494.77 960.56;1471.21 956.81;1471.09 957.57/1466.65 956.09;1471.21 956.81;1471.09 957.57/1466.65 956.09;1505.02 955.09;1505.13 959.09/1466.65 956.09;1494.94 958.30;1494.77 960.56/1531.79 938.40;1525.23 939.53;1527.33 951.71/1533.29 919.16;1524.89 922.91;1531.79 938.40/1530.33 913.24;1531.81 916.20;1463.70 950.17/1533.29 919.16;1531.81 916.20;1463.70 950.17/1530.33 913.24;1511.22 923.83;1496.31 896.92/1463.70 950.17;1511.22 923.83;1496.31 896.92/1463.70 950.17;1483.00 892.47;1496.31 896.92/1505.13 959.09;1494.94 958.30;1494.77 960.56
fbx_poly_170_55|192.6|1527.33 951.71;1494.31 958.28;1494.77 960.56/1488.86 948.71;1491.12 948.89;1490.33 959.07/1527.33 951.71;1491.12 948.89;1490.33 959.07/1531.80 923.60;1498.36 943.16;1490.36 929.48/1488.86 948.71;1498.36 943.16;1490.36 929.48/1490.36 929.48;1496.30 911.72;1531.80 923.60/1488.86 948.71;1524.55 940.14;1527.33 951.71/1531.79 938.40;1524.55 940.14;1527.33 951.71/1488.86 948.71;1525.34 927.38;1531.79 938.40/1531.80 923.60;1525.34 927.38;1531.79 938.40/1521.41 954.67;1504.95 958.31;1505.13 959.09/1490.33 959.07;1494.31 958.28;1494.77 960.56/1527.33 951.71;1521.07 953.42;1521.41 954.67/1494.77 960.56;1521.07 953.42;1521.41 954.67/1494.77 960.56;1504.95 958.31;1505.13 959.09
fbx_poly_170_55|210.5|1488.86 948.71;1498.36 943.16;1490.36 929.48/1490.36 929.48;1496.30 911.72;1531.80 923.60/1531.79 938.40;1524.55 940.14;1527.33 951.71/1488.86 948.71;1525.34 927.38;1531.79 938.40/1521.41 954.67;1504.95 958.31;1505.13 959.09/1494.77 960.56;1521.07 953.42;1521.41 954.67/1494.77 960.56;1504.95 958.31;1505.13 959.09/1527.33 951.71;1494.31 958.28;1494.77 960.56/1490.33 959.07;1494.31 958.28;1494.77 960.56/1527.33 951.71;1521.07 953.42;1521.41 954.67/1488.86 948.71;1524.55 940.14;1527.33 951.71/1527.33 951.71;1491.12 948.89;1490.33 959.07/1488.86 948.71;1491.12 948.89;1490.33 959.07/1531.80 923.60;1498.36 943.16;1490.36 929.48/1531.80 923.60;1525.34 927.38;1531.79 938.40
fbx_poly_170_55|174.7|1494.77 960.56;1504.95 958.31;1505.13 959.09/1494.77 960.56;1521.07 953.42;1521.41 954.67/1521.41 954.67;1504.95 958.31;1505.13 959.09/1527.33 951.71;1521.07 953.42;1521.41 954.67/1527.33 951.71;1494.31 958.28;1494.77 960.56/1490.36 929.48;1496.30 911.72;1531.80 923.60/1488.86 948.71;1498.36 943.16;1490.36 929.48/1531.80 923.60;1525.34 927.38;1531.79 938.40/1488.86 948.71;1491.12 948.89;1490.33 959.07/1490.33 959.07;1494.31 958.28;1494.77 960.56/1531.79 938.40;1524.55 940.14;1527.33 951.71/1527.33 951.71;1491.12 948.89;1490.33 959.07/1488.86 948.71;1524.55 940.14;1527.33 951.71/1531.80 923.60;1498.36 943.16;1490.36 929.48/1488.86 948.71;1525.34 927.38;1531.79 938.40
fbx_poly_170_56|146.3|2159.97 -1666.95;2086.89 -1715.28;2106.66 -1745.18/2127.71 -1726.48;2124.61 -1730.44;2136.50 -1739.76/2104.41 -1756.21;2124.61 -1730.44;2136.50 -1739.76/2104.41 -1756.21;2110.62 -1748.28;2106.66 -1745.18/2127.71 -1726.48;2110.62 -1748.28;2106.66 -1745.18/2106.66 -1745.18;2122.04 -1722.61;2127.71 -1726.48/2159.97 -1666.95;2122.04 -1722.61;2127.71 -1726.48/2127.71 -1726.48;2177.54 -1693.53;2159.97 -1666.95
fbx_poly_170_56|166.8|2127.71 -1726.48;2177.54 -1693.53;2159.97 -1666.95/2159.97 -1666.95;2086.89 -1715.28;2106.66 -1745.18/2104.41 -1756.21;2110.62 -1748.28;2106.66 -1745.18/2104.41 -1756.21;2124.61 -1730.44;2136.50 -1739.76/2127.71 -1726.48;2124.61 -1730.44;2136.50 -1739.76/2159.97 -1666.95;2122.04 -1722.61;2127.71 -1726.48/2106.66 -1745.18;2122.04 -1722.61;2127.71 -1726.48/2127.71 -1726.48;2110.62 -1748.28;2106.66 -1745.18
fbx_poly_170_56|166.8|2159.97 -1666.95;2175.35 -1690.20;2086.89 -1715.28;2102.26 -1738.53
fbx_poly_170_56|202.5|2159.97 -1666.95;2175.35 -1690.20;2086.89 -1715.28;2102.26 -1738.53
fbx_poly_170_56|184.6|2159.97 -1666.95;2175.35 -1690.20;2086.89 -1715.28;2102.26 -1738.53
fbx_poly_170_56|184.6|2129.91 -1729.80;2136.50 -1739.76;2106.66 -1745.18;2113.25 -1755.14
fbx_poly_170_56|166.8|2129.91 -1729.80;2136.50 -1739.76;2106.66 -1745.18;2113.25 -1755.14
fbx_poly_170_56|202.5|2129.91 -1729.80;2136.50 -1739.76;2106.66 -1745.18;2113.25 -1755.14
fbx_poly_170_57|198.4|2907.51 -1281.94;2942.94 -1277.68;2910.49 -1306.74;2945.92 -1302.49
fbx_poly_170_57|180.3|2907.51 -1281.94;2942.94 -1277.68;2910.49 -1306.74;2945.92 -1302.49
fbx_poly_170_57|126.1|2907.51 -1281.94;2942.94 -1277.68;2910.49 -1306.74;2945.92 -1302.49
fbx_poly_170_57|144.2|2907.51 -1281.94;2942.94 -1277.68;2910.49 -1306.74;2945.92 -1302.49
fbx_poly_170_57|162.2|2907.51 -1281.94;2942.94 -1277.68;2910.49 -1306.74;2945.92 -1302.49
fbx_poly_170_57|198.4|2865.15 -1348.12;2866.53 -1334.26;2863.44 -1333.95/2865.15 -1348.12;2907.66 -1343.02;2903.83 -1311.13/2868.40 -1315.39;2866.53 -1334.26;2863.44 -1333.95/2865.15 -1348.12;2883.20 -1330.86;2868.40 -1315.39/2903.83 -1311.13;2883.20 -1330.86;2868.40 -1315.39
fbx_poly_170_57|144.2|2865.15 -1348.12;2907.66 -1343.02;2903.83 -1311.13/2865.15 -1348.12;2866.53 -1334.26;2863.44 -1333.95/2868.40 -1315.39;2866.53 -1334.26;2863.44 -1333.95/2865.15 -1348.12;2883.20 -1330.86;2868.40 -1315.39/2903.83 -1311.13;2883.20 -1330.86;2868.40 -1315.39
fbx_poly_170_57|126.1|2868.40 -1315.39;2866.53 -1334.26;2863.44 -1333.95/2903.83 -1311.13;2883.20 -1330.86;2868.40 -1315.39/2865.15 -1348.12;2883.20 -1330.86;2868.40 -1315.39/2865.15 -1348.12;2866.53 -1334.26;2863.44 -1333.95/2865.15 -1348.12;2907.66 -1343.02;2903.83 -1311.13
fbx_poly_170_57|162.2|2865.15 -1348.12;2866.53 -1334.26;2863.44 -1333.95/2903.83 -1311.13;2883.20 -1330.86;2868.40 -1315.39/2865.15 -1348.12;2907.66 -1343.02;2903.83 -1311.13/2865.15 -1348.12;2883.20 -1330.86;2868.40 -1315.39/2868.40 -1315.39;2866.53 -1334.26;2863.44 -1333.95
fbx_poly_170_57|180.3|2868.40 -1315.39;2866.53 -1334.26;2863.44 -1333.95/2865.15 -1348.12;2883.20 -1330.86;2868.40 -1315.39/2865.15 -1348.12;2907.66 -1343.02;2903.83 -1311.13/2903.83 -1311.13;2883.20 -1330.86;2868.40 -1315.39/2865.15 -1348.12;2866.53 -1334.26;2863.44 -1333.95
fbx_poly_170_57|198.2|2914.75 -1342.17;2950.18 -1337.91;2944.65 -1291.86/2910.92 -1310.28;2933.02 -1298.21;2930.47 -1293.56/2944.65 -1291.86;2933.02 -1298.21;2930.47 -1293.56/2914.75 -1342.17;2927.75 -1320.29;2910.92 -1310.28/2944.65 -1291.86;2927.75 -1320.29;2910.92 -1310.28
fbx_poly_170_57|162.1|2910.92 -1310.28;2933.02 -1298.21;2930.47 -1293.56/2944.65 -1291.86;2933.02 -1298.21;2930.47 -1293.56/2914.75 -1342.17;2927.75 -1320.29;2910.92 -1310.28/2944.65 -1291.86;2927.75 -1320.29;2910.92 -1310.28/2914.75 -1342.17;2950.18 -1337.91;2944.65 -1291.86
fbx_poly_170_57|126.1|2944.65 -1291.86;2933.02 -1298.21;2930.47 -1293.56/2914.75 -1342.17;2927.75 -1320.29;2910.92 -1310.28/2944.65 -1291.86;2927.75 -1320.29;2910.92 -1310.28/2910.92 -1310.28;2933.02 -1298.21;2930.47 -1293.56/2914.75 -1342.17;2950.18 -1337.91;2944.65 -1291.86
fbx_poly_170_57|144.1|2910.92 -1310.28;2933.02 -1298.21;2930.47 -1293.56/2944.65 -1291.86;2933.02 -1298.21;2930.47 -1293.56/2914.75 -1342.17;2927.75 -1320.29;2910.92 -1310.28/2944.65 -1291.86;2927.75 -1320.29;2910.92 -1310.28/2914.75 -1342.17;2950.18 -1337.91;2944.65 -1291.86
fbx_poly_170_57|180.2|2914.75 -1342.17;2927.75 -1320.29;2910.92 -1310.28/2910.92 -1310.28;2933.02 -1298.21;2930.47 -1293.56/2944.65 -1291.86;2933.02 -1298.21;2930.47 -1293.56/2944.65 -1291.86;2927.75 -1320.29;2910.92 -1310.28/2914.75 -1342.17;2950.18 -1337.91;2944.65 -1291.86
fbx_poly_170_57|216.2|2944.65 -1291.86;2933.02 -1298.21;2930.47 -1293.56/2910.92 -1310.28;2933.02 -1298.21;2930.47 -1293.56/2914.75 -1342.17;2927.75 -1320.29;2910.92 -1310.28/2914.75 -1342.17;2950.18 -1337.91;2944.65 -1291.86/2944.65 -1291.86;2927.75 -1320.29;2910.92 -1310.28
fbx_poly_170_58|170.1|3002.42 -1492.74;3004.95 -1510.80;2924.20 -1503.69;2926.73 -1521.74
fbx_poly_170_58|188.0|3002.42 -1492.74;3004.95 -1510.80;2924.20 -1503.69;2926.73 -1521.74
fbx_poly_170_58|259.7|3002.42 -1492.74;3004.95 -1510.80;2924.20 -1503.69;2926.73 -1521.74
fbx_poly_170_58|241.8|3002.42 -1492.74;3004.95 -1510.80;2924.20 -1503.69;2926.73 -1521.74
fbx_poly_170_58|205.9|3002.42 -1492.74;3004.95 -1510.80;2924.20 -1503.69;2926.73 -1521.74
fbx_poly_170_58|134.2|3002.42 -1492.74;3004.95 -1510.80;2924.20 -1503.69;2926.73 -1521.74
fbx_poly_170_58|152.2|3002.42 -1492.74;3004.95 -1510.80;2924.20 -1503.69;2926.73 -1521.74
fbx_poly_170_58|223.9|3002.42 -1492.74;3004.95 -1510.80;2924.20 -1503.69;2926.73 -1521.74
fbx_poly_170_58|170.1|2939.48 -1569.04;2969.57 -1564.83;2966.20 -1540.76/2921.55 -1528.60;2948.50 -1535.94;2939.48 -1569.04/2990.27 -1537.39;2987.74 -1519.34;2921.55 -1528.60/2990.27 -1537.39;2967.01 -1534.42;2966.20 -1540.76/2966.20 -1540.76;2948.50 -1535.94;2939.48 -1569.04/2921.55 -1528.60;2967.01 -1534.42;2966.20 -1540.76
fbx_poly_170_58|188.0|2966.20 -1540.76;2948.50 -1535.94;2939.48 -1569.04/2990.27 -1537.39;2967.01 -1534.42;2966.20 -1540.76/2921.55 -1528.60;2967.01 -1534.42;2966.20 -1540.76/2990.27 -1537.39;2987.74 -1519.34;2921.55 -1528.60/2939.48 -1569.04;2969.57 -1564.83;2966.20 -1540.76/2921.55 -1528.60;2948.50 -1535.94;2939.48 -1569.04
fbx_poly_170_58|259.7|2990.27 -1537.39;2987.74 -1519.34;2921.55 -1528.60/2921.55 -1528.60;2948.50 -1535.94;2939.48 -1569.04/2939.48 -1569.04;2969.57 -1564.83;2966.20 -1540.76/2990.27 -1537.39;2967.01 -1534.42;2966.20 -1540.76/2966.20 -1540.76;2948.50 -1535.94;2939.48 -1569.04/2921.55 -1528.60;2967.01 -1534.42;2966.20 -1540.76
fbx_poly_170_58|241.8|2990.27 -1537.39;2967.01 -1534.42;2966.20 -1540.76/2966.20 -1540.76;2948.50 -1535.94;2939.48 -1569.04/2921.55 -1528.60;2967.01 -1534.42;2966.20 -1540.76/2921.55 -1528.60;2948.50 -1535.94;2939.48 -1569.04/2939.48 -1569.04;2969.57 -1564.83;2966.20 -1540.76/2990.27 -1537.39;2987.74 -1519.34;2921.55 -1528.60
fbx_poly_170_58|205.9|2921.55 -1528.60;2948.50 -1535.94;2939.48 -1569.04/2966.20 -1540.76;2948.50 -1535.94;2939.48 -1569.04/2990.27 -1537.39;2967.01 -1534.42;2966.20 -1540.76/2921.55 -1528.60;2967.01 -1534.42;2966.20 -1540.76/2990.27 -1537.39;2987.74 -1519.34;2921.55 -1528.60/2939.48 -1569.04;2969.57 -1564.83;2966.20 -1540.76
fbx_poly_170_58|223.9|2921.55 -1528.60;2948.50 -1535.94;2939.48 -1569.04/2939.48 -1569.04;2969.57 -1564.83;2966.20 -1540.76/2966.20 -1540.76;2948.50 -1535.94;2939.48 -1569.04/2990.27 -1537.39;2967.01 -1534.42;2966.20 -1540.76/2921.55 -1528.60;2967.01 -1534.42;2966.20 -1540.76/2990.27 -1537.39;2987.74 -1519.34;2921.55 -1528.60
fbx_poly_170_58|152.2|2990.27 -1537.39;2967.01 -1534.42;2966.20 -1540.76/2921.55 -1528.60;2967.01 -1534.42;2966.20 -1540.76/2939.48 -1569.04;2969.57 -1564.83;2966.20 -1540.76/2921.55 -1528.60;2948.50 -1535.94;2939.48 -1569.04/2966.20 -1540.76;2948.50 -1535.94;2939.48 -1569.04/2990.27 -1537.39;2987.74 -1519.34;2921.55 -1528.60
fbx_poly_170_58|134.2|2939.48 -1569.04;2969.57 -1564.83;2966.20 -1540.76/2990.27 -1537.39;2987.74 -1519.34;2921.55 -1528.60/2990.27 -1537.39;2967.01 -1534.42;2966.20 -1540.76/2921.55 -1528.60;2948.50 -1535.94;2939.48 -1569.04/2966.20 -1540.76;2948.50 -1535.94;2939.48 -1569.04/2921.55 -1528.60;2967.01 -1534.42;2966.20 -1540.76
fbx_poly_170_58|170.1|2960.43 -1455.68;2963.80 -1479.75;2918.31 -1461.57;2921.68 -1485.64
fbx_poly_170_58|224.0|2960.43 -1455.68;2963.80 -1479.75;2918.31 -1461.57;2921.68 -1485.64
fbx_poly_170_58|188.1|2960.43 -1455.68;2963.80 -1479.75;2918.31 -1461.57;2921.68 -1485.64
fbx_poly_170_58|206.0|2960.43 -1455.68;2963.80 -1479.75;2918.31 -1461.57;2921.68 -1485.64
fbx_poly_170_58|152.2|2960.43 -1455.68;2963.80 -1479.75;2918.31 -1461.57;2921.68 -1485.64
fbx_poly_170_58|134.2|2960.43 -1455.68;2963.80 -1479.75;2918.31 -1461.57;2921.68 -1485.64
fbx_poly_170_59|169.4|-1766.59 1455.36;-1743.48 1436.00;-1793.21 1423.59;-1770.10 1404.23
fbx_poly_170_59|151.6|-1766.59 1455.36;-1743.48 1436.00;-1793.21 1423.59;-1770.10 1404.23
fbx_poly_170_59|133.7|-1766.59 1455.36;-1743.48 1436.00;-1793.21 1423.59;-1770.10 1404.23
fbx_poly_170_59|205.1|-1766.59 1455.36;-1743.48 1436.00;-1793.21 1423.59;-1770.10 1404.23
fbx_poly_170_59|223.0|-1766.59 1455.36;-1743.48 1436.00;-1793.21 1423.59;-1770.10 1404.23
fbx_poly_170_59|240.9|-1766.59 1455.36;-1743.48 1436.00;-1793.21 1423.59;-1770.10 1404.23
fbx_poly_170_59|169.4|-1771.90 1454.90;-1796.10 1426.01;-1780.57 1462.16;-1804.77 1433.27
fbx_poly_170_59|187.3|-1771.90 1454.90;-1796.10 1426.01;-1780.57 1462.16;-1804.77 1433.27
fbx_poly_170_59|240.9|-1771.90 1454.90;-1796.10 1426.01;-1780.57 1462.16;-1804.77 1433.27
fbx_poly_170_59|205.1|-1771.90 1454.90;-1796.10 1426.01;-1780.57 1462.16;-1804.77 1433.27
fbx_poly_170_59|133.7|-1771.90 1454.90;-1796.10 1426.01;-1780.57 1462.16;-1804.77 1433.27
fbx_poly_170_59|151.6|-1771.90 1454.90;-1796.10 1426.01;-1780.57 1462.16;-1804.77 1433.27
fbx_poly_170_59|223.0|-1771.90 1454.90;-1796.10 1426.01;-1780.57 1462.16;-1804.77 1433.27
fbx_poly_170_59|205.1|-1813.04 1405.79;-1822.72 1394.24;-1821.71 1413.05;-1831.39 1401.50
fbx_poly_170_59|157.5|-1813.04 1405.79;-1822.72 1394.24;-1821.71 1413.05;-1831.39 1401.50
fbx_poly_170_59|133.7|-1813.04 1405.79;-1822.72 1394.24;-1821.71 1413.05;-1831.39 1401.50
fbx_poly_170_59|181.3|-1813.04 1405.79;-1822.72 1394.24;-1821.71 1413.05;-1831.39 1401.50
fbx_poly_170_59|205.1|-1784.08 1411.02;-1791.34 1402.36;-1795.63 1420.70;-1802.89 1412.04
fbx_poly_170_59|223.0|-1784.08 1411.02;-1791.34 1402.36;-1795.63 1420.70;-1802.89 1412.04
fbx_poly_170_59|240.9|-1784.08 1411.02;-1791.34 1402.36;-1795.63 1420.70;-1802.89 1412.04
fbx_poly_170_6|184.7|508.09 2901.71;529.68 2883.86;472.39 2858.53;493.98 2840.68
fbx_poly_170_6|120.5|508.09 2901.71;529.68 2883.86;472.39 2858.53;493.98 2840.68
fbx_poly_170_6|163.3|508.09 2901.71;529.68 2883.86;472.39 2858.53;493.98 2840.68
fbx_poly_170_6|141.9|508.09 2901.71;529.68 2883.86;472.39 2858.53;493.98 2840.68
fbx_poly_170_6|206.1|508.09 2901.71;529.68 2883.86;472.39 2858.53;493.98 2840.68
fbx_poly_170_6|184.7|522.76 2816.89;537.72 2852.31;539.37 2851.62/541.72 2861.79;537.72 2852.31;539.37 2851.62/522.76 2816.89;530.44 2863.64;541.72 2861.79/522.76 2816.89;546.56 2845.67;539.37 2851.62/533.28 2880.88;530.44 2863.64;541.72 2861.79/551.41 2829.55;547.59 2827.86;544.21 2835.50/522.76 2816.89;547.59 2827.86;544.21 2835.50/546.56 2845.67;540.61 2838.47;544.21 2835.50/522.76 2816.89;540.61 2838.47;544.21 2835.50/533.28 2880.88;497.58 2837.71;522.76 2816.89
fbx_poly_170_6|120.5|522.76 2816.89;540.61 2838.47;544.21 2835.50/522.76 2816.89;547.59 2827.86;544.21 2835.50/522.76 2816.89;546.56 2845.67;539.37 2851.62/541.72 2861.79;537.72 2852.31;539.37 2851.62/533.28 2880.88;497.58 2837.71;522.76 2816.89/546.56 2845.67;540.61 2838.47;544.21 2835.50/522.76 2816.89;537.72 2852.31;539.37 2851.62/533.28 2880.88;530.44 2863.64;541.72 2861.79/522.76 2816.89;530.44 2863.64;541.72 2861.79/551.41 2829.55;547.59 2827.86;544.21 2835.50
fbx_poly_170_6|163.3|533.28 2880.88;530.44 2863.64;541.72 2861.79/551.41 2829.55;547.59 2827.86;544.21 2835.50/522.76 2816.89;530.44 2863.64;541.72 2861.79/522.76 2816.89;540.61 2838.47;544.21 2835.50/522.76 2816.89;547.59 2827.86;544.21 2835.50/522.76 2816.89;546.56 2845.67;539.37 2851.62/546.56 2845.67;540.61 2838.47;544.21 2835.50/533.28 2880.88;497.58 2837.71;522.76 2816.89/522.76 2816.89;537.72 2852.31;539.37 2851.62/541.72 2861.79;537.72 2852.31;539.37 2851.62
fbx_poly_170_6|206.1|522.76 2816.89;540.61 2838.47;544.21 2835.50/522.76 2816.89;546.56 2845.67;539.37 2851.62/546.56 2845.67;540.61 2838.47;544.21 2835.50/533.28 2880.88;497.58 2837.71;522.76 2816.89/522.76 2816.89;537.72 2852.31;539.37 2851.62/522.76 2816.89;530.44 2863.64;541.72 2861.79/541.72 2861.79;537.72 2852.31;539.37 2851.62/522.76 2816.89;547.59 2827.86;544.21 2835.50/533.28 2880.88;530.44 2863.64;541.72 2861.79/551.41 2829.55;547.59 2827.86;544.21 2835.50
fbx_poly_170_6|141.9|546.56 2845.67;540.61 2838.47;544.21 2835.50/533.28 2880.88;530.44 2863.64;541.72 2861.79/522.76 2816.89;530.44 2863.64;541.72 2861.79/551.41 2829.55;547.59 2827.86;544.21 2835.50/522.76 2816.89;540.61 2838.47;544.21 2835.50/522.76 2816.89;547.59 2827.86;544.21 2835.50/522.76 2816.89;546.56 2845.67;539.37 2851.62/533.28 2880.88;497.58 2837.71;522.76 2816.89/522.76 2816.89;537.72 2852.31;539.37 2851.62/541.72 2861.79;537.72 2852.31;539.37 2851.62
fbx_poly_170_6|184.7|493.50 2810.80;494.91 2816.90;513.21 2812.66/513.21 2812.66;496.62 2822.29;495.85 2820.97/488.65 2826.92;514.81 2816.80;513.21 2812.66/495.85 2820.97;494.91 2816.90;513.21 2812.66/488.65 2826.92;496.62 2822.29;495.85 2820.97/516.19 2816.26;514.81 2816.79;513.21 2812.66/516.19 2816.26;494.60 2834.11;488.65 2826.92
fbx_poly_170_6|120.5|513.21 2812.66;496.62 2822.29;495.85 2820.97/488.65 2826.92;496.62 2822.29;495.85 2820.97/488.65 2826.92;514.81 2816.80;513.21 2812.66/495.85 2820.97;494.91 2816.90;513.21 2812.66/516.19 2816.26;514.81 2816.79;513.21 2812.66/516.19 2816.26;494.60 2834.11;488.65 2826.92/493.50 2810.80;494.91 2816.90;513.21 2812.66
fbx_poly_170_6|206.1|513.21 2812.66;496.62 2822.29;495.85 2820.97/516.19 2816.26;514.81 2816.79;513.21 2812.66/488.65 2826.92;514.81 2816.80;513.21 2812.66/488.65 2826.92;496.62 2822.29;495.85 2820.97/493.50 2810.80;494.91 2816.90;513.21 2812.66/516.19 2816.26;494.60 2834.11;488.65 2826.92/495.85 2820.97;494.91 2816.90;513.21 2812.66
fbx_poly_170_6|163.3|513.21 2812.66;496.62 2822.29;495.85 2820.97/488.65 2826.92;496.62 2822.29;495.85 2820.97/488.65 2826.92;514.81 2816.80;513.21 2812.66/495.85 2820.97;494.91 2816.90;513.21 2812.66/516.19 2816.26;514.81 2816.79;513.21 2812.66/516.19 2816.26;494.60 2834.11;488.65 2826.92/493.50 2810.80;494.91 2816.90;513.21 2812.66
fbx_poly_170_6|141.9|493.50 2810.80;494.91 2816.90;513.21 2812.66/488.65 2826.92;496.62 2822.29;495.85 2820.97/513.21 2812.66;496.62 2822.29;495.85 2820.97/488.65 2826.92;514.81 2816.80;513.21 2812.66/495.85 2820.97;494.91 2816.90;513.21 2812.66/516.19 2816.26;514.81 2816.79;513.21 2812.66/516.19 2816.26;494.60 2834.11;488.65 2826.92
fbx_poly_170_6|203.3|463.33 2884.20;468.39 2872.75;464.57 2871.06/471.77 2865.11;468.39 2872.75;464.57 2871.06/490.86 2873.55;491.66 2881.28;463.33 2884.20/492.59 2890.29;491.66 2881.28;463.33 2884.20/463.33 2884.20;489.74 2889.70;488.99 2893.27/492.59 2890.29;489.74 2889.70;488.99 2893.27/484.91 2866.35;477.72 2872.30;471.77 2865.11/463.33 2884.20;477.72 2872.30;471.77 2865.11/463.33 2884.20;484.91 2866.35;490.86 2873.55/466.30 2887.80;482.64 2891.74;482.42 2892.64/488.99 2893.27;467.10 2885.54;466.30 2887.80/488.99 2893.27;482.64 2891.74;482.42 2892.64/463.33 2884.20;467.10 2885.54;466.30 2887.80
fbx_poly_170_6|161.9|463.33 2884.20;467.10 2885.54;466.30 2887.80/488.99 2893.27;482.64 2891.74;482.42 2892.64/463.33 2884.20;484.91 2866.35;490.86 2873.55/492.59 2890.29;491.66 2881.28;463.33 2884.20/490.86 2873.55;491.66 2881.28;463.33 2884.20/492.59 2890.29;489.74 2889.70;488.99 2893.27/463.33 2884.20;489.74 2889.70;488.99 2893.27/488.99 2893.27;467.10 2885.54;466.30 2887.80/463.33 2884.20;468.39 2872.75;464.57 2871.06/471.77 2865.11;468.39 2872.75;464.57 2871.06/463.33 2884.20;477.72 2872.30;471.77 2865.11/484.91 2866.35;477.72 2872.30;471.77 2865.11/466.30 2887.80;482.64 2891.74;482.42 2892.64
fbx_poly_170_6|120.5|463.33 2884.20;484.91 2866.35;490.86 2873.55/463.33 2884.20;468.39 2872.75;464.57 2871.06/471.77 2865.11;468.39 2872.75;464.57 2871.06/463.33 2884.20;467.10 2885.54;466.30 2887.80/490.86 2873.55;491.66 2881.28;463.33 2884.20/463.33 2884.20;489.74 2889.70;488.99 2893.27/492.59 2890.29;489.74 2889.70;488.99 2893.27/492.59 2890.29;491.66 2881.28;463.33 2884.20/484.91 2866.35;477.72 2872.30;471.77 2865.11/463.33 2884.20;477.72 2872.30;471.77 2865.11/466.30 2887.80;482.64 2891.74;482.42 2892.64/488.99 2893.27;482.64 2891.74;482.42 2892.64/488.99 2893.27;467.10 2885.54;466.30 2887.80
fbx_poly_170_6|182.6|488.99 2893.27;467.10 2885.54;466.30 2887.80/488.99 2893.27;482.64 2891.74;482.42 2892.64/466.30 2887.80;482.64 2891.74;482.42 2892.64/463.33 2884.20;467.10 2885.54;466.30 2887.80/490.86 2873.55;491.66 2881.28;463.33 2884.20/492.59 2890.29;489.74 2889.70;488.99 2893.27/463.33 2884.20;489.74 2889.70;488.99 2893.27/463.33 2884.20;468.39 2872.75;464.57 2871.06/471.77 2865.11;468.39 2872.75;464.57 2871.06/463.33 2884.20;477.72 2872.30;471.77 2865.11/484.91 2866.35;477.72 2872.30;471.77 2865.11/463.33 2884.20;484.91 2866.35;490.86 2873.55/492.59 2890.29;491.66 2881.28;463.33 2884.20
fbx_poly_170_6|141.2|488.99 2893.27;482.64 2891.74;482.42 2892.64/463.33 2884.20;467.10 2885.54;466.30 2887.80/466.30 2887.80;482.64 2891.74;482.42 2892.64/484.91 2866.35;477.72 2872.30;471.77 2865.11/490.86 2873.55;491.66 2881.28;463.33 2884.20/463.33 2884.20;484.91 2866.35;490.86 2873.55/463.33 2884.20;489.74 2889.70;488.99 2893.27/492.59 2890.29;491.66 2881.28;463.33 2884.20/488.99 2893.27;467.10 2885.54;466.30 2887.80/492.59 2890.29;489.74 2889.70;488.99 2893.27/463.33 2884.20;468.39 2872.75;464.57 2871.06/463.33 2884.20;477.72 2872.30;471.77 2865.11/471.77 2865.11;468.39 2872.75;464.57 2871.06
fbx_poly_170_6|223.9|463.33 2884.20;484.91 2866.35;490.86 2873.55/492.59 2890.29;491.66 2881.28;463.33 2884.20/463.33 2884.20;477.72 2872.30;471.77 2865.11/492.59 2890.29;489.74 2889.70;488.99 2893.27/463.33 2884.20;489.74 2889.70;488.99 2893.27/490.86 2873.55;491.66 2881.28;463.33 2884.20/463.33 2884.20;467.10 2885.54;466.30 2887.80/488.99 2893.27;482.64 2891.74;482.42 2892.64/488.99 2893.27;467.10 2885.54;466.30 2887.80/466.30 2887.80;482.64 2891.74;482.42 2892.64/484.91 2866.35;477.72 2872.30;471.77 2865.11/471.77 2865.11;468.39 2872.75;464.57 2871.06/463.33 2884.20;468.39 2872.75;464.57 2871.06
fbx_poly_170_6|184.7|482.08 2826.29;491.00 2837.09;476.61 2848.99/476.61 2848.99;476.21 2845.12;473.64 2845.39/482.08 2826.29;480.33 2833.55;474.88 2832.24/476.61 2848.99;480.33 2833.55;474.88 2832.24/474.88 2832.24;476.21 2845.12;473.64 2845.39
fbx_poly_170_6|120.5|476.61 2848.99;476.21 2845.12;473.64 2845.39/474.88 2832.24;476.21 2845.12;473.64 2845.39/482.08 2826.29;491.00 2837.09;476.61 2848.99/482.08 2826.29;480.33 2833.55;474.88 2832.24/476.61 2848.99;480.33 2833.55;474.88 2832.24
fbx_poly_170_6|163.3|482.08 2826.29;480.33 2833.55;474.88 2832.24/476.61 2848.99;480.33 2833.55;474.88 2832.24/482.08 2826.29;491.00 2837.09;476.61 2848.99/474.88 2832.24;476.21 2845.12;473.64 2845.39/476.61 2848.99;476.21 2845.12;473.64 2845.39
fbx_poly_170_6|206.1|482.08 2826.29;491.00 2837.09;476.61 2848.99/476.61 2848.99;480.33 2833.55;474.88 2832.24/482.08 2826.29;480.33 2833.55;474.88 2832.24/474.88 2832.24;476.21 2845.12;473.64 2845.39/476.61 2848.99;476.21 2845.12;473.64 2845.39
fbx_poly_170_6|141.9|482.08 2826.29;480.33 2833.55;474.88 2832.24/482.08 2826.29;491.00 2837.09;476.61 2848.99/476.61 2848.99;476.21 2845.12;473.64 2845.39/476.61 2848.99;480.33 2833.55;474.88 2832.24/474.88 2832.24;476.21 2845.12;473.64 2845.39
fbx_poly_170_63|126.4|-2804.90 1249.88;-2780.68 1231.78;-2853.15 1185.31;-2828.94 1167.21
fbx_poly_170_63|151.6|-2804.90 1249.88;-2780.68 1231.78;-2853.15 1185.31;-2828.94 1167.21
fbx_poly_170_63|176.8|-2804.90 1249.88;-2780.68 1231.78;-2853.15 1185.31;-2828.94 1167.21
fbx_poly_170_63|191.0|-2771.93 1221.05;-2758.48 1211.00;-2786.00 1202.22;-2772.55 1192.16
fbx_poly_170_63|126.4|-2771.93 1221.05;-2758.48 1211.00;-2786.00 1202.22;-2772.55 1192.16
fbx_poly_170_63|147.9|-2771.93 1221.05;-2758.48 1211.00;-2786.00 1202.22;-2772.55 1192.16
fbx_poly_170_63|212.5|-2771.93 1221.05;-2758.48 1211.00;-2786.00 1202.22;-2772.55 1192.16
fbx_poly_170_63|169.5|-2771.93 1221.05;-2758.48 1211.00;-2786.00 1202.22;-2772.55 1192.16
fbx_poly_170_63|191.0|-2774.62 1223.06;-2797.38 1243.22;-2796.82 1243.84/-2804.90 1249.88;-2797.38 1243.22;-2796.82 1243.85/-2804.90 1249.88;-2793.06 1216.52;-2774.62 1223.06/-2788.69 1204.23;-2793.06 1216.52;-2774.62 1223.06/-2804.90 1249.88;-2814.96 1211.03;-2788.69 1204.23/-2824.91 1172.59;-2814.96 1211.03;-2788.69 1204.23/-2804.90 1249.88;-2849.13 1190.69;-2824.91 1172.59
fbx_poly_170_63|126.4|-2804.90 1249.88;-2849.13 1190.69;-2824.91 1172.59/-2804.90 1249.88;-2814.96 1211.03;-2788.69 1204.23/-2824.91 1172.59;-2814.96 1211.03;-2788.69 1204.23/-2788.69 1204.23;-2793.06 1216.52;-2774.62 1223.06/-2804.90 1249.88;-2793.06 1216.52;-2774.62 1223.06/-2774.62 1223.06;-2797.38 1243.22;-2796.82 1243.84/-2804.90 1249.88;-2797.38 1243.22;-2796.82 1243.85
fbx_poly_170_63|169.5|-2804.90 1249.88;-2797.38 1243.22;-2796.82 1243.85/-2804.90 1249.88;-2793.06 1216.52;-2774.62 1223.06/-2774.62 1223.06;-2797.38 1243.22;-2796.82 1243.84/-2788.69 1204.23;-2793.06 1216.52;-2774.62 1223.06/-2804.90 1249.88;-2814.96 1211.03;-2788.69 1204.23/-2804.90 1249.88;-2849.13 1190.69;-2824.91 1172.59/-2824.91 1172.59;-2814.96 1211.03;-2788.69 1204.23
fbx_poly_170_63|212.5|-2774.62 1223.06;-2797.38 1243.22;-2796.82 1243.84/-2804.90 1249.88;-2793.06 1216.52;-2774.62 1223.06/-2804.90 1249.88;-2797.38 1243.22;-2796.82 1243.85/-2804.90 1249.88;-2814.96 1211.03;-2788.69 1204.23/-2824.91 1172.59;-2814.96 1211.03;-2788.69 1204.23/-2788.69 1204.23;-2793.06 1216.52;-2774.62 1223.06/-2804.90 1249.88;-2849.13 1190.69;-2824.91 1172.59
fbx_poly_170_63|147.9|-2824.91 1172.59;-2814.96 1211.03;-2788.69 1204.23/-2804.90 1249.88;-2849.13 1190.69;-2824.91 1172.59/-2804.90 1249.88;-2814.96 1211.03;-2788.69 1204.23/-2804.90 1249.88;-2797.38 1243.22;-2796.82 1243.85/-2804.90 1249.88;-2793.06 1216.52;-2774.62 1223.06/-2774.62 1223.06;-2797.38 1243.22;-2796.82 1243.84/-2788.69 1204.23;-2793.06 1216.52;-2774.62 1223.06
fbx_poly_170_65|105.8|-279.94 -1107.04;-162.76 -1159.35;-174.86 -1186.44/-279.94 -1107.04;-246.09 -1132.62;-271.93 -1166.82/-174.86 -1186.44;-246.09 -1132.62;-271.93 -1166.82/-184.07 -1070.35;-254.51 -1097.31;-255.93 -1093.60/-279.94 -1107.04;-254.51 -1097.31;-255.93 -1093.60/-279.94 -1107.04;-181.14 -1095.57;-184.07 -1070.35/-271.93 -1166.82;-256.98 -1213.02;-174.86 -1186.44/-170.63 -1094.35;-181.14 -1095.57;-184.07 -1070.35/-147.38 -1166.21;-193.52 -1145.61;-170.63 -1094.35/-279.94 -1107.04;-193.52 -1145.61;-170.63 -1094.35/-147.38 -1166.21;-162.76 -1159.35;-174.86 -1186.44
fbx_poly_170_65|143.0|-174.86 -1186.44;-246.09 -1132.62;-271.93 -1166.82/-279.94 -1107.04;-246.09 -1132.62;-271.93 -1166.82/-279.94 -1107.04;-254.51 -1097.31;-255.93 -1093.60/-279.94 -1107.04;-193.52 -1145.61;-170.63 -1094.35/-184.07 -1070.35;-254.51 -1097.31;-255.93 -1093.60/-147.38 -1166.21;-162.76 -1159.35;-174.86 -1186.44/-147.38 -1166.21;-193.52 -1145.61;-170.63 -1094.35/-271.93 -1166.82;-256.98 -1213.02;-174.86 -1186.44/-170.63 -1094.35;-181.14 -1095.57;-184.07 -1070.35/-279.94 -1107.04;-181.14 -1095.57;-184.07 -1070.35/-279.94 -1107.04;-162.76 -1159.35;-174.86 -1186.44
fbx_poly_170_65|180.3|-147.38 -1166.21;-162.76 -1159.35;-174.86 -1186.44/-174.86 -1186.44;-246.09 -1132.62;-271.93 -1166.82/-184.07 -1070.35;-254.51 -1097.31;-255.93 -1093.60/-279.94 -1107.04;-193.52 -1145.61;-170.63 -1094.35/-279.94 -1107.04;-254.51 -1097.31;-255.93 -1093.60/-279.94 -1107.04;-162.76 -1159.35;-174.86 -1186.44/-170.63 -1094.35;-181.14 -1095.57;-184.07 -1070.35/-279.94 -1107.04;-181.14 -1095.57;-184.07 -1070.35/-147.38 -1166.21;-193.52 -1145.61;-170.63 -1094.35/-271.93 -1166.82;-256.98 -1213.02;-174.86 -1186.44/-279.94 -1107.04;-246.09 -1132.62;-271.93 -1166.82
fbx_poly_170_65|161.7|-279.94 -1107.04;-246.09 -1132.62;-271.93 -1166.82/-279.94 -1107.04;-193.52 -1145.61;-170.63 -1094.35/-147.38 -1166.21;-162.76 -1159.35;-174.86 -1186.44/-174.86 -1186.44;-246.09 -1132.62;-271.93 -1166.82/-279.94 -1107.04;-162.76 -1159.35;-174.86 -1186.44/-271.93 -1166.82;-256.98 -1213.02;-174.86 -1186.44/-279.94 -1107.04;-181.14 -1095.57;-184.07 -1070.35/-279.94 -1107.04;-254.51 -1097.31;-255.93 -1093.60/-147.38 -1166.21;-193.52 -1145.61;-170.63 -1094.35/-184.07 -1070.35;-254.51 -1097.31;-255.93 -1093.60/-170.63 -1094.35;-181.14 -1095.57;-184.07 -1070.35
fbx_poly_170_65|124.4|-279.94 -1107.04;-181.14 -1095.57;-184.07 -1070.35/-184.07 -1070.35;-254.51 -1097.31;-255.93 -1093.60/-279.94 -1107.04;-254.51 -1097.31;-255.93 -1093.60/-279.94 -1107.04;-193.52 -1145.61;-170.63 -1094.35/-170.63 -1094.35;-181.14 -1095.57;-184.07 -1070.35/-174.86 -1186.44;-246.09 -1132.62;-271.93 -1166.82/-147.38 -1166.21;-193.52 -1145.61;-170.63 -1094.35/-271.93 -1166.82;-256.98 -1213.02;-174.86 -1186.44/-279.94 -1107.04;-246.09 -1132.62;-271.93 -1166.82/-279.94 -1107.04;-162.76 -1159.35;-174.86 -1186.44/-147.38 -1166.21;-162.76 -1159.35;-174.86 -1186.44
fbx_poly_170_65|198.2|-237.36 -1115.94;-246.24 -1121.48;-247.63 -1119.26/-256.23 -1127.72;-246.24 -1121.48;-247.63 -1119.26/-244.76 -1180.71;-219.09 -1172.40;-237.36 -1115.94/-244.76 -1180.71;-241.97 -1156.31;-253.06 -1155.04/-237.36 -1115.94;-241.97 -1156.31;-253.06 -1155.04/-253.06 -1155.04;-244.05 -1132.61;-256.23 -1127.72/-237.36 -1115.94;-244.05 -1132.61;-256.23 -1127.72
fbx_poly_170_65|216.0|-244.76 -1180.71;-241.97 -1156.31;-253.06 -1155.04/-237.36 -1115.94;-244.05 -1132.61;-256.23 -1127.72/-253.06 -1155.04;-244.05 -1132.61;-256.23 -1127.72/-256.23 -1127.72;-246.24 -1121.48;-247.63 -1119.26/-237.36 -1115.94;-246.24 -1121.48;-247.63 -1119.26/-244.76 -1180.71;-219.09 -1172.40;-237.36 -1115.94/-237.36 -1115.94;-241.97 -1156.31;-253.06 -1155.04
fbx_poly_170_65|180.3|-244.76 -1180.71;-219.09 -1172.40;-237.36 -1115.94/-237.36 -1115.94;-241.97 -1156.31;-253.06 -1155.04/-244.76 -1180.71;-241.97 -1156.31;-253.06 -1155.04/-237.36 -1115.94;-244.05 -1132.61;-256.23 -1127.72/-256.23 -1127.72;-246.24 -1121.48;-247.63 -1119.26/-237.36 -1115.94;-246.24 -1121.48;-247.63 -1119.26/-253.06 -1155.04;-244.05 -1132.61;-256.23 -1127.72
fbx_poly_170_65|198.2|-227.10 -1112.62;-206.13 -1107.88;-206.56 -1105.98/-227.10 -1112.62;-208.83 -1169.08;-152.36 -1150.81/-152.36 -1150.81;-186.33 -1133.45;-168.97 -1099.48/-227.10 -1112.62;-186.33 -1133.45;-168.97 -1099.48/-168.97 -1099.48;-206.13 -1107.88;-206.56 -1105.98
fbx_poly_170_65|216.0|-227.10 -1112.62;-208.83 -1169.08;-152.36 -1150.81/-152.36 -1150.81;-186.33 -1133.45;-168.97 -1099.48/-227.10 -1112.62;-186.33 -1133.45;-168.97 -1099.48/-168.97 -1099.48;-206.13 -1107.88;-206.56 -1105.98/-227.10 -1112.62;-206.13 -1107.88;-206.56 -1105.98
fbx_poly_170_65|180.3|-168.97 -1099.48;-206.13 -1107.88;-206.56 -1105.98/-227.10 -1112.62;-186.33 -1133.45;-168.97 -1099.48/-152.36 -1150.81;-186.33 -1133.45;-168.97 -1099.48/-227.10 -1112.62;-208.83 -1169.08;-152.36 -1150.81/-227.10 -1112.62;-206.13 -1107.88;-206.56 -1105.98
fbx_poly_170_66|168.1|653.67 1090.27;657.39 1070.98;664.99 1072.44/661.34 1050.52;657.39 1070.98;664.99 1072.44/664.99 1072.44;663.65 1064.42;679.16 1061.84/679.16 1061.84;667.57 1074.76;664.99 1072.44/661.34 1050.52;663.65 1064.42;679.16 1061.84/653.67 1090.27;638.17 1076.36;661.34 1050.52
fbx_poly_170_66|185.9|653.67 1090.27;657.39 1070.98;664.99 1072.44/664.99 1072.44;663.65 1064.42;679.16 1061.84/661.34 1050.52;657.39 1070.98;664.99 1072.44/661.34 1050.52;663.65 1064.42;679.16 1061.84/653.67 1090.27;638.17 1076.36;661.34 1050.52/679.16 1061.84;667.57 1074.76;664.99 1072.44
fbx_poly_170_66|203.8|653.67 1090.27;657.39 1070.98;664.99 1072.44/664.99 1072.44;663.65 1064.42;679.16 1061.84/661.34 1050.52;657.39 1070.98;664.99 1072.44/679.16 1061.84;667.57 1074.76;664.99 1072.44/661.34 1050.52;663.65 1064.42;679.16 1061.84/653.67 1090.27;638.17 1076.36;661.34 1050.52
fbx_poly_170_66|150.2|686.64 1063.89;696.98 1073.16;687.71 1083.49/686.64 1063.89;687.45 1078.59;677.64 1079.13/687.71 1083.49;687.45 1078.59;677.64 1079.13/691.55 1063.62;694.81 1069.34;696.71 1068.25/696.98 1073.16;689.23 1066.20;691.55 1063.62/686.64 1063.89;689.23 1066.20;691.55 1063.62/677.64 1079.13;675.06 1076.81;686.64 1063.89/696.98 1073.16;694.81 1069.34;696.71 1068.25
fbx_poly_170_66|177.0|686.64 1063.89;687.45 1078.59;677.64 1079.13/691.55 1063.62;694.81 1069.34;696.71 1068.25/696.98 1073.16;694.81 1069.34;696.71 1068.25/686.64 1063.89;696.98 1073.16;687.71 1083.49/686.64 1063.89;689.23 1066.20;691.55 1063.62/696.98 1073.16;689.23 1066.20;691.55 1063.62/687.71 1083.49;687.45 1078.59;677.64 1079.13/677.64 1079.13;675.06 1076.81;686.64 1063.89
fbx_poly_170_66|203.8|691.55 1063.62;694.81 1069.34;696.71 1068.25/696.98 1073.16;689.23 1066.20;691.55 1063.62/686.64 1063.89;689.23 1066.20;691.55 1063.62/696.98 1073.16;694.81 1069.34;696.71 1068.25/677.64 1079.13;675.06 1076.81;686.64 1063.89/686.64 1063.89;696.98 1073.16;687.71 1083.49/686.64 1063.89;687.45 1078.59;677.64 1079.13/687.71 1083.49;687.45 1078.59;677.64 1079.13
fbx_poly_170_66|168.1|656.26 1092.58;633.00 1071.73;653.85 1048.47/653.85 1048.47;655.46 1077.88;675.06 1076.81/656.26 1092.58;655.45 1077.88;675.06 1076.81/681.48 1059.25;686.64 1063.89;675.06 1076.81/675.06 1076.81;668.94 1068.64;681.48 1059.25/653.85 1048.47;668.94 1068.64;681.48 1059.25/653.85 1048.47;661.04 1051.28;661.34 1050.52/681.48 1059.25;661.04 1051.28;661.34 1050.52
fbx_poly_170_66|185.9|681.48 1059.25;686.64 1063.89;675.06 1076.81/656.26 1092.58;633.00 1071.73;653.85 1048.47/656.26 1092.58;655.45 1077.88;675.06 1076.81/653.85 1048.47;668.94 1068.64;681.48 1059.25/675.06 1076.81;668.94 1068.64;681.48 1059.25/653.85 1048.47;655.46 1077.88;675.06 1076.81/653.85 1048.47;661.04 1051.28;661.34 1050.52/681.48 1059.25;661.04 1051.28;661.34 1050.52
fbx_poly_170_66|150.2|653.85 1048.47;655.46 1077.88;675.06 1076.81/681.48 1059.25;686.64 1063.89;675.06 1076.81/656.26 1092.58;633.00 1071.73;653.85 1048.47/656.26 1092.58;655.45 1077.88;675.06 1076.81/653.85 1048.47;668.94 1068.64;681.48 1059.25/653.85 1048.47;661.04 1051.28;661.34 1050.52/681.48 1059.25;661.04 1051.28;661.34 1050.52/675.06 1076.81;668.94 1068.64;681.48 1059.25
fbx_poly_170_67|133.3|1430.78 -712.43;1456.13 -746.89;1459.27 -744.59/1471.21 -748.36;1462.67 -740.76;1459.27 -744.59/1458.90 -750.65;1456.13 -746.89;1459.27 -744.59/1471.21 -748.36;1443.00 -704.56;1430.78 -712.43/1440.61 -700.85;1443.00 -704.56;1430.78 -712.43/1430.78 -712.43;1462.67 -740.76;1459.27 -744.59/1471.21 -748.36;1473.97 -702.87;1440.61 -700.85/1436.29 -721.90;1440.50 -727.25;1435.74 -730.99/1435.74 -730.99;1443.62 -737.68;1441.26 -740.46/1458.90 -750.65;1443.62 -737.68;1441.26 -740.46/1458.90 -750.65;1437.23 -721.20;1436.29 -721.90/1458.90 -750.65;1440.50 -727.25;1435.74 -730.99/1430.78 -712.43;1437.23 -721.20;1436.29 -721.90
fbx_poly_170_67|170.6|1458.90 -750.65;1456.13 -746.89;1459.27 -744.59/1430.78 -712.43;1456.13 -746.89;1459.27 -744.59/1430.78 -712.43;1462.67 -740.76;1459.27 -744.59/1471.21 -748.36;1462.67 -740.76;1459.27 -744.59/1471.21 -748.36;1473.97 -702.87;1440.61 -700.85/1471.21 -748.36;1443.00 -704.56;1430.78 -712.43/1440.61 -700.85;1443.00 -704.56;1430.78 -712.43/1430.78 -712.43;1437.23 -721.20;1436.29 -721.90/1435.74 -730.99;1443.62 -737.68;1441.26 -740.46/1458.90 -750.65;1440.50 -727.25;1435.74 -730.99/1458.90 -750.65;1437.23 -721.20;1436.29 -721.90/1436.29 -721.90;1440.50 -727.25;1435.74 -730.99/1458.90 -750.65;1443.62 -737.68;1441.26 -740.46
fbx_poly_170_67|189.2|1430.78 -712.43;1437.23 -721.20;1436.29 -721.90/1458.90 -750.65;1437.23 -721.20;1436.29 -721.90/1458.90 -750.65;1440.50 -727.25;1435.74 -730.99/1458.90 -750.65;1443.62 -737.68;1441.26 -740.46/1436.29 -721.90;1440.50 -727.25;1435.74 -730.99/1435.74 -730.99;1443.62 -737.68;1441.26 -740.46/1458.90 -750.65;1456.13 -746.89;1459.27 -744.59/1430.78 -712.43;1456.13 -746.89;1459.27 -744.59/1471.21 -748.36;1462.67 -740.76;1459.27 -744.59/1440.61 -700.85;1443.00 -704.56;1430.78 -712.43/1471.21 -748.36;1473.97 -702.87;1440.61 -700.85/1430.78 -712.43;1462.67 -740.76;1459.27 -744.59/1471.21 -748.36;1443.00 -704.56;1430.78 -712.43
fbx_poly_170_67|151.9|1458.90 -750.65;1440.50 -727.25;1435.74 -730.99/1458.90 -750.65;1437.23 -721.20;1436.29 -721.90/1430.78 -712.43;1437.23 -721.20;1436.29 -721.90/1436.29 -721.90;1440.50 -727.25;1435.74 -730.99/1435.74 -730.99;1443.62 -737.68;1441.26 -740.46/1458.90 -750.65;1443.62 -737.68;1441.26 -740.46/1430.78 -712.43;1456.13 -746.89;1459.27 -744.59/1471.21 -748.36;1473.97 -702.87;1440.61 -700.85/1471.21 -748.36;1462.67 -740.76;1459.27 -744.59/1458.90 -750.65;1456.13 -746.89;1459.27 -744.59/1430.78 -712.43;1462.67 -740.76;1459.27 -744.59/1440.61 -700.85;1443.00 -704.56;1430.78 -712.43/1471.21 -748.36;1443.00 -704.56;1430.78 -712.43
fbx_poly_170_67|207.1|1481.04 -736.78;1492.81 -718.81;1488.39 -715.92/1479.85 -706.27;1480.24 -716.24;1488.39 -715.92/1494.46 -716.29;1492.81 -718.81;1488.39 -715.92/1479.85 -706.27;1478.01 -736.59;1481.04 -736.78/1481.04 -736.78;1480.24 -716.24;1488.39 -715.92
fbx_poly_170_67|151.7|1479.85 -706.27;1480.24 -716.24;1488.39 -715.92/1481.04 -736.78;1480.24 -716.24;1488.39 -715.92/1479.85 -706.27;1478.01 -736.59;1481.04 -736.78/1494.46 -716.29;1492.81 -718.81;1488.39 -715.92/1481.04 -736.78;1492.81 -718.81;1488.39 -715.92
fbx_poly_170_67|170.2|1479.85 -706.27;1478.01 -736.59;1481.04 -736.78/1481.04 -736.78;1492.81 -718.81;1488.39 -715.92/1479.85 -706.27;1480.24 -716.24;1488.39 -715.92/1494.46 -716.29;1492.81 -718.81;1488.39 -715.92/1481.04 -736.78;1480.24 -716.24;1488.39 -715.92
fbx_poly_170_67|188.7|1481.04 -736.78;1492.81 -718.81;1488.39 -715.92/1479.85 -706.27;1480.24 -716.24;1488.39 -715.92/1494.46 -716.29;1492.81 -718.81;1488.39 -715.92/1479.85 -706.27;1478.01 -736.59;1481.04 -736.78/1481.04 -736.78;1480.24 -716.24;1488.39 -715.92
fbx_poly_170_67|133.3|1481.04 -736.78;1492.81 -718.81;1488.39 -715.92/1494.46 -716.29;1492.81 -718.81;1488.39 -715.92/1479.85 -706.27;1480.24 -716.24;1488.39 -715.92/1481.04 -736.78;1480.24 -716.24;1488.39 -715.92/1479.85 -706.27;1478.01 -736.59;1481.04 -736.78
fbx_poly_170_67|207.1|1444.01 -694.97;1448.34 -689.88;1447.41 -689.09/1456.88 -683.58;1455.27 -685.00;1453.84 -683.39/1444.01 -694.97;1455.27 -685.00;1453.84 -683.39/1444.01 -694.97;1458.68 -691.73;1456.88 -683.58/1453.84 -683.39;1448.34 -689.88;1447.41 -689.09/1471.30 -696.62;1444.01 -694.97;1443.83 -698.00/1443.83 -698.00;1471.12 -699.66;1471.30 -696.62/1444.01 -694.97;1465.24 -696.26;1465.60 -690.19/1471.30 -696.62;1465.24 -696.26;1465.60 -690.19/1465.60 -690.19;1458.68 -691.73;1456.88 -683.58
fbx_poly_170_67|151.7|1444.01 -694.97;1465.24 -696.26;1465.60 -690.19/1443.83 -698.00;1471.12 -699.66;1471.30 -696.62/1453.84 -683.39;1448.34 -689.88;1447.41 -689.09/1444.01 -694.97;1448.34 -689.88;1447.41 -689.09/1465.60 -690.19;1458.68 -691.73;1456.88 -683.58/1444.01 -694.97;1458.68 -691.73;1456.88 -683.58/1471.30 -696.62;1444.01 -694.97;1443.83 -698.00/1456.88 -683.58;1455.27 -685.00;1453.84 -683.39/1444.01 -694.97;1455.27 -685.00;1453.84 -683.39/1471.30 -696.62;1465.24 -696.26;1465.60 -690.19
fbx_poly_170_67|170.2|1443.83 -698.00;1471.12 -699.66;1471.30 -696.62/1471.30 -696.62;1444.01 -694.97;1443.83 -698.00/1471.30 -696.62;1465.24 -696.26;1465.60 -690.19/1444.01 -694.97;1465.24 -696.26;1465.60 -690.19/1444.01 -694.97;1448.34 -689.88;1447.41 -689.09/1453.84 -683.39;1448.34 -689.88;1447.41 -689.09/1465.60 -690.19;1458.68 -691.73;1456.88 -683.58/1456.88 -683.58;1455.27 -685.00;1453.84 -683.39/1444.01 -694.97;1458.68 -691.73;1456.88 -683.58/1444.01 -694.97;1455.27 -685.00;1453.84 -683.39
fbx_poly_170_67|188.7|1444.01 -694.97;1465.24 -696.26;1465.60 -690.19/1471.30 -696.62;1444.01 -694.97;1443.83 -698.00/1471.30 -696.62;1465.24 -696.26;1465.60 -690.19/1456.88 -683.58;1455.27 -685.00;1453.84 -683.39/1444.01 -694.97;1455.27 -685.00;1453.84 -683.39/1465.60 -690.19;1458.68 -691.73;1456.88 -683.58/1444.01 -694.97;1458.68 -691.73;1456.88 -683.58/1443.83 -698.00;1471.12 -699.66;1471.30 -696.62/1444.01 -694.97;1448.34 -689.88;1447.41 -689.09/1453.84 -683.39;1448.34 -689.88;1447.41 -689.09
fbx_poly_170_67|133.3|1453.84 -683.39;1448.34 -689.88;1447.41 -689.09/1443.83 -698.00;1471.12 -699.66;1471.30 -696.62/1465.60 -690.19;1458.68 -691.73;1456.88 -683.58/1444.01 -694.97;1448.34 -689.88;1447.41 -689.09/1444.01 -694.97;1458.68 -691.73;1456.88 -683.58/1444.01 -694.97;1455.27 -685.00;1453.84 -683.39/1456.88 -683.58;1455.27 -685.00;1453.84 -683.39/1471.30 -696.62;1444.01 -694.97;1443.83 -698.00/1444.01 -694.97;1465.24 -696.26;1465.60 -690.19/1471.30 -696.62;1465.24 -696.26;1465.60 -690.19
fbx_poly_170_68|176.4|805.10 -1373.34;779.55 -1343.34;791.17 -1333.45/805.10 -1373.34;804.03 -1370.27;808.63 -1368.67/735.06 -1291.07;779.55 -1343.34;791.17 -1333.45/791.17 -1333.45;804.03 -1370.27;808.63 -1368.67/735.06 -1291.07;720.93 -1309.77;805.10 -1373.34
fbx_poly_170_68|196.5|805.10 -1373.34;779.55 -1343.34;791.17 -1333.45/735.06 -1291.07;720.93 -1309.77;805.10 -1373.34/735.06 -1291.07;779.55 -1343.34;791.17 -1333.45/805.10 -1373.34;804.03 -1370.27;808.63 -1368.67/791.17 -1333.45;804.03 -1370.27;808.63 -1368.67
fbx_poly_170_68|176.4|725.51 -1342.60;749.43 -1356.82;741.83 -1369.61/816.74 -1396.82;725.82 -1342.08;725.51 -1342.60/738.29 -1374.29;737.17 -1371.49;741.83 -1369.61/725.51 -1342.60;737.17 -1371.49;741.83 -1369.61/816.74 -1396.82;783.94 -1384.91;779.23 -1397.87/720.83 -1339.07;725.82 -1342.08;725.51 -1342.60/816.74 -1396.82;749.43 -1356.82;741.83 -1369.61/775.70 -1402.54;779.23 -1397.87;741.83 -1369.61/738.29 -1374.29;730.02 -1353.79;711.38 -1361.31/816.74 -1396.82;797.53 -1397.36;797.94 -1411.99/725.51 -1342.60;730.02 -1353.79;711.38 -1361.31/779.23 -1397.87;797.53 -1397.36;797.94 -1411.99/741.83 -1369.61;783.94 -1384.91;779.23 -1397.87/816.74 -1396.82;727.90 -1329.72;720.83 -1339.07
fbx_poly_170_68|196.5|738.29 -1374.29;737.17 -1371.49;741.83 -1369.61/816.74 -1396.82;749.43 -1356.82;741.83 -1369.61/725.51 -1342.60;737.17 -1371.49;741.83 -1369.61/720.83 -1339.07;725.82 -1342.08;725.51 -1342.60/725.51 -1342.60;749.43 -1356.82;741.83 -1369.61/779.23 -1397.87;797.53 -1397.36;797.94 -1411.99/741.83 -1369.61;783.94 -1384.91;779.23 -1397.87/816.74 -1396.82;797.53 -1397.36;797.94 -1411.99/816.74 -1396.82;783.94 -1384.91;779.23 -1397.87/816.74 -1396.82;725.82 -1342.08;725.51 -1342.60/738.29 -1374.29;730.02 -1353.79;711.38 -1361.31/725.51 -1342.60;730.02 -1353.79;711.38 -1361.31/775.70 -1402.54;779.23 -1397.87;741.83 -1369.61/816.74 -1396.82;727.90 -1329.72;720.83 -1339.07
fbx_poly_170_68|135.0|703.58 -1323.97;709.70 -1327.62;709.29 -1328.30/746.37 -1374.40;778.28 -1381.88;774.96 -1396.06/815.16 -1390.52;709.70 -1327.62;709.30 -1328.30/709.30 -1328.30;756.99 -1356.33;746.37 -1374.40/815.16 -1390.52;756.99 -1356.33;746.37 -1374.40/703.58 -1323.97;783.79 -1355.77;799.49 -1316.18/828.15 -1373.37;783.79 -1355.77;799.49 -1316.18/746.37 -1374.40;731.10 -1355.42;714.83 -1368.50/815.16 -1390.52;778.28 -1381.88;774.96 -1396.06/819.31 -1420.67;832.31 -1403.52;815.16 -1390.52/819.31 -1420.67;815.16 -1390.52;774.96 -1396.06/709.30 -1328.30;691.97 -1351.17;714.83 -1368.50/770.62 -1401.78;774.96 -1396.06;746.37 -1374.40/709.30 -1328.30;731.10 -1355.42;714.83 -1368.50/703.58 -1323.97;822.80 -1371.24;815.16 -1390.52/828.15 -1373.37;822.80 -1371.24;815.16 -1390.52/799.49 -1316.18;742.31 -1272.85;703.58 -1323.97
fbx_poly_170_68|174.0|709.30 -1328.30;691.97 -1351.17;714.83 -1368.50/799.49 -1316.18;742.31 -1272.85;703.58 -1323.97/770.62 -1401.78;774.96 -1396.06;746.37 -1374.40/819.31 -1420.67;815.16 -1390.52;774.96 -1396.06/819.31 -1420.67;832.31 -1403.52;815.16 -1390.52/815.16 -1390.52;709.70 -1327.62;709.30 -1328.30/828.15 -1373.37;822.80 -1371.24;815.16 -1390.52/703.58 -1323.97;709.70 -1327.62;709.29 -1328.30/703.58 -1323.97;783.79 -1355.77;799.49 -1316.18/703.58 -1323.97;822.80 -1371.24;815.16 -1390.52/815.16 -1390.52;756.99 -1356.33;746.37 -1374.40/815.16 -1390.52;778.28 -1381.88;774.96 -1396.06/709.30 -1328.30;756.99 -1356.33;746.37 -1374.40/828.15 -1373.37;783.79 -1355.77;799.49 -1316.18/746.37 -1374.40;778.28 -1381.88;774.96 -1396.06/746.37 -1374.40;731.10 -1355.42;714.83 -1368.50/709.30 -1328.30;731.10 -1355.42;714.83 -1368.50
fbx_poly_170_68|154.5|746.37 -1374.40;778.28 -1381.88;774.96 -1396.06/709.30 -1328.30;756.99 -1356.33;746.37 -1374.40/815.16 -1390.52;778.28 -1381.88;774.96 -1396.06/709.30 -1328.30;691.97 -1351.17;714.83 -1368.50/819.31 -1420.67;815.16 -1390.52;774.96 -1396.06/819.31 -1420.67;832.31 -1403.52;815.16 -1390.52/828.15 -1373.37;822.80 -1371.24;815.16 -1390.52/746.37 -1374.40;731.10 -1355.42;714.83 -1368.50/709.30 -1328.30;731.10 -1355.42;714.83 -1368.50/799.49 -1316.18;742.31 -1272.85;703.58 -1323.97/703.58 -1323.97;822.80 -1371.24;815.16 -1390.52/828.15 -1373.37;783.79 -1355.77;799.49 -1316.18/703.58 -1323.97;783.79 -1355.77;799.49 -1316.18/770.62 -1401.78;774.96 -1396.06;746.37 -1374.40/815.16 -1390.52;709.70 -1327.62;709.30 -1328.30/815.16 -1390.52;756.99 -1356.33;746.37 -1374.40/703.58 -1323.97;709.70 -1327.62;709.29 -1328.30
fbx_poly_170_68|115.6|703.58 -1323.97;822.80 -1371.24;815.16 -1390.52/703.58 -1323.97;783.79 -1355.77;799.49 -1316.18/709.30 -1328.30;731.10 -1355.42;714.83 -1368.50/828.15 -1373.37;822.80 -1371.24;815.16 -1390.52/815.16 -1390.52;709.70 -1327.62;709.30 -1328.30/709.30 -1328.30;756.99 -1356.33;746.37 -1374.40/703.58 -1323.97;709.70 -1327.62;709.29 -1328.30/815.16 -1390.52;756.99 -1356.33;746.37 -1374.40/828.15 -1373.37;783.79 -1355.77;799.49 -1316.18/819.31 -1420.67;815.16 -1390.52;774.96 -1396.06/770.62 -1401.78;774.96 -1396.06;746.37 -1374.40/815.16 -1390.52;778.28 -1381.88;774.96 -1396.06/746.37 -1374.40;778.28 -1381.88;774.96 -1396.06/746.37 -1374.40;731.10 -1355.42;714.83 -1368.50/819.31 -1420.67;832.31 -1403.52;815.16 -1390.52/799.49 -1316.18;742.31 -1272.85;703.58 -1323.97/709.30 -1328.30;691.97 -1351.17;714.83 -1368.50
fbx_poly_170_69|164.7|-213.41 2962.47;-199.61 3106.31;-232.09 3109.42/-198.42 3118.68;-199.61 3106.31;-232.09 3109.42/-213.41 2962.47;-162.32 3105.81;-198.42 3118.68/-220.81 2989.41;-226.51 3038.45;-227.04 3038.39/-220.81 2989.41;-229.40 3080.83;-231.41 3080.64/-231.41 3080.64;-226.51 3038.45;-227.04 3038.39/-177.89 2965.00;-158.36 3027.47;-135.13 3020.21/-135.13 3020.21;-153.94 2995.92;-130.76 2977.96/-177.89 2965.00;-153.94 2995.92;-130.76 2977.96/-143.21 3075.92;-202.44 2980.19;-177.89 2965.00/-143.21 3075.92;-158.36 3027.47;-135.13 3020.21/-156.17 3123.06;-162.32 3105.81;-198.42 3118.68/-156.17 3123.06;-169.61 3085.34;-143.21 3075.92/-213.41 2962.47;-169.61 3085.34;-143.21 3075.92/-232.09 3109.42;-229.40 3080.83;-231.41 3080.64/-213.41 2962.47;-216.89 2989.90;-220.81 2989.41/-232.09 3109.42;-216.89 2989.90;-220.81 2989.41/-213.41 2962.47;-202.44 2980.19;-177.89 2965.00
fbx_poly_170_69|137.9|-135.13 3020.21;-153.94 2995.92;-130.76 2977.96/-177.89 2965.00;-153.94 2995.92;-130.76 2977.96/-177.89 2965.00;-158.36 3027.47;-135.13 3020.21/-143.21 3075.92;-158.36 3027.47;-135.13 3020.21/-213.41 2962.47;-202.44 2980.19;-177.89 2965.00/-143.21 3075.92;-202.44 2980.19;-177.89 2965.00/-213.41 2962.47;-169.61 3085.34;-143.21 3075.92/-156.17 3123.06;-162.32 3105.81;-198.42 3118.68/-213.41 2962.47;-162.32 3105.81;-198.42 3118.68/-232.09 3109.42;-216.89 2989.90;-220.81 2989.41/-156.17 3123.06;-169.61 3085.34;-143.21 3075.92/-220.81 2989.41;-229.40 3080.83;-231.41 3080.64/-231.41 3080.64;-226.51 3038.45;-227.04 3038.39/-198.42 3118.68;-199.61 3106.31;-232.09 3109.42/-213.41 2962.47;-199.61 3106.31;-232.09 3109.42/-232.09 3109.42;-229.40 3080.83;-231.41 3080.64/-213.41 2962.47;-216.89 2989.90;-220.81 2989.41/-220.81 2989.41;-226.51 3038.45;-227.04 3038.39
fbx_poly_170_69|111.2|-232.09 3109.42;-216.89 2989.90;-220.81 2989.41/-220.81 2989.41;-226.51 3038.45;-227.04 3038.39/-213.41 2962.47;-216.89 2989.90;-220.81 2989.41/-213.41 2962.47;-162.32 3105.81;-198.42 3118.68/-232.09 3109.42;-229.40 3080.83;-231.41 3080.64/-220.81 2989.41;-229.40 3080.83;-231.41 3080.64/-231.41 3080.64;-226.51 3038.45;-227.04 3038.39/-156.17 3123.06;-169.61 3085.34;-143.21 3075.92/-198.42 3118.68;-199.61 3106.31;-232.09 3109.42/-213.41 2962.47;-199.61 3106.31;-232.09 3109.42/-156.17 3123.06;-162.32 3105.81;-198.42 3118.68/-213.41 2962.47;-169.61 3085.34;-143.21 3075.92/-143.21 3075.92;-202.44 2980.19;-177.89 2965.00/-177.89 2965.00;-153.94 2995.92;-130.76 2977.96/-177.89 2965.00;-158.36 3027.47;-135.13 3020.21/-143.21 3075.92;-158.36 3027.47;-135.13 3020.21/-213.41 2962.47;-202.44 2980.19;-177.89 2965.00/-135.13 3020.21;-153.94 2995.92;-130.76 2977.96
fbx_poly_170_69|164.7|-159.03 3028.12;-219.63 3011.46;-214.08 2991.26/-159.03 3028.12;-159.74 3014.89;-155.33 3014.65/-160.21 3006.07;-159.74 3014.89;-155.33 3014.65/-214.08 2991.26;-170.04 3020.75;-160.21 3006.07/-159.03 3028.12;-170.04 3020.75;-160.21 3006.07
fbx_poly_170_69|182.6|-214.08 2991.26;-170.04 3020.75;-160.21 3006.07/-159.03 3028.12;-219.63 3011.46;-214.08 2991.26/-159.03 3028.12;-159.74 3014.89;-155.33 3014.65/-159.03 3028.12;-170.04 3020.75;-160.21 3006.07/-160.21 3006.07;-159.74 3014.89;-155.33 3014.65
fbx_poly_170_69|200.4|-214.08 2991.26;-170.04 3020.75;-160.21 3006.07/-159.03 3028.12;-219.63 3011.46;-214.08 2991.26/-159.03 3028.12;-170.04 3020.75;-160.21 3006.07/-160.21 3006.07;-159.74 3014.89;-155.33 3014.65/-159.03 3028.12;-159.74 3014.89;-155.33 3014.65
fbx_poly_170_69|164.7|-160.89 3034.85;-194.30 3109.47;-176.37 3117.50/-232.09 3109.42;-220.66 3097.45;-198.42 3118.68/-160.89 3034.85;-220.66 3097.45;-198.42 3118.68/-227.04 3038.39;-221.48 3018.19;-160.89 3034.85/-176.37 3117.50;-166.12 3062.78;-161.56 3063.64/-160.89 3034.85;-166.12 3062.78;-161.56 3063.64/-198.42 3118.68;-194.30 3109.47;-176.37 3117.50/-160.89 3034.85;-217.39 3094.03;-231.41 3080.64/-232.09 3109.42;-217.39 3094.03;-231.41 3080.64/-160.89 3034.85;-209.04 3066.11;-227.04 3038.39/-231.41 3080.64;-209.04 3066.11;-227.04 3038.39
fbx_poly_170_69|182.6|-160.89 3034.85;-217.39 3094.03;-231.41 3080.64/-160.89 3034.85;-220.66 3097.45;-198.42 3118.68/-160.89 3034.85;-166.12 3062.78;-161.56 3063.64/-176.37 3117.50;-166.12 3062.78;-161.56 3063.64/-232.09 3109.42;-220.66 3097.45;-198.42 3118.68/-160.89 3034.85;-194.30 3109.47;-176.37 3117.50/-198.42 3118.68;-194.30 3109.47;-176.37 3117.50/-231.41 3080.64;-209.04 3066.11;-227.04 3038.39/-160.89 3034.85;-209.04 3066.11;-227.04 3038.39/-232.09 3109.42;-217.39 3094.03;-231.41 3080.64/-227.04 3038.39;-221.48 3018.19;-160.89 3034.85
fbx_poly_170_69|200.4|-160.89 3034.85;-209.04 3066.11;-227.04 3038.39/-231.41 3080.64;-209.04 3066.11;-227.04 3038.39/-227.04 3038.39;-221.48 3018.19;-160.89 3034.85/-232.09 3109.42;-217.39 3094.03;-231.41 3080.64/-232.09 3109.42;-220.66 3097.45;-198.42 3118.68/-160.89 3034.85;-220.66 3097.45;-198.42 3118.68/-160.89 3034.85;-217.39 3094.03;-231.41 3080.64/-176.37 3117.50;-166.12 3062.78;-161.56 3063.64/-198.42 3118.68;-194.30 3109.47;-176.37 3117.50/-160.89 3034.85;-166.12 3062.78;-161.56 3063.64/-160.89 3034.85;-194.30 3109.47;-176.37 3117.50
fbx_poly_210_24|169.0|1110.80 -1642.71;1148.59 -1643.39;1148.71 -1636.52/1110.80 -1642.71;1118.38 -1641.47;1117.76 -1637.68/1148.71 -1636.52;1118.38 -1641.47;1117.76 -1637.68/1153.74 -1643.48;1128.66 -1664.27;1110.80 -1642.71/1153.74 -1643.48;1148.59 -1643.39;1148.71 -1636.52/1104.02 -1684.68;1128.66 -1664.27;1110.80 -1642.71/1148.71 -1636.52;1142.76 -1636.74;1142.71 -1635.55/1117.76 -1637.68;1142.76 -1636.74;1142.71 -1635.55/1104.02 -1684.68;1122.40 -1695.71;1153.74 -1643.48/1132.07 -1701.51;1144.06 -1703.45;1153.74 -1643.48/1132.07 -1701.51;1122.40 -1695.71;1153.74 -1643.48
fbx_poly_210_24|149.3|1117.76 -1637.68;1142.76 -1636.74;1142.71 -1635.55/1153.74 -1643.48;1148.59 -1643.39;1148.71 -1636.52/1148.71 -1636.52;1118.38 -1641.47;1117.76 -1637.68/1110.80 -1642.71;1148.59 -1643.39;1148.71 -1636.52/1104.02 -1684.68;1122.40 -1695.71;1153.74 -1643.48/1104.02 -1684.68;1128.66 -1664.27;1110.80 -1642.71/1153.74 -1643.48;1128.66 -1664.27;1110.80 -1642.71/1132.07 -1701.51;1144.06 -1703.45;1153.74 -1643.48/1132.07 -1701.51;1122.40 -1695.71;1153.74 -1643.48/1148.71 -1636.52;1142.76 -1636.74;1142.71 -1635.55/1110.80 -1642.71;1118.38 -1641.47;1117.76 -1637.68
fbx_poly_210_24|188.7|1153.74 -1643.48;1128.66 -1664.27;1110.80 -1642.71/1104.02 -1684.68;1122.40 -1695.71;1153.74 -1643.48/1132.07 -1701.51;1122.40 -1695.71;1153.74 -1643.48/1132.07 -1701.51;1144.06 -1703.45;1153.74 -1643.48/1110.80 -1642.71;1148.59 -1643.39;1148.71 -1636.52/1148.71 -1636.52;1142.76 -1636.74;1142.71 -1635.55/1110.80 -1642.71;1118.38 -1641.47;1117.76 -1637.68/1148.71 -1636.52;1118.38 -1641.47;1117.76 -1637.68/1117.76 -1637.68;1142.76 -1636.74;1142.71 -1635.55/1104.02 -1684.68;1128.66 -1664.27;1110.80 -1642.71/1153.74 -1643.48;1148.59 -1643.39;1148.71 -1636.52
fbx_poly_210_24|129.6|1104.02 -1684.68;1128.66 -1664.27;1110.80 -1642.71/1104.02 -1684.68;1122.40 -1695.71;1153.74 -1643.48/1153.74 -1643.48;1128.66 -1664.27;1110.80 -1642.71/1132.07 -1701.51;1122.40 -1695.71;1153.74 -1643.48/1132.07 -1701.51;1144.06 -1703.45;1153.74 -1643.48/1153.74 -1643.48;1148.59 -1643.39;1148.71 -1636.52/1110.80 -1642.71;1148.59 -1643.39;1148.71 -1636.52/1117.76 -1637.68;1142.76 -1636.74;1142.71 -1635.55/1148.71 -1636.52;1118.38 -1641.47;1117.76 -1637.68/1148.71 -1636.52;1142.76 -1636.74;1142.71 -1635.55/1110.80 -1642.71;1118.38 -1641.47;1117.76 -1637.68
fbx_poly_210_24|208.3|1148.71 -1636.52;1118.38 -1641.47;1117.76 -1637.68/1132.07 -1701.51;1122.40 -1695.71;1153.74 -1643.48/1104.02 -1684.68;1122.40 -1695.71;1153.74 -1643.48/1104.02 -1684.68;1128.66 -1664.27;1110.80 -1642.71/1153.74 -1643.48;1128.66 -1664.27;1110.80 -1642.71/1132.07 -1701.51;1144.06 -1703.45;1153.74 -1643.48/1148.71 -1636.52;1142.76 -1636.74;1142.71 -1635.55/1110.80 -1642.71;1118.38 -1641.47;1117.76 -1637.68/1117.76 -1637.68;1142.76 -1636.74;1142.71 -1635.55/1110.80 -1642.71;1148.59 -1643.39;1148.71 -1636.52/1153.74 -1643.48;1148.59 -1643.39;1148.71 -1636.52
fbx_poly_210_24|228.0|1148.71 -1636.52;1142.76 -1636.74;1142.71 -1635.55/1117.76 -1637.68;1142.76 -1636.74;1142.71 -1635.55/1153.74 -1643.48;1148.59 -1643.39;1148.71 -1636.52/1132.07 -1701.51;1122.40 -1695.71;1153.74 -1643.48/1132.07 -1701.51;1144.06 -1703.45;1153.74 -1643.48/1104.02 -1684.68;1122.40 -1695.71;1153.74 -1643.48/1110.80 -1642.71;1148.59 -1643.39;1148.71 -1636.52/1148.71 -1636.52;1118.38 -1641.47;1117.76 -1637.68/1104.02 -1684.68;1128.66 -1664.27;1110.80 -1642.71/1110.80 -1642.71;1118.38 -1641.47;1117.76 -1637.68/1153.74 -1643.48;1128.66 -1664.27;1110.80 -1642.71
fbx_poly_210_24|210.2|1163.61 -1620.46;1169.35 -1603.43;1166.51 -1602.47/1163.61 -1620.46;1186.53 -1595.76;1175.41 -1585.45/1163.61 -1620.46;1187.59 -1624.33;1193.40 -1588.35/1175.41 -1585.45;1169.35 -1603.43;1166.51 -1602.47/1193.40 -1588.35;1186.53 -1595.76;1175.41 -1585.45
fbx_poly_210_24|192.3|1193.40 -1588.35;1186.53 -1595.76;1175.41 -1585.45/1163.61 -1620.46;1187.59 -1624.33;1193.40 -1588.35/1163.61 -1620.46;1169.35 -1603.43;1166.51 -1602.47/1175.41 -1585.45;1169.35 -1603.43;1166.51 -1602.47/1163.61 -1620.46;1186.53 -1595.76;1175.41 -1585.45
fbx_poly_210_24|228.0|1163.61 -1620.46;1169.35 -1603.43;1166.51 -1602.47/1175.41 -1585.45;1169.35 -1603.43;1166.51 -1602.47/1163.61 -1620.46;1186.53 -1595.76;1175.41 -1585.45/1193.40 -1588.35;1186.53 -1595.76;1175.41 -1585.45/1163.61 -1620.46;1187.59 -1624.33;1193.40 -1588.35
fbx_poly_210_24|210.2|1199.40 -1589.32;1223.38 -1593.19;1193.59 -1625.30;1217.58 -1629.17
fbx_poly_210_24|192.3|1199.40 -1589.32;1223.38 -1593.19;1193.59 -1625.30;1217.58 -1629.17
fbx_poly_210_24|228.0|1199.40 -1589.32;1223.38 -1593.19;1193.59 -1625.30;1217.58 -1629.17
fbx_poly_210_24|210.2|1159.74 -1644.45;1166.48 -1651.45;1171.73 -1646.39/1159.74 -1644.45;1164.51 -1669.43;1180.82 -1666.31/1173.08 -1714.29;1164.51 -1669.43;1180.82 -1666.31/1180.82 -1666.31;1166.48 -1651.45;1171.73 -1646.39/1159.74 -1644.45;1149.09 -1710.41;1173.08 -1714.29
fbx_poly_210_24|192.3|1173.08 -1714.29;1164.51 -1669.43;1180.82 -1666.31/1180.82 -1666.31;1166.48 -1651.45;1171.73 -1646.39/1159.74 -1644.45;1166.48 -1651.45;1171.73 -1646.39/1159.74 -1644.45;1149.09 -1710.41;1173.08 -1714.29/1159.74 -1644.45;1164.51 -1669.43;1180.82 -1666.31
fbx_poly_210_24|228.0|1159.74 -1644.45;1164.51 -1669.43;1180.82 -1666.31/1173.08 -1714.29;1164.51 -1669.43;1180.82 -1666.31/1159.74 -1644.45;1149.09 -1710.41;1173.08 -1714.29/1159.74 -1644.45;1166.48 -1651.45;1171.73 -1646.39/1180.82 -1666.31;1166.48 -1651.45;1171.73 -1646.39
fbx_poly_210_72|243.4|-2202.95 -172.61;-2141.53 -160.32;-2139.53 -170.35/-2139.03 -159.82;-2141.53 -160.32;-2139.53 -170.35/-2202.95 -172.61;-2148.86 -142.28;-2139.03 -159.82/-2116.21 -123.98;-2148.86 -142.28;-2139.03 -159.82/-2116.21 -123.98;-2130.95 -147.14;-2117.72 -155.56/-2116.21 -123.98;-2176.15 -157.58;-2200.19 -114.70/-2139.03 -159.82;-2130.95 -147.14;-2117.72 -155.56/-2202.95 -172.61;-2176.15 -157.58;-2200.19 -114.70
fbx_poly_210_72|225.5|-2139.03 -159.82;-2141.53 -160.32;-2139.53 -170.35/-2202.95 -172.61;-2141.53 -160.32;-2139.53 -170.35/-2116.21 -123.98;-2148.86 -142.28;-2139.03 -159.82/-2116.21 -123.98;-2176.15 -157.58;-2200.19 -114.70/-2202.95 -172.61;-2148.86 -142.28;-2139.03 -159.82/-2116.21 -123.98;-2130.95 -147.14;-2117.72 -155.56/-2202.95 -172.61;-2176.15 -157.58;-2200.19 -114.70/-2139.03 -159.82;-2130.95 -147.14;-2117.72 -155.56
fbx_poly_210_72|189.8|-2202.95 -172.61;-2141.53 -160.32;-2139.53 -170.35/-2116.21 -123.98;-2148.86 -142.28;-2139.03 -159.82/-2139.03 -159.82;-2141.53 -160.32;-2139.53 -170.35/-2116.21 -123.98;-2130.95 -147.14;-2117.72 -155.56/-2139.03 -159.82;-2130.95 -147.14;-2117.72 -155.56/-2202.95 -172.61;-2148.86 -142.28;-2139.03 -159.82/-2202.95 -172.61;-2176.15 -157.58;-2200.19 -114.70/-2116.21 -123.98;-2176.15 -157.58;-2200.19 -114.70
fbx_poly_210_72|207.6|-2139.03 -159.82;-2141.53 -160.32;-2139.53 -170.35/-2139.03 -159.82;-2130.95 -147.14;-2117.72 -155.56/-2202.95 -172.61;-2176.15 -157.58;-2200.19 -114.70/-2116.21 -123.98;-2176.15 -157.58;-2200.19 -114.70/-2116.21 -123.98;-2130.95 -147.14;-2117.72 -155.56/-2202.95 -172.61;-2148.86 -142.28;-2139.03 -159.82/-2116.21 -123.98;-2148.86 -142.28;-2139.03 -159.82/-2202.95 -172.61;-2141.53 -160.32;-2139.53 -170.35
fbx_poly_210_72|189.8|-2213.48 -172.10;-2217.29 -163.48;-2223.76 -166.34/-2226.26 -108.18;-2217.99 -149.54;-2223.00 -150.55/-2213.48 -172.10;-2224.26 -118.21;-2205.46 -114.45/-2223.00 -150.55;-2217.29 -163.48;-2223.76 -166.34/-2213.48 -172.10;-2217.99 -149.54;-2223.00 -150.55/-2223.00 -150.55;-2234.77 -141.87;-2233.03 -139.51/-2238.30 -139.26;-2234.77 -141.87;-2233.03 -139.51/-2226.26 -108.18;-2223.91 -138.81;-2233.03 -139.51/-2223.00 -150.55;-2223.91 -138.81;-2233.03 -139.51/-2226.26 -108.18;-2224.26 -118.21;-2205.46 -114.45/-2238.30 -139.26;-2238.80 -149.79;-2223.00 -150.55/-2213.48 -172.10;-2208.22 -172.36;-2205.46 -114.45
fbx_poly_210_72|243.4|-2213.48 -172.10;-2224.26 -118.21;-2205.46 -114.45/-2238.30 -139.26;-2238.80 -149.79;-2223.00 -150.55/-2213.48 -172.10;-2208.22 -172.36;-2205.46 -114.45/-2213.48 -172.10;-2217.29 -163.48;-2223.76 -166.34/-2223.00 -150.55;-2217.29 -163.48;-2223.76 -166.34/-2226.26 -108.18;-2224.26 -118.21;-2205.46 -114.45/-2226.26 -108.18;-2217.99 -149.54;-2223.00 -150.55/-2213.48 -172.10;-2217.99 -149.54;-2223.00 -150.55/-2226.26 -108.18;-2223.91 -138.81;-2233.03 -139.51/-2223.00 -150.55;-2223.91 -138.81;-2233.03 -139.51/-2223.00 -150.55;-2234.77 -141.87;-2233.03 -139.51/-2238.30 -139.26;-2234.77 -141.87;-2233.03 -139.51
fbx_poly_210_72|216.6|-2226.26 -108.18;-2217.99 -149.54;-2223.00 -150.55/-2238.30 -139.26;-2238.80 -149.79;-2223.00 -150.55/-2226.26 -108.18;-2224.26 -118.21;-2205.46 -114.45/-2213.48 -172.10;-2224.26 -118.21;-2205.46 -114.45/-2223.00 -150.55;-2217.29 -163.48;-2223.76 -166.34/-2213.48 -172.10;-2217.29 -163.48;-2223.76 -166.34/-2223.00 -150.55;-2234.77 -141.87;-2233.03 -139.51/-2238.30 -139.26;-2234.77 -141.87;-2233.03 -139.51/-2213.48 -172.10;-2217.99 -149.54;-2223.00 -150.55/-2226.26 -108.18;-2223.91 -138.81;-2233.03 -139.51/-2223.00 -150.55;-2223.91 -138.81;-2233.03 -139.51/-2213.48 -172.10;-2208.22 -172.36;-2205.46 -114.45
fbx_poly_210_72|101.7|-2185.65 -141.77;-2176.88 -136.51;-2179.89 -131.50/-2165.35 -158.57;-2164.60 -142.78;-2185.65 -141.77/-2164.60 -142.78;-2169.86 -142.53;-2169.36 -132.00/-2169.36 -132.00;-2176.88 -136.51;-2179.89 -131.50/-2185.65 -141.77;-2169.86 -142.53;-2169.36 -132.00/-2185.65 -141.77;-2186.41 -157.57;-2165.35 -158.57
fbx_poly_210_72|218.8|-2165.35 -158.57;-2164.60 -142.78;-2185.65 -141.77/-2164.60 -142.78;-2169.86 -142.53;-2169.36 -132.00/-2185.65 -141.77;-2186.41 -157.57;-2165.35 -158.57/-2169.36 -132.00;-2176.88 -136.51;-2179.89 -131.50/-2185.65 -141.77;-2169.86 -142.53;-2169.36 -132.00/-2185.65 -141.77;-2176.88 -136.51;-2179.89 -131.50
fbx_poly_210_72|140.8|-2185.65 -141.77;-2176.88 -136.51;-2179.89 -131.50/-2185.65 -141.77;-2169.86 -142.53;-2169.36 -132.00/-2169.36 -132.00;-2176.88 -136.51;-2179.89 -131.50/-2185.65 -141.77;-2186.41 -157.57;-2165.35 -158.57/-2164.60 -142.78;-2169.86 -142.53;-2169.36 -132.00/-2165.35 -158.57;-2164.60 -142.78;-2185.65 -141.77
fbx_poly_210_72|160.3|-2185.65 -141.77;-2176.88 -136.51;-2179.89 -131.50/-2169.36 -132.00;-2176.88 -136.51;-2179.89 -131.50/-2164.60 -142.78;-2169.86 -142.53;-2169.36 -132.00/-2185.65 -141.77;-2169.86 -142.53;-2169.36 -132.00/-2165.35 -158.57;-2164.60 -142.78;-2185.65 -141.77/-2185.65 -141.77;-2186.41 -157.57;-2165.35 -158.57
fbx_poly_210_72|257.9|-2164.60 -142.78;-2169.86 -142.53;-2169.36 -132.00/-2185.65 -141.77;-2186.41 -157.57;-2165.35 -158.57/-2165.35 -158.57;-2164.60 -142.78;-2185.65 -141.77/-2185.65 -141.77;-2169.86 -142.53;-2169.36 -132.00/-2169.36 -132.00;-2176.88 -136.51;-2179.89 -131.50/-2185.65 -141.77;-2176.88 -136.51;-2179.89 -131.50
fbx_poly_210_72|179.8|-2185.65 -141.77;-2186.41 -157.57;-2165.35 -158.57/-2185.65 -141.77;-2176.88 -136.51;-2179.89 -131.50/-2165.35 -158.57;-2164.60 -142.78;-2185.65 -141.77/-2164.60 -142.78;-2169.86 -142.53;-2169.36 -132.00/-2185.65 -141.77;-2169.86 -142.53;-2169.36 -132.00/-2169.36 -132.00;-2176.88 -136.51;-2179.89 -131.50
fbx_poly_210_72|238.4|-2185.65 -141.77;-2176.88 -136.51;-2179.89 -131.50/-2185.65 -141.77;-2186.41 -157.57;-2165.35 -158.57/-2185.65 -141.77;-2169.86 -142.53;-2169.36 -132.00/-2169.36 -132.00;-2176.88 -136.51;-2179.89 -131.50/-2165.35 -158.57;-2164.60 -142.78;-2185.65 -141.77/-2164.60 -142.78;-2169.86 -142.53;-2169.36 -132.00
fbx_poly_210_72|121.2|-2165.35 -158.57;-2164.60 -142.78;-2185.65 -141.77/-2185.65 -141.77;-2186.41 -157.57;-2165.35 -158.57/-2164.60 -142.78;-2169.86 -142.53;-2169.36 -132.00/-2185.65 -141.77;-2169.86 -142.53;-2169.36 -132.00/-2185.65 -141.77;-2176.88 -136.51;-2179.89 -131.50/-2169.36 -132.00;-2176.88 -136.51;-2179.89 -131.50
fbx_poly_210_72|296.9|-2185.65 -141.77;-2186.41 -157.57;-2165.35 -158.57/-2165.35 -158.57;-2164.60 -142.78;-2185.65 -141.77/-2164.60 -142.78;-2169.86 -142.53;-2169.36 -132.00/-2169.36 -132.00;-2176.88 -136.51;-2179.89 -131.50/-2185.65 -141.77;-2169.86 -142.53;-2169.36 -132.00/-2185.65 -141.77;-2176.88 -136.51;-2179.89 -131.50
fbx_poly_210_72|277.4|-2185.65 -141.77;-2186.41 -157.57;-2165.35 -158.57/-2165.35 -158.57;-2164.60 -142.78;-2185.65 -141.77/-2164.60 -142.78;-2169.86 -142.53;-2169.36 -132.00/-2185.65 -141.77;-2169.86 -142.53;-2169.36 -132.00/-2169.36 -132.00;-2176.88 -136.51;-2179.89 -131.50/-2185.65 -141.77;-2176.88 -136.51;-2179.89 -131.50
fbx_poly_210_72|199.3|-2185.65 -141.77;-2176.88 -136.51;-2179.89 -131.50/-2169.36 -132.00;-2176.88 -136.51;-2179.89 -131.50/-2185.65 -141.77;-2169.86 -142.53;-2169.36 -132.00/-2165.35 -158.57;-2164.60 -142.78;-2185.65 -141.77/-2164.60 -142.78;-2169.86 -142.53;-2169.36 -132.00/-2185.65 -141.77;-2186.41 -157.57;-2165.35 -158.57
fbx_poly_210_76|178.1|-2961.52 209.47;-2958.03 220.96;-2954.04 219.74/-2939.05 283.50;-2958.03 220.96;-2954.04 219.74/-2954.04 219.74;-2949.84 219.04;-2939.05 283.50/-2939.05 283.50;-2939.41 258.92;-2910.10 258.49/-2940.03 217.40;-2949.84 219.04;-2939.05 283.50/-2940.03 217.40;-2939.41 258.92;-2910.10 258.49/-2939.05 283.50;-2982.07 224.43;-2961.52 209.47
fbx_poly_210_76|204.9|-2961.52 209.47;-2958.03 220.96;-2954.04 219.74/-2939.05 283.50;-2958.03 220.96;-2954.04 219.74/-2954.04 219.74;-2949.84 219.04;-2939.05 283.50/-2940.03 217.40;-2949.84 219.04;-2939.05 283.50/-2939.05 283.50;-2982.07 224.43;-2961.52 209.47/-2939.05 283.50;-2939.41 258.92;-2910.10 258.49/-2940.03 217.40;-2939.41 258.92;-2910.10 258.49
fbx_poly_210_76|151.4|-2961.52 209.47;-2958.03 220.96;-2954.04 219.74/-2939.05 283.50;-2958.03 220.96;-2954.04 219.74/-2954.04 219.74;-2949.84 219.04;-2939.05 283.50/-2939.05 283.50;-2939.41 258.92;-2910.10 258.49/-2940.03 217.40;-2949.84 219.04;-2939.05 283.50/-2939.05 283.50;-2982.07 224.43;-2961.52 209.47/-2940.03 217.40;-2939.41 258.92;-2910.10 258.49
fbx_poly_210_76|204.9|-2925.51 269.71;-2910.10 258.49;-2955.44 228.62;-2940.03 217.40
fbx_poly_210_76|240.6|-2925.51 269.71;-2910.10 258.49;-2955.44 228.62;-2940.03 217.40
fbx_poly_210_76|222.8|-2925.51 269.71;-2910.10 258.49;-2955.44 228.62;-2940.03 217.40
fbx_poly_210_76|116.3|-2894.69 247.26;-2926.76 273.47;-2926.21 274.15/-2961.52 209.47;-2955.84 228.20;-2917.14 216.45/-2917.14 216.45;-2924.07 237.67;-2894.69 247.26/-2939.05 283.50;-2955.84 228.20;-2917.14 216.45/-2939.05 283.50;-2924.07 237.67;-2894.69 247.26/-2939.05 283.50;-2982.07 224.43;-2961.52 209.47/-2939.05 283.50;-2926.76 273.47;-2926.21 274.15
fbx_poly_210_76|177.3|-2939.05 283.50;-2955.84 228.20;-2917.14 216.45/-2961.52 209.47;-2955.84 228.20;-2917.14 216.45/-2917.14 216.45;-2924.07 237.67;-2894.69 247.26/-2939.05 283.50;-2926.76 273.47;-2926.21 274.15/-2939.05 283.50;-2924.07 237.67;-2894.69 247.26/-2894.69 247.26;-2926.76 273.47;-2926.21 274.15/-2939.05 283.50;-2982.07 224.43;-2961.52 209.47
fbx_poly_210_76|217.9|-2894.69 247.26;-2926.76 273.47;-2926.21 274.15/-2939.05 283.50;-2924.07 237.67;-2894.69 247.26/-2939.05 283.50;-2955.84 228.20;-2917.14 216.45/-2917.14 216.45;-2924.07 237.67;-2894.69 247.26/-2939.05 283.50;-2926.76 273.47;-2926.21 274.15/-2961.52 209.47;-2955.84 228.20;-2917.14 216.45/-2939.05 283.50;-2982.07 224.43;-2961.52 209.47
fbx_poly_210_76|238.2|-2939.05 283.50;-2924.07 237.67;-2894.69 247.26/-2894.69 247.26;-2926.76 273.47;-2926.21 274.15/-2961.52 209.47;-2955.84 228.20;-2917.14 216.45/-2939.05 283.50;-2926.76 273.47;-2926.21 274.15/-2939.05 283.50;-2955.84 228.20;-2917.14 216.45/-2917.14 216.45;-2924.07 237.67;-2894.69 247.26/-2939.05 283.50;-2982.07 224.43;-2961.52 209.47
fbx_poly_210_76|258.5|-2961.52 209.47;-2955.84 228.20;-2917.14 216.45/-2939.05 283.50;-2982.07 224.43;-2961.52 209.47/-2917.14 216.45;-2924.07 237.67;-2894.69 247.26/-2894.69 247.26;-2926.76 273.47;-2926.21 274.15/-2939.05 283.50;-2926.76 273.47;-2926.21 274.15/-2939.05 283.50;-2955.84 228.20;-2917.14 216.45/-2939.05 283.50;-2924.07 237.67;-2894.69 247.26
fbx_poly_210_76|197.6|-2894.69 247.26;-2926.76 273.47;-2926.21 274.15/-2939.05 283.50;-2926.76 273.47;-2926.21 274.15/-2939.05 283.50;-2924.07 237.67;-2894.69 247.26/-2961.52 209.47;-2955.84 228.20;-2917.14 216.45/-2939.05 283.50;-2982.07 224.43;-2961.52 209.47/-2939.05 283.50;-2955.84 228.20;-2917.14 216.45/-2917.14 216.45;-2924.07 237.67;-2894.69 247.26
fbx_poly_210_76|136.6|-2939.05 283.50;-2926.76 273.47;-2926.21 274.15/-2939.05 283.50;-2955.84 228.20;-2917.14 216.45/-2917.14 216.45;-2924.07 237.67;-2894.69 247.26/-2939.05 283.50;-2982.07 224.43;-2961.52 209.47/-2961.52 209.47;-2955.84 228.20;-2917.14 216.45/-2939.05 283.50;-2924.07 237.67;-2894.69 247.26/-2894.69 247.26;-2926.76 273.47;-2926.21 274.15
fbx_poly_210_76|157.0|-2939.05 283.50;-2982.07 224.43;-2961.52 209.47/-2917.14 216.45;-2924.07 237.67;-2894.69 247.26/-2961.52 209.47;-2955.84 228.20;-2917.14 216.45/-2939.05 283.50;-2955.84 228.20;-2917.14 216.45/-2894.69 247.26;-2926.76 273.47;-2926.21 274.15/-2939.05 283.50;-2926.76 273.47;-2926.21 274.15/-2939.05 283.50;-2924.07 237.67;-2894.69 247.26
fbx_poly_210_77|234.8|-1627.10 412.42;-1632.16 438.67;-1541.79 428.88;-1546.86 455.13
fbx_poly_210_77|181.3|-1627.10 412.42;-1632.16 438.67;-1541.79 428.88;-1546.86 455.13
fbx_poly_210_77|208.1|-1627.10 412.42;-1632.16 438.67;-1541.79 428.88;-1546.86 455.13
fbx_poly_210_77|234.8|-1612.71 408.39;-1601.31 388.13;-1558.95 411.96/-1612.71 408.39;-1559.07 413.28;-1558.95 411.96/-1591.99 371.55;-1601.31 388.13;-1558.95 411.96/-1545.82 414.49;-1559.07 413.28;-1558.95 411.96/-1545.82 414.49;-1547.09 421.05;-1612.71 408.39
fbx_poly_210_77|181.3|-1591.99 371.55;-1601.31 388.13;-1558.95 411.96/-1612.71 408.39;-1601.31 388.13;-1558.95 411.96/-1545.82 414.49;-1559.07 413.28;-1558.95 411.96/-1612.71 408.39;-1559.07 413.28;-1558.95 411.96/-1545.82 414.49;-1547.09 421.05;-1612.71 408.39
fbx_poly_210_77|208.1|-1612.71 408.39;-1601.31 388.13;-1558.95 411.96/-1545.82 414.49;-1559.07 413.28;-1558.95 411.96/-1612.71 408.39;-1559.07 413.28;-1558.95 411.96/-1591.99 371.55;-1601.31 388.13;-1558.95 411.96/-1545.82 414.49;-1547.09 421.05;-1612.71 408.39
fbx_poly_250_25|220.9|2255.31 -1058.40;2221.14 -997.87;2144.09 -1041.36/2190.96 -1072.96;2148.78 -1044.52;2147.20 -1046.87/2255.31 -1058.40;2194.61 -1049.10;2190.96 -1072.96/2144.09 -1041.36;2194.61 -1049.10;2190.96 -1072.96/2190.96 -1072.96;2200.28 -1089.47;2255.31 -1058.40/2144.09 -1041.36;2148.78 -1044.52;2147.20 -1046.87
fbx_poly_250_25|274.5|2255.31 -1058.40;2221.14 -997.87;2144.09 -1041.36/2144.09 -1041.36;2194.61 -1049.10;2190.96 -1072.96/2190.96 -1072.96;2148.78 -1044.52;2147.20 -1046.87/2255.31 -1058.40;2194.61 -1049.10;2190.96 -1072.96/2144.09 -1041.36;2148.78 -1044.52;2147.20 -1046.87/2190.96 -1072.96;2200.28 -1089.47;2255.31 -1058.40
fbx_poly_250_25|247.7|2255.31 -1058.40;2221.14 -997.87;2144.09 -1041.36/2190.96 -1072.96;2148.78 -1044.52;2147.20 -1046.87/2144.09 -1041.36;2148.78 -1044.52;2147.20 -1046.87/2144.09 -1041.36;2194.61 -1049.10;2190.96 -1072.96/2190.96 -1072.96;2200.28 -1089.47;2255.31 -1058.40/2255.31 -1058.40;2194.61 -1049.10;2190.96 -1072.96
fbx_poly_250_25|220.9|2266.32 -1052.19;2232.14 -991.65;2299.34 -1033.55;2265.16 -973.01
fbx_poly_250_25|274.5|2266.32 -1052.19;2232.14 -991.65;2299.34 -1033.55;2265.16 -973.01
fbx_poly_250_25|247.7|2266.32 -1052.19;2232.14 -991.65;2299.34 -1033.55;2265.16 -973.01
fbx_poly_250_25|292.3|2144.09 -1041.36;2147.20 -1046.87;2152.70 -1043.76/2290.02 -1017.04;2265.16 -973.01;2144.09 -1041.36/2290.02 -1017.04;2178.20 -1038.80;2185.46 -1076.07/2290.02 -1017.04;2152.08 -1040.03;2152.70 -1043.76/2144.09 -1041.36;2152.08 -1040.03;2152.70 -1043.76/2152.70 -1043.76;2178.20 -1038.80;2185.46 -1076.07
fbx_poly_250_25|274.5|2290.02 -1017.04;2265.16 -973.01;2144.09 -1041.36/2290.02 -1017.04;2178.20 -1038.80;2185.46 -1076.07/2290.02 -1017.04;2152.08 -1040.03;2152.70 -1043.76/2152.70 -1043.76;2178.20 -1038.80;2185.46 -1076.07/2144.09 -1041.36;2152.08 -1040.03;2152.70 -1043.76/2144.09 -1041.36;2147.20 -1046.87;2152.70 -1043.76
fbx_poly_250_25|310.2|2290.02 -1017.04;2265.16 -973.01;2144.09 -1041.36/2144.09 -1041.36;2152.08 -1040.03;2152.70 -1043.76/2152.70 -1043.76;2178.20 -1038.80;2185.46 -1076.07/2290.02 -1017.04;2178.20 -1038.80;2185.46 -1076.07/2290.02 -1017.04;2152.08 -1040.03;2152.70 -1043.76/2144.09 -1041.36;2147.20 -1046.87;2152.70 -1043.76
fbx_poly_250_25|180.9|2144.09 -1041.36;2148.31 -1045.81;2147.20 -1046.87/2200.28 -1089.47;2163.78 -1058.22;2162.02 -1060.27/2144.09 -1041.36;2163.78 -1058.22;2162.02 -1060.27/2162.02 -1060.27;2148.31 -1045.81;2147.20 -1046.87/2144.09 -1041.36;2197.72 -1038.66;2200.28 -1089.47/2299.34 -1033.55;2265.16 -973.01;2144.09 -1041.36/2299.34 -1033.55;2197.72 -1038.66;2200.28 -1089.47
fbx_poly_250_25|160.9|2162.02 -1060.27;2148.31 -1045.81;2147.20 -1046.87/2144.09 -1041.36;2197.72 -1038.66;2200.28 -1089.47/2299.34 -1033.55;2197.72 -1038.66;2200.28 -1089.47/2299.34 -1033.55;2265.16 -973.01;2144.09 -1041.36/2200.28 -1089.47;2163.78 -1058.22;2162.02 -1060.27/2144.09 -1041.36;2163.78 -1058.22;2162.02 -1060.27/2144.09 -1041.36;2148.31 -1045.81;2147.20 -1046.87
fbx_poly_250_25|140.8|2200.28 -1089.47;2163.78 -1058.22;2162.02 -1060.27/2144.09 -1041.36;2148.31 -1045.81;2147.20 -1046.87/2144.09 -1041.36;2163.78 -1058.22;2162.02 -1060.27/2162.02 -1060.27;2148.31 -1045.81;2147.20 -1046.87/2144.09 -1041.36;2197.72 -1038.66;2200.28 -1089.47/2299.34 -1033.55;2197.72 -1038.66;2200.28 -1089.47/2299.34 -1033.55;2265.16 -973.01;2144.09 -1041.36
fbx_poly_250_25|200.9|2299.34 -1033.55;2197.72 -1038.66;2200.28 -1089.47/2200.28 -1089.47;2163.78 -1058.22;2162.02 -1060.27/2144.09 -1041.36;2163.78 -1058.22;2162.02 -1060.27/2162.02 -1060.27;2148.31 -1045.81;2147.20 -1046.87/2144.09 -1041.36;2148.31 -1045.81;2147.20 -1046.87/2299.34 -1033.55;2265.16 -973.01;2144.09 -1041.36/2144.09 -1041.36;2197.72 -1038.66;2200.28 -1089.47
fbx_poly_250_25|220.9|2299.34 -1033.55;2197.72 -1038.66;2200.28 -1089.47/2200.28 -1089.47;2163.78 -1058.22;2162.02 -1060.27/2144.09 -1041.36;2148.31 -1045.81;2147.20 -1046.87/2299.34 -1033.55;2265.16 -973.01;2144.09 -1041.36/2144.09 -1041.36;2197.72 -1038.66;2200.28 -1089.47/2144.09 -1041.36;2163.78 -1058.22;2162.02 -1060.27/2162.02 -1060.27;2148.31 -1045.81;2147.20 -1046.87
fbx_poly_250_78|216.0|1666.04 1209.12;1666.51 1238.19;1724.18 1208.18;1724.65 1237.25
fbx_poly_250_78|242.8|1666.04 1209.12;1666.51 1238.19;1724.18 1208.18;1724.65 1237.25
fbx_poly_250_78|269.6|1666.04 1209.12;1666.51 1238.19;1724.18 1208.18;1724.65 1237.25
fbx_poly_250_78|216.0|1723.71 1179.11;1724.18 1208.18;1781.85 1178.17;1782.32 1207.24
fbx_poly_250_78|242.8|1723.71 1179.11;1724.18 1208.18;1781.85 1178.17;1782.32 1207.24
fbx_poly_250_78|269.6|1723.71 1179.11;1724.18 1208.18;1781.85 1178.17;1782.32 1207.24
fbx_poly_250_78|216.0|1781.38 1149.10;1781.85 1178.17;1868.59 1147.70;1869.06 1176.77
fbx_poly_250_78|242.8|1781.38 1149.10;1781.85 1178.17;1868.59 1147.70;1869.06 1176.77
fbx_poly_250_78|269.6|1781.38 1149.10;1781.85 1178.17;1868.59 1147.70;1869.06 1176.77
fbx_poly_250_79|190.7|314.99 -1434.03;358.72 -1422.93;321.71 -1277.17/277.98 -1288.27;266.87 -1244.54;252.30 -1248.25/252.30 -1248.24;222.69 -1131.64;208.11 -1135.34/204.41 -1120.76;131.53 -1139.27;172.25 -1299.60/149.65 -1305.34;244.04 -1399.67;194.68 -1449.06/285.84 -1441.43;244.04 -1399.67;194.68 -1449.06/149.65 -1305.34;158.08 -1313.77;172.25 -1299.60/285.84 -1441.43;268.72 -1420.06;278.43 -1412.28/285.84 -1441.43;158.08 -1313.77;172.25 -1299.60/307.59 -1404.88;293.01 -1393.54;278.43 -1412.28/172.25 -1299.60;268.72 -1420.06;278.43 -1412.28/172.25 -1299.60;293.01 -1393.54;278.43 -1412.28/321.71 -1277.17;277.98 -1288.27;307.59 -1404.88/314.99 -1434.03;316.22 -1405.25;307.59 -1404.88/321.71 -1277.17;316.22 -1405.25;307.59 -1404.88/172.25 -1299.60;186.59 -1233.90;252.30 -1248.25/277.98 -1288.27;252.30 -1248.25;172.25 -1299.60/307.59 -1404.88;232.63 -1346.57;277.98 -1288.27/172.25 -1299.60;232.63 -1346.57;277.98 -1288.27/204.41 -1120.76;201.99 -1134.24;208.11 -1135.34/208.11 -1135.34;186.59 -1233.90;252.30 -1248.24/172.25 -1299.60;201.99 -1134.24;208.11 -1135.34
fbx_poly_250_79|134.7|204.41 -1120.76;131.53 -1139.27;172.25 -1299.60/252.30 -1248.24;222.69 -1131.64;208.11 -1135.34/314.99 -1434.03;358.72 -1422.93;321.71 -1277.17/277.98 -1288.27;266.87 -1244.54;252.30 -1248.25/285.84 -1441.43;244.04 -1399.67;194.68 -1449.06/149.65 -1305.34;244.04 -1399.67;194.68 -1449.06/149.65 -1305.34;158.08 -1313.77;172.25 -1299.60/285.84 -1441.43;158.08 -1313.77;172.25 -1299.60/285.84 -1441.43;268.72 -1420.06;278.43 -1412.28/277.98 -1288.27;252.30 -1248.25;172.25 -1299.60/314.99 -1434.03;316.22 -1405.25;307.59 -1404.88/321.71 -1277.17;316.22 -1405.25;307.59 -1404.88/307.59 -1404.88;232.63 -1346.57;277.98 -1288.27/172.25 -1299.60;201.99 -1134.24;208.11 -1135.34/172.25 -1299.60;232.63 -1346.57;277.98 -1288.27/172.25 -1299.60;186.59 -1233.90;252.30 -1248.25/208.11 -1135.34;186.59 -1233.90;252.30 -1248.24/204.41 -1120.76;201.99 -1134.24;208.11 -1135.34/172.25 -1299.60;268.72 -1420.06;278.43 -1412.28/172.25 -1299.60;293.01 -1393.54;278.43 -1412.28/321.71 -1277.17;277.98 -1288.27;307.59 -1404.88/307.59 -1404.88;293.01 -1393.54;278.43 -1412.28
fbx_poly_250_79|116.0|307.59 -1404.88;232.63 -1346.57;277.98 -1288.27/307.59 -1404.88;293.01 -1393.54;278.43 -1412.28/172.25 -1299.60;293.01 -1393.54;278.43 -1412.28/208.11 -1135.34;186.59 -1233.90;252.30 -1248.24/172.25 -1299.60;186.59 -1233.90;252.30 -1248.25/314.99 -1434.03;316.22 -1405.25;307.59 -1404.88/321.71 -1277.17;277.98 -1288.27;307.59 -1404.88/204.41 -1120.76;201.99 -1134.24;208.11 -1135.34/277.98 -1288.27;252.30 -1248.25;172.25 -1299.60/172.25 -1299.60;232.63 -1346.57;277.98 -1288.27/172.25 -1299.60;201.99 -1134.24;208.11 -1135.34/252.30 -1248.24;222.69 -1131.64;208.11 -1135.34/285.84 -1441.43;244.04 -1399.67;194.68 -1449.06/314.99 -1434.03;358.72 -1422.93;321.71 -1277.17/277.98 -1288.27;266.87 -1244.54;252.30 -1248.25/204.41 -1120.76;131.53 -1139.27;172.25 -1299.60/285.84 -1441.43;268.72 -1420.06;278.43 -1412.28/172.25 -1299.60;268.72 -1420.06;278.43 -1412.28/149.65 -1305.34;244.04 -1399.67;194.68 -1449.06/285.84 -1441.43;158.08 -1313.77;172.25 -1299.60/149.65 -1305.34;158.08 -1313.77;172.25 -1299.60/321.71 -1277.17;316.22 -1405.25;307.59 -1404.88
fbx_poly_250_79|228.1|149.65 -1305.34;244.04 -1399.67;194.68 -1449.06/285.84 -1441.43;244.04 -1399.67;194.68 -1449.06/172.25 -1299.60;268.72 -1420.06;278.43 -1412.28/172.25 -1299.60;293.01 -1393.54;278.43 -1412.28/285.84 -1441.43;268.72 -1420.06;278.43 -1412.28/149.65 -1305.34;158.08 -1313.77;172.25 -1299.60/307.59 -1404.88;293.01 -1393.54;278.43 -1412.28/314.99 -1434.03;316.22 -1405.25;307.59 -1404.88/321.71 -1277.17;316.22 -1405.25;307.59 -1404.88/172.25 -1299.60;232.63 -1346.57;277.98 -1288.27/307.59 -1404.88;232.63 -1346.57;277.98 -1288.27/321.71 -1277.17;277.98 -1288.27;307.59 -1404.88/208.11 -1135.34;186.59 -1233.90;252.30 -1248.24/204.41 -1120.76;131.53 -1139.27;172.25 -1299.60/277.98 -1288.27;266.87 -1244.54;252.30 -1248.25/252.30 -1248.24;222.69 -1131.64;208.11 -1135.34/285.84 -1441.43;158.08 -1313.77;172.25 -1299.60/314.99 -1434.03;358.72 -1422.93;321.71 -1277.17/172.25 -1299.60;186.59 -1233.90;252.30 -1248.25/277.98 -1288.27;252.30 -1248.25;172.25 -1299.60/204.41 -1120.76;201.99 -1134.24;208.11 -1135.34/172.25 -1299.60;201.99 -1134.24;208.11 -1135.34
fbx_poly_250_79|246.8|252.30 -1248.24;222.69 -1131.64;208.11 -1135.34/277.98 -1288.27;266.87 -1244.54;252.30 -1248.25/172.25 -1299.60;293.01 -1393.54;278.43 -1412.28/314.99 -1434.03;358.72 -1422.93;321.71 -1277.17/285.84 -1441.43;158.08 -1313.77;172.25 -1299.60/285.84 -1441.43;244.04 -1399.67;194.68 -1449.06/172.25 -1299.60;268.72 -1420.06;278.43 -1412.28/277.98 -1288.27;252.30 -1248.25;172.25 -1299.60/285.84 -1441.43;268.72 -1420.06;278.43 -1412.28/321.71 -1277.17;316.22 -1405.25;307.59 -1404.88/149.65 -1305.34;158.08 -1313.77;172.25 -1299.60/307.59 -1404.88;293.01 -1393.54;278.43 -1412.28/149.65 -1305.34;244.04 -1399.67;194.68 -1449.06/204.41 -1120.76;131.53 -1139.27;172.25 -1299.60/172.25 -1299.60;232.63 -1346.57;277.98 -1288.27/307.59 -1404.88;232.63 -1346.57;277.98 -1288.27/208.11 -1135.34;186.59 -1233.90;252.30 -1248.24/172.25 -1299.60;186.59 -1233.90;252.30 -1248.25/321.71 -1277.17;277.98 -1288.27;307.59 -1404.88/314.99 -1434.03;316.22 -1405.25;307.59 -1404.88/172.25 -1299.60;201.99 -1134.24;208.11 -1135.34/204.41 -1120.76;201.99 -1134.24;208.11 -1135.34
fbx_poly_250_79|209.4|204.41 -1120.76;201.99 -1134.24;208.11 -1135.34/149.65 -1305.34;244.04 -1399.67;194.68 -1449.06/252.30 -1248.24;222.69 -1131.64;208.11 -1135.34/149.65 -1305.34;158.08 -1313.77;172.25 -1299.60/285.84 -1441.43;244.04 -1399.67;194.68 -1449.06/285.84 -1441.43;158.08 -1313.77;172.25 -1299.60/172.25 -1299.60;293.01 -1393.54;278.43 -1412.28/285.84 -1441.43;268.72 -1420.06;278.43 -1412.28/172.25 -1299.60;268.72 -1420.06;278.43 -1412.28/314.99 -1434.03;316.22 -1405.25;307.59 -1404.88/321.71 -1277.17;277.98 -1288.27;307.59 -1404.88/307.59 -1404.88;293.01 -1393.54;278.43 -1412.28/321.71 -1277.17;316.22 -1405.25;307.59 -1404.88/172.25 -1299.60;232.63 -1346.57;277.98 -1288.27/204.41 -1120.76;131.53 -1139.27;172.25 -1299.60/314.99 -1434.03;358.72 -1422.93;321.71 -1277.17/277.98 -1288.27;266.87 -1244.54;252.30 -1248.25/172.25 -1299.60;186.59 -1233.90;252.30 -1248.25/172.25 -1299.60;201.99 -1134.24;208.11 -1135.34/208.11 -1135.34;186.59 -1233.90;252.30 -1248.24/307.59 -1404.88;232.63 -1346.57;277.98 -1288.27/277.98 -1288.27;252.30 -1248.25;172.25 -1299.60
fbx_poly_250_79|172.0|252.30 -1248.24;222.69 -1131.64;208.11 -1135.34/277.98 -1288.27;266.87 -1244.54;252.30 -1248.25/204.41 -1120.76;131.53 -1139.27;172.25 -1299.60/314.99 -1434.03;358.72 -1422.93;321.71 -1277.17/285.84 -1441.43;158.08 -1313.77;172.25 -1299.60/149.65 -1305.34;244.04 -1399.67;194.68 -1449.06/285.84 -1441.43;244.04 -1399.67;194.68 -1449.06/172.25 -1299.60;268.72 -1420.06;278.43 -1412.28/149.65 -1305.34;158.08 -1313.77;172.25 -1299.60/285.84 -1441.43;268.72 -1420.06;278.43 -1412.28/172.25 -1299.60;293.01 -1393.54;278.43 -1412.28/321.71 -1277.17;316.22 -1405.25;307.59 -1404.88/307.59 -1404.88;293.01 -1393.54;278.43 -1412.28/321.71 -1277.17;277.98 -1288.27;307.59 -1404.88/314.99 -1434.03;316.22 -1405.25;307.59 -1404.88/172.25 -1299.60;201.99 -1134.24;208.11 -1135.34/204.41 -1120.76;201.99 -1134.24;208.11 -1135.34/307.59 -1404.88;232.63 -1346.57;277.98 -1288.27/208.11 -1135.34;186.59 -1233.90;252.30 -1248.24/172.25 -1299.60;186.59 -1233.90;252.30 -1248.25/172.25 -1299.60;232.63 -1346.57;277.98 -1288.27/277.98 -1288.27;252.30 -1248.25;172.25 -1299.60
fbx_poly_250_79|153.3|172.25 -1299.60;232.63 -1346.57;277.98 -1288.27/172.25 -1299.60;186.59 -1233.90;252.30 -1248.25/208.11 -1135.34;186.59 -1233.90;252.30 -1248.24/172.25 -1299.60;201.99 -1134.24;208.11 -1135.34/204.41 -1120.76;201.99 -1134.24;208.11 -1135.34/252.30 -1248.24;222.69 -1131.64;208.11 -1135.34/314.99 -1434.03;358.72 -1422.93;321.71 -1277.17/204.41 -1120.76;131.53 -1139.27;172.25 -1299.60/277.98 -1288.27;266.87 -1244.54;252.30 -1248.25/285.84 -1441.43;244.04 -1399.67;194.68 -1449.06/149.65 -1305.34;244.04 -1399.67;194.68 -1449.06/149.65 -1305.34;158.08 -1313.77;172.25 -1299.60/285.84 -1441.43;158.08 -1313.77;172.25 -1299.60/285.84 -1441.43;268.72 -1420.06;278.43 -1412.28/172.25 -1299.60;293.01 -1393.54;278.43 -1412.28/172.25 -1299.60;268.72 -1420.06;278.43 -1412.28/307.59 -1404.88;293.01 -1393.54;278.43 -1412.28/321.71 -1277.17;316.22 -1405.25;307.59 -1404.88/314.99 -1434.03;316.22 -1405.25;307.59 -1404.88/321.71 -1277.17;277.98 -1288.27;307.59 -1404.88/307.59 -1404.88;232.63 -1346.57;277.98 -1288.27/277.98 -1288.27;252.30 -1248.25;172.25 -1299.60
fbx_poly_250_79|97.3|204.41 -1120.76;131.53 -1139.27;172.25 -1299.60/277.98 -1288.27;266.87 -1244.54;252.30 -1248.25/252.30 -1248.24;222.69 -1131.64;208.11 -1135.34/314.99 -1434.03;358.72 -1422.93;321.71 -1277.17/172.25 -1299.60;232.63 -1346.57;277.98 -1288.27/307.59 -1404.88;232.63 -1346.57;277.98 -1288.27/307.59 -1404.88;293.01 -1393.54;278.43 -1412.28/285.84 -1441.43;158.08 -1313.77;172.25 -1299.60/321.71 -1277.17;277.98 -1288.27;307.59 -1404.88/149.65 -1305.34;158.08 -1313.77;172.25 -1299.60/204.41 -1120.76;201.99 -1134.24;208.11 -1135.34/277.98 -1288.27;252.30 -1248.25;172.25 -1299.60/314.99 -1434.03;316.22 -1405.25;307.59 -1404.88/321.71 -1277.17;316.22 -1405.25;307.59 -1404.88/172.25 -1299.60;201.99 -1134.24;208.11 -1135.34/208.11 -1135.34;186.59 -1233.90;252.30 -1248.24/172.25 -1299.60;186.59 -1233.90;252.30 -1248.25/285.84 -1441.43;244.04 -1399.67;194.68 -1449.06/172.25 -1299.60;293.01 -1393.54;278.43 -1412.28/149.65 -1305.34;244.04 -1399.67;194.68 -1449.06/172.25 -1299.60;268.72 -1420.06;278.43 -1412.28/285.84 -1441.43;268.72 -1420.06;278.43 -1412.28
fbx_poly_250_79|318.3|358.72 -1422.93;314.99 -1434.03;321.71 -1277.17;277.98 -1288.27
fbx_poly_250_79|282.5|358.72 -1422.93;314.99 -1434.03;321.71 -1277.17;277.98 -1288.27
fbx_poly_250_79|300.4|358.72 -1422.93;314.99 -1434.03;321.71 -1277.17;277.98 -1288.27
fbx_poly_250_79|264.7|358.72 -1422.93;314.99 -1434.03;321.71 -1277.17;277.98 -1288.27
fbx_poly_250_79|246.8|358.72 -1422.93;314.99 -1434.03;321.71 -1277.17;277.98 -1288.27
fbx_poly_250_79|336.1|204.41 -1120.76;216.86 -1326.50;179.65 -1328.76/223.83 -1441.66;216.86 -1326.50;179.65 -1328.76/204.41 -1120.76;131.53 -1139.27;179.65 -1328.76/204.41 -1120.76;209.05 -1135.84;222.69 -1131.64/293.01 -1408.58;209.05 -1135.84;222.69 -1131.64/282.14 -1426.86;278.43 -1412.28;293.01 -1408.58/204.41 -1120.76;278.43 -1412.28;293.01 -1408.58/223.83 -1441.66;282.14 -1426.86;204.41 -1120.76
fbx_poly_250_79|318.3|293.01 -1408.58;209.05 -1135.84;222.69 -1131.64/204.41 -1120.76;209.05 -1135.84;222.69 -1131.64/204.41 -1120.76;278.43 -1412.28;293.01 -1408.58/282.14 -1426.86;278.43 -1412.28;293.01 -1408.58/223.83 -1441.66;282.14 -1426.86;204.41 -1120.76/204.41 -1120.76;216.86 -1326.50;179.65 -1328.76/223.83 -1441.66;216.86 -1326.50;179.65 -1328.76/204.41 -1120.76;131.53 -1139.27;179.65 -1328.76
fbx_poly_250_79|354.0|204.41 -1120.76;209.05 -1135.84;222.69 -1131.64/293.01 -1408.58;209.05 -1135.84;222.69 -1131.64/204.41 -1120.76;278.43 -1412.28;293.01 -1408.58/223.83 -1441.66;282.14 -1426.86;204.41 -1120.76/282.14 -1426.86;278.43 -1412.28;293.01 -1408.58/204.41 -1120.76;216.86 -1326.50;179.65 -1328.76/223.83 -1441.66;216.86 -1326.50;179.65 -1328.76/204.41 -1120.76;131.53 -1139.27;179.65 -1328.76
fbx_poly_250_79|282.5|204.41 -1120.76;216.86 -1326.50;179.65 -1328.76/204.41 -1120.76;131.53 -1139.27;179.65 -1328.76/293.01 -1408.58;209.05 -1135.84;222.69 -1131.64/204.41 -1120.76;278.43 -1412.28;293.01 -1408.58/204.41 -1120.76;209.05 -1135.84;222.69 -1131.64/223.83 -1441.66;282.14 -1426.86;204.41 -1120.76/223.83 -1441.66;216.86 -1326.50;179.65 -1328.76/282.14 -1426.86;278.43 -1412.28;293.01 -1408.58
fbx_poly_250_79|371.8|293.01 -1408.58;209.05 -1135.84;222.69 -1131.64/204.41 -1120.76;209.05 -1135.84;222.69 -1131.64/282.14 -1426.86;278.43 -1412.28;293.01 -1408.58/204.41 -1120.76;278.43 -1412.28;293.01 -1408.58/223.83 -1441.66;282.14 -1426.86;204.41 -1120.76/204.41 -1120.76;216.86 -1326.50;179.65 -1328.76/204.41 -1120.76;131.53 -1139.27;179.65 -1328.76/223.83 -1441.66;216.86 -1326.50;179.65 -1328.76
fbx_poly_250_79|246.8|204.41 -1120.76;216.86 -1326.50;179.65 -1328.76/223.83 -1441.66;216.86 -1326.50;179.65 -1328.76/204.41 -1120.76;131.53 -1139.27;179.65 -1328.76/282.14 -1426.86;278.43 -1412.28;293.01 -1408.58/204.41 -1120.76;278.43 -1412.28;293.01 -1408.58/223.83 -1441.66;282.14 -1426.86;204.41 -1120.76/293.01 -1408.58;209.05 -1135.84;222.69 -1131.64/204.41 -1120.76;209.05 -1135.84;222.69 -1131.64
fbx_poly_250_79|264.7|204.41 -1120.76;131.53 -1139.27;179.65 -1328.76/223.83 -1441.66;282.14 -1426.86;204.41 -1120.76/223.83 -1441.66;216.86 -1326.50;179.65 -1328.76/204.41 -1120.76;216.86 -1326.50;179.65 -1328.76/282.14 -1426.86;278.43 -1412.28;293.01 -1408.58/204.41 -1120.76;278.43 -1412.28;293.01 -1408.58/293.01 -1408.58;209.05 -1135.84;222.69 -1131.64/204.41 -1120.76;209.05 -1135.84;222.69 -1131.64
fbx_poly_250_79|300.4|223.83 -1441.66;216.86 -1326.50;179.65 -1328.76/204.41 -1120.76;131.53 -1139.27;179.65 -1328.76/204.41 -1120.76;278.43 -1412.28;293.01 -1408.58/293.01 -1408.58;209.05 -1135.84;222.69 -1131.64/282.14 -1426.86;278.43 -1412.28;293.01 -1408.58/223.83 -1441.66;282.14 -1426.86;204.41 -1120.76/204.41 -1120.76;216.86 -1326.50;179.65 -1328.76/204.41 -1120.76;209.05 -1135.84;222.69 -1131.64
fbx_poly_250_80|165.8|254.39 3332.14;186.25 3311.78;184.68 3317.03/160.04 3303.96;186.25 3311.78;184.68 3317.03/254.39 3332.14;229.78 3326.80;220.90 3367.81/152.14 3273.05;206.60 3243.65;254.39 3332.14/184.68 3317.03;229.78 3326.80;220.90 3367.81/152.14 3273.05;171.45 3284.21;160.04 3303.96/254.39 3332.14;171.45 3284.21;160.04 3303.96
fbx_poly_250_80|237.3|160.04 3303.96;186.25 3311.78;184.68 3317.03/184.68 3317.03;229.78 3326.80;220.90 3367.81/254.39 3332.14;229.78 3326.80;220.90 3367.81/152.14 3273.05;206.60 3243.65;254.39 3332.14/254.39 3332.14;171.45 3284.21;160.04 3303.96/254.39 3332.14;186.25 3311.78;184.68 3317.03/152.14 3273.05;171.45 3284.21;160.04 3303.96
fbx_poly_250_80|213.5|254.39 3332.14;229.78 3326.80;220.90 3367.81/152.14 3273.05;206.60 3243.65;254.39 3332.14/184.68 3317.03;229.78 3326.80;220.90 3367.81/254.39 3332.14;171.45 3284.21;160.04 3303.96/254.39 3332.14;186.25 3311.78;184.68 3317.03/152.14 3273.05;171.45 3284.21;160.04 3303.96/160.04 3303.96;186.25 3311.78;184.68 3317.03
fbx_poly_250_80|189.7|254.39 3332.14;171.45 3284.21;160.04 3303.96/160.04 3303.96;186.25 3311.78;184.68 3317.03/254.39 3332.14;186.25 3311.78;184.68 3317.03/254.39 3332.14;229.78 3326.80;220.90 3367.81/152.14 3273.05;206.60 3243.65;254.39 3332.14/152.14 3273.05;171.45 3284.21;160.04 3303.96/184.68 3317.03;229.78 3326.80;220.90 3367.81
fbx_poly_250_80|237.3|170.52 3307.09;175.06 3297.25;173.65 3296.61/186.72 3271.96;175.06 3297.25;173.65 3296.60/170.52 3307.09;188.62 3272.97;186.72 3271.96/196.66 3257.80;188.62 3272.97;186.72 3271.96/196.66 3257.80;176.04 3309.30;170.52 3307.09/174.20 3313.90;176.04 3309.30;170.52 3307.09/210.27 3250.45;228.65 3284.49;174.20 3313.90/210.27 3250.45;203.79 3261.86;196.66 3257.80/174.20 3313.90;203.79 3261.86;196.66 3257.80
fbx_poly_250_80|255.1|196.66 3257.80;188.62 3272.97;186.72 3271.96/174.20 3313.90;176.04 3309.30;170.52 3307.09/210.27 3250.45;228.65 3284.49;174.20 3313.90/170.52 3307.09;188.62 3272.97;186.72 3271.96/196.66 3257.80;176.04 3309.30;170.52 3307.09/186.72 3271.96;175.06 3297.25;173.65 3296.60/210.27 3250.45;203.79 3261.86;196.66 3257.80/174.20 3313.90;203.79 3261.86;196.66 3257.80/170.52 3307.09;175.06 3297.25;173.65 3296.61
fbx_poly_250_80|273.0|174.20 3313.90;203.79 3261.86;196.66 3257.80/210.27 3250.45;228.65 3284.49;174.20 3313.90/196.66 3257.80;188.62 3272.97;186.72 3271.96/170.52 3307.09;188.62 3272.97;186.72 3271.96/170.52 3307.09;175.06 3297.25;173.65 3296.61/210.27 3250.45;203.79 3261.86;196.66 3257.80/196.66 3257.80;176.04 3309.30;170.52 3307.09/174.20 3313.90;176.04 3309.30;170.52 3307.09/186.72 3271.96;175.06 3297.25;173.65 3296.60
fbx_poly_250_80|237.3|254.39 3332.14;248.42 3340.63;251.25 3342.62/188.36 3323.83;236.01 3298.10;254.39 3332.14/254.39 3332.14;213.33 3347.28;220.90 3367.81/188.36 3323.83;206.20 3326.08;203.06 3351.06/254.39 3332.14;206.20 3326.08;203.06 3351.06/220.90 3367.81;230.94 3357.11;234.51 3360.45/203.06 3351.06;213.33 3347.28;220.90 3367.81/254.39 3332.14;230.94 3357.11;234.51 3360.45/234.51 3360.46;248.42 3340.63;251.25 3342.62
fbx_poly_250_80|255.1|254.39 3332.14;248.42 3340.63;251.25 3342.62/234.51 3360.46;248.42 3340.63;251.25 3342.62/254.39 3332.14;213.33 3347.28;220.90 3367.81/188.36 3323.83;206.20 3326.08;203.06 3351.06/254.39 3332.14;206.20 3326.08;203.06 3351.06/188.36 3323.83;236.01 3298.10;254.39 3332.14/254.39 3332.14;230.94 3357.11;234.51 3360.45/203.06 3351.06;213.33 3347.28;220.90 3367.81/220.90 3367.81;230.94 3357.11;234.51 3360.45
fbx_poly_250_80|273.0|254.39 3332.14;213.33 3347.28;220.90 3367.81/203.06 3351.06;213.33 3347.28;220.90 3367.81/234.51 3360.46;248.42 3340.63;251.25 3342.62/254.39 3332.14;248.42 3340.63;251.25 3342.62/220.90 3367.81;230.94 3357.11;234.51 3360.45/254.39 3332.14;206.20 3326.08;203.06 3351.06/188.36 3323.83;236.01 3298.10;254.39 3332.14/188.36 3323.83;206.20 3326.08;203.06 3351.06/254.39 3332.14;230.94 3357.11;234.51 3360.45
fbx_poly_290_26|309.9|2687.58 -1611.98;2684.18 -1595.78;2716.57 -1605.90;2713.17 -1589.71
fbx_poly_290_26|285.8|2687.58 -1611.98;2684.18 -1595.78;2716.57 -1605.90;2713.17 -1589.71
fbx_poly_290_26|309.9|2733.10 -1666.74;2720.95 -1608.77;2783.83 -1656.11;2771.68 -1598.13
fbx_poly_290_26|285.8|2733.10 -1666.74;2720.95 -1608.77;2783.83 -1656.11;2771.68 -1598.13
fbx_poly_290_26|309.9|2720.19 -1605.14;2716.79 -1588.95;2770.92 -1594.51;2767.52 -1578.31
fbx_poly_290_26|285.8|2720.19 -1605.14;2716.79 -1588.95;2770.92 -1594.51;2767.52 -1578.31
fbx_poly_290_26|294.7|2769.74 -1575.60;2746.13 -1687.85;2795.13 -1698.16/2683.38 -1629.66;2693.29 -1623.45;2695.60 -1627.14/2739.46 -1719.55;2752.23 -1658.85;2725.09 -1653.14/2739.46 -1719.55;2746.13 -1687.85;2795.13 -1698.16/2683.37 -1629.66;2693.82 -1623.12;2676.18 -1594.94/2769.74 -1575.60;2693.82 -1623.12;2676.18 -1594.94/2769.74 -1575.60;2702.50 -1651.95;2708.04 -1656.82/2769.74 -1575.60;2752.23 -1658.85;2725.09 -1653.14/2769.74 -1575.60;2716.05 -1646.27;2725.09 -1653.14/2701.19 -1653.44;2711.79 -1641.40;2695.60 -1627.14/2769.74 -1575.60;2693.29 -1623.45;2695.60 -1627.14/2708.04 -1656.82;2716.05 -1646.27;2725.09 -1653.14/2701.19 -1653.44;2702.50 -1651.95;2708.04 -1656.82/2769.74 -1575.60;2711.79 -1641.40;2695.60 -1627.14
fbx_poly_290_26|166.7|2769.74 -1575.60;2716.05 -1646.27;2725.09 -1653.14/2769.74 -1575.60;2702.50 -1651.95;2708.04 -1656.82/2769.74 -1575.60;2693.29 -1623.45;2695.60 -1627.14/2683.38 -1629.66;2693.29 -1623.45;2695.60 -1627.14/2683.37 -1629.66;2693.82 -1623.12;2676.18 -1594.94/2701.19 -1653.44;2711.79 -1641.40;2695.60 -1627.14/2769.74 -1575.60;2746.13 -1687.85;2795.13 -1698.16/2769.74 -1575.60;2693.82 -1623.12;2676.18 -1594.94/2739.46 -1719.55;2746.13 -1687.85;2795.13 -1698.16/2708.04 -1656.82;2716.05 -1646.27;2725.09 -1653.14/2701.19 -1653.44;2702.50 -1651.95;2708.04 -1656.82/2769.74 -1575.60;2711.79 -1641.40;2695.60 -1627.14/2739.46 -1719.55;2752.23 -1658.85;2725.09 -1653.14/2769.74 -1575.60;2752.23 -1658.85;2725.09 -1653.14
fbx_poly_290_26|185.0|2739.46 -1719.55;2746.13 -1687.85;2795.13 -1698.16/2683.38 -1629.66;2693.29 -1623.45;2695.60 -1627.14/2701.19 -1653.44;2711.79 -1641.40;2695.60 -1627.14/2739.46 -1719.55;2752.23 -1658.85;2725.09 -1653.14/2769.74 -1575.60;2693.82 -1623.12;2676.18 -1594.94/2769.74 -1575.60;2716.05 -1646.27;2725.09 -1653.14/2769.74 -1575.60;2693.29 -1623.45;2695.60 -1627.14/2769.74 -1575.60;2746.13 -1687.85;2795.13 -1698.16/2708.04 -1656.82;2716.05 -1646.27;2725.09 -1653.14/2769.74 -1575.60;2752.23 -1658.85;2725.09 -1653.14/2769.74 -1575.60;2711.79 -1641.40;2695.60 -1627.14/2701.19 -1653.44;2702.50 -1651.95;2708.04 -1656.82/2769.74 -1575.60;2702.50 -1651.95;2708.04 -1656.82/2683.37 -1629.66;2693.82 -1623.12;2676.18 -1594.94
fbx_poly_290_26|239.9|2769.74 -1575.60;2702.50 -1651.95;2708.04 -1656.82/2769.74 -1575.60;2746.13 -1687.85;2795.13 -1698.16/2769.74 -1575.60;2716.05 -1646.27;2725.09 -1653.14/2769.74 -1575.60;2752.23 -1658.85;2725.09 -1653.14/2739.46 -1719.55;2752.23 -1658.85;2725.09 -1653.14/2708.04 -1656.82;2716.05 -1646.27;2725.09 -1653.14/2769.74 -1575.60;2693.29 -1623.45;2695.60 -1627.14/2769.74 -1575.60;2711.79 -1641.40;2695.60 -1627.14/2683.37 -1629.66;2693.82 -1623.12;2676.18 -1594.94/2701.19 -1653.44;2711.79 -1641.40;2695.60 -1627.14/2769.74 -1575.60;2693.82 -1623.12;2676.18 -1594.94/2701.19 -1653.44;2702.50 -1651.95;2708.04 -1656.82/2739.46 -1719.55;2746.13 -1687.85;2795.13 -1698.16/2683.38 -1629.66;2693.29 -1623.45;2695.60 -1627.14
fbx_poly_290_26|203.3|2739.46 -1719.55;2746.13 -1687.85;2795.13 -1698.16/2769.74 -1575.60;2702.50 -1651.95;2708.04 -1656.82/2769.74 -1575.60;2711.79 -1641.40;2695.60 -1627.14/2701.19 -1653.44;2702.50 -1651.95;2708.04 -1656.82/2769.74 -1575.60;2693.29 -1623.45;2695.60 -1627.14/2701.19 -1653.44;2711.79 -1641.40;2695.60 -1627.14/2769.74 -1575.60;2716.05 -1646.27;2725.09 -1653.14/2739.46 -1719.55;2752.23 -1658.85;2725.09 -1653.14/2769.74 -1575.60;2693.82 -1623.12;2676.18 -1594.94/2683.37 -1629.66;2693.82 -1623.12;2676.18 -1594.94/2769.74 -1575.60;2746.13 -1687.85;2795.13 -1698.16/2683.38 -1629.66;2693.29 -1623.45;2695.60 -1627.14/2769.74 -1575.60;2752.23 -1658.85;2725.09 -1653.14/2708.04 -1656.82;2716.05 -1646.27;2725.09 -1653.14
fbx_poly_290_26|313.0|2683.37 -1629.66;2693.82 -1623.12;2676.18 -1594.94/2739.46 -1719.55;2746.13 -1687.85;2795.13 -1698.16/2708.04 -1656.82;2716.05 -1646.27;2725.09 -1653.14/2769.74 -1575.60;2746.13 -1687.85;2795.13 -1698.16/2769.74 -1575.60;2693.29 -1623.45;2695.60 -1627.14/2769.74 -1575.60;2716.05 -1646.27;2725.09 -1653.14/2769.74 -1575.60;2693.82 -1623.12;2676.18 -1594.94/2769.74 -1575.60;2702.50 -1651.95;2708.04 -1656.82/2769.74 -1575.60;2711.79 -1641.40;2695.60 -1627.14/2769.74 -1575.60;2752.23 -1658.85;2725.09 -1653.14/2739.46 -1719.55;2752.23 -1658.85;2725.09 -1653.14/2683.38 -1629.66;2693.29 -1623.45;2695.60 -1627.14/2701.19 -1653.44;2702.50 -1651.95;2708.04 -1656.82/2701.19 -1653.44;2711.79 -1641.40;2695.60 -1627.14
fbx_poly_290_26|148.4|2739.46 -1719.55;2752.23 -1658.85;2725.09 -1653.14/2769.74 -1575.60;2702.50 -1651.95;2708.04 -1656.82/2739.46 -1719.55;2746.13 -1687.85;2795.13 -1698.16/2769.74 -1575.60;2693.29 -1623.45;2695.60 -1627.14/2701.19 -1653.44;2711.79 -1641.40;2695.60 -1627.14/2769.74 -1575.60;2693.82 -1623.12;2676.18 -1594.94/2683.37 -1629.66;2693.82 -1623.12;2676.18 -1594.94/2769.74 -1575.60;2746.13 -1687.85;2795.13 -1698.16/2769.74 -1575.60;2711.79 -1641.40;2695.60 -1627.14/2708.04 -1656.82;2716.05 -1646.27;2725.09 -1653.14/2769.74 -1575.60;2752.23 -1658.85;2725.09 -1653.14/2769.74 -1575.60;2716.05 -1646.27;2725.09 -1653.14/2701.19 -1653.44;2702.50 -1651.95;2708.04 -1656.82/2683.38 -1629.66;2693.29 -1623.45;2695.60 -1627.14
fbx_poly_290_26|130.1|2708.04 -1656.82;2716.05 -1646.27;2725.09 -1653.14/2769.74 -1575.60;2693.82 -1623.12;2676.18 -1594.94/2769.74 -1575.60;2746.13 -1687.85;2795.13 -1698.16/2769.74 -1575.60;2693.29 -1623.45;2695.60 -1627.14/2683.38 -1629.66;2693.29 -1623.45;2695.60 -1627.14/2769.74 -1575.60;2711.79 -1641.40;2695.60 -1627.14/2701.19 -1653.44;2702.50 -1651.95;2708.04 -1656.82/2769.74 -1575.60;2702.50 -1651.95;2708.04 -1656.82/2769.74 -1575.60;2752.23 -1658.85;2725.09 -1653.14/2739.46 -1719.55;2752.23 -1658.85;2725.09 -1653.14/2739.46 -1719.55;2746.13 -1687.85;2795.13 -1698.16/2769.74 -1575.60;2716.05 -1646.27;2725.09 -1653.14/2701.19 -1653.44;2711.79 -1641.40;2695.60 -1627.14/2683.37 -1629.66;2693.82 -1623.12;2676.18 -1594.94
fbx_poly_290_26|221.6|2769.74 -1575.60;2746.13 -1687.85;2795.13 -1698.16/2739.46 -1719.55;2746.13 -1687.85;2795.13 -1698.16/2769.74 -1575.60;2716.05 -1646.27;2725.09 -1653.14/2739.46 -1719.55;2752.23 -1658.85;2725.09 -1653.14/2769.74 -1575.60;2702.50 -1651.95;2708.04 -1656.82/2769.74 -1575.60;2693.29 -1623.45;2695.60 -1627.14/2769.74 -1575.60;2752.23 -1658.85;2725.09 -1653.14/2701.19 -1653.44;2711.79 -1641.40;2695.60 -1627.14/2701.19 -1653.44;2702.50 -1651.95;2708.04 -1656.82/2683.38 -1629.66;2693.29 -1623.45;2695.60 -1627.14/2683.37 -1629.66;2693.82 -1623.12;2676.18 -1594.94/2769.74 -1575.60;2693.82 -1623.12;2676.18 -1594.94/2769.74 -1575.60;2711.79 -1641.40;2695.60 -1627.14/2708.04 -1656.82;2716.05 -1646.27;2725.09 -1653.14
fbx_poly_290_26|258.1|2739.46 -1719.55;2752.23 -1658.85;2725.09 -1653.14/2683.37 -1629.66;2693.82 -1623.12;2676.18 -1594.94/2701.19 -1653.44;2711.79 -1641.40;2695.60 -1627.14/2701.19 -1653.44;2702.50 -1651.95;2708.04 -1656.82/2683.38 -1629.66;2693.29 -1623.45;2695.60 -1627.14/2769.74 -1575.60;2711.79 -1641.40;2695.60 -1627.14/2769.74 -1575.60;2693.29 -1623.45;2695.60 -1627.14/2769.74 -1575.60;2746.13 -1687.85;2795.13 -1698.16/2708.04 -1656.82;2716.05 -1646.27;2725.09 -1653.14/2769.74 -1575.60;2716.05 -1646.27;2725.09 -1653.14/2769.74 -1575.60;2702.50 -1651.95;2708.04 -1656.82/2769.74 -1575.60;2693.82 -1623.12;2676.18 -1594.94/2739.46 -1719.55;2746.13 -1687.85;2795.13 -1698.16/2769.74 -1575.60;2752.23 -1658.85;2725.09 -1653.14
fbx_poly_290_26|276.4|2769.74 -1575.60;2702.50 -1651.95;2708.04 -1656.82/2769.74 -1575.60;2752.23 -1658.85;2725.09 -1653.14/2708.04 -1656.82;2716.05 -1646.27;2725.09 -1653.14/2683.38 -1629.66;2693.29 -1623.45;2695.60 -1627.14/2769.74 -1575.60;2693.29 -1623.45;2695.60 -1627.14/2739.46 -1719.55;2752.23 -1658.85;2725.09 -1653.14/2739.46 -1719.55;2746.13 -1687.85;2795.13 -1698.16/2769.74 -1575.60;2746.13 -1687.85;2795.13 -1698.16/2701.19 -1653.44;2702.50 -1651.95;2708.04 -1656.82/2701.19 -1653.44;2711.79 -1641.40;2695.60 -1627.14/2769.74 -1575.60;2693.82 -1623.12;2676.18 -1594.94/2769.74 -1575.60;2716.05 -1646.27;2725.09 -1653.14/2683.37 -1629.66;2693.82 -1623.12;2676.18 -1594.94/2769.74 -1575.60;2711.79 -1641.40;2695.60 -1627.14
fbx_poly_330_7|306.9|1642.48 2582.86;1565.28 2563.43;1590.01 2465.17/1565.92 2637.15;1573.41 2653.97;1548.19 2665.21/1642.48 2582.86;1583.33 2567.97;1565.92 2637.15/1536.04 2660.55;1532.12 2646.78;1565.92 2637.15/1483.57 2542.86;1583.33 2567.97;1565.92 2637.15/1518.21 2597.96;1532.12 2646.78;1565.92 2637.15/1536.04 2660.55;1509.80 2601.71;1518.21 2597.96/1565.92 2637.15;1525.85 2591.28;1518.21 2597.96/1536.04 2660.55;1541.31 2656.42;1548.19 2665.21/1483.57 2542.86;1525.85 2591.28;1518.21 2597.96/1565.92 2637.15;1541.31 2656.42;1548.19 2665.21/1483.57 2542.86;1565.28 2563.43;1590.01 2465.17
fbx_poly_330_7|289.1|1536.04 2660.55;1532.12 2646.78;1565.92 2637.15/1483.57 2542.86;1583.33 2567.97;1565.92 2637.15/1565.92 2637.15;1525.85 2591.28;1518.21 2597.96/1642.48 2582.86;1565.28 2563.43;1590.01 2465.17/1565.92 2637.15;1573.41 2653.97;1548.19 2665.21/1642.48 2582.86;1583.33 2567.97;1565.92 2637.15/1536.04 2660.55;1509.80 2601.71;1518.21 2597.96/1483.57 2542.86;1565.28 2563.43;1590.01 2465.17/1565.92 2637.15;1541.31 2656.42;1548.19 2665.21/1536.04 2660.55;1541.31 2656.42;1548.19 2665.21/1518.21 2597.96;1532.12 2646.78;1565.92 2637.15/1483.57 2542.86;1525.85 2591.28;1518.21 2597.96
fbx_poly_330_7|271.2|1536.04 2660.55;1541.31 2656.42;1548.19 2665.21/1565.92 2637.15;1573.41 2653.97;1548.19 2665.21/1536.04 2660.55;1509.80 2601.71;1518.21 2597.96/1483.57 2542.86;1565.28 2563.43;1590.01 2465.17/1536.04 2660.55;1532.12 2646.78;1565.92 2637.15/1518.21 2597.96;1532.12 2646.78;1565.92 2637.15/1642.48 2582.86;1583.33 2567.97;1565.92 2637.15/1642.48 2582.86;1565.28 2563.43;1590.01 2465.17/1483.57 2542.86;1583.33 2567.97;1565.92 2637.15/1483.57 2542.86;1525.85 2591.28;1518.21 2597.96/1565.92 2637.15;1525.85 2591.28;1518.21 2597.96/1565.92 2637.15;1541.31 2656.42;1548.19 2665.21
fbx_poly_330_7|333.7|1590.01 2465.17;1623.74 2540.83;1514.46 2589.55/1514.46 2589.55;1526.85 2569.15;1483.57 2542.86/1590.01 2465.17;1526.85 2569.15;1483.57 2542.86
fbx_poly_330_7|360.5|1514.46 2589.55;1526.85 2569.15;1483.57 2542.86/1590.01 2465.17;1623.74 2540.83;1514.46 2589.55/1590.01 2465.17;1526.85 2569.15;1483.57 2542.86
fbx_poly_330_7|306.9|1514.46 2589.55;1526.85 2569.15;1483.57 2542.86/1590.01 2465.17;1623.74 2540.83;1514.46 2589.55/1590.01 2465.17;1526.85 2569.15;1483.57 2542.86
fbx_poly_330_7|324.8|1536.04 2660.55;1617.04 2561.96;1642.48 2582.86/1627.49 2549.24;1617.04 2561.96;1642.48 2582.86/1536.04 2660.55;1509.80 2601.71;1627.49 2549.24/1573.41 2653.97;1628.19 2597.57;1629.42 2598.76/1642.48 2582.86;1628.19 2597.57;1629.42 2598.76/1548.19 2665.21;1568.07 2647.85;1573.41 2653.97/1642.48 2582.86;1568.07 2647.85;1573.41 2653.97/1536.04 2660.55;1541.75 2656.38;1548.19 2665.21/1642.48 2582.86;1541.75 2656.38;1548.19 2665.21
fbx_poly_330_7|360.5|1536.04 2660.55;1541.75 2656.38;1548.19 2665.21/1548.19 2665.21;1568.07 2647.85;1573.41 2653.97/1642.48 2582.86;1568.07 2647.85;1573.41 2653.97/1642.48 2582.86;1628.19 2597.57;1629.42 2598.76/1627.49 2549.24;1617.04 2561.96;1642.48 2582.86/1642.48 2582.86;1541.75 2656.38;1548.19 2665.21/1536.04 2660.55;1617.04 2561.96;1642.48 2582.86/1573.41 2653.97;1628.19 2597.57;1629.42 2598.76/1536.04 2660.55;1509.80 2601.71;1627.49 2549.24
fbx_poly_330_7|396.2|1627.49 2549.24;1617.04 2561.96;1642.48 2582.86/1536.04 2660.55;1509.80 2601.71;1627.49 2549.24/1536.04 2660.55;1541.75 2656.38;1548.19 2665.21/1642.48 2582.86;1541.75 2656.38;1548.19 2665.21/1536.04 2660.55;1617.04 2561.96;1642.48 2582.86/1642.48 2582.86;1568.07 2647.85;1573.41 2653.97/1573.41 2653.97;1628.19 2597.57;1629.42 2598.76/1548.19 2665.21;1568.07 2647.85;1573.41 2653.97/1642.48 2582.86;1628.19 2597.57;1629.42 2598.76
fbx_poly_330_7|378.4|1627.49 2549.24;1617.04 2561.96;1642.48 2582.86/1536.04 2660.55;1617.04 2561.96;1642.48 2582.86/1536.04 2660.55;1509.80 2601.71;1627.49 2549.24/1642.48 2582.86;1541.75 2656.38;1548.19 2665.21/1642.48 2582.86;1568.07 2647.85;1573.41 2653.97/1573.41 2653.97;1628.19 2597.57;1629.42 2598.76/1536.04 2660.55;1541.75 2656.38;1548.19 2665.21/1548.19 2665.21;1568.07 2647.85;1573.41 2653.97/1642.48 2582.86;1628.19 2597.57;1629.42 2598.76
fbx_poly_330_7|306.9|1536.04 2660.55;1509.80 2601.71;1627.49 2549.24/1627.49 2549.24;1617.04 2561.96;1642.48 2582.86/1642.48 2582.86;1568.07 2647.85;1573.41 2653.97/1548.19 2665.21;1568.07 2647.85;1573.41 2653.97/1536.04 2660.55;1541.75 2656.38;1548.19 2665.21/1536.04 2660.55;1617.04 2561.96;1642.48 2582.86/1642.48 2582.86;1541.75 2656.38;1548.19 2665.21/1642.48 2582.86;1628.19 2597.57;1629.42 2598.76/1573.41 2653.97;1628.19 2597.57;1629.42 2598.76
fbx_poly_330_7|342.6|1573.41 2653.97;1628.19 2597.57;1629.42 2598.76/1536.04 2660.55;1509.80 2601.71;1627.49 2549.24/1627.49 2549.24;1617.04 2561.96;1642.48 2582.86/1548.19 2665.21;1568.07 2647.85;1573.41 2653.97/1642.48 2582.86;1628.19 2597.57;1629.42 2598.76/1642.48 2582.86;1568.07 2647.85;1573.41 2653.97/1536.04 2660.55;1617.04 2561.96;1642.48 2582.86/1536.04 2660.55;1541.75 2656.38;1548.19 2665.21/1642.48 2582.86;1541.75 2656.38;1548.19 2665.21
fbx_poly_330_7|354.5|1598.42 2461.43;1632.15 2537.08;1632.04 2446.43;1665.77 2522.09
fbx_poly_330_7|306.9|1598.42 2461.43;1632.15 2537.08;1632.04 2446.43;1665.77 2522.09
fbx_poly_330_7|330.7|1598.42 2461.43;1632.15 2537.08;1632.04 2446.43;1665.77 2522.09
fbx_poly_330_7|378.4|1598.42 2461.43;1632.15 2537.08;1632.04 2446.43;1665.77 2522.09
fbx_poly_330_7|354.5|1650.89 2579.11;1670.01 2542.07;1689.17 2551.97/1677.93 2526.75;1670.01 2542.07;1689.17 2551.97/1650.89 2579.11;1635.90 2545.49;1677.93 2526.75/1650.89 2579.11;1658.25 2573.89;1659.29 2575.36/1689.17 2551.97;1658.25 2573.89;1659.29 2575.36
fbx_poly_330_7|306.9|1650.89 2579.11;1658.25 2573.89;1659.29 2575.36/1689.17 2551.97;1658.25 2573.89;1659.29 2575.36/1650.89 2579.11;1670.01 2542.07;1689.17 2551.97/1650.89 2579.11;1635.90 2545.49;1677.93 2526.75/1677.93 2526.75;1670.01 2542.07;1689.17 2551.97
fbx_poly_330_7|330.7|1650.89 2579.11;1658.25 2573.89;1659.29 2575.36/1689.17 2551.97;1658.25 2573.89;1659.29 2575.36/1650.89 2579.11;1670.01 2542.07;1689.17 2551.97/1677.93 2526.75;1670.01 2542.07;1689.17 2551.97/1650.89 2579.11;1635.90 2545.49;1677.93 2526.75
fbx_poly_330_7|378.4|1650.89 2579.11;1670.01 2542.07;1689.17 2551.97/1677.93 2526.75;1670.01 2542.07;1689.17 2551.97/1650.89 2579.11;1658.25 2573.89;1659.29 2575.36/1689.17 2551.97;1658.25 2573.89;1659.29 2575.36/1650.89 2579.11;1635.90 2545.49;1677.93 2526.75