BuildingSourceSlice_orph_-1033_-842|59.66|-1103.4,-825.6;-1076.6,-845.0;-1075.7,-843.7;-994.0,-903.3;-962.3,-859.3;-1045.0,-801.1;-1044.0,-799.7;-1070.8,-780.4
Building1|61.91|-518.7,54.0;-517.0,58.0;-517.1,58.0;-518.8,54.0
Building1|61.91|-517.0,58.1;-518.8,53.9;-518.8,53.9;-517.0,58.1
Building1|61.91|-518.8,53.9;-518.7,54.0;-518.8,54.0;-518.8,53.9
Building1|61.91|-517.0,58.0;-517.0,58.1;-517.0,58.1;-517.1,58.0
Building1|61.91|-527.1,51.7;-526.6,50.1;-525.0,50.6;-525.5,52.2
Building1|61.91|-526.8,50.0;-526.6,49.6;-524.6,50.2;-524.8,50.6
Building1|61.91|-526.6,50.1;-526.6,49.9;-524.9,50.4;-524.9,50.6
Building1|61.91|-525.4,52.3;-527.2,51.8;-526.6,50.0;-524.9,50.6
Building1|61.91|-526.7,50.2;-526.6,50.0;-524.9,50.6;-525.0,50.8
Building1|61.91|-526.8,50.1;-526.7,49.7;-524.7,50.4;-524.8,50.7
Building1|61.91|-525.4,52.2;-524.8,50.5;-524.5,50.6;-525.0,52.3
Building1|61.91|-526.7,50.0;-526.7,49.8;-524.7,50.4;-524.8,50.6
Building1|61.91|-527.2,51.8;-526.6,50.0;-524.8,50.6;-525.4,52.3
Building1|61.91|-527.5,51.5;-526.9,49.8;-526.6,49.9;-527.1,51.6
Building1|61.91|-530.0,52.9;-530.6,51.4;-530.6,51.3;-529.9,52.9
Building1|61.91|-530.6,51.4;-530.6,51.3;-530.6,51.2;-530.6,51.3
Building1|61.91|-530.6,51.3;-529.9,53.0;-529.9,53.0;-530.7,51.3
Building1|61.91|-529.9,53.0;-530.0,52.9;-529.9,52.9;-529.9,53.0
Building1|61.91|-526.1,62.0;-525.4,63.7;-525.4,63.7;-526.1,62.0
Building1|61.91|-525.5,63.6;-526.1,62.1;-526.1,62.1;-525.4,63.6
Building1|61.91|-525.4,63.7;-525.5,63.6;-525.4,63.6;-525.4,63.7
Building1|61.91|-526.1,62.1;-526.1,62.0;-526.1,62.0;-526.1,62.1
Building1|61.91|-528.0,57.5;-526.2,61.9;-526.2,61.9;-528.0,57.5
Building1|61.91|-529.9,53.0;-526.1,61.9;-526.2,62.0;-529.9,53.0
Building1|61.91|-529.9,53.1;-529.9,53.0;-529.9,53.0;-529.8,53.1
Building1|61.91|-528.1,57.4;-529.9,53.1;-529.8,53.1;-528.0,57.4
Building1|61.91|-526.2,61.9;-526.1,61.9;-526.2,62.0;-526.2,61.9
Building1|61.91|-507.9,54.2;-507.8,54.3;-507.9,54.3;-507.9,54.2
Building1|61.91|-511.6,45.4;-511.6,45.3;-511.6,45.3;-511.5,45.4
Building1|61.91|-512.3,43.6;-512.3,43.7;-512.3,43.7;-512.4,43.6
Building1|61.91|-511.6,45.2;-511.6,45.3;-511.6,45.3;-511.7,45.2
Building1|61.91|-512.3,43.7;-511.6,45.2;-511.7,45.2;-512.3,43.7
Building1|61.91|-511.6,45.3;-512.3,43.6;-512.3,43.6;-511.6,45.3
Building1|61.91|-507.1,55.9;-507.1,56.0;-507.1,56.0;-507.2,55.9
Building1|61.91|-507.8,54.4;-507.1,55.9;-507.2,55.9;-507.8,54.4
Building1|61.91|-507.1,56.0;-507.8,54.3;-507.8,54.3;-507.1,56.0
Building1|61.91|-507.8,54.3;-507.8,54.4;-507.8,54.4;-507.8,54.3
Building1|61.91|-509.8,49.8;-511.6,45.4;-511.5,45.4;-509.7,49.7
Building1|61.91|-507.9,54.3;-511.6,45.3;-511.6,45.3;-507.8,54.3
Building1|61.91|-509.7,49.8;-507.9,54.2;-507.9,54.2;-509.7,49.9
Building1|61.91|-508.9,51.8;-507.2,55.9;-509.1,56.7;-510.8,52.6
Building1|61.91|-507.3,55.8;-507.2,56.0;-507.4,56.0;-507.4,55.9
Building1|61.91|-509.0,56.5;-508.9,56.7;-509.1,56.7;-509.2,56.6
Building1|61.91|-515.9,52.4;-514.9,54.6;-517.6,55.8;-518.5,53.6
Building1|61.91|-509.7,49.9;-508.9,51.8;-517.6,55.5;-518.5,53.6
Building1|61.91|-515.6,49.1;-517.2,48.3;-517.0,48.0;-515.4,48.7
Building1|61.91|-517.0,48.2;-517.4,48.0;-516.5,46.1;-516.1,46.3
Building1|61.91|-516.9,48.0;-517.1,48.0;-516.3,46.3;-516.1,46.4
Building1|61.91|-517.0,48.1;-517.2,48.0;-516.3,46.2;-516.1,46.3
Building1|61.91|-514.5,47.2;-515.2,48.8;-516.9,48.0;-516.1,46.4
Building1|61.91|-515.3,48.8;-516.9,48.1;-516.1,46.3;-514.5,47.1
Building1|61.91|-516.7,48.1;-516.9,48.0;-516.1,46.4;-516.0,46.5
Building1|61.91|-516.9,48.2;-517.2,48.0;-516.3,46.2;-516.0,46.3
Building1|61.91|-514.6,47.1;-516.2,46.3;-516.1,46.0;-514.5,46.8
Building1|61.91|-515.4,48.7;-516.9,48.0;-516.2,46.5;-514.6,47.2
Building1|61.91|-514.5,52.5;-511.8,51.3;-511.8,51.4;-514.5,52.6
Building1|61.91|-512.3,51.5;-512.2,51.7;-512.5,51.8;-512.5,51.6
Building1|61.91|-513.9,52.5;-514.0,52.3;-513.8,52.2;-513.7,52.3
Building1|61.91|-513.8,52.2;-513.7,52.2;-513.6,52.3;-513.7,52.3
Building1|61.91|-513.3,52.0;-513.2,52.0;-513.0,51.9;-513.0,51.9
Building1|61.91|-512.5,51.8;-512.6,51.8;-512.6,51.7;-512.5,51.6
Building1|61.91|-513.8,52.2;-513.7,52.2;-513.7,52.3;-513.7,52.4
Building1|61.91|-513.6,52.1;-513.5,52.1;-513.4,52.2;-513.5,52.3
Building1|61.91|-513.3,51.9;-513.1,51.8;-513.0,51.8;-513.3,51.9
Building1|61.91|-512.5,51.8;-512.5,51.8;-512.6,51.6;-512.5,51.6
Building1|61.91|-513.8,52.1;-512.5,51.5;-512.5,51.6;-513.8,52.2
Building1|61.91|-512.7,51.9;-512.8,51.9;-512.8,51.8;-512.7,51.7
Building1|61.91|-512.6,51.8;-512.7,51.9;-512.7,51.7;-512.6,51.7
Building1|61.91|-513.3,51.9;-513.3,52.0;-513.0,51.8;-513.0,51.8
Building1|61.91|-513.7,52.2;-513.6,52.1;-513.5,52.2;-513.6,52.3
Building1|61.91|-513.5,52.1;-512.8,51.8;-512.8,51.9;-513.4,52.2
Building1|61.91|-514.5,52.5;-511.8,51.3;-511.8,51.3;-514.5,52.6
Building1|61.91|-514.5,52.5;-511.8,51.3;-511.8,51.4;-514.5,52.6
Building1|61.91|-514.5,52.5;-511.9,51.3;-511.8,51.3;-514.5,52.5
Building1|61.91|-512.9,53.3;-513.2,52.5;-511.3,51.8;-511.1,52.6
Building1|61.91|-511.0,52.6;-513.0,53.3;-513.2,52.5;-511.3,51.8
Building1|61.91|-513.8,53.1;-513.8,53.2;-513.8,53.2;-513.9,53.1
Building1|61.91|-514.0,53.1;-513.9,53.3;-513.8,53.2;-513.9,53.1
Building1|61.91|-513.8,53.0;-513.5,53.4;-513.7,53.5;-514.0,53.1
Building1|61.91|-513.8,53.0;-513.5,53.4;-513.7,53.5;-514.0,53.1
Building1|61.91|-510.6,54.5;-510.6,56.3;-511.0,56.3;-510.9,54.5
Building1|61.91|-510.9,56.2;-510.9,56.4;-513.0,56.3;-512.9,56.1
Building1|61.91|-510.8,56.1;-510.9,56.5;-513.0,56.4;-512.9,56.0
Building1|61.91|-511.0,56.0;-511.0,56.2;-512.8,56.1;-512.8,55.9
Building1|61.91|-510.9,54.4;-511.0,56.2;-512.9,56.1;-512.8,54.3
Building1|61.91|-511.0,56.1;-511.0,56.3;-512.8,56.3;-512.8,56.1
Building1|61.91|-512.8,54.4;-512.8,56.2;-513.2,56.2;-513.1,54.4
Building1|61.91|-510.8,56.2;-510.9,56.6;-513.0,56.5;-513.0,56.1
Building1|61.91|-512.8,54.3;-512.8,56.1;-511.0,56.2;-510.9,54.3
Building1|61.91|-511.0,54.5;-511.1,56.2;-512.8,56.1;-512.7,54.4
Building1|61.91|-519.3,53.8;-519.2,53.8;-519.3,53.9;-519.3,53.8
Building1|61.91|-528.0,57.4;-528.0,57.5;-523.6,55.7;-523.7,55.6
Building1|61.91|-523.6,55.6;-523.6,55.7;-523.6,55.7;-523.7,55.6
Building1|61.91|-523.6,55.6;-523.6,55.7;-519.3,53.9;-519.3,53.8
Building1|61.91|-519.3,53.8;-519.2,53.8;-528.0,57.5;-528.1,57.4
Building1|61.91|-514.3,52.1;-513.7,53.5;-514.9,54.0;-515.5,52.6
Building1|61.91|-521.9,55.3;-521.3,56.7;-522.5,57.2;-523.1,55.8
Building1|61.91|-521.6,58.2;-520.5,59.5;-521.7,60.6;-522.8,59.4
Building1|61.91|-522.9,59.4;-521.7,60.8;-522.0,61.0;-523.2,59.7
Building1|61.91|-521.2,58.0;-520.1,59.3;-520.3,59.6;-521.5,58.2
Building1|61.91|-520.3,59.4;-520.0,59.7;-521.6,61.1;-521.9,60.8
Building1|61.91|-523.0,59.3;-521.8,60.7;-520.4,59.5;-521.6,58.1
Building1|61.91|-520.6,59.3;-520.4,59.5;-521.8,60.7;-521.9,60.5
Building1|61.91|-520.4,59.4;-520.3,59.6;-521.6,60.8;-521.8,60.6
Building1|61.91|-520.3,59.4;-520.2,59.5;-521.7,60.9;-521.9,60.8
Building1|61.91|-520.4,59.3;-520.1,59.6;-521.7,61.0;-522.0,60.7
Building1|61.91|-521.6,58.1;-520.4,59.4;-521.8,60.7;-523.0,59.3
Building1|61.91|-519.1,54.0;-519.3,53.6;-518.6,53.3;-518.5,53.7
Building1|61.91|-528.8,55.5;-530.6,51.4;-528.6,50.6;-526.9,54.7
Building1|61.91|-530.5,51.6;-530.5,51.4;-530.4,51.3;-530.3,51.5
Building1|61.91|-528.7,50.9;-528.8,50.7;-528.6,50.6;-528.6,50.8
Building1|61.91|-521.9,54.9;-522.9,52.7;-520.2,51.6;-519.2,53.8
Building1|61.91|-528.0,57.5;-528.8,55.5;-520.1,51.8;-519.3,53.8
Building1|61.91|-523.4,55.2;-523.9,53.8;-522.7,53.3;-522.1,54.7
Building1|61.91|-515.7,52.0;-516.3,50.6;-515.1,50.1;-514.5,51.5
Building1|61.91|-512.1,50.0;-512.2,50.1;-512.3,49.9;-512.2,49.9
Building1|61.91|-512.2,50.1;-512.3,50.1;-512.4,50.0;-512.3,49.9
Building1|61.91|-511.9,49.8;-511.9,49.9;-512.1,50.0;-512.2,49.9
Building1|61.91|-513.4,50.5;-513.3,50.5;-513.2,50.6;-513.3,50.6
Building1|61.91|-512.1,50.0;-512.1,50.0;-512.2,49.9;-512.1,49.9
Building1|61.91|-513.4,50.5;-513.3,50.5;-513.3,50.6;-513.3,50.6
Building1|61.91|-512.6,50.3;-512.6,50.2;-512.8,50.3;-512.8,50.4
Building1|61.91|-513.5,50.8;-513.6,50.6;-513.4,50.5;-513.3,50.6
Building1|61.91|-512.0,50.1;-513.3,50.8;-513.3,50.7;-512.0,50.0
Building1|61.91|-512.5,50.4;-512.8,50.5;-512.8,50.4;-512.6,50.3
Building1|61.91|-513.2,50.4;-513.1,50.4;-513.0,50.5;-513.1,50.5
Building1|61.91|-513.3,50.5;-513.2,50.4;-513.1,50.5;-513.2,50.6
Building1|61.91|-512.4,50.2;-513.0,50.5;-513.1,50.4;-512.4,50.0
Building1|61.91|-512.3,50.1;-512.4,50.2;-512.5,50.0;-512.4,50.0
Building1|61.91|-512.5,50.3;-512.6,50.3;-512.8,50.4;-512.8,50.5
Building1|61.91|-511.4,49.7;-514.0,51.0;-514.0,51.0;-511.4,49.6
Building1|61.91|-511.4,49.7;-514.0,51.0;-514.0,51.0;-511.4,49.7
Building1|61.91|-511.4,49.6;-514.0,51.0;-514.0,50.9;-511.4,49.6
Building1|61.91|-511.4,49.6;-514.0,51.0;-514.0,50.9;-511.4,49.6
Building1|61.91|-514.8,49.8;-512.9,49.0;-512.6,49.7;-514.5,50.5
Building1|61.91|-513.0,49.0;-512.7,49.7;-514.5,50.5;-514.8,49.7
Building1|61.91|-514.9,50.7;-515.0,50.6;-515.1,50.7;-514.9,50.8
Building1|61.91|-515.0,50.9;-515.4,50.6;-515.2,50.4;-514.9,50.7
Building1|61.91|-515.0,50.9;-515.4,50.6;-515.2,50.4;-514.9,50.7
Building1|61.91|-515.0,50.8;-515.1,50.7;-515.0,50.7;-515.0,50.7
Building1|61.91|-509.7,49.9;-509.8,49.8;-514.1,51.6;-514.0,51.7
Building1|61.91|-514.1,51.7;-514.1,51.6;-518.5,53.4;-518.4,53.5
Building1|61.91|-518.5,53.5;-518.5,53.4;-509.7,49.7;-509.7,49.8
Building1|61.91|-518.5,53.5;-518.5,53.4;-518.5,53.4;-518.4,53.5
Building1|61.91|-514.1,51.7;-514.1,51.6;-514.1,51.6;-514.0,51.7
Building1|61.91|-523.6,62.6;-523.5,62.8;-523.7,62.9;-523.8,62.7
Building1|61.91|-518.5,55.9;-518.5,56.0;-520.9,57.0;-521.0,56.9
Building1|61.91|-525.3,63.4;-525.3,63.5;-525.4,63.6;-525.5,63.4
Building1|61.91|-519.2,53.9;-518.4,55.8;-521.1,57.0;-521.9,55.0
Building1|61.91|-525.2,58.7;-523.5,62.8;-525.4,63.6;-527.2,59.5
Building1|61.91|-519.2,56.3;-519.2,56.5;-520.1,56.9;-520.2,56.7
Building1|61.91|-518.5,55.9;-518.5,56.0;-520.9,57.0;-521.0,56.9
Building1|61.91|-519.2,56.3;-519.2,56.5;-520.1,56.9;-520.2,56.7
Building1|61.91|-519.2,53.9;-518.4,55.8;-527.2,59.5;-528.0,57.6
Building1|61.91|-520.7,49.2;-520.7,49.3;-520.7,49.3;-520.8,49.2
Building1|61.91|-519.0,53.4;-520.8,49.2;-520.7,49.2;-519.0,53.4
Building1|61.91|-519.0,53.3;-519.0,53.4;-519.0,53.4;-519.0,53.3
Building1|61.91|-520.7,49.3;-519.0,53.3;-519.0,53.3;-520.7,49.3
Building1|61.91|-522.4,54.2;-522.3,54.3;-522.5,54.4;-522.6,54.3
Building1|61.91|-523.8,54.9;-523.8,54.9;-523.7,55.0;-523.8,55.0
Building1|61.91|-522.5,54.4;-522.5,54.4;-522.6,54.3;-522.6,54.3
Building1|61.91|-522.8,54.6;-523.4,54.9;-523.5,54.7;-522.9,54.4
Building1|61.91|-522.6,54.5;-522.7,54.5;-522.8,54.4;-522.7,54.4
Building1|61.91|-524.0,55.1;-524.0,55.0;-523.8,54.9;-523.7,55.0
Building1|61.91|-522.5,54.4;-522.6,54.5;-522.7,54.4;-522.6,54.3
Building1|61.91|-523.8,54.9;-523.7,54.8;-523.6,55.0;-523.7,55.0
Building1|61.91|-522.4,54.5;-523.8,55.1;-523.8,55.1;-522.5,54.5
Building1|61.91|-523.6,54.8;-523.5,54.7;-523.4,54.9;-523.5,54.9
Building1|61.91|-523.0,54.7;-523.0,54.6;-523.3,54.7;-523.3,54.8
Building1|61.91|-522.7,54.5;-522.8,54.6;-522.9,54.4;-522.8,54.4
Building1|61.91|-523.0,54.7;-523.0,54.7;-523.3,54.8;-523.2,54.9
Building1|61.91|-523.0,54.8;-523.2,54.9;-523.2,54.8;-523.0,54.7
Building1|61.91|-523.7,54.8;-523.6,54.8;-523.5,54.9;-523.6,55.0
Building1|61.91|-521.8,54.1;-524.5,55.4;-524.5,55.3;-521.8,54.0
Building1|61.91|-521.8,54.1;-524.4,55.4;-524.4,55.4;-521.8,54.1
Building1|61.91|-521.8,54.1;-524.4,55.4;-524.5,55.3;-521.8,54.1
Building1|61.91|-521.8,54.1;-524.5,55.4;-524.5,55.3;-521.8,54.0
Building1|61.91|-525.2,54.1;-523.3,53.4;-523.0,54.1;-525.0,54.8
Building1|61.91|-523.3,53.4;-523.1,54.1;-524.9,54.8;-525.2,54.1
Building1|61.91|-525.8,55.0;-526.1,54.7;-526.0,54.5;-525.6,54.8
Building1|61.91|-525.6,54.8;-525.8,54.7;-525.8,54.8;-525.7,54.9
Building1|61.91|-525.8,55.0;-526.1,54.7;-526.0,54.5;-525.6,54.8
Building1|61.91|-525.8,54.9;-525.8,54.8;-525.8,54.8;-525.8,54.9
Building1|61.91|-522.8,55.9;-522.7,56.0;-522.9,56.1;-523.0,56.0
Building1|61.91|-524.3,56.9;-524.4,56.8;-524.2,56.6;-524.1,56.8
Building1|61.91|-523.0,56.2;-523.1,56.2;-523.2,56.1;-523.1,56.1
Building1|61.91|-523.7,56.3;-523.5,56.2;-523.5,56.2;-523.7,56.3
Building1|61.91|-523.9,56.5;-523.3,56.2;-523.2,56.3;-523.8,56.6
Building1|61.91|-524.2,56.7;-524.2,56.6;-524.1,56.8;-524.1,56.8
Building1|61.91|-523.7,56.3;-523.7,56.4;-523.5,56.2;-523.5,56.2
Building1|61.91|-522.9,56.1;-522.9,56.2;-523.0,56.0;-523.0,56.0
Building1|61.91|-524.3,56.6;-523.0,55.9;-522.9,55.9;-524.2,56.6
Building1|61.91|-523.7,56.4;-523.7,56.4;-523.4,56.3;-523.5,56.3
Building1|61.91|-523.1,56.2;-523.2,56.3;-523.3,56.2;-523.2,56.1
Building1|61.91|-524.2,56.6;-524.1,56.6;-524.0,56.7;-524.1,56.8
Building1|61.91|-524.1,56.6;-524.0,56.5;-523.9,56.7;-524.0,56.7
Building1|61.91|-522.9,56.1;-523.0,56.2;-523.1,56.1;-523.0,56.0
Building1|61.91|-524.0,56.5;-523.9,56.5;-523.8,56.6;-523.9,56.7
Building1|61.91|-524.9,57.0;-522.3,55.6;-522.2,55.7;-524.9,57.1
Building1|61.91|-524.9,57.0;-522.3,55.6;-522.3,55.6;-524.9,57.0
Building1|61.91|-524.9,57.0;-522.3,55.6;-522.3,55.7;-524.9,57.1
Building1|61.91|-524.9,57.0;-522.3,55.6;-522.2,55.7;-524.9,57.1
Building1|61.91|-521.4,56.9;-523.3,57.7;-523.6,56.9;-521.8,56.2
Building1|61.91|-523.3,57.7;-523.6,56.9;-521.8,56.2;-521.5,56.9
Building1|61.91|-521.0,56.1;-520.7,56.5;-520.9,56.6;-521.2,56.2
Building1|61.91|-521.2,56.2;-521.1,56.3;-521.0,56.3;-521.1,56.1
Building1|61.91|-521.0,56.1;-520.7,56.5;-520.9,56.6;-521.2,56.2
Building1|61.91|-521.0,56.1;-521.0,56.2;-521.0,56.2;-521.1,56.2
Building1|61.91|-516.3,59.9;-517.0,58.2;-517.0,58.2;-516.3,59.9
Building1|61.91|-516.3,59.8;-516.3,59.9;-516.3,59.9;-516.3,59.8
Building1|61.91|-517.0,58.2;-516.9,58.3;-517.0,58.3;-517.0,58.2
Building1|61.91|-516.9,58.3;-516.3,59.8;-516.3,59.8;-517.0,58.3
Building1|61.91|-520.8,49.1;-521.5,47.4;-521.5,47.4;-520.8,49.1
Building1|61.91|-521.5,47.4;-521.4,47.5;-521.5,47.5;-521.5,47.4
Building1|61.91|-520.8,49.0;-520.8,49.1;-520.8,49.1;-520.8,49.1
Building1|61.91|-521.4,47.5;-520.8,49.0;-520.8,49.1;-521.5,47.5
Building1|61.91|-519.2,51.5;-519.3,51.4;-516.8,50.3;-516.7,50.4
Building1|61.91|-512.5,48.6;-514.2,44.5;-512.3,43.7;-510.6,47.8
Building1|61.91|-518.5,53.4;-519.3,51.5;-510.6,47.8;-509.8,49.8
Building1|61.91|-518.5,51.0;-518.6,50.9;-517.6,50.5;-517.6,50.7
Building1|61.91|-518.5,51.0;-518.6,50.9;-517.6,50.5;-517.6,50.7
Building1|61.91|-512.4,44.0;-512.5,43.8;-512.3,43.7;-512.2,43.9
Building1|61.91|-514.1,44.7;-514.2,44.5;-514.0,44.5;-514.0,44.6
Building1|61.91|-519.2,51.5;-519.3,51.4;-516.8,50.3;-516.7,50.4
Building1|61.91|-518.5,53.4;-519.3,51.5;-516.7,50.4;-515.8,52.3
Building1|61.91|-528.0,57.4;-528.0,57.5;-528.0,57.5;-528.1,57.4
Building1|61.91|-509.7,49.9;-509.8,49.8;-509.7,49.7;-509.7,49.8
Building1|61.91|-508.3,76.3;-509.0,74.6;-510.7,75.3;-510.0,77.0
Building1|61.91|-510.0,77.0;-510.7,75.3;-509.0,74.5;-508.2,76.2
Building1|61.91|-508.4,76.1;-509.0,74.5;-508.7,74.3;-508.0,76.0
Building1|61.91|-510.8,75.5;-510.9,75.1;-509.0,74.3;-508.8,74.6
Building1|61.91|-510.6,75.5;-510.7,75.3;-509.0,74.6;-509.0,74.8
Building1|61.91|-510.4,77.0;-511.1,75.3;-510.7,75.2;-510.1,76.8
Building1|61.91|-510.8,75.3;-511.0,75.0;-509.1,74.1;-508.9,74.5
Building1|61.91|-510.7,75.3;-510.7,75.1;-509.1,74.4;-509.0,74.6
Building1|61.91|-510.8,75.3;-510.9,75.1;-509.0,74.3;-508.9,74.5
Building1|61.91|-510.0,76.8;-510.6,75.3;-509.1,74.6;-508.4,76.2
Building1|61.91|-509.8,84.7;-511.5,85.4;-510.8,87.1;-509.1,86.4
Building1|61.91|-509.1,86.8;-510.8,87.5;-510.9,87.2;-509.3,86.5
Building1|61.91|-510.0,84.8;-511.6,85.5;-511.8,85.2;-510.1,84.5
Building1|61.91|-510.6,87.2;-511.0,87.4;-511.8,85.4;-511.4,85.3
Building1|61.91|-510.8,87.1;-511.0,87.2;-511.6,85.5;-511.5,85.5
Building1|61.91|-509.1,86.4;-510.8,87.2;-511.5,85.4;-509.8,84.7
Building1|61.91|-510.8,87.3;-511.1,87.4;-511.9,85.5;-511.6,85.3
Building1|61.91|-510.6,87.0;-510.8,87.1;-511.5,85.5;-511.3,85.4
Building1|61.91|-510.8,87.2;-511.0,87.3;-511.7,85.4;-511.6,85.3
Building1|61.91|-509.3,86.4;-510.8,87.1;-511.5,85.5;-509.9,84.9
Building1|61.91|-508.3,88.3;-510.0,89.0;-509.3,90.7;-507.6,90.0
Building1|61.91|-507.6,90.4;-509.3,91.1;-509.4,90.8;-507.8,90.1
Building1|61.91|-509.2,90.9;-509.6,91.0;-510.4,89.1;-510.1,88.9
Building1|61.91|-507.6,90.0;-509.3,90.8;-510.0,89.0;-508.3,88.3
Building1|61.91|-508.5,88.4;-510.1,89.1;-510.3,88.7;-508.6,88.1
Building1|61.91|-509.1,90.8;-509.5,91.0;-510.3,89.0;-509.9,88.9
Building1|61.91|-509.1,90.6;-509.3,90.7;-510.0,89.1;-509.8,89.0
Building1|61.91|-509.3,90.7;-509.4,90.8;-510.1,89.1;-509.9,89.1
Building1|61.91|-509.3,90.8;-509.4,90.9;-510.2,89.0;-510.1,88.9
Building1|61.91|-507.8,90.0;-509.3,90.7;-510.0,89.1;-508.4,88.5
Building1|61.91|-503.8,80.0;-502.1,79.3;-502.8,77.6;-504.5,78.3
Building1|61.91|-503.7,80.0;-502.0,79.3;-501.9,79.6;-503.5,80.3
Building1|61.91|-502.9,77.6;-502.7,77.6;-502.0,79.2;-502.2,79.3
Building1|61.91|-502.9,77.5;-502.5,77.3;-501.7,79.3;-502.1,79.4
Building1|61.91|-503.0,77.7;-502.8,77.6;-502.1,79.3;-502.3,79.4
Building1|61.91|-504.5,77.9;-502.9,77.2;-502.7,77.6;-504.4,78.3
Building1|61.91|-504.6,78.3;-502.9,77.6;-502.1,79.3;-503.8,80.1
Building1|61.91|-503.0,77.5;-502.7,77.4;-501.9,79.3;-502.2,79.5
Building1|61.91|-502.9,77.5;-502.7,77.4;-501.9,79.3;-502.1,79.4
Building1|61.91|-504.4,78.3;-502.8,77.7;-502.2,79.2;-503.7,79.9
Building1|61.91|-500.8,87.1;-499.1,86.4;-499.8,84.8;-501.5,85.5
Building1|61.91|-499.9,84.6;-499.5,84.4;-498.7,86.4;-499.0,86.5
Building1|61.91|-499.8,84.8;-499.7,84.7;-499.0,86.3;-499.2,86.4
Building1|61.91|-500.0,84.8;-499.8,84.8;-499.1,86.4;-499.3,86.5
Building1|61.91|-500.0,84.7;-499.6,84.5;-498.8,86.4;-499.2,86.6
Building1|61.91|-499.8,84.6;-499.7,84.6;-498.9,86.5;-499.0,86.5
Building1|61.91|-500.6,87.1;-499.0,86.4;-498.8,86.7;-500.5,87.4
Building1|61.91|-501.5,85.4;-499.8,84.7;-499.1,86.5;-500.8,87.2
Building1|61.91|-501.5,85.1;-499.8,84.4;-499.7,84.7;-501.3,85.4
Building1|61.91|-501.3,85.5;-499.8,84.8;-499.1,86.4;-500.7,87.0
Building1|61.91|-506.0,92.9;-512.2,78.1;-505.9,75.5;-499.7,90.2
Building1|61.91|-505.4,90.4;-505.8,92.2;-506.2,92.2;-505.8,90.3
Building1|61.91|-501.7,88.6;-500.1,89.6;-500.3,89.9;-501.9,88.9
Building1|61.91|-505.7,92.3;-511.6,78.4;-506.2,76.1;-500.3,90.0
Building1|61.91|-510.2,79.8;-511.8,78.8;-511.6,78.4;-510.0,79.4
Building1|61.91|-506.5,78.0;-506.1,78.1;-505.7,76.2;-506.1,76.1
Building1|61.91|-511.3,81.2;-513.0,81.9;-512.3,83.6;-510.6,82.9
Building1|61.91|-512.1,83.7;-512.5,83.8;-513.3,81.9;-512.9,81.7
Building1|61.91|-512.3,83.7;-512.4,83.8;-513.2,81.9;-513.1,81.8
Building1|61.91|-512.2,83.7;-512.6,83.9;-513.4,81.9;-513.1,81.8
Building1|61.91|-510.6,83.3;-512.3,84.0;-512.4,83.6;-510.8,82.9
Building1|61.91|-512.3,83.6;-512.4,83.6;-513.1,82.0;-512.9,81.9
Building1|61.91|-511.5,81.2;-513.1,81.9;-513.3,81.6;-511.6,80.9
Building1|61.91|-510.6,82.9;-512.3,83.6;-513.0,81.8;-511.3,81.1
Building1|61.91|-512.1,83.5;-512.3,83.6;-513.0,81.9;-512.8,81.8
Building1|61.91|-510.8,82.9;-512.3,83.5;-513.0,82.0;-511.4,81.3
Building1|61.91|-502.3,83.6;-500.6,82.9;-501.3,81.2;-503.0,81.9
Building1|61.91|-501.4,81.2;-501.2,81.1;-500.5,82.8;-500.7,82.8
Building1|61.91|-503.0,81.5;-501.4,80.8;-501.2,81.1;-502.9,81.8
Building1|61.91|-501.5,81.3;-501.3,81.2;-500.7,82.8;-500.8,82.9
Building1|61.91|-503.1,81.9;-501.4,81.1;-500.6,82.9;-502.3,83.6
Building1|61.91|-502.2,83.5;-500.5,82.8;-500.4,83.1;-502.0,83.8
Building1|61.91|-501.4,81.0;-501.0,80.9;-500.2,82.8;-500.6,83.0
Building1|61.91|-501.5,81.1;-501.2,80.9;-500.4,82.9;-500.7,83.0
Building1|61.91|-501.4,81.1;-501.2,81.0;-500.4,82.9;-500.6,83.0
Building1|61.91|-502.9,81.9;-501.3,81.2;-500.7,82.8;-502.2,83.4
Building1|61.91|-568.7,-61.5;-568.6,-61.3;-569.5,-60.9;-569.6,-61.1
Building1|61.91|-568.7,-61.5;-568.6,-61.3;-569.5,-60.9;-569.6,-61.1
Building1|61.91|-574.8,-54.4;-574.7,-54.2;-574.9,-54.1;-575.0,-54.3
Building1|61.91|-573.0,-55.1;-572.9,-54.9;-573.1,-54.9;-573.2,-55.1
Building1|61.91|-574.7,-59.1;-572.9,-54.9;-574.9,-54.1;-576.6,-58.2
Building1|61.91|-567.9,-61.9;-567.9,-61.8;-570.4,-60.7;-570.4,-60.8
Building1|61.91|-567.9,-61.9;-567.9,-61.8;-570.4,-60.7;-570.4,-60.8
Building1|61.91|-568.7,-63.9;-567.8,-61.9;-570.5,-60.8;-571.3,-62.7
Building1|61.91|-568.7,-63.9;-567.8,-61.9;-576.6,-58.2;-577.4,-60.2
Building1|61.91|-577.4,-60.3;-577.4,-60.2;-577.5,-60.2;-577.5,-60.3
Building1|61.91|-565.7,-57.9;-566.5,-59.6;-566.4,-59.6;-565.7,-57.9
Building1|61.91|-565.7,-58.0;-565.7,-57.9;-565.7,-57.9;-565.8,-58.0
Building1|61.91|-566.4,-59.6;-566.4,-59.5;-566.4,-59.5;-566.5,-59.6
Building1|61.91|-566.4,-59.5;-565.7,-58.0;-565.8,-58.0;-566.4,-59.5
Building1|61.91|-567.9,-64.2;-568.0,-64.3;-559.1,-68.0;-559.1,-67.9
Building1|61.91|-563.5,-66.1;-563.6,-66.2;-567.9,-64.3;-567.9,-64.2
Building1|61.91|-567.9,-64.2;-568.0,-64.3;-567.9,-64.3;-567.9,-64.2
Building1|61.91|-559.2,-67.9;-559.2,-68.0;-563.5,-66.2;-563.5,-66.1
Building1|61.91|-563.5,-66.1;-563.6,-66.2;-563.5,-66.2;-563.5,-66.1
Building1|61.91|-566.4,-69.6;-566.8,-69.8;-565.9,-71.7;-565.5,-71.5
Building1|61.91|-566.2,-69.7;-566.3,-69.8;-565.6,-71.4;-565.4,-71.3
Building1|61.91|-565.0,-68.7;-566.6,-69.5;-566.5,-69.8;-564.9,-69.0
Building1|61.91|-566.3,-69.5;-566.7,-69.7;-565.8,-71.6;-565.4,-71.4
Building1|61.91|-564.1,-70.7;-565.7,-71.4;-565.5,-71.8;-563.9,-71.0
Building1|61.91|-566.4,-69.6;-566.6,-69.7;-565.7,-71.6;-565.5,-71.5
Building1|61.91|-566.3,-69.7;-566.5,-69.8;-565.7,-71.4;-565.5,-71.3
Building1|61.91|-563.9,-70.6;-564.7,-68.9;-566.4,-69.7;-565.6,-71.4
Building1|61.91|-564.7,-68.9;-566.4,-69.7;-565.6,-71.4;-563.9,-70.6
Building1|61.91|-564.8,-69.1;-566.3,-69.8;-565.6,-71.3;-564.1,-70.6
Building1|61.91|-577.4,-60.3;-577.4,-60.2;-573.1,-62.1;-573.1,-62.1
Building1|61.91|-573.1,-62.2;-573.0,-62.1;-573.1,-62.1;-573.1,-62.1
Building1|61.91|-568.7,-64.0;-568.7,-63.9;-577.5,-60.2;-577.5,-60.3
Building1|61.91|-573.1,-62.2;-573.0,-62.1;-568.7,-63.9;-568.7,-64.0
Building1|61.91|-568.7,-64.0;-568.7,-63.9;-568.7,-63.9;-568.7,-64.0
Building1|61.91|-560.4,-63.3;-560.5,-61.6;-562.2,-61.7;-562.1,-63.3
Building1|61.91|-560.3,-61.6;-560.3,-61.4;-562.4,-61.4;-562.4,-61.6
Building1|61.91|-560.5,-61.6;-560.5,-61.4;-562.2,-61.5;-562.2,-61.7
Building1|61.91|-560.0,-63.2;-560.1,-61.4;-560.4,-61.4;-560.4,-63.2
Building1|61.91|-562.2,-63.3;-562.3,-61.5;-562.6,-61.5;-562.6,-63.3
Building1|61.91|-560.3,-61.5;-560.3,-61.1;-562.4,-61.2;-562.4,-61.6
Building1|61.91|-560.3,-61.7;-560.3,-61.3;-562.4,-61.4;-562.4,-61.8
Building1|61.91|-560.5,-61.8;-560.5,-61.6;-562.2,-61.6;-562.2,-61.8
Building1|61.91|-560.3,-63.4;-560.4,-61.6;-562.3,-61.6;-562.2,-63.5
Building1|61.91|-562.2,-63.5;-562.3,-61.6;-560.5,-61.6;-560.4,-63.4
Building1|61.91|-580.0,-66.5;-579.3,-64.8;-579.4,-64.8;-580.1,-66.5
Building1|61.91|-579.4,-64.9;-580.1,-66.4;-580.0,-66.4;-579.4,-64.9
Building1|61.91|-579.4,-64.8;-579.4,-64.9;-579.4,-64.9;-579.3,-64.8
Building1|61.91|-580.0,-66.4;-580.1,-66.5;-580.0,-66.5;-580.0,-66.4
Building1|61.91|-575.5,-55.8;-574.8,-54.1;-574.9,-54.0;-575.6,-55.7
Building1|61.91|-574.9,-54.1;-575.5,-55.7;-575.5,-55.7;-574.9,-54.1
Building1|61.91|-575.5,-55.7;-575.6,-55.7;-575.5,-55.8;-575.5,-55.7
Building1|61.91|-574.9,-54.0;-574.9,-54.1;-574.9,-54.2;-574.8,-54.1
Building1|61.91|-575.6,-55.9;-575.6,-55.8;-575.6,-55.8;-575.6,-55.9
Building1|61.91|-577.5,-60.3;-579.3,-64.6;-579.3,-64.7;-577.4,-60.3
Building1|61.91|-577.4,-60.2;-575.6,-55.9;-575.6,-55.9;-577.5,-60.2
Building1|61.91|-579.3,-64.6;-579.4,-64.7;-579.3,-64.8;-579.3,-64.7
Building1|61.91|-579.3,-64.8;-575.6,-55.8;-575.6,-55.8;-579.4,-64.7
Building1|61.91|-570.6,-61.6;-570.5,-61.4;-570.4,-61.5;-570.5,-61.6
Building1|61.91|-570.4,-61.7;-570.2,-61.3;-570.4,-61.2;-570.6,-61.6
Building1|61.91|-570.4,-61.7;-570.2,-61.3;-570.4,-61.2;-570.6,-61.6
Building1|61.91|-570.4,-61.6;-570.4,-61.5;-570.5,-61.5;-570.5,-61.6
Building1|61.91|-574.3,-60.8;-571.8,-62.1;-571.7,-62.1;-574.3,-60.8
Building1|61.91|-573.6,-61.1;-573.5,-61.2;-573.5,-61.0;-573.6,-61.0
Building1|61.91|-573.2,-61.5;-572.9,-61.6;-572.9,-61.5;-573.2,-61.4
Building1|61.91|-572.4,-61.6;-572.5,-61.6;-572.5,-61.7;-572.4,-61.7
Building1|61.91|-573.5,-61.2;-573.4,-61.2;-573.4,-61.1;-573.5,-61.0
Building1|61.91|-573.4,-61.2;-573.3,-61.3;-573.3,-61.1;-573.4,-61.1
Building1|61.91|-573.2,-61.4;-573.1,-61.4;-572.9,-61.5;-572.9,-61.6
Building1|61.91|-573.3,-61.3;-572.7,-61.6;-572.6,-61.5;-573.3,-61.1
Building1|61.91|-572.3,-61.6;-572.4,-61.6;-572.4,-61.7;-572.4,-61.8
Building1|61.91|-573.1,-61.4;-573.1,-61.3;-572.9,-61.5;-572.9,-61.5
Building1|61.91|-572.5,-61.5;-572.6,-61.5;-572.7,-61.6;-572.6,-61.6
Building1|61.91|-573.6,-61.1;-573.6,-61.1;-573.5,-61.0;-573.6,-61.0
Building1|61.91|-572.2,-61.9;-572.1,-61.7;-572.4,-61.6;-572.4,-61.7
Building1|61.91|-573.7,-61.2;-572.4,-61.9;-572.4,-61.8;-573.7,-61.1
Building1|61.91|-572.5,-61.6;-572.6,-61.5;-572.6,-61.6;-572.5,-61.7
Building1|61.91|-573.8,-60.9;-573.8,-61.0;-573.6,-61.1;-573.6,-61.0
Building1|61.91|-574.3,-60.8;-571.7,-62.1;-571.7,-62.1;-574.3,-60.7
Building1|61.91|-574.4,-60.7;-571.7,-62.1;-571.7,-62.0;-574.3,-60.7
Building1|61.91|-574.4,-60.7;-571.7,-62.1;-571.7,-62.0;-574.3,-60.7
Building1|61.91|-570.9,-60.9;-572.8,-60.1;-573.1,-60.8;-571.2,-61.6
Building1|61.91|-572.7,-60.1;-573.1,-60.8;-571.2,-61.6;-570.9,-60.9
Building1|61.91|-568.4,-64.3;-570.2,-68.6;-570.2,-68.6;-568.4,-64.3
Building1|61.91|-570.1,-68.5;-568.4,-64.4;-568.5,-64.4;-570.2,-68.5
Building1|61.91|-568.4,-64.4;-568.4,-64.3;-568.4,-64.3;-568.5,-64.4
Building1|61.91|-570.2,-68.6;-570.1,-68.5;-570.2,-68.5;-570.2,-68.6
Building1|61.91|-560.8,-68.1;-563.4,-66.7;-563.5,-66.8;-560.8,-68.2
Building1|61.91|-561.5,-67.7;-561.6,-67.7;-561.7,-67.8;-561.6,-67.9
Building1|61.91|-562.8,-67.2;-562.8,-67.3;-562.7,-67.1;-562.8,-67.1
Building1|61.91|-562.0,-67.4;-562.2,-67.3;-562.2,-67.3;-562.0,-67.5
Building1|61.91|-562.7,-67.3;-562.6,-67.4;-562.5,-67.2;-562.6,-67.2
Building1|61.91|-561.7,-67.7;-561.8,-67.6;-561.9,-67.7;-561.8,-67.8
Building1|61.91|-562.0,-67.5;-562.0,-67.5;-562.3,-67.4;-562.3,-67.4
Building1|61.91|-561.5,-67.7;-562.8,-67.0;-562.8,-67.0;-561.5,-67.7
Building1|61.91|-562.0,-67.4;-562.0,-67.5;-562.3,-67.4;-562.2,-67.3
Building1|61.91|-563.0,-67.0;-563.0,-67.1;-562.8,-67.3;-562.7,-67.1
Building1|61.91|-562.6,-67.4;-562.5,-67.4;-562.4,-67.3;-562.5,-67.2
Building1|61.91|-561.4,-68.0;-561.3,-67.9;-561.5,-67.8;-561.6,-67.9
Building1|61.91|-561.5,-67.8;-561.6,-67.7;-561.6,-67.9;-561.6,-67.9
Building1|61.91|-562.8,-67.3;-562.7,-67.3;-562.6,-67.2;-562.7,-67.1
Building1|61.91|-561.6,-67.7;-561.7,-67.6;-561.8,-67.8;-561.7,-67.8
Building1|61.91|-561.8,-67.6;-562.4,-67.3;-562.5,-67.4;-561.9,-67.7
Building1|61.91|-560.8,-68.1;-563.4,-66.7;-563.5,-66.8;-560.8,-68.2
Building1|61.91|-560.8,-68.1;-563.4,-66.7;-563.4,-66.7;-560.8,-68.1
Building1|61.91|-560.8,-68.1;-563.4,-66.7;-563.4,-66.8;-560.9,-68.2
Building1|61.91|-564.4,-66.9;-564.8,-67.2;-564.7,-67.4;-564.3,-67.1
Building1|61.91|-564.3,-67.1;-564.4,-67.2;-564.5,-67.1;-564.4,-67.0
Building1|61.91|-564.4,-66.9;-564.8,-67.2;-564.7,-67.4;-564.3,-67.1
Building1|61.91|-564.4,-67.0;-564.5,-67.0;-564.5,-67.1;-564.4,-67.0
Building1|61.91|-564.3,-68.0;-562.4,-68.8;-562.1,-68.1;-564.0,-67.3
Building1|61.91|-562.4,-68.8;-562.1,-68.0;-563.9,-67.3;-564.3,-68.0
Building1|61.91|-574.7,-63.7;-572.8,-64.4;-572.5,-63.6;-574.4,-62.9
Building1|61.91|-572.8,-64.4;-572.5,-63.6;-574.4,-62.9;-574.7,-63.7
Building1|61.91|-573.0,-63.0;-572.9,-63.0;-572.9,-62.9;-573.0,-62.8
Building1|61.91|-573.4,-62.6;-573.5,-62.8;-573.2,-62.9;-573.2,-62.7
Building1|61.91|-571.8,-63.6;-571.7,-63.4;-572.0,-63.3;-572.0,-63.4
Building1|61.91|-572.4,-63.0;-572.4,-63.1;-572.7,-63.0;-572.7,-62.9
Building1|61.91|-572.1,-63.3;-572.2,-63.2;-572.2,-63.4;-572.1,-63.4
Building1|61.91|-572.2,-63.2;-572.3,-63.2;-572.3,-63.3;-572.2,-63.4
Building1|61.91|-571.9,-63.2;-573.2,-62.6;-573.2,-62.7;-571.9,-63.3
Building1|61.91|-573.2,-62.9;-573.1,-62.9;-573.1,-62.8;-573.2,-62.7
Building1|61.91|-572.0,-63.3;-572.1,-63.3;-572.1,-63.4;-572.0,-63.4
Building1|61.91|-571.9,-63.3;-572.0,-63.3;-572.0,-63.4;-572.0,-63.5
Building1|61.91|-572.3,-63.2;-572.9,-62.9;-573.0,-63.0;-572.3,-63.3
Building1|61.91|-572.4,-63.0;-572.7,-62.9;-572.7,-62.9;-572.4,-63.0
Building1|61.91|-572.5,-63.1;-572.5,-63.1;-572.7,-63.0;-572.7,-63.0
Building1|61.91|-573.3,-62.9;-573.2,-62.9;-573.2,-62.8;-573.2,-62.7
Building1|61.91|-573.1,-62.9;-573.0,-63.0;-573.0,-62.8;-573.1,-62.8
Building1|61.91|-571.2,-63.6;-573.9,-62.4;-573.9,-62.4;-571.2,-63.6
Building1|61.91|-571.2,-63.6;-573.9,-62.4;-573.9,-62.5;-571.3,-63.7
Building1|61.91|-571.2,-63.6;-573.9,-62.4;-573.9,-62.5;-571.3,-63.7
Building1|61.91|-571.2,-63.6;-573.9,-62.4;-573.9,-62.5;-571.3,-63.7
Building1|61.91|-575.3,-62.8;-575.6,-63.1;-575.4,-63.3;-575.1,-62.9
Building1|61.91|-575.3,-62.8;-575.6,-63.1;-575.4,-63.3;-575.1,-62.9
Building1|61.91|-575.1,-62.9;-575.2,-63.1;-575.3,-63.0;-575.2,-62.9
Building1|61.91|-575.2,-62.9;-575.3,-62.9;-575.2,-63.0;-575.2,-62.9
Building1|61.91|-560.5,-65.2;-562.4,-64.5;-562.7,-65.2;-560.7,-65.9
Building1|61.91|-562.4,-64.5;-562.6,-65.2;-560.8,-65.9;-560.5,-65.2
Building1|61.91|-563.3,-64.7;-563.2,-64.6;-563.3,-64.6;-563.3,-64.6
Building1|61.91|-563.2,-64.8;-563.0,-64.4;-563.2,-64.2;-563.4,-64.6
Building1|61.91|-563.4,-64.6;-563.3,-64.5;-563.2,-64.5;-563.3,-64.7
Building1|61.91|-563.2,-64.8;-563.0,-64.4;-563.2,-64.2;-563.4,-64.6
Building1|61.91|-563.4,-65.3;-563.4,-65.4;-563.2,-65.5;-563.1,-65.4
Building1|61.91|-561.8,-66.2;-561.7,-66.1;-561.9,-66.0;-562.0,-66.1
Building1|61.91|-562.1,-65.9;-562.2,-65.9;-562.3,-66.0;-562.2,-66.0
Building1|61.91|-563.1,-65.6;-563.0,-65.6;-562.9,-65.5;-563.0,-65.5
Building1|61.91|-562.7,-65.8;-562.7,-65.7;-562.4,-65.9;-562.5,-65.9
Building1|61.91|-562.9,-65.7;-562.3,-66.0;-562.2,-65.9;-562.8,-65.6
Building1|61.91|-561.9,-66.0;-562.0,-65.9;-562.1,-66.1;-562.0,-66.1
Building1|61.91|-563.2,-65.5;-563.2,-65.6;-563.1,-65.4;-563.2,-65.4
Building1|61.91|-563.2,-65.5;-563.1,-65.6;-563.0,-65.5;-563.1,-65.4
Building1|61.91|-562.7,-65.8;-562.7,-65.8;-562.5,-65.9;-562.5,-66.0
Building1|61.91|-562.0,-65.9;-562.1,-65.9;-562.2,-66.0;-562.1,-66.1
Building1|61.91|-561.9,-66.0;-561.9,-66.0;-562.0,-66.1;-562.0,-66.1
Building1|61.91|-562.7,-65.9;-562.5,-66.0;-562.5,-65.9;-562.7,-65.8
Building1|61.91|-563.3,-65.6;-561.9,-66.3;-561.9,-66.2;-563.3,-65.6
Building1|61.91|-563.0,-65.6;-562.9,-65.7;-562.8,-65.6;-562.9,-65.5
Building1|61.91|-563.9,-65.2;-561.3,-66.5;-561.3,-66.4;-563.9,-65.2
Building1|61.91|-563.9,-65.2;-561.3,-66.5;-561.2,-66.4;-563.9,-65.1
Building1|61.91|-563.9,-65.3;-561.3,-66.5;-561.3,-66.5;-563.9,-65.2
Building1|61.91|-563.9,-65.2;-561.3,-66.5;-561.2,-66.4;-563.9,-65.1
Building1|61.91|-578.2,-66.9;-578.3,-67.1;-578.1,-67.2;-578.0,-67.0
Building1|61.91|-578.3,-62.2;-580.0,-66.3;-578.1,-67.2;-576.3,-63.1
Building1|61.91|-579.9,-66.2;-580.0,-66.4;-579.8,-66.4;-579.7,-66.3
Building1|61.91|-577.5,-60.3;-578.3,-62.2;-569.5,-65.9;-568.7,-64.0
Building1|61.91|-571.4,-62.9;-572.3,-65.1;-569.6,-66.2;-568.7,-64.0
Building1|61.91|-556.6,-61.7;-557.3,-63.4;-557.2,-63.4;-556.5,-61.7
Building1|61.91|-556.6,-61.8;-556.5,-61.7;-556.6,-61.7;-556.6,-61.8
Building1|61.91|-557.2,-63.4;-557.2,-63.4;-557.2,-63.3;-557.3,-63.4
Building1|61.91|-557.2,-63.4;-556.6,-61.8;-556.6,-61.8;-557.2,-63.3
Building1|61.91|-561.0,-72.3;-561.1,-72.4;-561.0,-72.4;-561.0,-72.3
Building1|61.91|-561.1,-72.5;-561.8,-74.2;-561.7,-74.2;-561.0,-72.5
Building1|61.91|-561.1,-72.6;-561.0,-72.5;-561.1,-72.5;-561.1,-72.6
Building1|61.91|-561.7,-74.2;-561.7,-74.1;-561.8,-74.1;-561.8,-74.2
Building1|61.91|-561.7,-74.1;-561.1,-72.6;-561.1,-72.6;-561.7,-74.1
Building1|61.91|-559.1,-67.9;-557.3,-63.6;-557.3,-63.6;-559.2,-67.9
Building1|61.91|-557.3,-63.5;-561.1,-72.4;-561.0,-72.4;-557.3,-63.5
Building1|61.91|-559.2,-68.0;-561.0,-72.3;-561.0,-72.3;-559.1,-68.0
Building1|61.91|-557.3,-63.6;-557.3,-63.5;-557.3,-63.5;-557.3,-63.6
Building1|61.91|-563.6,-73.0;-563.7,-73.2;-563.5,-73.3;-563.4,-73.1
Building1|61.91|-568.7,-66.3;-568.7,-66.4;-566.2,-67.4;-566.2,-67.3
Building1|61.91|-568.0,-64.3;-568.8,-66.3;-560.0,-69.9;-559.2,-68.0
Building1|61.91|-567.9,-66.7;-568.0,-66.9;-567.1,-67.3;-567.0,-67.1
Building1|61.91|-568.0,-64.3;-568.8,-66.3;-566.1,-67.4;-565.3,-65.4
Building1|61.91|-561.8,-73.8;-561.9,-74.0;-561.7,-74.0;-561.7,-73.8
Building1|61.91|-561.9,-69.1;-563.7,-73.2;-561.7,-74.0;-560.0,-69.9
Building1|61.91|-568.7,-66.3;-568.7,-66.4;-566.2,-67.4;-566.2,-67.3
Building1|61.91|-567.9,-66.7;-568.0,-66.9;-567.1,-67.3;-567.0,-67.1
Building1|61.91|-558.4,-61.3;-558.4,-61.1;-558.5,-61.0;-558.6,-61.2
Building1|61.91|-558.3,-65.9;-556.6,-61.8;-558.5,-61.0;-560.3,-65.1
Building1|61.91|-556.7,-62.0;-556.6,-61.8;-556.8,-61.7;-556.9,-61.9
Building1|61.91|-559.1,-67.9;-558.3,-65.9;-567.1,-62.3;-567.9,-64.2
Building1|61.91|-565.3,-65.3;-564.4,-63.1;-567.0,-62.0;-568.0,-64.2
Building1|61.91|-570.2,-68.6;-571.0,-70.3;-570.9,-70.3;-570.2,-68.6
Building1|61.91|-570.9,-70.2;-570.2,-68.7;-570.3,-68.7;-570.9,-70.2
Building1|61.91|-570.9,-70.3;-570.9,-70.2;-570.9,-70.2;-571.0,-70.3
Building1|61.91|-570.2,-68.7;-570.2,-68.6;-570.3,-68.6;-570.3,-68.7
Building1|61.91|-568.2,-63.8;-566.5,-59.7;-566.5,-59.7;-568.2,-63.8
Building1|61.91|-568.2,-63.9;-568.2,-63.8;-568.2,-63.8;-568.3,-63.9
Building1|61.91|-566.5,-59.7;-566.4,-59.6;-566.5,-59.6;-566.5,-59.7
Building1|61.91|-566.5,-59.6;-568.3,-63.9;-568.2,-63.9;-566.4,-59.6
Building1|61.91|-570.7,-59.8;-569.5,-58.4;-569.8,-58.2;-571.0,-59.5
Building1|61.91|-571.0,-59.7;-569.8,-58.3;-571.3,-57.0;-572.5,-58.4
Building1|61.91|-569.7,-58.4;-569.5,-58.1;-571.0,-56.7;-571.3,-57.0
Building1|61.91|-572.3,-58.3;-571.1,-57.0;-571.4,-56.7;-572.6,-58.1
Building1|61.91|-572.4,-58.5;-571.2,-57.1;-569.9,-58.3;-571.1,-59.7
Building1|61.91|-570.0,-58.4;-569.9,-58.3;-571.2,-57.1;-571.3,-57.2
Building1|61.91|-569.8,-58.4;-569.6,-58.2;-571.2,-56.8;-571.3,-57.0
Building1|61.91|-569.8,-58.5;-569.6,-58.2;-571.1,-56.8;-571.4,-57.1
Building1|61.91|-569.9,-58.3;-569.8,-58.2;-571.1,-57.0;-571.2,-57.1
Building1|61.91|-571.0,-59.5;-569.9,-58.3;-571.2,-57.1;-572.3,-58.4
Building1|61.91|-568.5,-63.8;-568.7,-64.2;-568.1,-64.4;-567.9,-64.1
Building1|61.91|-576.2,-67.8;-576.1,-68.0;-574.1,-67.3;-574.2,-67.2
Building1|61.91|-574.9,-65.4;-576.6,-66.0;-576.0,-67.7;-574.3,-67.2
Building1|61.91|-576.6,-66.0;-576.1,-67.7;-574.3,-67.2;-574.8,-65.4
Building1|61.91|-576.1,-67.7;-576.0,-67.9;-574.3,-67.3;-574.4,-67.1
Building1|61.91|-576.1,-67.5;-576.0,-67.7;-574.3,-67.2;-574.4,-67.0
Building1|61.91|-576.9,-66.3;-576.4,-68.0;-576.0,-67.9;-576.6,-66.1
Building1|61.91|-576.2,-67.7;-576.1,-68.0;-574.1,-67.4;-574.2,-67.0
Building1|61.91|-574.8,-65.6;-574.3,-67.3;-573.9,-67.2;-574.5,-65.5
Building1|61.91|-576.2,-67.8;-576.1,-68.2;-574.1,-67.5;-574.2,-67.2
Building1|61.91|-576.5,-66.1;-576.0,-67.7;-574.4,-67.2;-574.9,-65.6
Building1|61.91|-559.2,-67.9;-559.2,-68.0;-559.1,-68.0;-559.1,-67.9
Building1|61.91|-563.7,-65.7;-563.1,-64.3;-564.4,-63.8;-564.9,-65.1
Building1|61.91|-571.3,-62.5;-570.7,-61.1;-572.0,-60.6;-572.5,-62.0
Building1|61.91|-565.2,-65.7;-565.8,-67.1;-564.5,-67.6;-563.9,-66.3
Building1|61.91|-572.8,-62.5;-573.4,-63.9;-572.1,-64.5;-571.6,-63.1
Building1|61.91|-658.3,-45.2;-653.7,-47.1;-653.4,-46.4;-658.0,-44.5
Building1|61.91|-658.8,-45.1;-658.3,-45.3;-657.9,-44.4;-658.4,-44.2
Building1|61.91|-654.7,-46.8;-654.5,-46.9;-654.1,-46.0;-654.3,-45.9
Building1|61.91|-653.7,-47.2;-653.3,-47.4;-652.9,-46.5;-653.4,-46.3
Building1|61.91|-658.3,-45.3;-653.7,-47.2;-653.4,-46.3;-657.9,-44.4
Building1|61.91|-733.6,-13.7;-705.9,-25.3;-705.5,-24.4;-733.2,-12.8
Building1|61.91|-565.4,126.6;-570.0,128.6;-570.3,127.9;-565.7,126.0
Building1|61.91|-564.9,126.6;-565.4,126.8;-565.7,125.9;-565.3,125.7
Building1|61.91|-570.0,128.7;-570.4,128.9;-570.8,128.0;-570.3,127.8
Building1|61.91|-569.0,128.3;-569.2,128.4;-569.6,127.4;-569.4,127.3
Building1|61.91|-565.4,126.8;-570.0,128.7;-570.3,127.8;-565.7,125.9
Building1|61.91|-630.6,154.1;-658.2,165.7;-658.6,164.8;-631.0,153.2
Building1|61.91|-733.2,39.9;-733.6,40.1;-734.0,39.2;-733.6,39.0
Building1|61.91|-733.2,39.8;-733.6,40.0;-733.9,39.2;-733.5,39.0
Building1|61.91|-734.6,41.9;-735.0,40.9;-734.3,40.6;-733.9,41.6
Building1|61.91|-734.1,38.9;-732.9,41.8;-733.2,41.9;-734.4,39.0
Building1|61.91|-734.8,38.1;-734.4,39.0;-736.2,39.8;-736.6,38.8
Building1|61.91|-733.8,39.6;-733.8,39.7;-735.4,40.4;-735.5,40.3
Building1|61.91|-735.4,41.1;-734.9,42.2;-735.1,42.3;-735.6,41.1
Building1|61.91|-735.1,42.2;-735.0,42.2;-733.3,41.5;-733.3,41.4
Building1|61.91|-734.0,41.2;-733.6,42.0;-733.6,42.1;-734.0,41.2
Building1|61.91|-734.8,41.5;-734.5,42.3;-734.5,42.3;-734.9,41.5
Building1|61.91|-733.9,39.4;-732.9,41.9;-734.8,42.7;-735.8,40.2
Building1|61.91|-733.6,40.7;-733.3,41.5;-733.4,41.6;-733.7,40.8
Building1|61.91|-734.4,41.4;-734.8,40.4;-734.1,40.1;-733.7,41.1
Building1|61.91|-734.5,41.3;-734.8,40.3;-734.1,40.0;-733.7,41.1
Building1|61.91|-734.6,41.9;-735.0,40.8;-734.3,40.6;-733.9,41.6
Building1|61.91|-733.2,41.1;-733.2,41.0;-732.9,41.7;-733.0,41.7
Building1|61.91|-736.3,39.6;-736.3,39.7;-734.5,38.9;-734.5,38.9
Building1|61.91|-734.6,41.9;-735.0,40.9;-734.3,40.6;-733.9,41.6
Building1|61.91|-733.5,39.8;-733.2,40.7;-733.3,40.7;-733.7,39.9
Building1|61.91|-734.6,41.9;-735.0,40.9;-734.3,40.6;-733.9,41.6
Building1|61.91|-734.1,38.8;-732.8,41.9;-735.2,42.9;-736.5,39.8
Building1|61.91|-734.2,38.8;-732.8,41.9;-735.2,42.9;-736.5,39.7
Building1|61.91|-734.6,41.9;-735.1,40.9;-734.4,40.6;-733.9,41.6
Building1|61.91|-733.5,39.8;-733.2,40.7;-733.3,40.7;-733.7,39.9
Building1|61.91|-733.3,41.4;-733.0,42.0;-734.9,42.8;-735.1,42.2
Building1|61.91|-734.4,38.9;-733.0,42.0;-734.9,42.8;-736.2,39.6
Building1|61.91|-734.1,38.9;-732.9,41.8;-733.2,41.9;-734.4,39.0
Building1|61.91|-733.5,39.8;-733.2,40.7;-733.3,40.7;-733.7,39.9
Building1|61.91|-734.4,41.4;-734.8,40.4;-734.1,40.1;-733.7,41.1
Building1|61.91|-734.2,41.5;-734.8,40.6;-734.2,40.2;-733.6,41.1
Building1|61.91|-734.1,38.9;-732.9,41.8;-733.2,41.9;-734.4,39.0
Building1|61.91|-708.5,98.7;-708.9,98.9;-709.2,98.1;-708.8,97.9
Building1|61.91|-708.4,98.8;-708.9,98.9;-709.3,98.0;-708.8,97.9
Building1|61.91|-708.5,99.9;-708.5,99.9;-708.2,100.6;-708.2,100.6
Building1|61.91|-711.6,98.5;-711.5,98.5;-709.7,97.8;-709.8,97.7
Building1|61.91|-709.9,100.8;-710.3,99.8;-709.6,99.4;-709.1,100.4
Building1|61.91|-709.1,98.5;-709.1,98.6;-710.7,99.3;-710.8,99.2
Building1|61.91|-709.9,100.8;-710.3,99.7;-709.6,99.4;-709.2,100.5
Building1|61.91|-709.9,100.8;-710.3,99.7;-709.6,99.5;-709.2,100.5
Building1|61.91|-710.3,101.0;-710.3,101.1;-708.6,100.4;-708.6,100.3
Building1|61.91|-709.9,100.8;-710.3,99.7;-709.6,99.4;-709.2,100.5
Building1|61.91|-709.4,97.7;-708.1,100.8;-710.4,101.8;-711.8,98.6
Building1|61.91|-708.8,98.7;-708.4,99.5;-708.6,99.6;-708.9,98.8
Building1|61.91|-708.8,98.7;-708.4,99.5;-708.6,99.6;-708.9,98.8
Building1|61.91|-709.2,100.1;-708.9,100.9;-708.9,100.9;-709.3,100.1
Building1|61.91|-709.2,98.3;-708.2,100.7;-710.1,101.5;-711.1,99.1
Building1|61.91|-709.4,97.6;-708.1,100.8;-710.4,101.7;-711.8,98.6
Building1|61.91|-709.4,97.8;-708.2,100.6;-708.5,100.8;-709.7,97.9
Building1|61.91|-708.8,98.7;-708.4,99.5;-708.6,99.6;-708.9,98.8
Building1|61.91|-710.7,99.9;-710.2,101.1;-710.4,101.1;-710.8,100.0
Building1|61.91|-710.1,97.0;-709.7,97.9;-711.5,98.7;-711.9,97.7
Building1|61.91|-709.7,100.3;-710.1,99.3;-709.4,99.0;-708.9,100.0
Building1|61.91|-708.6,100.3;-708.3,100.9;-710.2,101.7;-710.4,101.1
Building1|61.91|-710.1,100.4;-709.8,101.2;-709.8,101.2;-710.1,100.4
Building1|61.91|-709.9,100.8;-710.3,99.7;-709.6,99.4;-709.2,100.5
Building1|61.91|-709.5,100.4;-710.1,99.5;-709.5,99.1;-708.8,100.0
Building1|61.91|-709.8,100.2;-710.1,99.1;-709.4,98.9;-709.0,100.0
Building1|61.91|-708.9,99.6;-708.5,100.4;-708.7,100.5;-709.0,99.7
Building1|61.91|-709.7,100.3;-710.1,99.3;-709.4,99.0;-708.9,100.0
Building1|61.91|-709.4,97.8;-708.2,100.6;-708.5,100.8;-709.7,97.9
Building1|61.91|-709.6,97.7;-708.3,100.9;-710.2,101.6;-711.5,98.5
Building1|61.91|-709.4,97.8;-708.2,100.6;-708.5,100.8;-709.7,97.9
Building1|61.91|-550.0,14.6;-550.1,14.4;-551.0,14.7;-550.9,15.0
Building1|61.91|-553.1,7.4;-553.2,7.1;-554.1,7.5;-554.0,7.7
Building1|61.91|-550.2,14.4;-551.7,10.9;-552.2,11.2;-550.8,14.6
Building1|61.91|-551.7,11.0;-551.8,10.8;-552.3,11.0;-552.2,11.2
Building1|61.91|-550.0,14.6;-553.2,7.1;-553.8,7.3;-550.6,14.9
Building1|61.91|-551.7,10.9;-553.2,7.4;-553.7,7.6;-552.2,11.1
Building1|61.91|-548.4,18.7;-549.9,15.2;-550.4,15.4;-549.0,18.9
Building1|61.91|-546.7,22.4;-549.9,14.9;-550.6,15.1;-547.4,22.7
Building1|61.91|-546.7,22.4;-546.8,22.2;-547.8,22.5;-547.7,22.8
Building1|61.91|-548.5,18.8;-548.5,18.6;-549.0,18.8;-548.9,19.0
Building1|61.91|-549.8,15.1;-549.9,14.9;-550.8,15.3;-550.7,15.5
Building1|61.91|-546.9,22.2;-548.4,18.7;-549.0,18.9;-547.5,22.4
Building1|61.91|-629.6,-57.3;-601.9,-68.9;-601.6,-68.0;-629.2,-56.4
Building1|61.91|-711.3,79.7;-711.4,79.5;-711.1,79.3;-711.0,79.6
Building1|61.91|-709.7,82.9;-710.5,81.1;-710.4,81.1;-709.6,82.9
Building1|61.91|-709.3,84.6;-709.4,84.4;-709.0,84.3;-708.9,84.5
Building1|61.91|-710.3,81.6;-710.4,81.4;-710.2,81.3;-710.1,81.5
Building1|61.91|-710.1,82.1;-710.2,81.7;-710.1,81.7;-709.9,82.0
Building1|61.91|-710.0,82.3;-710.0,82.2;-709.8,82.2;-709.8,82.2
Building1|61.91|-709.8,82.7;-710.0,82.4;-709.8,82.3;-709.6,82.6
Building1|61.91|-711.2,79.1;-708.8,84.8;-708.1,84.5;-710.5,78.8
Building1|61.91|-711.1,79.3;-708.9,84.6;-708.3,84.3;-710.5,79.1
Building1|61.91|-709.3,84.6;-711.4,79.5;-711.3,79.4;-709.2,84.6
Building1|61.91|-528.6,116.8;-526.3,115.8;-525.3,118.1;-527.7,119.1
Building1|61.91|-528.6,116.8;-526.3,115.8;-525.3,118.1;-527.7,119.1
Building1|61.91|-528.6,116.8;-526.3,115.8;-525.3,118.1;-527.7,119.1
Building1|61.91|-528.6,116.8;-526.3,115.8;-525.3,118.1;-527.7,119.1
Building1|61.91|-561.2,129.8;-557.2,128.1;-555.8,131.6;-559.8,133.2
Building1|61.91|-626.0,-73.6;-625.5,-73.8;-619.9,-60.3;-620.3,-60.1
Building1|61.91|-731.5,-20.0;-733.9,-19.0;-734.8,-21.3;-732.5,-22.3
Building1|61.91|-731.5,-20.0;-733.9,-19.0;-734.8,-21.3;-732.5,-22.3
Building1|61.91|-731.5,-20.0;-733.9,-19.0;-734.8,-21.3;-732.5,-22.3
Building1|61.91|-731.5,-20.0;-733.9,-19.0;-734.8,-21.3;-732.5,-22.3
Building1|61.91|-657.5,-60.4;-657.0,-60.6;-651.4,-47.1;-651.8,-46.9
Building1|61.91|-728.9,37.6;-740.5,9.9;-739.6,9.5;-728.0,37.2
Building1|61.91|-605.5,-72.9;-607.9,-71.9;-608.8,-74.2;-606.5,-75.2
Building1|61.91|-605.5,-72.9;-607.9,-71.9;-608.8,-74.2;-606.5,-75.2
Building1|61.91|-605.5,-72.9;-607.9,-71.9;-608.8,-74.2;-606.5,-75.2
Building1|61.91|-605.5,-72.9;-607.9,-71.9;-608.8,-74.2;-606.5,-75.2
Building1|61.91|-679.9,154.2;-691.6,126.5;-690.6,126.1;-679.0,153.8
Building1|61.91|-563.3,-14.5;-536.4,-25.8;-536.2,-25.4;-563.1,-14.1
Building1|61.91|-683.8,157.6;-684.1,157.8;-684.5,157.0;-684.1,156.8
Building1|61.91|-683.7,157.6;-684.2,157.8;-684.6,156.9;-684.1,156.7
Building1|61.91|-684.5,157.2;-683.5,159.6;-685.4,160.4;-686.4,158.0
Building1|61.91|-684.7,156.5;-683.4,159.6;-685.7,160.6;-687.0,157.5
Building1|61.91|-684.1,157.6;-683.7,158.4;-683.9,158.5;-684.2,157.7
Building1|61.91|-684.7,156.6;-683.5,159.5;-683.7,159.6;-685.0,156.8
Building1|61.91|-684.7,156.6;-683.5,159.5;-683.7,159.6;-685.0,156.8
Building1|61.91|-685.3,155.8;-684.9,156.8;-686.8,157.6;-687.2,156.6
Building1|61.91|-684.1,157.6;-683.7,158.4;-683.9,158.5;-684.2,157.7
Building1|61.91|-684.7,156.5;-683.4,159.7;-685.7,160.6;-687.0,157.5
Building1|61.91|-684.1,158.5;-683.8,159.3;-683.9,159.3;-684.3,158.6
Building1|61.91|-685.4,159.3;-685.0,160.1;-685.1,160.1;-685.4,159.3
Building1|61.91|-684.8,159.3;-685.4,158.4;-684.7,157.9;-684.1,158.9
Building1|61.91|-685.2,159.7;-685.6,158.6;-684.9,158.3;-684.4,159.3
Building1|61.91|-684.9,156.6;-683.6,159.7;-685.4,160.5;-686.8,157.4
Building1|61.91|-686.0,158.8;-685.5,160.0;-685.6,160.0;-686.1,158.9
Building1|61.91|-686.8,157.4;-686.8,157.4;-685.0,156.7;-685.0,156.6
Building1|61.91|-684.9,159.2;-685.4,158.2;-684.7,157.9;-684.2,158.9
Building1|61.91|-684.4,157.3;-684.4,157.5;-686.0,158.2;-686.0,158.0
Building1|61.91|-685.2,159.7;-685.6,158.6;-684.9,158.3;-684.4,159.3
Building1|61.91|-685.6,159.9;-685.6,160.0;-683.9,159.2;-683.9,159.2
Building1|61.91|-685.2,159.7;-685.6,158.6;-684.9,158.3;-684.4,159.3
Building1|61.91|-684.5,158.9;-684.2,159.8;-684.2,159.8;-684.6,159.0
Building1|61.91|-685.2,159.6;-685.6,158.6;-684.8,158.3;-684.5,159.4
Building1|61.91|-684.1,157.6;-683.7,158.4;-683.9,158.5;-684.2,157.7
Building1|61.91|-684.7,156.6;-683.5,159.5;-683.7,159.6;-685.0,156.8
Building1|61.91|-683.8,159.2;-683.6,159.8;-685.4,160.5;-685.7,160.0
Building1|61.91|-684.9,159.2;-685.4,158.2;-684.7,157.9;-684.2,158.9
Building1|61.91|-685.0,159.1;-685.4,158.0;-684.6,157.8;-684.3,158.8
Building1|61.91|-683.8,158.8;-683.8,158.8;-683.5,159.5;-683.5,159.5
Building1|61.91|-685.1,159.7;-685.6,158.7;-684.9,158.3;-684.4,159.3
Building1|61.91|-689.0,-47.1;-688.5,-47.3;-682.9,-33.9;-683.3,-33.7
Building1|61.91|-720.5,-33.9;-720.0,-34.1;-714.4,-20.6;-714.8,-20.4
Building1|61.91|-591.6,143.2;-589.3,142.3;-588.3,144.6;-590.7,145.6
Building1|61.91|-591.6,143.2;-589.3,142.3;-588.3,144.6;-590.7,145.6
Building1|61.91|-591.6,143.2;-589.3,142.3;-588.3,144.6;-590.7,145.6
Building1|61.91|-591.6,143.2;-589.3,142.3;-588.3,144.6;-590.7,145.6
Building1|61.91|-746.3,9.2;-745.3,11.6;-747.6,12.5;-748.6,10.2
Building1|61.91|-746.3,9.2;-745.3,11.6;-747.6,12.5;-748.6,10.2
Building1|61.91|-746.3,9.2;-745.3,11.6;-747.6,12.5;-748.6,10.2
Building1|61.91|-746.3,9.2;-745.3,11.6;-747.6,12.5;-748.6,10.2
Building1|61.91|-654.6,169.7;-652.3,168.7;-651.3,171.0;-653.7,172.0
Building1|61.91|-654.6,169.7;-652.3,168.7;-651.3,171.0;-653.7,172.0
Building1|61.91|-654.6,169.7;-652.3,168.7;-651.3,171.0;-653.7,172.0
Building1|61.91|-654.6,169.7;-652.3,168.7;-651.3,171.0;-653.7,172.0
Building1|61.91|-608.8,143.9;-608.3,143.7;-602.7,157.2;-603.1,157.4
Building1|61.91|-640.3,157.1;-639.8,156.9;-634.2,170.4;-634.6,170.6
Building1|61.91|-696.8,127.0;-695.8,129.3;-698.2,130.3;-699.1,128.0
Building1|61.91|-696.8,127.0;-695.9,129.3;-698.2,130.3;-699.1,128.0
Building1|61.91|-696.8,127.0;-695.9,129.3;-698.2,130.3;-699.1,128.0
Building1|61.91|-696.8,127.0;-695.9,129.3;-698.2,130.3;-699.1,128.0
Building1|61.91|-556.8,-32.0;-558.5,-35.9;-555.1,-37.4;-553.4,-33.4
Building1|61.91|-747.6,28.2;-734.1,22.5;-733.9,23.0;-747.4,28.7
Building1|61.91|-710.5,116.5;-697.0,110.9;-696.8,111.3;-710.3,117.0
Building1|61.91|-667.4,-39.3;-666.5,-39.7;-592.7,136.1;-593.7,136.4
Building1|61.91|-588.7,-72.3;-587.8,-72.7;-514.0,103.0;-514.9,103.4
Building1|61.91|-708.6,80.8;-552.0,15.1;-551.6,16.0;-708.2,81.7
Building1|61.91|-746.6,-7.1;-588.1,-73.6;-587.8,-72.7;-746.2,-6.2
Building1|61.91|-636.0,-59.5;-640.0,-57.8;-641.4,-61.2;-637.4,-62.9
Building1|61.91|-699.0,-33.0;-703.0,-31.3;-704.4,-34.8;-700.4,-36.4
Building1|61.91|-792.5,-25.9;-569.4,-119.6;-467.6,122.7;-690.8,216.4
Building1|61.91|-792.7,-26.0;-569.3,-119.7;-467.5,122.8;-690.9,216.5
Building1|61.91|-746.2,-6.2;-745.3,-6.6;-671.5,169.1;-672.4,169.5
Building1|61.91|-672.4,169.5;-514.0,103.0;-513.6,103.9;-672.0,170.4
BuildingSourceSlice_fbx_5_5834_950_2302|73.54|611.5,265.3;583.6,198.9;598.2,192.8;626.1,259.1
BuildingSourceSlice_fbx_5_5834_950_2302|73.54|551.0,226.1;568.0,217.7;594.3,271.6;576.2,280.7
BuildingSourceSlice_fbx_4_-5806_1410_-18653|106.25|-584.2,-1842.7;-615.4,-1850.9;-604.4,-1890.3;-552.4,-1892.7;-545.8,-1887.5;-555.2,-1852.4;-556.4,-1852.8;-560.4,-1838.0;-576.4,-1842.2
BuildingSourceSlice_orph_-1802_-1327|61.66|-1773.0,-1320.2;-1761.1,-1311.2;-1758.3,-1314.9;-1705.4,-1274.5;-1757.7,-1201.7;-1755.7,-1200.2;-1761.1,-1192.5;-1780.3,-1206.4;-1776.0,-1212.6;-1865.7,-1276.9;-1858.5,-1286.0;-1909.2,-1323.6;-1805.3,-1460.0;-1751.6,-1419.2;-1755.5,-1414.0;-1747.7,-1408.4;-1752.2,-1402.8;-1728.5,-1384.9;-1729.7,-1380.5
BuildingSourceSlice_orph_1908_-103|136.35|1889.4,-87.0;1866.3,-128.5;1902.9,-147.6;1923.8,-106.2;1937.5,-118.4;1949.1,-95.3;1890.7,-66.4;1879.0,-89.7;1882.7,-82.5;1897.0,-89.5;1879.1,-125.1;1906.7,-139.0;1903.2,-145.6;1871.0,-127.8
BuildingSourceSlice_orph_1598_-1303|145.67|1611.8,-1340.8;1615.0,-1330.7;1632.8,-1336.3;1638.4,-1318.2;1640.6,-1318.9;1652.2,-1281.2;1642.3,-1278.2;1642.6,-1277.1;1631.6,-1275.5;1627.9,-1287.5;1621.8,-1282.1;1562.5,-1264.9;1545.4,-1320.2
BuildingSourceSlice_fbx_4_-12519_1721_-11760|60.87|-1295.2,-1260.3;-1296.1,-1261.5;-1264.1,-1284.2;-1162.7,-1142.8;-1180.0,-1130.1;-1182.7,-1134.0;-1195.5,-1124.8;-1192.2,-1118.6;-1240.5,-1085.6;-1243.0,-1089.3;-1274.4,-1067.9;-1341.2,-1165.1;-1311.0,-1185.8;-1340.8,-1228.6
BuildingSourceSlice_orph_1316_1349|75.71|1248.5,1371.9;1251.1,1365.7;1247.1,1363.8;1268.0,1317.3;1284.8,1326.9;1302.6,1287.0;1354.1,1312.2;1359.8,1320.2;1381.7,1336.5;1380.9,1359.5;1340.0,1397.6;1316.9,1400.9
BuildingSourceSlice_part_957_957|72.68|945.9,916.7;942.0,914.9;946.8,914.6;952.1,903.3;975.3,914.0;969.4,926.7;998.0,939.5;998.9,938.5;975.7,989.0;976.0,982.3;965.3,1005.7;915.3,983.0
BuildingSourceSlice_fbx_1_-22179_2124_11598|141.15|-2237.0,1184.1;-2258.1,1159.3;-2255.5,1158.8;-2239.2,1177.3;-2237.9,1176.2;-2253.9,1154.0;-2255.9,1154.1;-2259.6,1149.3;-2222.9,1118.0;-2208.5,1135.0;-2209.2,1134.3;-2215.2,1139.6;-2207.0,1149.2;-2202.7,1145.6;-2200.9,1145.8;-2172.0,1181.5;-2201.9,1205.8;-2219.7,1184.6;-2208.8,1171.6;-2218.4,1159.9;-2220.8,1161.9;-2214.8,1169.3;-2223.4,1176.1;-2224.6,1174.7
BuildingSourceSlice_fbx_1_-22179_2124_11598|141.15|-2249.7,1198.6;-2256.5,1192.7;-2250.8,1199.6;-2263.1,1209.1;-2267.4,1206.6;-2269.0,1202.6;-2267.2,1199.6;-2266.6,1179.9;-2269.1,1176.3;-2269.1,1168.7;-2259.5,1160.5;-2236.7,1188.2
BuildingSourceSlice_orph_460_-100|74.65|480.6,-100.9;463.5,-78.2;437.2,-122.3;437.8,-123.4;448.0,-116.2
BuildingSourceSlice_fbx_5_6952_1857_6146|73.45|779.1,573.0;784.5,575.4;781.7,582.0;791.6,586.1;782.6,608.2;812.9,621.5;809.9,627.6;818.9,631.4;791.8,692.2;793.2,692.9;778.2,722.6;675.5,675.1;677.4,670.2;631.9,614.3;621.7,622.9;612.7,615.1;601.5,621.8;590.6,621.8;580.8,617.0;573.9,608.5;571.6,597.8;574.0,587.2;580.8,578.8;590.6,574.1;601.5,574.1;612.4,580.2;649.5,567.8;641.8,544.2;755.2,506.7;766.0,541.4;770.7,539.6;782.3,565.7
BuildingSourceSlice_fbx_7_20361_1043_22635|80.47|2005.1,2285.2;2028.1,2262.3;2007.1,2239.4;2033.3,2214.3;2050.5,2231.8;2039.0,2243.8;2045.7,2249.2;2039.2,2255.6;2041.2,2257.4;2045.7,2253.7;2046.5,2256.1;2069.2,2278.2;2031.4,2314.7
BuildingSourceSlice_fbx_15_-18636_1325_-24468|80.54|-1845.1,-2412.4;-1852.2,-2407.1;-1849.4,-2403.2;-1858.7,-2396.4;-1870.7,-2399.7;-1873.6,-2397.6;-1879.7,-2405.8;-1886.6,-2400.7;-1897.8,-2416.0;-1896.8,-2443.9;-1911.2,-2434.8;-1925.8,-2456.2;-1868.7,-2496.8;-1855.4,-2478.1;-1851.2,-2480.5;-1840.2,-2465.1;-1835.6,-2467.9;-1801.3,-2420.2;-1833.9,-2396.8
BuildingSourceSlice_fbx_1_-29775_1793_8947|130.83|-3011.1,962.3;-3007.3,959.2;-3014.6,949.6;-3018.1,935.3;-3008.8,928.2;-3024.7,907.2;-3022.0,905.0;-3025.2,900.7;-3032.5,880.5;-3026.6,876.0;-3030.3,869.8;-3020.6,864.2;-3000.8,877.5;-3010.9,860.6;-3009.8,859.1;-3004.6,859.0;-3004.6,846.2;-3019.9,845.9;-3029.3,830.7;-3028.5,829.0;-3034.1,821.8;-3034.1,808.4;-3028.8,804.3;-3007.2,807.3;-3004.3,811.0;-3001.9,809.3;-2987.1,829.1;-2987.1,833.7;-2983.6,833.7;-2915.4,924.2;-2915.4,926.3;-2933.1,939.3;-2948.3,939.3;-2948.3,950.9;-2994.0,984.9
BuildingSourceSlice_fbx_1_-27461_1641_10260|133.63|-2760.6,1016.7;-2744.0,1000.4;-2736.9,995.6;-2731.9,995.7;-2729.5,998.5;-2724.8,996.4;-2713.2,1010.0;-2714.3,1010.7;-2709.8,1016.8;-2709.8,1028.4;-2759.0,1064.9;-2767.2,1063.8;-2788.3,1036.1;-2762.6,1016.3
BuildingSourceSlice_fbx_5_4122_1258_4109|68.94|330.8,413.2;336.3,404.6;404.5,380.9;404.9,382.4;451.8,366.3;460.9,368.8;493.9,423.1;445.6,453.2;434.7,441.6;431.0,432.4;334.4,455.6
BuildingSourceSlice_orph_2272_-62|131.79|2281.0,-41.8;2280.0,-47.8;2272.9,-45.3;2268.7,-50.1;2249.3,-48.3;2245.9,-86.9;2273.5,-89.4;2275.0,-73.0;2292.6,-74.6;2294.6,-52.0;2296.3,-52.8;2298.9,-33.2;2279.0,-33.8
BuildingSourceSlice_orph_-2582_-1920|56.97|-2611.9,-1916.5;-2580.9,-1950.6;-2551.5,-1923.9;-2582.6,-1889.8
BuildingSourceSlice_fbx_1_-28186_1546_9153|132.57|-2821.7,890.7;-2796.1,925.1;-2818.9,939.8;-2841.1,902.6
BuildingSourceSlice_orph_1427_-593|143.34|1407.0,-596.5;1426.4,-613.4;1447.2,-590.2;1428.4,-573.9;1426.9,-573.9
BuildingSourceSlice_fbx_8_5066_1749_28549|127.70|553.1,2824.8;534.3,2882.8;531.9,2883.3;528.2,2896.9;521.6,2895.6;518.8,2902.9;460.1,2887.0;477.1,2824.5;487.0,2827.3;495.0,2806.9
BuildingSmooth_13_-10975_1263_19810_ResidualBody03|84.11|-1080.7,1993.7;-1079.8,1994.1;-1081.6,1997.7;-1082.5,1997.3
BuildingSmooth_13_-10975_1263_19810_ResidualBody03|84.11|-1103.7,1986.8;-1081.6,1997.7;-1082.0,1998.6;-1104.1,1987.7
BuildingSmooth_13_-10975_1263_19810_ResidualBody03|84.11|-1103.8,2002.8;-1094.3,1983.7;-1119.9,1971.1;-1129.3,1990.2
BuildingSmooth_13_-10975_1263_19810_ResidualBody03|84.11|-1099.1,1993.2;-1099.8,1996.9;-1086.3,1999.5;-1085.6,1995.8
BuildingSmooth_13_-10975_1263_19810_ResidualBody03|84.11|-1119.9,1971.1;-1112.3,1967.2;-1099.1,1993.2;-1106.7,1997.1
BuildingSmooth_13_-10975_1263_19810_ResidualBody03|84.11|-1059.2,2000.9;-1081.6,1989.9;-1091.0,2009.1;-1068.7,2020.1
BuildingSmooth_13_-10975_1263_19810_ResidualBody03|84.11|-1101.5,1982.4;-1079.4,1993.2;-1079.8,1994.1;-1101.9,1983.3
BuildingSmooth_13_-10975_1263_19810_ResidualBody03|84.11|-1119.9,1971.1;-1124.6,1980.7;-1099.1,1993.2;-1094.3,1983.7
BuildingSmooth_13_-10975_1263_19810_ResidualBody03|84.11|-1059.2,2000.9;-1061.3,1993.1;-1086.3,1999.5;-1084.3,2007.4
BuildingSmooth_13_-10975_1263_19810_ResidualBody03|84.11|-1091.3,1988.5;-1090.4,1988.9;-1092.2,1992.5;-1093.1,1992.1
BuildingSmooth_13_-10975_1263_19810_ResidualBody03|84.11|-1101.7,1985.0;-1081.4,1995.1;-1081.8,1995.9;-1102.1,1985.9
BuildingSmooth_13_-10975_1263_19810_ResidualBody03|84.11|-1103.8,2002.8;-1096.2,1998.9;-1099.1,1993.2;-1106.7,1997.1
BuildingSmooth_13_-10975_1263_19810_ResidualBody03|84.11|-1091.0,2009.1;-1093.0,2001.2;-1086.3,1999.5;-1084.3,2007.4
BuildingSmooth_13_-10975_1263_19810_ResidualBody03|84.11|-1059.2,2000.9;-1059.9,2004.6;-1086.3,1999.5;-1085.6,1995.8
BuildingSmooth_13_-10975_1263_19810_ResidualBody03|84.11|-1059.2,2000.9;-1064.0,2010.5;-1099.1,1993.2;-1094.3,1983.7
BuildingSmooth_13_-10975_1263_19810_ResidualBody03|84.11|-1101.9,1983.3;-1101.0,1983.7;-1102.8,1987.3;-1103.7,1986.8
BuildingSourceSlice_fbx_5_10327_1588_10209|72.57|962.1,1030.8;982.7,988.6;986.4,987.8;986.6,980.7;1012.3,928.9;1115.7,975.6;1088.3,1035.2;1103.2,1041.9;1102.9,1042.8;1107.7,1045.2;1107.7,1048.3;1090.8,1078.1;1056.3,1078.1;1056.3,1083.3;1066.1,1084.1;1070.2,1090.0;1070.1,1099.6;1061.7,1113.1;1049.1,1114.1;952.2,1068.6;951.7,1066.7;958.9,1051.6;958.7,1049.6;957.0,1048.9;964.8,1032.1
BuildingSourceSlice_fbx_2_19758_2181_-6792|149.50|2016.5,-645.8;2013.1,-647.2;2000.0,-632.7;1966.3,-656.4;1970.6,-668.6;1926.6,-696.3;1939.1,-719.1;1940.7,-719.8;2003.1,-677.5;2007.0,-683.1;2031.0,-665.5
BuildingSourceSlice_fbx_10_-20010_1344_-6391|74.87|-1994.8,-671.9;-1977.9,-671.9;-1961.9,-666.1;-1961.9,-656.9;-1964.9,-653.5;-1961.9,-650.8;-1961.9,-648.3;-1975.5,-633.7;-1996.5,-634.2;-2000.2,-639.1;-1999.2,-669.2
BuildingSourceSlice_fbx_16_9556_1800_-4394|118.49|910.1,-455.8;975.5,-483.3;1001.1,-422.6;935.7,-395.1
BuildingSourceSlice_fbx_6_15630_3432_-8769|139.30|1391.0,-884.2;1391.0,-886.1;1711.4,-982.0;1714.3,-972.3;1732.3,-978.9;1737.9,-959.8;1736.4,-959.5;1760.2,-881.7;1742.0,-875.5;1746.1,-863.6;1712.3,-853.6;1716.5,-857.5;1690.3,-850.4;1455.0,-780.9;1454.4,-782.8;1426.8,-774.6;1424.9,-780.8;1394.9,-771.9;1364.3,-875.8
BuildingSourceSlice_fbx_5_11652_1621_1352|95.79|1199.2,193.6;1159.7,147.6;1154.0,152.5;1149.8,147.7;1140.8,155.3;1123.8,131.6;1124.5,131.0;1106.7,112.8;1143.8,76.7;1223.7,169.8
BuildingSourceSlice_fbx_5_11652_1621_1352|95.79|1198.6,193.9;1158.7,227.6;1121.3,170.7;1149.7,148.3;1153.8,153.1;1159.3,148.2
BuildingSourceSlice_fbx_6_4510_4915_-8852|105.44|327.9,-799.4;318.1,-824.6;311.4,-822.0;274.4,-918.1;284.0,-921.8;280.0,-932.2;289.7,-935.8;285.3,-947.2;416.4,-997.8;419.1,-991.0;426.4,-993.9;429.2,-986.8;436.5,-989.6;439.6,-981.7;448.0,-985.0;498.6,-853.3;489.5,-849.8;493.8,-838.7;483.8,-834.9;487.5,-825.2;393.9,-789.0;391.1,-796.0;363.8,-785.5
BuildingSourceSlice_fbx_8_3914_1929_24414|127.22|312.0,2399.2;451.3,2411.9;456.9,2417.4;468.5,2418.8;477.9,2457.1;429.0,2452.7;427.3,2483.5;378.4,2478.4;378.3,2479.5;367.1,2479.3;324.4,2475.6;327.6,2442.6;304.9,2440.4;308.4,2402.9
BuildingSourceSlice_orph_408_-453|82.52|433.8,-475.8;425.6,-496.4;423.4,-494.6;412.8,-517.7;418.4,-519.9;409.9,-545.4;437.1,-556.6;442.4,-542.5;468.7,-552.9;504.5,-458.1;499.8,-445.0;309.3,-367.9;307.0,-373.6;298.6,-370.3;281.4,-413.6
BuildingSourceSlice_part_-1440_-205|73.03|-1451.5,-256.5;-1437.7,-257.0;-1437.6,-254.9;-1429.8,-255.2;-1429.3,-241.2;-1431.7,-241.6;-1428.5,-153.2;-1446.0,-152.6;-1446.4,-164.5;-1449.3,-164.3;-1451.4,-179.7;-1451.7,-187.7;-1447.5,-198.5;-1448.5,-230.1;-1451.6,-230.0
BuildingSourceSlice_fbx_1_-27423_1789_6849|135.86|-2784.6,668.0;-2784.6,639.4;-2780.5,631.7;-2777.7,629.7;-2758.6,657.0;-2780.7,672.4
BuildingSourceSlice_fbx_1_-27423_1789_6849|135.86|-2748.8,728.4;-2758.2,728.3;-2773.4,705.9;-2763.8,699.3;-2772.4,686.5;-2769.3,684.1;-2777.5,672.1;-2749.2,652.7;-2732.3,680.8;-2735.3,684.3;-2740.4,722.2
BuildingSourceSlice_fbx_16_16703_2117_-5124|143.66|1651.7,-529.0;1708.3,-499.3;1693.6,-477.5;1632.1,-521.8;1633.3,-523.6;1628.2,-527.2;1634.7,-535.6;1640.0,-531.6;1652.1,-547.3;1660.6,-540.7
BuildingSourceSlice_fbx_10_-19233_1299_-11540|64.71|-1935.6,-1191.9;-1932.4,-1191.9;-1927.2,-1187.2;-1925.7,-1188.9;-1882.7,-1148.9;-1913.0,-1115.3;-1963.1,-1161.2
BuildingSourceSlice_orph_698_-230|83.42|660.8,-229.5;687.5,-240.8;678.9,-261.5;725.5,-283.4;726.0,-282.0;736.7,-286.8;751.5,-251.6;743.7,-250.0;738.2,-266.1;736.6,-265.9;736.6,-260.6;734.7,-259.9;735.2,-258.1;733.7,-259.4;741.3,-235.6;742.6,-235.4;743.5,-232.3;740.3,-229.8;739.8,-230.6;716.7,-221.3;722.2,-208.9;711.7,-204.1;715.4,-195.7;711.1,-193.9;714.0,-187.9;694.3,-178.9;691.1,-185.5;676.7,-179.4;670.4,-195.5;653.2,-188.7;639.3,-218.0
BuildingSourceSlice_orph_2881_-1237|127.23|2868.2,-1211.2;2867.7,-1209.5;2868.1,-1230.2;2869.1,-1230.2;2871.1,-1265.4;2894.0,-1264.1;2890.8,-1209.8
BuildingSourceSlice_fbx_11_24137_1579_-409|123.69|2370.2,-16.7;2369.5,-24.6;2373.2,-60.6;2366.0,-65.6;2365.8,-67.6;2369.4,-71.2;2396.6,-73.9;2401.7,-19.8
BuildingSourceSlice_fbx_11_24137_1579_-409|123.69|2449.1,-81.5;2454.7,-17.4;2427.9,-14.8;2428.3,-6.1;2374.1,-0.4;2372.7,-16.4;2404.0,-19.8;2398.7,-76.6
BuildingSourceSlice_orph_308_3203|116.83|255.9,3182.1;301.2,3155.6;305.7,3154.7;310.2,3160.3;320.3,3155.4;345.7,3183.9;346.6,3183.5;349.4,3188.7;346.8,3190.0;358.6,3209.3;351.6,3214.0;353.5,3217.3;317.6,3257.0;312.6,3251.6;302.5,3259.6;274.7,3209.5;270.3,3211.8;275.4,3222.7;256.3,3191.3
BuildingSourceSlice_fbx_12_21561_2339_-15703|147.53|2210.9,-1447.7;2209.0,-1444.9;2118.4,-1511.6;2129.8,-1527.9;2126.4,-1530.4;2123.7,-1526.4;2115.4,-1532.4;2109.4,-1524.3;2107.7,-1525.6;2104.0,-1520.4;2023.8,-1577.6;2028.1,-1583.7;2026.1,-1585.3;2038.7,-1604.8;2036.2,-1606.6;2099.6,-1695.7;2155.2,-1656.2;2151.2,-1650.6;2162.0,-1643.0;2158.0,-1637.4;2169.3,-1629.4;2165.6,-1624.1;2186.1,-1609.6;2182.6,-1604.7;2276.0,-1536.2;2226.7,-1469.1;2231.1,-1466.0;2215.8,-1444.3
BuildingSourceSlice_orph_-1752_-546|71.03|-1799.7,-540.8;-1805.6,-547.1;-1778.3,-569.6;-1784.3,-575.3;-1748.1,-613.7;-1690.2,-559.2;-1692.9,-556.3;-1688.9,-552.5;-1743.4,-494.5;-1745.4,-496.3;-1747.4,-495.9;-1772.0,-485.7;-1814.6,-525.4
BuildingSourceSlice_orph_1008_544|83.69|966.5,532.7;966.8,536.3;990.1,536.3;1007.7,514.1;1009.1,536.3;1019.2,535.8;1021.2,534.5;1023.2,529.0;1023.1,512.8;1061.7,510.7;1056.0,558.5;1045.7,558.7;1044.1,561.1;987.0,562.0;988.2,567.9;954.5,574.2;946.3,536.5
BuildingSourceSlice_fbx_7_11588_1511_14325|76.28|1241.7,1404.7;1245.0,1420.2;1246.1,1420.6;1249.6,1415.1;1257.3,1411.6;1265.6,1412.8;1271.9,1418.3;1274.3,1426.4;1271.9,1434.4;1265.6,1439.9;1257.3,1441.1;1248.4,1436.2;1251.7,1451.9;1155.3,1529.7;1121.6,1482.4;1067.9,1519.2;1050.1,1491.0;1051.1,1490.1;1043.2,1480.2;1076.3,1453.9;1074.3,1451.3;1118.8,1415.0;1090.9,1403.4;1080.1,1397.2;1057.9,1379.0;1076.7,1335.4
BuildingSourceSlice_fbx_9_-17925_1954_9473|132.66|-1795.0,877.7;-1793.8,874.5;-1779.0,870.7;-1774.1,870.7;-1772.0,874.1;-1765.2,872.3;-1763.6,873.4;-1753.6,910.4;-1753.6,931.6;-1756.8,933.2;-1758.5,928.8;-1767.2,931.2;-1766.8,936.2;-1778.1,940.0
BuildingSourceSlice_fbx_9_-17925_1954_9473|132.66|-1796.0,878.2;-1761.0,1008.9;-1789.2,1016.0;-1801.8,968.8;-1800.9,967.7;-1804.0,955.4;-1805.2,955.7;-1824.0,885.6
BuildingSourceSlice_fbx_9_-17820_2326_7084|123.68|-1808.5,760.9;-1809.3,772.7;-1827.8,775.4;-1826.5,778.7;-1835.7,786.3;-1850.2,786.4;-1874.0,753.5;-1860.6,736.1;-1859.2,737.9;-1862.7,745.6;-1844.0,736.1;-1821.7,736.1;-1821.1,725.1;-1786.1,708.0;-1820.6,682.5;-1820.6,680.7;-1799.5,650.9;-1780.9,626.7;-1779.7,626.7;-1751.1,647.0;-1716.2,638.7;-1709.5,660.2;-1708.1,659.8;-1690.0,728.5;-1708.4,733.7;-1703.8,751.8;-1737.2,760.9
BuildingSourceSlice_orph_458_-1368|125.02|449.0,-1419.4;457.4,-1417.4;488.8,-1380.3;475.9,-1332.8;467.2,-1335.8;464.0,-1324.7;424.6,-1336.9
BuildingSourceSlice_orph_-1642_1419|108.79|-1731.9,1348.0;-1723.2,1354.2;-1699.8,1335.9;-1704.4,1327.6;-1694.1,1339.2;-1692.8,1338.1;-1650.8,1386.0;-1578.4,1327.5;-1502.5,1384.9;-1609.4,1473.4;-1604.1,1479.6;-1680.3,1541.9;-1744.7,1464.4;-1683.4,1412.9;-1721.2,1364.6;-1722.6,1365.7;-1762.0,1320.4;-1741.6,1303.8;-1738.1,1307.8;-1726.9,1298.7;-1704.9,1326.9
BuildingSourceSlice_fbx_16_16253_2238_-5840|143.97|1568.6,-568.6;1623.0,-637.8;1637.0,-637.8;1638.3,-636.2;1580.0,-561.2;1594.0,-553.5;1592.9,-557.0;1653.3,-634.9;1655.7,-635.0;1657.3,-630.4;1657.2,-571.8;1628.2,-533.6;1626.0,-533.0;1620.9,-526.4;1609.3,-527.8;1607.3,-526.3;1590.6,-526.5;1584.1,-532.3;1581.1,-537.4;1580.5,-536.2;1574.0,-540.9;1569.9,-546.8;1567.4,-555.1
BuildingSourceSlice_fbx_4_-12188_1501_-7957|58.72|-1232.9,-770.6;-1237.6,-767.2;-1251.9,-787.0;-1258.4,-783.1;-1273.6,-804.2;-1262.4,-811.4;-1262.6,-809.7;-1267.4,-805.1;-1266.7,-804.2;-1211.9,-844.7;-1164.1,-780.5;-1195.3,-745.0
BuildingSourceSlice_fbx_6_11644_1815_-16486|132.56|1149.9,-1638.8;1136.5,-1694.4;1151.7,-1698.0;1150.1,-1704.7;1198.0,-1716.3;1205.0,-1687.3;1190.5,-1683.9;1192.4,-1676.0;1186.7,-1674.7;1188.7,-1666.4;1170.0,-1661.9;1174.2,-1644.6
BuildingSourceSlice_orph_-1010_-1549|93.06|-1008.0,-1526.7;-1015.9,-1537.6;-1022.3,-1533.0;-1032.8,-1547.4;-1003.1,-1568.9;-989.3,-1557.0;-994.1,-1553.6;-991.1,-1549.4;-1006.7,-1538.1;-1001.7,-1531.3
BuildingSourceSlice_orph_-1724_1551|107.91|-1757.4,1539.4;-1742.9,1526.8;-1732.7,1539.0;-1731.5,1537.9;-1727.0,1543.2;-1708.9,1527.7;-1690.6,1549.1;-1727.6,1580.4;-1750.3,1553.8;-1746.4,1550.5
Building2|57.35|-1153.2,-993.5;-1152.3,-992.1;-1153.6,-991.1;-1154.6,-992.5
Building2|57.35|-1153.2,-993.6;-1152.2,-992.1;-1153.7,-991.0;-1154.8,-992.5
Building2|57.35|-1152.9,-993.7;-1151.8,-992.2;-1152.1,-992.0;-1153.2,-993.5
Building2|57.35|-1152.2,-992.2;-1152.1,-992.0;-1153.6,-991.0;-1153.7,-991.1
Building2|57.35|-1154.7,-992.4;-1153.6,-991.0;-1153.9,-990.8;-1155.0,-992.2
Building2|57.35|-1152.1,-992.2;-1152.0,-992.0;-1153.7,-990.8;-1153.8,-991.0
Building2|57.35|-1154.8,-992.6;-1153.7,-991.1;-1152.2,-992.1;-1153.3,-993.6
Building2|57.35|-1152.3,-992.3;-1152.2,-992.1;-1153.7,-991.1;-1153.8,-991.2
Building2|57.35|-1152.1,-992.2;-1151.8,-991.9;-1153.6,-990.7;-1153.8,-991.0
Building2|57.35|-1152.1,-992.3;-1151.9,-992.0;-1153.6,-990.8;-1153.9,-991.1
Building2|57.35|-1149.6,-1003.3;-1148.9,-1005.1;-1148.5,-1005.0;-1149.2,-1003.2
Building2|57.35|-1160.8,-996.3;-1148.5,-1005.0;-1145.1,-1000.2;-1157.4,-991.5
Building2|57.35|-1156.4,-993.2;-1157.0,-991.4;-1157.4,-991.5;-1156.7,-993.3
Building2|57.35|-1161.5,-996.4;-1148.3,-1005.6;-1144.4,-1000.1;-1157.6,-990.9
Building2|57.35|-1158.9,-996.4;-1160.8,-996.4;-1160.8,-996.8;-1158.9,-996.8
Building2|57.35|-1147.0,-1000.1;-1147.0,-999.7;-1145.1,-999.7;-1145.1,-1000.1
Building2|57.35|-1146.9,-998.1;-1145.9,-996.6;-1147.4,-995.5;-1148.5,-997.0
Building2|57.35|-1145.8,-996.7;-1145.7,-996.5;-1147.3,-995.3;-1147.5,-995.5
Building2|57.35|-1148.3,-996.9;-1147.3,-995.5;-1147.6,-995.2;-1148.6,-996.7
Building2|57.35|-1146.0,-996.8;-1145.9,-996.6;-1147.4,-995.6;-1147.5,-995.7
Building2|57.35|-1145.9,-996.6;-1145.8,-996.5;-1147.3,-995.5;-1147.4,-995.6
Building2|57.35|-1145.7,-996.7;-1145.5,-996.4;-1147.2,-995.2;-1147.5,-995.5
Building2|57.35|-1146.5,-998.2;-1145.5,-996.7;-1145.8,-996.5;-1146.8,-998.0
Building2|57.35|-1145.8,-996.8;-1145.6,-996.5;-1147.3,-995.3;-1147.5,-995.6
Building2|57.35|-1148.4,-997.1;-1147.4,-995.6;-1145.9,-996.6;-1146.9,-998.1
Building2|57.35|-1146.9,-998.0;-1145.9,-996.6;-1147.3,-995.6;-1148.3,-997.0
Building2|57.35|-1149.0,-994.6;-1148.8,-994.3;-1150.5,-993.1;-1150.7,-993.4
Building2|57.35|-1150.1,-995.9;-1149.0,-994.4;-1150.6,-993.3;-1151.6,-994.8
Building2|57.35|-1149.7,-996.0;-1148.7,-994.5;-1149.0,-994.3;-1150.0,-995.8
Building2|57.35|-1151.5,-994.7;-1150.5,-993.2;-1150.8,-993.0;-1151.8,-994.5
Building2|57.35|-1149.2,-994.5;-1149.1,-994.4;-1150.5,-993.4;-1150.6,-993.5
Building2|57.35|-1149.1,-994.4;-1149.0,-994.3;-1150.4,-993.3;-1150.5,-993.4
Building2|57.35|-1148.9,-994.5;-1148.8,-994.3;-1150.5,-993.1;-1150.6,-993.3
Building2|57.35|-1151.6,-994.9;-1150.5,-993.3;-1149.0,-994.4;-1150.1,-995.9
Building2|57.35|-1148.9,-994.5;-1148.7,-994.2;-1150.4,-992.9;-1150.6,-993.3
Building2|57.35|-1150.1,-995.7;-1149.1,-994.4;-1150.5,-993.4;-1151.4,-994.8
Building2|57.35|-1153.0,-1003.0;-1154.1,-1004.5;-1153.8,-1004.7;-1152.8,-1003.2
Building2|57.35|-1153.6,-1004.4;-1153.7,-1004.6;-1152.2,-1005.6;-1152.1,-1005.5
Building2|57.35|-1151.2,-1004.3;-1152.3,-1005.7;-1152.0,-1006.0;-1151.0,-1004.5
Building2|57.35|-1151.1,-1004.1;-1152.2,-1005.6;-1153.7,-1004.6;-1152.6,-1003.1
Building2|57.35|-1153.8,-1004.5;-1153.9,-1004.7;-1152.2,-1005.9;-1152.1,-1005.7
Building2|57.35|-1153.8,-1004.4;-1154.0,-1004.7;-1152.3,-1005.9;-1152.0,-1005.6
Building2|57.35|-1153.7,-1004.6;-1153.8,-1004.7;-1152.3,-1005.7;-1152.2,-1005.6
Building2|57.35|-1153.8,-1004.5;-1154.1,-1004.8;-1152.3,-1006.0;-1152.1,-1005.7
Building2|57.35|-1152.7,-1003.1;-1153.7,-1004.6;-1152.2,-1005.7;-1151.1,-1004.2
Building2|57.35|-1152.7,-1003.2;-1153.6,-1004.6;-1152.3,-1005.6;-1151.3,-1004.2
Building2|57.35|-1154.3,-1001.9;-1155.4,-1003.4;-1156.9,-1002.4;-1155.8,-1000.9
Building2|57.35|-1157.0,-1002.3;-1157.2,-1002.6;-1155.5,-1003.8;-1155.3,-1003.5
Building2|57.35|-1155.8,-1000.9;-1156.9,-1002.4;-1155.3,-1003.5;-1154.3,-1002.0
Building2|57.35|-1156.2,-1000.8;-1157.2,-1002.3;-1156.9,-1002.5;-1155.9,-1001.0
Building2|57.35|-1154.4,-1002.1;-1155.4,-1003.5;-1155.1,-1003.7;-1154.1,-1002.3
Building2|57.35|-1156.7,-1002.2;-1156.8,-1002.4;-1155.4,-1003.4;-1155.3,-1003.3
Building2|57.35|-1157.0,-1002.3;-1157.1,-1002.5;-1155.4,-1003.7;-1155.3,-1003.5
Building2|57.35|-1156.9,-1002.2;-1157.1,-1002.5;-1155.4,-1003.7;-1155.2,-1003.4
Building2|57.35|-1156.8,-1002.3;-1156.9,-1002.5;-1155.5,-1003.5;-1155.4,-1003.4
Building2|57.35|-1155.8,-1001.0;-1156.8,-1002.4;-1155.4,-1003.4;-1154.5,-1002.0
Building2|57.35|-1157.5,-999.7;-1158.6,-1001.2;-1160.0,-1000.2;-1159.0,-998.6
Building2|57.35|-1157.6,-999.8;-1158.6,-1001.3;-1158.3,-1001.5;-1157.3,-1000.0
Building2|57.35|-1159.0,-998.6;-1160.1,-1000.1;-1158.5,-1001.2;-1157.5,-999.7
Building2|57.35|-1159.4,-998.6;-1160.4,-1000.0;-1160.1,-1000.2;-1159.1,-998.8
Building2|57.35|-1160.0,-1000.1;-1160.1,-1000.3;-1158.7,-1001.3;-1158.6,-1001.1
Building2|57.35|-1159.9,-1000.0;-1160.0,-1000.2;-1158.6,-1001.2;-1158.5,-1001.0
Building2|57.35|-1160.1,-1000.0;-1160.3,-1000.3;-1158.6,-1001.5;-1158.4,-1001.2
Building2|57.35|-1160.2,-1000.1;-1160.4,-1000.4;-1158.7,-1001.6;-1158.5,-1001.3
Building2|57.35|-1160.2,-1000.1;-1160.3,-1000.2;-1158.6,-1001.4;-1158.5,-1001.3
Building2|57.35|-1159.0,-998.8;-1160.0,-1000.2;-1158.6,-1001.1;-1157.7,-999.8
Building2|57.35|-1145.7,-1002.2;-1144.2,-1003.3;-1145.2,-1004.8;-1146.8,-1003.7
Building2|57.35|-1146.8,-1003.7;-1145.3,-1004.8;-1144.2,-1003.2;-1145.7,-1002.2
Building2|57.35|-1145.6,-1002.3;-1144.1,-1003.3;-1143.9,-1003.0;-1145.4,-1002.0
Building2|57.35|-1145.3,-1004.7;-1145.1,-1004.9;-1144.1,-1003.4;-1144.3,-1003.3
Building2|57.35|-1146.8,-1004.1;-1145.4,-1005.1;-1145.2,-1004.8;-1146.6,-1003.8
Building2|57.35|-1145.4,-1004.6;-1145.2,-1004.8;-1144.2,-1003.3;-1144.4,-1003.2
Building2|57.35|-1145.3,-1004.9;-1145.2,-1005.0;-1144.0,-1003.3;-1144.1,-1003.2
Building2|57.35|-1145.4,-1004.8;-1145.1,-1005.0;-1143.9,-1003.3;-1144.2,-1003.1
Building2|57.35|-1145.3,-1004.9;-1145.0,-1005.1;-1143.8,-1003.4;-1144.1,-1003.2
Building2|57.35|-1146.6,-1003.7;-1145.2,-1004.7;-1144.3,-1003.3;-1145.6,-1002.4
Building2|57.35|-1191.3,-1067.2;-1190.6,-1069.0;-1190.3,-1068.9;-1190.9,-1067.1
Building2|57.35|-1186.2,-1064.0;-1199.3,-1054.8;-1203.2,-1060.4;-1190.1,-1069.5
Building2|57.35|-1198.1,-1057.1;-1198.7,-1055.3;-1199.1,-1055.4;-1198.5,-1057.2
Building2|57.35|-1186.8,-1064.1;-1199.2,-1055.4;-1202.6,-1060.2;-1190.2,-1068.9
Building2|57.35|-1200.6,-1060.3;-1200.6,-1060.7;-1202.5,-1060.7;-1202.5,-1060.3
Building2|57.35|-1188.7,-1064.0;-1186.8,-1064.0;-1186.8,-1063.6;-1188.7,-1063.6
Building2|57.35|-1193.2,-1058.3;-1192.2,-1056.9;-1192.5,-1056.7;-1193.5,-1058.1
Building2|57.35|-1193.3,-1058.5;-1192.3,-1057.0;-1190.8,-1058.0;-1191.9,-1059.5
Building2|57.35|-1190.6,-1058.1;-1190.4,-1057.8;-1192.1,-1056.6;-1192.4,-1056.9
Building2|57.35|-1190.9,-1058.2;-1190.8,-1058.0;-1192.3,-1057.0;-1192.4,-1057.2
Building2|57.35|-1190.8,-1058.1;-1190.7,-1057.9;-1192.2,-1056.9;-1192.3,-1057.0
Building2|57.35|-1190.7,-1058.1;-1190.6,-1057.9;-1192.3,-1056.8;-1192.4,-1056.9
Building2|57.35|-1190.7,-1058.2;-1190.5,-1057.9;-1192.2,-1056.7;-1192.5,-1057.0
Building2|57.35|-1191.4,-1059.6;-1190.4,-1058.1;-1190.7,-1057.9;-1191.7,-1059.4
Building2|57.35|-1191.8,-1059.6;-1190.8,-1058.0;-1192.3,-1057.0;-1193.4,-1058.5
Building2|57.35|-1191.8,-1059.4;-1190.8,-1058.0;-1192.2,-1057.0;-1193.2,-1058.4
Building2|57.35|-1198.6,-1066.0;-1198.7,-1066.1;-1197.2,-1067.2;-1197.1,-1067.0
Building2|57.35|-1196.1,-1065.6;-1197.1,-1067.1;-1198.6,-1066.0;-1197.5,-1064.5
Building2|57.35|-1198.5,-1065.9;-1198.6,-1066.0;-1197.1,-1067.0;-1197.0,-1066.9
Building2|57.35|-1198.7,-1065.8;-1198.9,-1066.1;-1197.2,-1067.3;-1196.9,-1067.0
Building2|57.35|-1198.8,-1065.9;-1199.0,-1066.3;-1197.3,-1067.5;-1197.0,-1067.1
Building2|57.35|-1197.6,-1064.5;-1198.6,-1066.0;-1197.1,-1067.1;-1196.0,-1065.6
Building2|57.35|-1196.2,-1065.7;-1197.2,-1067.2;-1196.9,-1067.4;-1195.9,-1065.9
Building2|57.35|-1198.0,-1064.4;-1199.0,-1065.9;-1198.7,-1066.1;-1197.7,-1064.6
Building2|57.35|-1198.7,-1065.9;-1198.8,-1066.1;-1197.1,-1067.3;-1197.0,-1067.1
Building2|57.35|-1197.6,-1064.7;-1198.5,-1066.0;-1197.2,-1067.0;-1196.2,-1065.6
Building2|57.35|-1190.0,-1060.6;-1189.0,-1059.1;-1189.3,-1058.9;-1190.3,-1060.4
Building2|57.35|-1188.6,-1061.8;-1187.6,-1060.3;-1189.1,-1059.2;-1190.2,-1060.7
Building2|57.35|-1188.2,-1061.8;-1187.2,-1060.4;-1187.5,-1060.2;-1188.5,-1061.6
Building2|57.35|-1190.1,-1060.7;-1189.1,-1059.2;-1187.6,-1060.3;-1188.7,-1061.8
Building2|57.35|-1187.6,-1060.3;-1187.5,-1060.1;-1189.0,-1059.1;-1189.1,-1059.3
Building2|57.35|-1187.5,-1060.5;-1187.3,-1060.1;-1189.0,-1058.9;-1189.3,-1059.3
Building2|57.35|-1187.4,-1060.4;-1187.2,-1060.0;-1188.9,-1058.8;-1189.2,-1059.1
Building2|57.35|-1187.5,-1060.3;-1187.4,-1060.2;-1189.1,-1059.0;-1189.2,-1059.2
Building2|57.35|-1187.7,-1060.4;-1187.6,-1060.3;-1189.1,-1059.2;-1189.2,-1059.4
Building2|57.35|-1188.6,-1061.6;-1187.7,-1060.2;-1189.0,-1059.3;-1190.0,-1060.7
Building2|57.35|-1201.7,-1063.8;-1201.8,-1063.9;-1200.4,-1065.0;-1200.3,-1064.8
Building2|57.35|-1201.9,-1063.7;-1202.0,-1063.9;-1200.3,-1065.1;-1200.2,-1064.9
Building2|57.35|-1199.3,-1063.5;-1200.3,-1065.0;-1200.0,-1065.2;-1199.0,-1063.7
Building2|57.35|-1200.7,-1062.3;-1201.8,-1063.8;-1200.2,-1064.9;-1199.2,-1063.4
Building2|57.35|-1201.6,-1063.7;-1201.7,-1063.8;-1200.3,-1064.8;-1200.2,-1064.7
Building2|57.35|-1201.9,-1063.7;-1202.1,-1064.0;-1200.4,-1065.3;-1200.2,-1064.9
Building2|57.35|-1201.8,-1063.6;-1202.0,-1063.9;-1200.3,-1065.1;-1200.1,-1064.8
Building2|57.35|-1201.1,-1062.2;-1202.1,-1063.7;-1201.8,-1063.9;-1200.8,-1062.4
Building2|57.35|-1199.2,-1063.3;-1200.3,-1064.9;-1201.8,-1063.8;-1200.7,-1062.3
Building2|57.35|-1200.7,-1062.5;-1201.7,-1063.8;-1200.3,-1064.8;-1199.4,-1063.4
Building2|57.35|-1194.0,-1055.9;-1193.9,-1055.7;-1195.3,-1054.7;-1195.4,-1054.8
Building2|57.35|-1193.8,-1055.9;-1193.6,-1055.6;-1195.3,-1054.4;-1195.5,-1054.7
Building2|57.35|-1193.9,-1056.0;-1193.7,-1055.7;-1195.4,-1054.5;-1195.6,-1054.8
Building2|57.35|-1196.5,-1056.3;-1195.4,-1054.8;-1193.9,-1055.8;-1195.0,-1057.3
Building2|57.35|-1194.6,-1057.4;-1193.6,-1055.9;-1193.9,-1055.7;-1194.9,-1057.2
Building2|57.35|-1196.4,-1056.1;-1195.4,-1054.7;-1195.7,-1054.5;-1196.7,-1055.9
Building2|57.35|-1194.1,-1056.0;-1194.0,-1055.8;-1195.4,-1054.8;-1195.5,-1054.9
Building2|57.35|-1193.8,-1055.9;-1193.7,-1055.7;-1195.4,-1054.5;-1195.5,-1054.7
Building2|57.35|-1195.0,-1057.3;-1193.9,-1055.8;-1195.5,-1054.7;-1196.5,-1056.3
Building2|57.35|-1195.0,-1057.2;-1194.0,-1055.8;-1195.4,-1054.8;-1196.3,-1056.2
Building2|57.35|-1200.9,-1056.7;-1202.4,-1055.6;-1203.5,-1057.2;-1202.0,-1058.2
Building2|57.35|-1202.2,-1055.6;-1202.5,-1055.4;-1203.7,-1057.1;-1203.4,-1057.3
Building2|57.35|-1202.1,-1058.1;-1203.5,-1057.1;-1203.8,-1057.4;-1202.3,-1058.4
Building2|57.35|-1202.2,-1055.8;-1202.4,-1055.7;-1203.4,-1057.1;-1203.3,-1057.2
Building2|57.35|-1202.3,-1055.5;-1202.6,-1055.3;-1203.8,-1057.0;-1203.5,-1057.2
Building2|57.35|-1202.4,-1055.7;-1202.5,-1055.6;-1203.5,-1057.0;-1203.4,-1057.1
Building2|57.35|-1201.9,-1058.2;-1203.4,-1057.1;-1202.4,-1055.6;-1200.9,-1056.7
Building2|57.35|-1200.8,-1056.3;-1202.3,-1055.3;-1202.5,-1055.6;-1201.0,-1056.6
Building2|57.35|-1202.3,-1055.5;-1202.5,-1055.4;-1203.7,-1057.1;-1203.5,-1057.2
Building2|57.35|-1201.0,-1056.7;-1202.4,-1055.7;-1203.4,-1057.1;-1202.0,-1058.0
Building2|57.35|-1195.5,-1068.2;-1195.7,-1068.4;-1194.0,-1069.6;-1193.9,-1069.4
Building2|57.35|-1195.5,-1068.1;-1195.7,-1068.4;-1194.0,-1069.6;-1193.8,-1069.3
Building2|57.35|-1195.6,-1068.2;-1195.8,-1068.5;-1194.1,-1069.7;-1193.9,-1069.4
Building2|57.35|-1194.4,-1066.8;-1195.5,-1068.3;-1193.9,-1069.4;-1192.9,-1067.9
Building2|57.35|-1192.9,-1067.8;-1193.9,-1069.3;-1195.4,-1068.3;-1194.4,-1066.8
Building2|57.35|-1193.0,-1068.0;-1194.0,-1069.4;-1193.7,-1069.7;-1192.7,-1068.2
Building2|57.35|-1195.4,-1068.3;-1195.5,-1068.4;-1194.1,-1069.4;-1194.0,-1069.3
Building2|57.35|-1195.3,-1068.1;-1195.4,-1068.3;-1194.0,-1069.3;-1193.9,-1069.2
Building2|57.35|-1194.8,-1066.7;-1195.8,-1068.2;-1195.5,-1068.4;-1194.5,-1066.9
Building2|57.35|-1194.4,-1066.9;-1195.4,-1068.3;-1194.0,-1069.3;-1193.0,-1067.9
Building2|57.35|-1154.3,-1044.4;-1156.4,-1047.5;-1156.9,-1047.2;-1154.7,-1044.1
Building2|57.35|-1156.5,-1047.6;-1158.6,-1050.6;-1159.1,-1050.3;-1156.9,-1047.2
Building2|57.35|-1154.0,-1044.2;-1154.2,-1044.5;-1155.0,-1043.9;-1154.8,-1043.7
Building2|57.35|-1154.0,-1044.2;-1158.7,-1051.0;-1159.3,-1050.6;-1154.6,-1043.8
Building2|57.35|-1156.5,-1047.4;-1156.6,-1047.6;-1157.0,-1047.3;-1156.9,-1047.1
Building2|57.35|-1158.5,-1050.7;-1158.7,-1051.0;-1159.5,-1050.4;-1159.4,-1050.1
Building2|57.35|-1156.2,-1010.1;-1160.3,-1007.3;-1160.8,-1007.9;-1156.7,-1010.7
Building2|57.35|-1160.3,-1007.2;-1160.7,-1006.9;-1161.2,-1007.7;-1160.8,-1007.9
Building2|57.35|-1156.2,-1010.0;-1160.3,-1007.2;-1160.8,-1007.9;-1156.7,-1010.8
Building2|57.35|-1155.8,-1010.3;-1156.2,-1010.0;-1156.7,-1010.8;-1156.3,-1011.1
Building2|57.35|-1159.4,-1007.7;-1159.6,-1007.6;-1160.2,-1008.5;-1160.0,-1008.6
Building2|57.35|-1149.2,-1037.3;-1149.3,-1037.6;-1150.1,-1037.0;-1150.0,-1036.7
Building2|57.35|-1149.4,-1037.5;-1151.6,-1040.6;-1152.1,-1040.2;-1149.9,-1037.2
Building2|57.35|-1151.6,-1040.6;-1153.8,-1043.7;-1154.3,-1043.4;-1152.1,-1040.3
Building2|57.35|-1149.2,-1037.3;-1153.9,-1044.0;-1154.4,-1043.6;-1149.7,-1036.9
Building2|57.35|-1153.7,-1043.8;-1153.9,-1044.0;-1154.7,-1043.5;-1154.5,-1043.2
Building2|57.35|-1151.6,-1040.5;-1151.7,-1040.6;-1152.1,-1040.4;-1152.0,-1040.2
Building2|57.35|-1186.6,-1053.7;-1182.5,-1056.6;-1182.0,-1055.9;-1186.1,-1053.1
Building2|57.35|-1183.4,-1056.1;-1183.2,-1056.2;-1182.6,-1055.3;-1182.8,-1055.2
Building2|57.35|-1182.5,-1056.6;-1182.1,-1056.9;-1181.6,-1056.1;-1182.0,-1055.9
Building2|57.35|-1187.1,-1053.5;-1186.6,-1053.8;-1186.1,-1053.0;-1186.5,-1052.7
Building2|57.35|-1186.6,-1053.8;-1182.5,-1056.6;-1182.0,-1055.9;-1186.1,-1053.0
Building2|57.35|-1207.6,-1037.9;-1169.5,-1064.6;-1168.9,-1063.7;-1207.0,-1037.0
Building2|57.35|-1192.4,-1017.8;-1155.9,-1043.4;-1155.3,-1042.6;-1191.8,-1017.0
Building2|57.35|-1200.2,-1014.3;-1197.8,-1010.8;-1200.8,-1008.7;-1203.3,-1012.2
Building2|57.35|-1144.9,-1047.9;-1147.3,-1051.4;-1144.3,-1053.5;-1141.8,-1050.0
Building2|57.35|-1200.7,-1026.3;-1205.7,-1033.5;-1204.9,-1034.0;-1199.9,-1026.9
Building2|57.35|-1181.7,-999.1;-1186.7,-1006.3;-1185.9,-1006.8;-1180.9,-999.7
Building2|57.35|-1247.3,-1046.9;-1164.4,-1105.0;-1100.3,-1013.5;-1183.2,-955.4
Building2|57.35|-1247.2,-1046.9;-1164.4,-1104.9;-1100.4,-1013.5;-1183.2,-955.5
Building2|57.35|-1193.4,-1016.1;-1193.5,-1016.1;-1193.3,-1016.2;-1193.3,-1016.2
Building2|57.35|-1193.6,-1016.2;-1193.8,-1016.6;-1193.6,-1016.7;-1193.4,-1016.4
Building2|57.35|-1193.2,-1015.7;-1193.4,-1016.0;-1193.2,-1016.1;-1193.0,-1015.8
Building2|57.35|-1193.9,-1016.7;-1194.0,-1016.9;-1193.9,-1017.0;-1193.7,-1016.8
Building2|57.35|-1192.3,-1014.0;-1195.5,-1018.5;-1195.4,-1018.6;-1192.2,-1014.0
Building2|57.35|-1195.3,-1019.0;-1191.7,-1013.9;-1191.1,-1014.3;-1194.7,-1019.4
Building2|57.35|-1195.3,-1018.3;-1195.5,-1018.5;-1195.2,-1018.7;-1195.0,-1018.5
Building2|57.35|-1195.1,-1018.7;-1191.9,-1014.1;-1191.4,-1014.5;-1194.6,-1019.1
Building2|57.35|-1193.0,-1015.5;-1194.1,-1017.1;-1194.1,-1017.2;-1192.9,-1015.6
Building2|57.35|-1192.2,-1013.9;-1192.4,-1014.1;-1192.1,-1014.3;-1191.9,-1014.1
Building2|57.35|-1188.4,-1050.1;-1187.5,-1050.7;-1159.3,-1010.3;-1160.1,-1009.7
Building2|57.35|-1207.0,-1037.0;-1206.2,-1037.6;-1177.9,-997.2;-1178.8,-996.7
Building2|57.35|-1178.8,-996.7;-1140.6,-1023.4;-1140.0,-1022.6;-1178.2,-995.8
Building2|57.35|-1169.7,-1063.2;-1168.9,-1063.7;-1140.6,-1023.4;-1141.4,-1022.8
BuildingSourceSlice_fbx_15_-17968_1375_-23842|81.82|-1779.1,-2418.0;-1768.5,-2402.9;-1799.6,-2351.3;-1801.4,-2350.3;-1825.1,-2386.5
BuildingSourceSlice_orph_2473_362|108.80|2492.4,328.1;2494.5,360.4;2510.1,360.0;2510.5,372.8;2495.6,373.3;2497.3,392.2;2484.2,393.4;2484.1,399.6;2476.3,401.4;2459.9,395.5;2455.6,395.9;2452.8,363.4;2443.3,364.0;2444.4,349.3;2442.4,349.2;2441.5,332.1
BuildingSourceSlice_fbx_10_-17212_1375_-6853|65.75|-1764.3,-749.9;-1776.5,-761.2;-1756.2,-783.1;-1738.5,-783.1;-1735.9,-780.6
BuildingSourceSlice_fbx_10_-17212_1375_-6853|65.75|-1775.6,-756.1;-1764.8,-746.1;-1737.3,-775.6;-1723.8,-761.5;-1665.9,-708.9;-1663.6,-705.0;-1643.3,-689.2;-1694.6,-635.2;-1683.6,-622.2;-1706.7,-596.8;-1739.0,-615.8;-1770.3,-644.7;-1753.8,-667.1;-1754.9,-668.1;-1753.7,-669.7;-1796.9,-709.8;-1797.1,-711.1;-1787.9,-720.6;-1798.9,-732.1
BuildingSourceSlice_fbx_10_-17212_1375_-6853|65.75|-1784.8,-658.0;-1821.5,-691.2;-1806.3,-708.1;-1769.5,-674.9
BuildingSourceSlice_fbx_10_-17212_1375_-6853|65.75|-1699.4,-599.7;-1681.8,-618.6;-1659.4,-597.6;-1668.9,-587.5;-1686.4,-587.5
BuildingSourceSlice_orph_-2106_730|138.32|-2123.9,701.1;-2115.8,691.1;-2109.1,697.3;-2097.5,683.4;-2078.1,698.2;-2088.4,710.0;-2051.3,742.3;-2077.7,774.2;-2105.7,774.7;-2163.2,710.7;-2141.5,685.1
BuildingSourceSlice_fbx_10_-15933_1372_-5461|66.65|-1620.5,-471.3;-1665.9,-513.2;-1566.6,-620.8;-1521.2,-578.8
BuildingSourceSlice_fbx_10_-15933_1372_-5461|66.65|-1587.1,-475.2;-1596.7,-485.1;-1596.8,-487.1;-1522.6,-566.8;-1520.7,-567.0;-1514.3,-556.8;-1518.7,-551.4;-1513.3,-542.3;-1513.5,-538.3;-1515.6,-538.1;-1524.2,-546.1;-1513.3,-528.6;-1513.2,-508.1;-1525.1,-494.6;-1513.3,-483.3;-1513.8,-468.5;-1520.0,-463.8;-1532.0,-463.8;-1541.5,-468.9;-1546.7,-463.8;-1560.0,-465.7;-1562.3,-463.8;-1579.5,-463.8;-1587.3,-467.4;-1591.0,-470.8
BuildingSourceSlice_fbx_8_-1724_1365_25245|79.19|-115.3,2613.1;-240.3,2599.8;-239.5,2591.9;-241.9,2591.6;-225.3,2435.9;-106.3,2448.6;-106.3,2457.9;-98.7,2458.3
BuildingSourceSlice_fbx_4_-527_1223_-7154|86.54|-30.6,-691.6;-94.2,-715.9;-85.4,-739.2;-11.1,-710.8
BuildingSourceSlice_fbx_4_-527_1223_-7154|86.54|-37.0,-693.0;-63.6,-654.9;-101.3,-668.3;-86.7,-710.8
BuildingSourceSlice_fbx_5_6279_2686_3600|73.86|582.7,407.8;561.6,356.2;591.4,343.8;576.3,306.4;583.0,303.6;581.4,299.6;632.6,278.8;634.1,282.4;641.5,279.2;688.9,395.1;620.7,415.9;594.2,426.7;585.7,406.5
BuildingSourceSlice_fbx_7_15882_2446_25545|98.87|1478.7,2546.2;1479.8,2545.2;1480.7,2546.4;1595.5,2456.8;1594.8,2452.9;1613.3,2439.1;1625.1,2439.1;1638.1,2455.6;1640.4,2456.5;1624.1,2472.8;1625.4,2474.3;1634.4,2467.1;1635.3,2468.3;1656.1,2451.6;1696.7,2502.1;1696.7,2504.4;1676.8,2520.3;1676.0,2522.8;1694.7,2546.8;1694.5,2548.5;1575.7,2641.3;1581.0,2648.1;1580.9,2649.9;1551.8,2672.5;1544.9,2672.2;1518.0,2637.8;1518.2,2636.1;1524.2,2631.4;1502.5,2603.1;1513.8,2595.4;1512.8,2594.1;1514.8,2592.5
BuildingSourceSlice_fbx_12_31281_1915_-12378|133.20|3071.3,-1265.9;3077.0,-1265.1;3077.3,-1267.1;3163.2,-1253.6;3190.0,-1208.5;3071.0,-1227.1;3071.7,-1231.5;3066.1,-1232.4
BuildingSourceSlice_fbx_4_-2192_1412_-10100|100.74|-297.6,-1016.2;-293.9,-1025.2;-298.3,-1027.0;-281.9,-1066.3;-273.1,-1062.5;-272.5,-1063.9;-228.7,-1045.1;-229.4,-1043.5;-140.1,-1005.6;-151.0,-979.8;-158.8,-983.2;-171.2,-953.8;-294.1,-1006.6;-291.3,-1013.4
BuildingSourceSlice_fbx_4_-2192_1412_-10100|100.74|-266.9,-955.8;-301.9,-970.4;-309.4,-988.6;-304.5,-1008.6;-253.3,-986.6
BuildingSourceSlice_fbx_4_-2192_1412_-10100|100.74|-263.9,-954.5;-250.3,-986.4;-223.7,-975.0;-224.4,-973.5;-215.8,-969.8;-228.8,-939.4
BuildingSourceSlice_fbx_6_4935_1937_-12135|128.24|503.6,-1250.1;504.9,-1223.4;506.8,-1222.9;504.7,-1213.8;511.3,-1212.0;514.6,-1196.8;512.4,-1187.9;507.8,-1188.9;505.0,-1177.9;496.6,-1179.9;495.6,-1177.0;472.5,-1182.7;489.2,-1246.3
Building3|83.19|-1090.8,-1499.9;-1091.5,-1501.1;-1092.7,-1500.4;-1092.0,-1499.2
Building3|83.19|-1092.7,-1500.4;-1092.8,-1500.5;-1091.6,-1501.2;-1091.5,-1501.1
Building3|83.19|-1092.8,-1500.4;-1092.9,-1500.5;-1091.5,-1501.3;-1091.4,-1501.2
Building3|83.19|-1092.9,-1500.3;-1093.0,-1500.6;-1091.6,-1501.5;-1091.4,-1501.2
Building3|83.19|-1092.8,-1500.3;-1093.0,-1500.5;-1091.5,-1501.4;-1091.4,-1501.1
Building3|83.19|-1090.8,-1500.0;-1091.6,-1501.2;-1091.3,-1501.4;-1090.6,-1500.2
Building3|83.19|-1092.7,-1500.3;-1092.7,-1500.4;-1091.5,-1501.1;-1091.5,-1501.0
Building3|83.19|-1092.3,-1499.1;-1093.0,-1500.3;-1092.8,-1500.5;-1092.1,-1499.3
Building3|83.19|-1092.0,-1499.1;-1092.8,-1500.4;-1091.5,-1501.2;-1090.7,-1499.9
Building3|83.19|-1092.0,-1499.3;-1092.7,-1500.4;-1091.6,-1501.1;-1090.9,-1500.0
Building3|83.19|-1092.3,-1490.7;-1092.1,-1490.4;-1093.6,-1489.5;-1093.7,-1489.8
Building3|83.19|-1092.8,-1491.8;-1092.0,-1490.6;-1092.3,-1490.4;-1093.0,-1491.6
Building3|83.19|-1094.3,-1490.9;-1093.5,-1489.7;-1093.8,-1489.5;-1094.5,-1490.8
Building3|83.19|-1092.4,-1490.6;-1092.4,-1490.5;-1093.6,-1489.8;-1093.6,-1489.9
Building3|83.19|-1092.4,-1490.5;-1092.3,-1490.4;-1093.5,-1489.7;-1093.6,-1489.8
Building3|83.19|-1092.2,-1490.6;-1092.1,-1490.3;-1093.5,-1489.4;-1093.7,-1489.7
Building3|83.19|-1094.3,-1491.0;-1093.6,-1489.8;-1092.3,-1490.5;-1093.1,-1491.8
Building3|83.19|-1093.1,-1491.8;-1092.3,-1490.5;-1093.6,-1489.8;-1094.4,-1491.0
Building3|83.19|-1092.3,-1490.6;-1092.2,-1490.4;-1093.6,-1489.6;-1093.7,-1489.7
Building3|83.19|-1093.1,-1491.6;-1092.4,-1490.5;-1093.5,-1489.8;-1094.2,-1491.0
Building3|83.19|-1091.7,-1492.6;-1091.0,-1491.3;-1089.7,-1492.0;-1090.5,-1493.3
Building3|83.19|-1089.6,-1492.1;-1089.6,-1492.0;-1091.0,-1491.1;-1091.0,-1491.3
Building3|83.19|-1089.7,-1492.2;-1089.5,-1491.9;-1090.9,-1491.1;-1091.1,-1491.4
Building3|83.19|-1089.6,-1492.1;-1089.4,-1491.8;-1090.9,-1491.0;-1091.0,-1491.3
Building3|83.19|-1091.6,-1492.4;-1090.9,-1491.2;-1091.2,-1491.1;-1091.9,-1492.3
Building3|83.19|-1089.7,-1492.1;-1089.7,-1491.9;-1090.9,-1491.2;-1091.0,-1491.4
Building3|83.19|-1090.1,-1493.3;-1089.4,-1492.1;-1089.7,-1492.0;-1090.4,-1493.2
Building3|83.19|-1089.8,-1492.2;-1089.7,-1492.0;-1090.9,-1491.3;-1091.0,-1491.5
Building3|83.19|-1090.4,-1493.3;-1089.7,-1492.1;-1091.0,-1491.3;-1091.7,-1492.5
Building3|83.19|-1090.4,-1493.2;-1089.8,-1492.0;-1090.9,-1491.4;-1091.6,-1492.5
Building3|83.19|-1097.3,-1496.1;-1098.0,-1497.3;-1096.8,-1498.0;-1096.1,-1496.8
Building3|83.19|-1096.1,-1496.9;-1096.8,-1498.1;-1096.6,-1498.2;-1095.8,-1497.0
Building3|83.19|-1097.9,-1497.1;-1098.0,-1497.3;-1096.8,-1498.0;-1096.7,-1497.9
Building3|83.19|-1097.3,-1496.0;-1098.0,-1497.3;-1096.7,-1498.0;-1096.0,-1496.8
Building3|83.19|-1097.6,-1496.0;-1098.3,-1497.2;-1098.1,-1497.3;-1097.3,-1496.1
Building3|83.19|-1098.0,-1497.2;-1098.1,-1497.4;-1096.8,-1498.1;-1096.8,-1497.9
Building3|83.19|-1098.1,-1497.1;-1098.2,-1497.4;-1096.8,-1498.2;-1096.6,-1498.0
Building3|83.19|-1098.1,-1497.2;-1098.3,-1497.5;-1096.8,-1498.3;-1096.7,-1498.1
Building3|83.19|-1096.0,-1496.7;-1096.8,-1498.0;-1098.0,-1497.3;-1097.3,-1496.0
Building3|83.19|-1098.1,-1497.2;-1098.2,-1497.4;-1096.8,-1498.2;-1096.7,-1498.0
Building3|83.19|-1087.0,-1493.8;-1086.9,-1493.5;-1088.3,-1492.7;-1088.4,-1492.9
Building3|83.19|-1087.1,-1493.6;-1087.0,-1493.5;-1088.2,-1492.8;-1088.3,-1492.9
Building3|83.19|-1089.0,-1494.0;-1088.3,-1492.8;-1088.5,-1492.6;-1089.2,-1493.9
Building3|83.19|-1089.1,-1494.1;-1088.3,-1492.9;-1087.1,-1493.6;-1087.8,-1494.9
Building3|83.19|-1087.2,-1493.7;-1087.1,-1493.6;-1088.3,-1492.9;-1088.4,-1493.0
Building3|83.19|-1087.0,-1493.7;-1086.8,-1493.4;-1088.2,-1492.5;-1088.4,-1492.8
Building3|83.19|-1087.5,-1494.9;-1086.8,-1493.7;-1087.0,-1493.5;-1087.7,-1494.7
Building3|83.19|-1087.8,-1494.9;-1087.0,-1493.6;-1088.3,-1492.9;-1089.1,-1494.1
Building3|83.19|-1087.0,-1493.7;-1086.9,-1493.5;-1088.3,-1492.7;-1088.4,-1492.8
Building3|83.19|-1087.8,-1494.7;-1087.1,-1493.6;-1088.3,-1492.9;-1088.9,-1494.1
Building3|83.19|-1098.6,-1492.8;-1099.8,-1492.1;-1100.0,-1492.3;-1098.7,-1493.0
Building3|83.19|-1097.7,-1491.3;-1098.9,-1490.6;-1099.1,-1490.8;-1097.9,-1491.5
Building3|83.19|-1098.9,-1491.0;-1099.0,-1490.9;-1099.7,-1492.1;-1099.6,-1492.2
Building3|83.19|-1098.5,-1492.9;-1099.7,-1492.1;-1099.0,-1490.9;-1097.7,-1491.6
Building3|83.19|-1099.0,-1490.9;-1099.1,-1490.8;-1099.8,-1492.0;-1099.7,-1492.1
Building3|83.19|-1098.8,-1490.8;-1099.1,-1490.7;-1100.0,-1492.1;-1099.7,-1492.3
Building3|83.19|-1099.0,-1490.8;-1099.1,-1490.7;-1099.9,-1492.1;-1099.8,-1492.2
Building3|83.19|-1097.7,-1491.6;-1099.0,-1490.9;-1099.8,-1492.2;-1098.5,-1492.9
Building3|83.19|-1098.9,-1490.8;-1099.2,-1490.6;-1100.1,-1492.0;-1099.8,-1492.2
Building3|83.19|-1097.9,-1491.6;-1099.0,-1490.9;-1099.7,-1492.1;-1098.5,-1492.7
Building3|83.19|-1093.4,-1498.3;-1094.1,-1499.5;-1095.4,-1498.8;-1094.6,-1497.6
Building3|83.19|-1093.5,-1498.4;-1094.2,-1499.6;-1093.9,-1499.8;-1093.2,-1498.6
Building3|83.19|-1095.4,-1498.7;-1095.6,-1498.9;-1094.2,-1499.8;-1094.0,-1499.5
Building3|83.19|-1095.0,-1497.5;-1095.7,-1498.7;-1095.4,-1498.9;-1094.7,-1497.7
Building3|83.19|-1095.4,-1498.8;-1095.4,-1498.9;-1094.2,-1499.6;-1094.1,-1499.5
Building3|83.19|-1095.5,-1498.8;-1095.5,-1498.9;-1094.1,-1499.7;-1094.1,-1499.6
Building3|83.19|-1094.7,-1497.5;-1095.4,-1498.8;-1094.1,-1499.6;-1093.4,-1498.3
Building3|83.19|-1095.5,-1498.7;-1095.7,-1499.0;-1094.2,-1499.9;-1094.1,-1499.6
Building3|83.19|-1095.3,-1498.7;-1095.4,-1498.8;-1094.2,-1499.5;-1094.1,-1499.4
Building3|83.19|-1094.7,-1497.7;-1095.3,-1498.8;-1094.2,-1499.5;-1093.5,-1498.4
Building3|83.19|-1089.5,-1499.3;-1088.9,-1500.7;-1088.6,-1500.6;-1089.3,-1499.2
Building3|83.19|-1087.7,-1496.6;-1086.3,-1496.5;-1086.3,-1496.2;-1087.8,-1496.3
Building3|83.19|-1097.3,-1494.4;-1097.3,-1494.8;-1098.8,-1494.9;-1098.8,-1494.6
Building3|83.19|-1095.5,-1491.7;-1096.2,-1490.4;-1096.4,-1490.5;-1095.8,-1491.9
Building3|83.19|-1085.7,-1496.4;-1096.6,-1490.0;-1099.3,-1494.6;-1088.5,-1501.0
Building3|83.19|-1086.2,-1496.6;-1096.5,-1490.5;-1098.9,-1494.5;-1088.6,-1500.6
Building3|83.19|-1135.7,-1473.4;-1136.4,-1474.7;-1137.7,-1474.0;-1136.9,-1472.7
Building3|83.19|-1137.7,-1473.8;-1137.9,-1474.1;-1136.5,-1474.9;-1136.3,-1474.6
Building3|83.19|-1137.8,-1473.9;-1137.9,-1474.2;-1136.5,-1475.0;-1136.4,-1474.7
Building3|83.19|-1135.8,-1473.5;-1136.5,-1474.8;-1136.2,-1474.9;-1135.5,-1473.7
Building3|83.19|-1137.6,-1473.8;-1137.7,-1474.0;-1136.4,-1474.7;-1136.4,-1474.5
Building3|83.19|-1137.6,-1473.9;-1137.7,-1474.0;-1136.5,-1474.8;-1136.4,-1474.6
Building3|83.19|-1137.8,-1473.9;-1137.8,-1474.0;-1136.4,-1474.9;-1136.4,-1474.7
Building3|83.19|-1137.3,-1472.7;-1138.0,-1473.9;-1137.7,-1474.0;-1137.0,-1472.8
Building3|83.19|-1137.0,-1472.7;-1137.7,-1473.9;-1136.4,-1474.7;-1135.7,-1473.4
Building3|83.19|-1136.9,-1472.8;-1137.6,-1474.0;-1136.5,-1474.6;-1135.8,-1473.5
Building3|83.19|-1138.3,-1471.9;-1139.0,-1473.1;-1140.3,-1472.4;-1139.5,-1471.2
Building3|83.19|-1140.4,-1472.3;-1140.6,-1472.6;-1139.1,-1473.5;-1139.0,-1473.2
Building3|83.19|-1139.6,-1471.1;-1140.3,-1472.4;-1139.0,-1473.2;-1138.3,-1471.9
Building3|83.19|-1140.3,-1472.3;-1140.5,-1472.5;-1139.1,-1473.4;-1138.9,-1473.1
Building3|83.19|-1140.3,-1472.4;-1140.3,-1472.5;-1139.1,-1473.2;-1139.1,-1473.1
Building3|83.19|-1139.9,-1471.1;-1140.6,-1472.3;-1140.3,-1472.5;-1139.6,-1471.3
Building3|83.19|-1140.2,-1472.3;-1140.3,-1472.4;-1139.1,-1473.1;-1139.0,-1473.0
Building3|83.19|-1138.4,-1472.0;-1139.1,-1473.2;-1138.8,-1473.4;-1138.1,-1472.2
Building3|83.19|-1140.4,-1472.4;-1140.5,-1472.5;-1139.1,-1473.3;-1139.0,-1473.2
Building3|83.19|-1139.6,-1471.3;-1140.2,-1472.4;-1139.1,-1473.1;-1138.4,-1472.0
Building3|83.19|-1131.5,-1471.6;-1130.3,-1472.3;-1131.0,-1473.6;-1132.3,-1472.8
Building3|83.19|-1131.2,-1473.6;-1130.9,-1473.8;-1130.1,-1472.3;-1130.3,-1472.2
Building3|83.19|-1132.3,-1473.1;-1131.1,-1473.9;-1130.9,-1473.6;-1132.1,-1472.9
Building3|83.19|-1131.4,-1471.7;-1130.2,-1472.4;-1130.0,-1472.1;-1131.3,-1471.4
Building3|83.19|-1131.1,-1473.7;-1130.8,-1473.8;-1130.0,-1472.4;-1130.2,-1472.2
Building3|83.19|-1131.1,-1473.7;-1130.9,-1473.7;-1130.1,-1472.3;-1130.2,-1472.3
Building3|83.19|-1132.3,-1472.9;-1131.0,-1473.6;-1130.3,-1472.3;-1131.5,-1471.6
Building3|83.19|-1131.0,-1473.5;-1130.9,-1473.6;-1130.2,-1472.4;-1130.3,-1472.3
Building3|83.19|-1131.1,-1473.5;-1131.0,-1473.6;-1130.3,-1472.3;-1130.4,-1472.3
Building3|83.19|-1132.1,-1472.8;-1131.0,-1473.5;-1130.3,-1472.4;-1131.5,-1471.7
Building3|83.19|-1134.0,-1467.7;-1133.3,-1466.4;-1132.0,-1467.2;-1132.8,-1468.4
Building3|83.19|-1132.0,-1467.3;-1131.8,-1467.1;-1133.2,-1466.2;-1133.4,-1466.5
Building3|83.19|-1133.9,-1467.6;-1133.2,-1466.4;-1133.5,-1466.2;-1134.2,-1467.4
Building3|83.19|-1132.0,-1467.2;-1132.0,-1467.1;-1133.2,-1466.4;-1133.2,-1466.5
Building3|83.19|-1131.9,-1467.2;-1131.8,-1467.1;-1133.2,-1466.3;-1133.3,-1466.4
Building3|83.19|-1131.9,-1467.2;-1131.7,-1467.0;-1133.2,-1466.1;-1133.3,-1466.4
Building3|83.19|-1132.7,-1468.4;-1132.0,-1467.2;-1133.3,-1466.4;-1134.0,-1467.7
Building3|83.19|-1132.4,-1468.5;-1131.7,-1467.2;-1132.0,-1467.1;-1132.7,-1468.3
Building3|83.19|-1132.1,-1467.3;-1132.0,-1467.2;-1133.2,-1466.5;-1133.3,-1466.6
Building3|83.19|-1132.7,-1468.3;-1132.1,-1467.2;-1133.2,-1466.5;-1133.9,-1467.6
Building3|83.19|-1136.6,-1466.2;-1135.9,-1464.9;-1134.6,-1465.6;-1135.4,-1466.9
Building3|83.19|-1134.5,-1465.7;-1134.4,-1465.4;-1135.8,-1464.6;-1135.9,-1464.9
Building3|83.19|-1134.5,-1465.7;-1134.5,-1465.6;-1135.9,-1464.7;-1135.9,-1464.9
Building3|83.19|-1134.7,-1465.7;-1134.6,-1465.5;-1135.8,-1464.8;-1135.9,-1465.0
Building3|83.19|-1134.7,-1465.8;-1134.6,-1465.6;-1135.9,-1464.9;-1135.9,-1465.1
Building3|83.19|-1134.6,-1465.8;-1134.4,-1465.5;-1135.8,-1464.7;-1136.0,-1464.9
Building3|83.19|-1135.0,-1466.9;-1134.3,-1465.7;-1134.6,-1465.6;-1135.3,-1466.8
Building3|83.19|-1136.5,-1466.0;-1135.8,-1464.8;-1136.1,-1464.7;-1136.8,-1465.9
Building3|83.19|-1135.3,-1466.9;-1134.6,-1465.7;-1135.9,-1464.9;-1136.6,-1466.1
Building3|83.19|-1135.3,-1466.8;-1134.7,-1465.6;-1135.8,-1465.0;-1136.5,-1466.1
Building3|83.19|-1139.2,-1464.6;-1138.5,-1463.3;-1137.3,-1464.0;-1138.0,-1465.3
Building3|83.19|-1137.7,-1465.3;-1137.0,-1464.1;-1137.2,-1464.0;-1137.9,-1465.2
Building3|83.19|-1139.2,-1464.4;-1138.5,-1463.2;-1138.7,-1463.1;-1139.4,-1464.3
Building3|83.19|-1137.1,-1464.1;-1137.0,-1463.8;-1138.4,-1463.0;-1138.6,-1463.3
Building3|83.19|-1137.2,-1464.2;-1137.0,-1463.9;-1138.5,-1463.1;-1138.6,-1463.4
Building3|83.19|-1137.3,-1464.2;-1137.3,-1464.0;-1138.5,-1463.3;-1138.6,-1463.5
Building3|83.19|-1137.2,-1464.1;-1137.1,-1464.0;-1138.5,-1463.1;-1138.6,-1463.3
Building3|83.19|-1138.0,-1465.3;-1137.2,-1464.1;-1138.5,-1463.3;-1139.3,-1464.5
Building3|83.19|-1137.3,-1464.1;-1137.2,-1463.9;-1138.4,-1463.2;-1138.5,-1463.4
Building3|83.19|-1138.0,-1465.2;-1137.3,-1464.0;-1138.4,-1463.4;-1139.1,-1464.5
Building3|83.19|-1142.3,-1467.8;-1143.8,-1467.9;-1143.7,-1468.3;-1142.2,-1468.1
Building3|83.19|-1140.5,-1465.1;-1141.1,-1463.8;-1141.4,-1463.9;-1140.7,-1465.3
Building3|83.19|-1132.7,-1470.0;-1132.7,-1469.7;-1131.2,-1469.6;-1131.2,-1469.9
Building3|83.19|-1134.5,-1472.7;-1133.9,-1474.1;-1133.6,-1473.9;-1134.2,-1472.6
Building3|83.19|-1143.8,-1467.9;-1133.5,-1473.9;-1131.2,-1469.9;-1141.4,-1463.9
Building3|83.19|-1144.3,-1468.0;-1133.4,-1474.4;-1130.7,-1469.8;-1141.5,-1463.4
Building3|83.19|-1142.2,-1469.6;-1143.0,-1470.8;-1141.7,-1471.6;-1140.9,-1470.3
Building3|83.19|-1142.8,-1470.7;-1142.9,-1470.8;-1141.7,-1471.6;-1141.6,-1471.4
Building3|83.19|-1141.0,-1470.4;-1141.7,-1471.7;-1141.5,-1471.8;-1140.8,-1470.6
Building3|83.19|-1142.5,-1469.6;-1143.2,-1470.8;-1143.0,-1470.9;-1142.3,-1469.7
Building3|83.19|-1143.0,-1470.7;-1143.1,-1471.0;-1141.7,-1471.8;-1141.6,-1471.5
Building3|83.19|-1142.9,-1470.8;-1143.0,-1470.9;-1141.8,-1471.7;-1141.7,-1471.5
Building3|83.19|-1143.1,-1470.8;-1143.2,-1471.1;-1141.8,-1471.9;-1141.6,-1471.6
Building3|83.19|-1141.0,-1470.3;-1141.7,-1471.6;-1142.9,-1470.8;-1142.2,-1469.6
Building3|83.19|-1143.0,-1470.8;-1143.1,-1470.9;-1141.7,-1471.8;-1141.6,-1471.6
Building3|83.19|-1142.2,-1469.7;-1142.9,-1470.9;-1141.7,-1471.5;-1141.1,-1470.4
Building3|83.19|-1124.4,-1496.2;-1125.2,-1495.8;-1125.2,-1495.9;-1124.5,-1496.3
Building3|83.19|-1121.7,-1496.1;-1124.7,-1494.4;-1125.7,-1496.1;-1122.8,-1497.9
Building3|83.19|-1124.1,-1494.7;-1124.7,-1494.4;-1125.7,-1496.1;-1125.2,-1496.5
Building3|83.19|-1124.8,-1496.0;-1123.8,-1496.6;-1123.4,-1495.9;-1124.4,-1495.3
Building3|83.19|-1124.0,-1495.4;-1124.8,-1495.0;-1124.8,-1495.0;-1124.0,-1495.5
Building3|83.19|-1124.8,-1496.0;-1123.8,-1496.6;-1123.4,-1495.9;-1124.4,-1495.3
Building3|83.19|-1122.6,-1495.2;-1123.4,-1494.7;-1123.5,-1494.9;-1122.7,-1495.3
Building3|83.19|-1121.7,-1495.9;-1124.4,-1494.3;-1124.6,-1494.6;-1121.9,-1496.2
Building3|83.19|-1122.6,-1495.2;-1123.4,-1494.7;-1123.5,-1494.9;-1122.7,-1495.3
Building3|83.19|-1122.8,-1498.0;-1122.8,-1497.9;-1121.8,-1496.2;-1121.8,-1496.3
Building3|83.19|-1123.8,-1494.7;-1123.7,-1494.7;-1124.4,-1494.3;-1124.4,-1494.4
Building3|83.19|-1124.8,-1496.0;-1123.8,-1496.5;-1123.4,-1495.8;-1124.4,-1495.3
Building3|83.19|-1121.6,-1496.0;-1124.6,-1494.2;-1125.8,-1496.4;-1122.9,-1498.1
Building3|83.19|-1121.6,-1496.0;-1124.5,-1494.2;-1125.8,-1496.4;-1122.9,-1498.1
Building3|83.19|-1122.6,-1494.8;-1122.8,-1495.3;-1122.0,-1495.8;-1121.7,-1495.3
Building3|83.19|-1122.6,-1494.9;-1122.8,-1495.2;-1122.0,-1495.7;-1121.8,-1495.3
Building3|83.19|-1121.7,-1495.9;-1124.4,-1494.3;-1124.6,-1494.6;-1121.9,-1496.2
Building3|83.19|-1122.4,-1495.5;-1122.5,-1495.5;-1123.4,-1497.0;-1123.3,-1497.1
Building3|83.19|-1124.8,-1496.0;-1123.8,-1496.6;-1123.4,-1495.9;-1124.4,-1495.3
Building3|83.19|-1121.0,-1496.7;-1121.9,-1496.1;-1122.9,-1497.9;-1122.0,-1498.4
Building3|83.19|-1124.8,-1496.0;-1123.9,-1496.6;-1123.4,-1495.9;-1124.4,-1495.3
Building3|83.19|-1124.1,-1496.9;-1125.1,-1496.3;-1125.2,-1496.4;-1124.1,-1497.0
Building3|83.19|-1121.7,-1495.9;-1124.4,-1494.3;-1124.6,-1494.6;-1121.9,-1496.2
Building3|83.19|-1124.3,-1495.8;-1123.3,-1496.4;-1122.9,-1495.7;-1123.9,-1495.2
Building3|83.19|-1124.2,-1495.9;-1123.2,-1496.4;-1122.8,-1495.7;-1123.9,-1495.2
Building3|83.19|-1122.6,-1495.2;-1123.4,-1494.7;-1123.5,-1494.9;-1122.7,-1495.3
Building3|83.19|-1123.5,-1495.1;-1124.2,-1494.7;-1124.3,-1494.8;-1123.6,-1495.3
Building3|83.19|-1124.3,-1495.8;-1123.3,-1496.4;-1122.9,-1495.7;-1123.9,-1495.2
Building3|83.19|-1122.3,-1495.7;-1124.5,-1494.3;-1125.6,-1496.1;-1123.3,-1497.4
Building3|83.19|-1125.1,-1496.4;-1125.2,-1496.4;-1124.2,-1494.8;-1124.2,-1494.8
Building3|83.19|-1124.4,-1495.7;-1123.5,-1496.4;-1123.0,-1495.8;-1123.9,-1495.1
Building3|83.19|-1102.2,-1490.7;-1102.1,-1490.5;-1103.0,-1490.0;-1103.2,-1490.2
Building3|83.19|-1104.3,-1494.1;-1101.8,-1489.8;-1102.6,-1489.3;-1105.1,-1493.6
Building3|83.19|-1104.5,-1494.5;-1104.2,-1494.1;-1105.1,-1493.6;-1105.3,-1494.0
Building3|83.19|-1104.4,-1494.0;-1101.8,-1489.7;-1102.5,-1489.3;-1105.0,-1493.6
Building3|83.19|-1101.8,-1489.8;-1101.5,-1489.3;-1102.3,-1488.9;-1102.6,-1489.3
Building3|83.19|-1128.2,-1474.8;-1130.7,-1479.1;-1130.1,-1479.5;-1127.5,-1475.1
Building3|83.19|-1130.8,-1479.0;-1131.0,-1479.4;-1130.2,-1479.9;-1130.0,-1479.5
Building3|83.19|-1128.3,-1474.7;-1130.8,-1479.0;-1130.0,-1479.5;-1127.5,-1475.2
Building3|83.19|-1128.1,-1474.3;-1128.3,-1474.7;-1127.5,-1475.2;-1127.2,-1474.8
Building3|83.19|-1130.3,-1478.1;-1130.4,-1478.3;-1129.5,-1478.8;-1129.4,-1478.6
Building3|83.19|-1119.8,-1489.4;-1119.0,-1489.9;-1110.2,-1475.0;-1111.0,-1474.5
Building3|83.19|-1131.7,-1482.4;-1130.8,-1483.0;-1122.0,-1468.1;-1122.9,-1467.6
Building3|83.19|-1108.0,-1496.4;-1107.1,-1496.9;-1098.4,-1482.0;-1099.2,-1481.5
Building3|83.19|-1126.7,-1475.9;-1103.9,-1489.4;-1103.3,-1488.5;-1126.2,-1475.1
Building3|83.19|-1120.5,-1491.2;-1120.1,-1491.5;-1120.0,-1491.3;-1120.4,-1491.1
Building3|83.19|-1120.6,-1491.1;-1120.6,-1491.2;-1120.5,-1491.0;-1120.5,-1491.0
Building3|83.19|-1120.0,-1491.5;-1119.8,-1491.7;-1119.7,-1491.5;-1119.9,-1491.3
Building3|83.19|-1121.0,-1490.9;-1120.7,-1491.1;-1120.6,-1490.9;-1120.9,-1490.7
Building3|83.19|-1122.9,-1490.1;-1122.6,-1490.2;-1122.5,-1489.9;-1122.7,-1489.8
Building3|83.19|-1122.8,-1490.1;-1118.0,-1493.0;-1118.0,-1492.9;-1122.8,-1490.0
Building3|83.19|-1117.8,-1492.6;-1122.7,-1489.7;-1122.4,-1489.2;-1117.5,-1492.1
Building3|83.19|-1117.6,-1492.8;-1123.0,-1489.6;-1122.6,-1489.0;-1117.2,-1492.1
Building3|83.19|-1118.2,-1492.8;-1118.0,-1493.0;-1117.8,-1492.6;-1118.1,-1492.5
Building3|83.19|-1121.2,-1490.8;-1119.5,-1491.8;-1119.5,-1491.7;-1121.2,-1490.7
Building3|83.19|-1116.8,-1468.8;-1116.5,-1469.0;-1117.0,-1469.8;-1117.3,-1469.7
Building3|83.19|-1116.8,-1468.8;-1109.7,-1473.0;-1110.1,-1473.6;-1117.1,-1469.4
Building3|83.19|-1110.0,-1472.8;-1109.7,-1473.0;-1110.2,-1473.9;-1110.5,-1473.7
Building3|83.19|-1113.4,-1471.0;-1113.3,-1471.1;-1113.5,-1471.6;-1113.7,-1471.5
Building3|83.19|-1116.6,-1469.1;-1113.3,-1471.0;-1113.6,-1471.5;-1116.9,-1469.6
Building3|83.19|-1113.3,-1471.0;-1110.0,-1472.9;-1110.3,-1473.4;-1113.6,-1471.5
Building3|83.19|-1162.1,-1484.8;-1094.4,-1524.7;-1067.9,-1479.6;-1135.6,-1439.8
Building3|83.19|-1161.9,-1484.8;-1094.5,-1524.5;-1068.1,-1479.7;-1135.5,-1439.9
Building3|83.19|-1122.9,-1467.6;-1098.4,-1482.0;-1097.8,-1481.1;-1122.4,-1466.7
Building3|83.19|-1132.2,-1483.3;-1107.6,-1497.8;-1107.1,-1496.9;-1131.7,-1482.4
BuildingSourceSlice_fbx_4_-10996_1626_-14302|81.60|-1088.5,-1463.3;-1076.7,-1445.3;-1079.0,-1443.1;-1066.7,-1423.9;-1108.2,-1397.2;-1132.6,-1435.2
BuildingSourceSlice_orph_459_-1385|125.02|441.9,-1432.5;463.7,-1427.2;500.0,-1384.4;484.2,-1326.2;476.8,-1331.3;490.2,-1380.6;458.1,-1418.5;448.1,-1420.9;423.9,-1336.4;415.3,-1339.5
BuildingSourceSlice_orph_-1174_-1030|57.33|-1164.3,-1105.4;-1100.2,-1013.3;-1183.4,-955.3;-1247.6,-1047.3
BuildingSourceSlice_fbx_8_4505_1915_25453|128.87|400.9,2559.6;403.9,2522.9;417.6,2522.8;421.0,2524.0;424.1,2528.2;424.4,2536.6;430.0,2536.6;430.2,2518.7;495.2,2524.7;495.3,2555.0;493.5,2559.0;490.3,2561.3;476.8,2561.7;476.6,2560.2;469.7,2559.9;467.7,2561.7;444.7,2559.4;447.6,2566.9;447.7,2571.9;431.0,2571.6;430.9,2572.8;400.1,2574.4;393.4,2568.8;394.6,2560.8
BuildingSourceSlice_fbx_13_-21579_2669_17503|132.61|-2199.2,1710.0;-2197.2,1712.4;-2155.0,1691.3;-2154.6,1687.8;-2149.1,1690.2;-2098.4,1750.9;-2098.7,1757.9;-2167.0,1811.8;-2167.5,1809.3;-2209.2,1779.1;-2209.2,1781.1;-2211.2,1781.4;-2217.9,1774.5;-2218.5,1769.8;-2203.5,1714.3
BuildingSourceSlice_fbx_1_-19855_1939_5973|131.01|-2020.3,569.7;-2026.8,564.6;-2019.4,554.8;-2012.2,560.7;-1996.9,543.3;-1930.1,600.2;-1973.8,651.2;-2041.2,594.1
BuildingSourceSlice_fbx_9_-10581_2338_11079|97.48|-902.3,1128.9;-1186.4,1198.7;-1213.8,1086.9;-929.8,1017.1
BuildingSourceSlice_orph_495_-1821|105.83|459.3,-1790.5;439.8,-1832.3;523.0,-1869.5;541.4,-1835.6;544.6,-1837.1;554.8,-1814.1;477.3,-1781.1;477.9,-1779.0;451.8,-1768.9;452.9,-1769.4;446.3,-1783.9;445.4,-1783.5
BuildingSourceSlice_orph_-2529_-1998|56.15|-2585.1,-2028.7;-2577.4,-2037.6;-2566.2,-2027.9;-2549.6,-2047.4;-2545.0,-2046.0;-2487.7,-1999.7;-2489.4,-1995.3;-2499.0,-1981.5;-2474.2,-1960.4;-2487.7,-1947.4;-2494.5,-1942.8;-2488.9,-1938.3;-2484.5,-1943.1;-2474.3,-1933.4;-2481.1,-1925.8;-2493.0,-1936.4;-2491.6,-1938.1;-2586.3,-2017.9;-2598.8,-2027.0;-2539.1,-2097.7;-2540.2,-2098.4;-2538.6,-2100.3;-2541.0,-2102.3;-2536.7,-2108.6;-2532.3,-2104.2;-2592.1,-2034.8
BuildingSourceSlice_orph_-2096_1827|129.23|-2132.3,1822.9;-2131.3,1814.8;-2127.2,1811.0;-2129.3,1805.8;-2120.3,1794.2;-2096.5,1772.1;-2046.1,1832.7;-2103.6,1880.3;-2135.1,1842.3;-2124.9,1833.7
BuildingSourceSlice_fbx_10_-15853_1324_-11786|62.18|-1648.7,-1110.1;-1609.1,-1171.9;-1621.8,-1179.8;-1560.8,-1272.2;-1521.7,-1246.2;-1552.0,-1200.5;-1539.5,-1192.3;-1609.8,-1085.1
BuildingSourceSlice_fbx_10_-15853_1324_-11786|62.18|-1638.1,-1138.3;-1656.2,-1149.3;-1656.4,-1171.3;-1650.0,-1172.4;-1656.4,-1180.4;-1656.0,-1193.4;-1635.5,-1183.2;-1619.0,-1171.2;-1625.7,-1161.0;-1624.5,-1160.1
BuildingSourceSlice_fbx_10_-15853_1324_-11786|62.18|-1549.4,-1160.1;-1514.0,-1136.6;-1514.2,-1120.6;-1557.2,-1077.6;-1602.3,-1077.4
BuildingSourceSlice_part_257_716|67.49|215.8,664.9;215.5,661.9;229.3,660.5;229.3,666.2;313.6,655.9;300.0,774.7;298.5,774.5;297.3,796.2;289.7,801.8;285.7,800.9;283.0,803.5;278.8,799.3;274.1,798.4;274.5,795.0;226.9,747.2;227.1,749.2;210.7,733.2;210.4,730.5;175.1,694.2;202.8,667.2
BuildingSourceSlice_fbx_16_14888_2013_-4605|137.51|1506.6,-505.6;1513.2,-505.6;1522.3,-502.2;1497.1,-480.4;1488.9,-475.3;1516.2,-431.1;1499.6,-416.0;1458.9,-481.7;1486.3,-498.0
BuildingSourceSlice_fbx_16_14888_2013_-4605|137.51|1492.4,-417.5;1478.3,-408.6;1463.3,-408.5;1451.5,-426.6;1451.5,-443.5;1458.5,-470.5;1460.4,-471.6;1500.2,-408.5
BuildingSourceSlice_fbx_12_31716_1948_-11629|132.56|3178.3,-1165.6;3179.3,-1163.7;3166.7,-1117.5;3165.1,-1117.1;3143.1,-1126.8;3164.8,-1208.9;3195.3,-1200.7;3200.5,-1185.2;3189.2,-1175.9;3181.6,-1176.8
BuildingSourceSlice_fbx_12_31716_1948_-11629|132.56|3208.6,-1160.0;3208.2,-1144.9;3185.6,-1147.8;3188.1,-1170.7;3190.1,-1171.9
BuildingSourceSlice_orph_-1171_383|74.78|-1463.8,537.2;-1464.7,535.7;-1441.0,527.0;-1446.5,516.6;-1293.2,390.9;-1321.9,310.2;-1323.8,310.9;-1327.7,300.0;-1309.9,293.7;-1310.5,291.9;-962.0,169.7;-955.9,187.2;-951.7,185.6;-923.2,268.7;-905.0,286.6;-896.7,307.2;-895.4,326.8;-899.0,339.2;-884.8,380.7;-907.2,387.0;-903.1,398.9;-989.8,429.9;-995.4,413.5;-1015.9,420.7;-1009.0,434.0;-1128.6,476.0;-1130.4,466.1;-1210.6,495.8;-1210.3,497.0;-1259.9,512.0;-1257.4,514.7;-1413.3,566.0;-1422.7,568.3;-1423.3,566.6;-1429.6,568.7;-1427.2,576.3;-1433.4,578.4;-1430.2,588.1;-1488.2,607.1;-1491.2,597.8;-1567.8,623.6;-1568.2,621.1;-1632.3,643.1;-1635.3,633.6;-1591.9,620.3;-1595.2,609.9;-1593.3,609.1;-1602.6,582.8
BuildingSourceSlice_orph_-1822_1165|128.72|-1850.7,1165.3;-1814.9,1139.5;-1793.8,1166.8;-1821.5,1190.1;-1824.8,1185.9;-1822.1,1183.8;-1828.1,1168.1;-1830.7,1170.5;-1826.6,1158.9;-1840.5,1170.0;-1838.5,1172.5;-1841.9,1178.2;-1848.6,1169.5;-1854.9,1175.5;-1858.8,1176.2;-1852.3,1186.2;-1861.1,1176.2;-1863.0,1176.5
BuildingSourceSlice_fbx_1_-24138_1683_14006|141.23|-2370.4,1386.8;-2384.2,1386.5;-2388.4,1383.4;-2389.6,1378.9;-2401.8,1378.7;-2406.1,1376.2;-2407.8,1372.1;-2407.8,1363.9;-2401.2,1373.0;-2398.3,1370.9;-2407.3,1359.1;-2382.7,1340.2;-2355.7,1375.5
BuildingSourceSlice_fbx_1_-24138_1683_14006|141.23|-2429.8,1368.1;-2416.5,1368.2;-2411.4,1371.9;-2410.5,1379.0;-2394.7,1379.3;-2394.7,1381.6;-2388.1,1392.1;-2424.1,1417.3;-2421.6,1420.4;-2422.3,1429.9;-2440.4,1422.5;-2438.0,1427.3;-2440.4,1429.0;-2459.7,1403.0;-2459.7,1401.0;-2453.5,1396.2;-2459.7,1400.2;-2454.9,1396.8;-2459.6,1390.3;-2459.6,1385.0;-2457.3,1387.7;-2448.5,1381.3;-2449.8,1379.7
BuildingSourceSlice_fbx_8_1898_1962_24932|117.33|138.6,2436.5;148.8,2436.4;149.9,2442.5;163.8,2444.0;165.5,2436.4;169.9,2436.4;171.0,2437.8;173.7,2436.3;194.0,2436.5;189.4,2484.6;171.6,2483.5;171.7,2470.8;162.2,2470.0;161.0,2468.2;143.9,2468.5;142.5,2469.6;130.5,2468.4;129.4,2467.3
BuildingSourceSlice_fbx_8_1898_1962_24932|117.33|124.3,2482.6;192.9,2486.6;196.2,2444.0;230.1,2446.4;230.2,2452.5;259.3,2455.0;253.4,2541.6;209.7,2539.6;209.9,2537.0;191.7,2538.4;119.4,2533.4
BuildingSourceSlice_fbx_12_17415_2195_-12610|147.87|1737.1,-1221.2;1716.2,-1293.7;1722.6,-1295.5;1729.5,-1295.5;1746.1,-1300.8;1767.0,-1230.0
BuildingSourceSlice_fbx_3_257_1726_15414|76.26|-16.1,1404.2;-4.8,1405.4;-6.0,1403.8;-4.8,1402.3;10.5,1402.3;16.7,1405.9;17.8,1412.8;24.3,1413.2;89.7,1477.9;92.7,1483.0;92.3,1518.9;73.8,1519.7;73.7,1536.8;64.5,1542.1;85.7,1541.9;87.2,1543.3;87.3,1574.3;83.5,1687.2;30.2,1686.9;30.5,1648.3;29.4,1648.3;29.4,1646.4;25.0,1646.5;25.0,1648.3;19.0,1648.2;18.9,1646.6;-24.9,1647.2;-26.3,1646.3;-26.4,1596.8;-29.2,1595.6;-29.0,1581.2;-39.1,1577.0;-39.0,1565.2;-40.4,1565.2;-41.2,1431.6;-34.3,1415.3;-16.8,1402.5
BuildingSourceSlice_fbx_9_-18714_1977_9644|133.66|-1852.8,894.0;-1836.8,887.6;-1825.5,887.5;-1807.5,957.6;-1864.1,971.3;-1881.7,903.6;-1881.1,901.4
BuildingSourceSlice_fbx_9_-18714_1977_9644|133.66|-1802.6,960.8;-1803.8,961.2;-1823.5,887.5;-1793.6,887.5;-1775.8,953.8;-1776.2,1013.0;-1789.2,1015.9;-1801.8,968.9;-1800.9,967.7
BuildingSourceSlice_fbx_9_-18714_1977_9644|133.66|-1796.4,1001.9;-1840.7,1016.5;-1880.4,984.0;-1892.3,987.6;-1894.5,985.1;-1903.2,987.3;-1950.1,955.3;-1942.2,915.4;-1889.7,900.8;-1888.4,901.8;-1866.4,977.0;-1808.5,960.4
BuildingSourceSlice_fbx_1_-26023_1645_9209|138.71|-2626.1,905.0;-2611.0,893.7;-2578.4,937.4;-2593.5,948.7
BuildingSourceSlice_fbx_1_-26023_1645_9209|138.71|-2644.6,926.6;-2623.4,910.6;-2595.8,946.9;-2617.1,963.0
BuildingSourceSlice_fbx_6_11036_2268_-10675|130.96|1120.4,-1097.1;1122.3,-1098.2;1141.2,-1097.0;1151.5,-1091.1;1158.4,-1081.5;1160.8,-1069.9;1158.4,-1058.4;1151.4,-1048.8;1141.2,-1042.9;1129.4,-1041.7;1118.1,-1045.3;1110.4,-1052.4;1108.4,-1043.3;1101.4,-1033.7;1091.2,-1027.8;1079.4,-1026.6;1068.1,-1030.3;1059.4,-1038.2;1046.7,-1073.5;1070.0,-1082.0;1070.6,-1080.3;1076.9,-1082.4;1098.6,-1091.1;1104.6,-1075.9;1109.4,-1086.7;1118.2,-1094.7;1120.9,-1095.5
BuildingSourceSlice_orph_1226_-118|95.96|1097.4,-50.3;1079.3,-103.6;1258.2,-169.8;1258.5,-168.5;1383.8,-208.5;1386.0,-201.8;1392.6,-204.0;1422.8,-172.9;1397.9,-164.5;1399.3,-160.3;1321.9,-135.6;1324.4,-127.9;1302.6,-121.1;1303.1,-125.4;1273.8,-116.0;1278.1,-109.4;1208.9,-86.1;1210.9,-79.4;1192.5,-73.2;1194.1,-67.8;1097.8,-2.4;1093.0,-17.4;1095.8,-18.3;1086.6,-46.9
BuildingSourceSlice_fbx_16_12180_1692_-6250|141.72|1217.3,-652.1;1242.5,-623.7;1213.6,-598.0;1194.3,-620.0;1199.1,-644.2
BuildingSourceSlice_fbx_13_-9897_1351_25493|68.34|-1121.8,2575.7;-1123.4,2575.0;-1105.1,2537.5;-1079.9,2537.5;-1071.6,2542.3;-1071.5,2550.6;-1073.2,2555.2;-1071.5,2555.9;-1071.5,2558.0;-1070.5,2556.3;-1062.4,2559.7;-1060.8,2557.0;-1060.2,2558.6;-1050.8,2561.5;-1047.9,2538.7;-1052.5,2537.4;-1052.5,2531.5;-1027.8,2537.7;-1024.4,2527.5;-950.5,2549.7;-947.1,2538.4;-1008.2,2520.4;-1002.5,2500.9;-1019.5,2495.8;-998.9,2458.0;-900.5,2458.0;-892.2,2460.3;-891.6,2458.0;-884.8,2458.0;-879.4,2463.3;-853.6,2471.1;-853.6,2486.7;-885.5,2595.4;-892.3,2595.4;-892.3,2618.5;-904.3,2659.7;-907.8,2658.7;-914.6,2662.1;-949.2,2651.7;-949.1,2595.4;-958.4,2595.4;-958.4,2642.2;-959.7,2645.4;-963.2,2647.5;-1071.9,2614.8;-1071.9,2613.2;-1073.3,2615.4;-1123.0,2601.9;-1119.8,2595.1;-1127.8,2590.2
BuildingSourceSlice_fbx_6_7630_1475_-13476|124.44|822.0,-1362.0;803.2,-1319.6;738.8,-1271.0;737.2,-1271.4;723.4,-1290.4;721.6,-1291.0;714.5,-1285.8;703.0,-1308.0;708.5,-1311.9;689.1,-1358.0;763.5,-1390.0;761.9,-1396.6;761.0,-1396.2;760.2,-1398.3;824.5,-1425.7;835.6,-1397.8;822.0,-1391.8;832.5,-1366.2
BuildingSourceSlice_fbx_13_-8041_1102_22785|68.01|-807.3,2321.2;-819.0,2317.0;-831.5,2314.3;-832.2,2312.8;-829.8,2304.7;-834.1,2302.2;-810.7,2251.8;-812.2,2249.6;-806.4,2237.5;-801.5,2239.3;-798.3,2235.4;-794.7,2235.4;-778.0,2243.7;-779.1,2247.2;-773.8,2249.1;-790.3,2307.4;-802.0,2303.3
BuildingSourceSlice_part_-1682_-417|76.80|-1695.3,-470.4;-1655.3,-433.1;-1653.5,-433.5;-1647.7,-378.7;-1719.5,-378.7;-1690.2,-421.8;-1696.1,-427.5;-1722.2,-442.4
BuildingSourceSlice_fbx_7_5989_2022_19779|107.28|574.8,2028.2;536.6,2029.1;536.6,2026.4;543.7,2026.2;541.9,1954.6;560.9,1933.5;650.0,1931.3;650.0,1945.3;661.7,1945.4;662.4,1976.2;660.4,1976.4;660.7,2005.0;633.3,2006.1;633.8,2018.2;574.6,2019.8
BuildingSourceSlice_fbx_6_12427_1935_-7667|139.62|1208.4,-843.5;1245.6,-832.8;1289.7,-778.0;1289.3,-775.8;1314.2,-747.5;1307.7,-722.7;1226.3,-689.1;1170.2,-832.3
BuildingSourceSlice_orph_1033_60|84.11|940.6,15.2;937.4,8.1;981.8,-16.5;987.2,-5.1;1069.5,-31.9;1119.6,59.2;1134.5,70.5;1135.9,69.1;1141.4,73.4;1092.2,114.0;1061.7,130.7;1065.3,136.2;1008.6,169.0;972.5,87.4;970.2,88.4;935.2,17.6
BuildingSourceSlice_fbx_13_-19675_1966_17230|127.13|-2018.2,1710.8;-2015.3,1710.8;-2015.0,1706.3;-2019.0,1702.6;-2017.3,1701.4;-2018.9,1698.4;-1996.9,1685.7;-1990.9,1686.4;-2002.3,1696.5;-2001.1,1698.4;-1987.7,1691.5;-1991.6,1697.2;-1989.3,1702.2;-1994.6,1704.4;-1987.7,1710.0;-1987.7,1715.1;-1999.0,1725.5;-2004.6,1725.5;-2006.2,1723.1;-2015.8,1723.2;-2015.5,1716.8;-2024.7,1724.0;-2026.8,1717.6
BuildingSourceSlice_orph_1409_-575|143.34|1406.0,-554.8;1395.4,-566.0;1403.2,-573.1;1394.3,-583.0;1407.6,-595.0;1427.8,-573.4
BuildingSourceSlice_orph_706_1735|96.52|528.0,1804.8;482.5,1718.7;521.0,1703.4;518.1,1695.1;547.9,1677.6;567.8,1660.2;566.9,1659.1;573.9,1645.4;603.7,1640.8;669.7,1619.1;669.8,1616.8;698.2,1607.4;698.7,1609.2;736.7,1596.6;731.5,1581.3;816.0,1552.4;845.8,1641.3;842.2,1642.5;881.7,1764.4;893.5,1762.4;904.4,1805.1;903.5,1805.3;909.8,1822.0;911.4,1822.0;911.4,1831.4;887.5,1836.7;887.6,1838.2;857.1,1843.4;856.7,1841.3;827.4,1844.2;827.5,1846.9;728.9,1851.3;713.8,1857.7;606.2,1865.0;563.9,1865.4;559.7,1856.9;557.5,1857.0;524.5,1805.0
BuildingSourceSlice_orph_1440_477|119.34|1362.5,446.9;1350.6,436.3;1377.6,403.7;1382.5,393.3;1386.9,406.4;1385.0,418.3;1411.2,427.5;1409.9,433.2;1398.3,426.0;1393.6,426.3;1390.4,428.4;1388.9,434.8;1392.2,445.4;1388.8,442.9;1389.9,462.6;1370.3,448.2
BuildingSourceSlice_orph_1440_477|119.34|1400.8,465.7;1418.2,471.5;1413.5,467.6;1428.2,445.5;1480.1,479.2;1518.4,514.6;1510.7,524.9;1514.6,527.5;1509.7,533.9;1506.3,531.5;1501.7,538.0;1464.9,512.0;1469.8,505.0;1464.6,501.2;1459.8,508.1;1442.8,496.1;1447.8,489.0;1442.7,485.4;1437.9,492.1
BuildingSourceSlice_orph_1440_477|119.34|1390.4,469.3;1481.2,534.6;1473.4,535.5;1387.3,473.9
BuildingSourceSlice_fbx_3_4156_1519_14982|88.49|457.1,1428.2;460.8,1432.0;461.8,1442.4;457.4,1462.3;446.9,1473.2;497.3,1527.6;497.1,1543.3;479.3,1561.2;480.5,1562.4;475.5,1567.3;472.4,1563.9;459.0,1577.0;457.3,1577.0;439.6,1556.7;439.2,1558.6;325.1,1441.9;364.5,1418.5
BuildingSourceSlice_fbx_3_4156_1519_14982|88.49|452.9,1577.7;451.1,1579.5;401.5,1585.4;389.6,1585.3;384.6,1581.0;336.8,1579.3;335.2,1577.7;394.7,1519.3
BuildingSourceSlice_fbx_10_-13951_1242_-7077|60.18|-1387.2,-716.9;-1385.8,-717.9;-1393.9,-734.3;-1392.0,-736.1;-1384.3,-728.4;-1383.2,-729.6;-1379.8,-726.2;-1381.0,-725.0;-1361.9,-705.7;-1366.8,-702.0;-1391.2,-702.5;-1394.8,-706.8;-1393.6,-714.9;-1394.9,-725.2
BuildingSourceSlice_fbx_3_1579_1111_17068|81.98|122.9,1660.9;141.1,1661.1;196.4,1665.4;192.0,1719.1;190.4,1720.5;189.1,1752.5;154.3,1750.4;158.0,1705.3;119.9,1701.6
BuildingSourceSlice_fbx_3_1579_1111_17068|81.98|112.0,1749.4;112.1,1735.1;120.0,1724.0;112.5,1723.1;112.0,1716.1;154.1,1719.2;151.7,1752.2
BuildingSourceSlice_orph_384_143|76.01|37.4,238.9;34.5,218.1;18.4,206.9;16.1,192.9;207.6,164.2;202.9,126.4;216.9,125.0;260.7,105.2;321.7,80.6;320.4,78.7;419.4,43.7;598.2,-33.3;606.8,-23.8;597.2,-18.3;601.8,-7.7;599.5,-6.7;635.3,88.1;673.7,76.6;679.1,86.6;641.1,103.7;497.2,195.1;493.9,185.1;354.5,237.4;363.7,268.5;225.4,307.8;220.5,268.4;19.2,291.5;16.2,254.9;39.0,252.3;42.2,279.1;44.2,280.4;221.0,259.2;221.9,257.3;214.5,194.9;212.5,193.3;210.7,193.5;210.9,195.0;184.2,198.2;182.2,196.9;36.3,214.2;34.7,216.3
BuildingSmooth_16_12917_2244_-6434_Body01|142.21|1289.1,-659.7;1289.8,-659.0;1279.6,-649.8;1278.9,-650.6
BuildingSmooth_16_12917_2244_-6434_Body01|142.21|1285.1,-654.7;1298.5,-639.9;1297.7,-639.2;1284.3,-654.1
BuildingSmooth_16_12917_2244_-6434_Body01|142.21|1296.2,-651.9;1296.8,-651.2;1286.6,-642.0;1286.0,-642.7
BuildingSmooth_16_12917_2244_-6434_Body01|142.21|1286.9,-683.3;1327.9,-637.8;1296.4,-609.4;1255.4,-654.9
BuildingSmooth_16_12917_2244_-6434_Body01|142.21|1278.9,-650.6;1293.7,-634.2;1292.9,-633.5;1278.2,-649.9
BuildingSmooth_16_12917_2244_-6434_Body01|142.21|1303.2,-644.1;1303.8,-643.4;1293.7,-634.2;1293.0,-634.9
BuildingSmooth_16_12917_2244_-6434_Body01|142.21|1289.9,-660.4;1304.6,-644.0;1303.8,-643.4;1289.1,-659.7
BuildingSourceSlice_orph_2096_147|128.59|2127.2,112.5;2128.9,127.2;2132.0,130.6;2130.3,144.9;2131.2,154.9;2136.2,163.4;2132.5,171.4;2132.9,175.6;2079.2,180.4;2079.3,181.6;2069.3,182.7;2069.2,181.6;2055.0,182.7;2053.4,172.1;2070.2,170.2;2065.9,129.5;2052.2,130.9;2048.9,118.6
BuildingSourceSlice_fbx_8_-2669_1705_31424|84.87|-256.8,3117.5;-250.9,3118.1;-250.5,3122.0;-244.0,3122.3;-243.4,3127.9;-238.6,3128.8;-236.0,3132.2;-237.2,3155.5;-256.0,3171.2;-272.3,3170.0;-273.4,3168.7;-273.4,3157.3;-280.1,3157.3;-277.9,3137.4;-267.9,3122.3;-265.1,3122.5;-264.8,3116.4;-256.7,3116.4
BuildingSourceSlice_fbx_16_8787_1956_-4372|113.44|954.4,-495.1;960.6,-479.8;956.0,-477.4;956.4,-476.5;906.3,-455.6;930.8,-393.9;882.6,-373.7;886.5,-364.6;877.0,-360.8;875.5,-364.3;845.2,-351.4;796.8,-465.5;937.2,-523.0;949.7,-492.8
BuildingSourceSlice_fbx_15_-13631_1440_-17444|74.09|-1333.7,-1765.9;-1328.3,-1768.4;-1324.0,-1760.3;-1334.2,-1752.5;-1332.8,-1750.3;-1346.5,-1731.7;-1347.4,-1732.9;-1366.1,-1706.0;-1403.5,-1743.1;-1344.9,-1782.0
BuildingSourceSlice_fbx_6_7114_1773_-14327|122.35|713.4,-1476.8;716.5,-1469.7;724.8,-1473.3;729.4,-1463.4;731.4,-1464.0;735.3,-1455.4;725.0,-1450.7;725.8,-1447.5;724.7,-1446.3;744.4,-1405.7;744.1,-1404.0;709.5,-1388.6;677.5,-1461.1
BuildingSourceSlice_fbx_16_11898_1743_-5253|136.20|1155.9,-511.6;1207.7,-557.3;1223.7,-539.1;1171.9,-493.4
BuildingSourceSlice_fbx_16_11898_1743_-5253|136.20|1174.0,-491.7;1196.5,-511.2;1195.3,-512.6;1208.5,-524.2;1214.6,-518.4;1219.8,-522.1;1214.9,-527.6;1222.7,-535.0;1226.6,-530.6;1232.6,-535.7;1247.4,-518.9;1241.7,-513.7;1245.3,-509.6;1197.2,-467.6
BuildingSourceSlice_orph_-1861_423|116.74|-1911.6,415.3;-1909.7,416.6;-1876.6,372.3;-1879.3,370.3;-1871.3,359.1;-1842.7,378.7;-1817.0,398.7;-1824.6,409.4;-1826.7,407.9;-1841.4,427.6;-1822.3,441.9;-1820.7,439.7;-1809.9,447.5;-1838.5,486.2;-1849.1,478.6;-1848.2,477.3;-1919.0,425.7
BuildingSourceSlice_fbx_3_81_990_20904|83.81|-40.9,2095.8;-40.9,2076.3;57.1,2086.7;54.8,2104.4
BuildingSourceSlice_fbx_10_-25557_1690_-2137|113.39|-2513.3,-211.9;-2511.6,-211.2;-2507.6,-185.0;-2506.1,-184.4;-2503.7,-169.1;-2509.0,-158.8;-2520.2,-158.8;-2556.7,-177.2;-2548.6,-194.4;-2606.5,-223.4;-2606.7,-226.2;-2584.2,-273.0;-2521.7,-243.3;-2524.6,-236.6;-2512.3,-231.1;-2514.9,-225.3;-2513.2,-224.5
BuildingSourceSlice_fbx_4_-12898_1911_-2178|63.48|-1231.3,-177.6;-1239.4,-176.8;-1240.8,-180.4;-1292.2,-174.1;-1362.6,-174.7;-1365.5,-176.9;-1367.2,-180.9;-1367.2,-198.1;-1364.1,-199.5;-1367.2,-214.3;-1367.2,-237.8;-1233.9,-254.1;-1210.3,-280.7;-1176.0,-249.0;-1176.0,-245.1;-1191.8,-227.5;-1197.8,-207.5;-1195.2,-183.2;-1231.4,-179.1
BuildingSourceSlice_fbx_10_-25785_2226_-1344|116.19|-2506.6,-108.9;-2506.2,-100.7;-2518.7,-99.9;-2518.4,-94.8;-2544.1,-93.4;-2544.0,-90.8;-2545.5,-90.7;-2545.6,-91.8;-2646.3,-87.5;-2647.8,-88.7;-2649.4,-135.5;-2627.7,-136.2;-2624.5,-137.7;-2627.3,-140.7;-2626.1,-169.7;-2592.0,-171.3;-2592.0,-173.7;-2626.5,-173.9;-2627.7,-175.1;-2627.7,-180.3;-2564.3,-182.1;-2563.3,-180.7;-2565.0,-179.2;-2564.5,-162.2;-2562.7,-162.2;-2562.6,-160.0;-2548.4,-160.3;-2548.3,-162.0;-2526.8,-161.7;-2514.9,-154.6;-2513.9,-108.6
BuildingSourceSlice_fbx_4_-9770_4222_-4948|46.37|-792.3,-412.4;-888.4,-309.1;-968.3,-383.8;-965.7,-386.4;-971.3,-391.6;-978.3,-384.0;-1008.2,-411.1;-1001.9,-419.9;-1016.5,-433.4;-1021.2,-428.2;-1096.2,-496.5;-1090.9,-502.3;-1126.4,-535.2;-1128.6,-532.9;-1160.2,-560.7;-1197.2,-606.6;-1092.8,-680.5;-944.4,-597.9;-854.2,-514.6;-840.2,-529.3;-777.9,-470.7;-781.2,-467.4;-756.9,-444.6;-788.9,-410.3
BuildingSourceSlice_orph_1919_-1521|146.28|1898.9,-1501.7;1928.0,-1547.1;1939.3,-1538.9;1940.3,-1531.7;1942.0,-1530.8;1940.1,-1531.2;1935.6,-1534.2;1908.9,-1494.7;1913.7,-1491.2;1898.0,-1502.2
BuildingSourceSlice_fbx_11_13048_1764_5668|111.27|1296.1,538.9;1309.6,542.4;1301.5,535.9;1310.5,542.7;1314.1,543.6;1319.6,535.9;1326.8,536.4;1330.4,540.7;1330.5,553.9;1316.7,545.2;1314.4,548.5;1330.5,561.9;1330.1,566.4;1327.3,569.4;1323.7,570.1;1310.1,563.5;1300.0,552.5;1297.5,553.9;1295.3,550.4
BuildingSourceSlice_orph_-527_765|72.89|-601.1,831.5;-601.5,811.1;-589.7,810.7;-600.7,790.9;-603.1,768.8;-596.8,729.3;-587.0,710.7;-561.3,669.5;-530.6,689.7;-493.2,688.2;-491.5,732.5;-475.0,749.7;-426.5,750.5;-449.1,824.4;-465.0,824.5;-465.5,826.5
BuildingSourceSlice_fbx_12_24773_3894_-20146|145.31|2358.9,-1890.5;2373.2,-1907.5;2388.5,-1894.5;2443.4,-1959.6;2343.4,-2046.6;2343.0,-2059.3;2409.2,-2136.6;2478.6,-2206.4;2487.2,-2206.7;2501.8,-2192.2;2504.2,-2194.8;2544.1,-2151.2;2531.7,-2137.3;2587.1,-2083.3;2599.1,-2030.2;2429.4,-1842.2;2410.2,-1860.4;2398.8,-1848.3
BuildingSourceSlice_orph_1033_812|76.79|1042.5,798.9;1052.9,803.5;1038.0,836.5;1013.4,825.5;1034.0,780.7
BuildingSourceSlice_fbx_4_-1093_3296_-13836|120.85|-17.9,-1477.4;-51.4,-1312.1;-53.0,-1311.7;-53.4,-1310.1;-95.9,-1303.9;-198.0,-1303.9;-185.6,-1367.3;-197.6,-1369.9;-173.9,-1481.6;-162.3,-1479.1;-156.8,-1504.9
BuildingSourceSlice_fbx_6_7539_1689_-15244|120.56|727.3,-1480.6;706.5,-1538.9;783.3,-1568.3;801.4,-1517.4;744.3,-1495.5;781.1,-1509.5;784.1,-1501.7
BuildingSourceSlice_fbx_13_-15642_1589_16325|95.56|-1547.6,1520.6;-1416.9,1572.3;-1437.5,1624.2;-1431.2,1626.6;-1428.3,1619.5;-1424.4,1616.5;-1419.0,1617.0;-1415.1,1620.6;-1414.3,1625.6;-1419.6,1639.3;-1436.0,1639.4;-1434.6,1635.4;-1477.0,1619.8;-1487.0,1642.1;-1485.9,1642.2;-1488.8,1649.5;-1417.0,1677.7;-1423.5,1694.7;-1419.1,1696.5;-1443.0,1758.2;-1448.3,1758.5;-1506.1,1736.4;-1512.8,1725.2;-1508.1,1712.7;-1520.3,1707.9;-1525.5,1721.7;-1572.8,1703.6;-1567.4,1689.4;-1575.0,1686.4;-1580.0,1699.2;-1592.7,1701.8;-1666.5,1673.2;-1666.0,1659.3;-1615.1,1678.8;-1612.4,1671.8;-1644.9,1658.2;-1620.8,1597.2;-1547.8,1625.8;-1537.7,1602.9;-1538.6,1602.6;-1536.2,1596.3;-1571.9,1582.1
BuildingSourceSlice_orph_-933_-739|57.16|-1030.7,-793.2;-955.7,-847.5;-819.6,-655.7;-838.9,-641.1;-845.2,-628.1;-906.0,-663.3;-951.4,-695.9;-977.1,-716.8;-987.5,-727.9;-993.6,-730.6;-1046.9,-784.2
BuildingSourceSlice_orph_598_1360|83.51|563.2,1407.6;561.4,1407.1;571.3,1368.6;588.7,1309.5;650.4,1333.8;643.4,1355.0;633.1,1351.9;630.3,1364.6;598.2,1357.4;590.9,1385.7;597.2,1376.5;584.0,1428.1;559.7,1413.2
BuildingSourceSlice_orph_54_-1008|106.82|12.4,-980.7;10.9,-981.3;22.6,-1010.7;32.5,-1006.7;41.9,-1025.6;31.5,-1029.7;48.0,-1071.9;59.7,-1065.2;61.8,-1070.5;87.6,-1060.4;82.5,-1047.3;99.1,-1040.8;63.7,-951.4;45.4,-958.6;42.0,-950.0;16.1,-960.2;16.8,-962.0;6.6,-966.1
BuildingSourceSlice_fbx_10_-20469_1971_-9458|64.62|-2098.4,-917.3;-2142.1,-957.1;-2142.4,-963.1;-2119.3,-989.1;-2127.2,-996.0;-2064.3,-1063.2;-2060.8,-1063.2;-1951.0,-960.0;-1951.0,-950.9;-2066.7,-827.7;-2068.6,-827.7;-2117.2,-873.3;-2088.0,-904.6;-2099.4,-916.3
BuildingSourceSlice_orph_-1831_1277|125.82|-1837.6,1258.6;-1852.6,1240.3;-1838.4,1228.7;-1795.8,1280.8;-1816.6,1297.8;-1811.4,1303.8;-1830.3,1319.2;-1835.5,1313.2;-1837.0,1314.5;-1850.6,1298.3;-1849.0,1296.9;-1863.2,1280.1;-1865.5,1281.9
BuildingSourceSlice_fbx_5_7523_1195_2467|77.49|734.5,258.3;741.8,255.3;716.4,265.4;712.3,256.6;728.7,250.1;719.1,230.9;788.0,204.7;801.1,231.3;770.8,244.3;767.3,236.8;764.9,237.9;768.1,245.5;766.8,246.1;779.7,276.3;749.9,288.8
BuildingSourceSlice_orph_-1470_2311|103.83|-1539.8,2341.0;-1539.8,2334.0;-1503.1,2333.4;-1489.7,2316.3;-1484.3,2320.6;-1472.6,2307.2;-1493.9,2292.4;-1485.5,2281.3;-1501.6,2269.2;-1509.0,2279.0;-1524.8,2266.9;-1517.5,2257.2;-1526.0,2250.8;-1520.0,2243.2;-1517.5,2247.2;-1516.4,2246.5;-1466.6,2285.5;-1467.0,2286.7;-1458.6,2291.4;-1448.1,2276.2;-1455.3,2270.6;-1445.9,2255.3;-1495.3,2219.2;-1493.9,2215.6;-1445.4,2254.6;-1444.9,2253.8;-1437.2,2259.9;-1430.8,2251.5;-1399.9,2275.0;-1466.4,2362.0;-1467.8,2360.9;-1484.7,2383.5;-1514.8,2360.6;-1515.9,2362.1;-1548.5,2335.4
BuildingSourceSlice_orph_2511_-1141|126.59|2482.4,-1175.8;2491.9,-1187.6;2510.6,-1214.7;2585.7,-1145.0;2556.5,-1122.3;2522.2,-1083.0;2511.0,-1094.8;2498.4,-1081.6;2489.6,-1086.8;2488.6,-1085.7;2440.0,-1115.1;2481.2,-1177.4
BuildingSourceSlice_part_468_2728|127.89|433.8,2734.2;435.6,2708.3;446.0,2709.0;447.0,2689.5;449.6,2689.7;449.7,2691.3;497.8,2695.8;495.3,2696.6;493.1,2710.7;499.3,2709.5;497.9,2736.6;491.5,2736.1;488.2,2767.6;443.3,2761.9;444.6,2735.4
BuildingSourceSlice_fbx_7_10649_1349_19457|102.45|1035.4,1911.8;1056.0,1914.8;1055.7,1913.4;1069.1,1915.1;1069.4,1916.8;1090.3,1919.9;1094.4,1938.1;1063.4,1945.2;1070.3,1974.9;1049.8,1979.6
BuildingSourceSlice_fbx_7_10649_1349_19457|102.45|1093.8,1939.6;1101.9,1947.6;1101.9,1965.1;1069.8,1972.3;1063.8,1946.0
BuildingSourceSlice_fbx_6_6947_1480_-16257|115.60|715.2,-1577.2;713.8,-1578.2;683.2,-1566.8;654.3,-1639.3;655.3,-1640.8;686.6,-1644.1;689.4,-1650.3;713.5,-1650.3;724.0,-1621.2;699.4,-1611.2;701.2,-1606.3;724.4,-1614.7;734.8,-1585.4
BuildingSourceSlice_fbx_4_-3051_1729_-14294|123.87|-345.1,-1434.9;-347.0,-1438.9;-347.5,-1443.0;-345.1,-1453.2;-262.0,-1433.1;-267.9,-1407.5;-286.7,-1411.6;-288.0,-1405.7;-339.2,-1417.4;-336.3,-1429.7
BuildingSourceSlice_fbx_10_-21751_2020_-1494|107.17|-2126.4,-158.4;-2112.6,-158.5;-2111.2,-122.6;-2123.0,-121.7;-2123.1,-115.0;-2146.4,-115.9;-2166.4,-113.0;-2203.4,-112.6;-2201.2,-111.3;-2202.4,-111.2;-2202.5,-109.4;-2227.8,-108.1;-2228.2,-115.4;-2237.0,-115.4;-2239.0,-154.2;-2228.1,-155.2;-2228.7,-168.2;-2217.6,-168.8;-2217.5,-174.0;-2202.6,-175.0;-2202.6,-180.6;-2155.1,-182.4;-2154.0,-181.8;-2153.5,-172.0;-2138.7,-172.8;-2137.7,-165.1;-2126.7,-165.6
BuildingSourceSlice_fbx_16_12271_1771_-4776|132.36|1207.9,-460.6;1207.9,-475.2;1218.8,-483.3;1234.7,-469.2;1232.9,-470.6;1219.8,-459.0;1225.1,-455.2;1237.6,-466.7;1239.9,-464.8;1239.9,-457.6;1237.2,-453.2;1215.5,-452.2
BuildingSourceSlice_fbx_8_6673_1761_22652|120.67|565.5,2320.5;567.1,2318.5;556.6,2320.7;550.9,2301.4;551.4,2295.8;560.6,2293.0;554.1,2270.7;554.7,2269.1;674.3,2234.6;674.5,2199.3;677.0,2200.5;762.0,2194.3;770.0,2229.6;778.2,2254.8;776.3,2257.0;785.9,2289.7;785.1,2291.4;769.3,2295.9;765.7,2286.5;603.4,2334.3;590.8,2333.0;585.0,2316.1;567.1,2321.2;566.8,2320.1
BuildingSourceSlice_orph_-546_-1388|119.95|-598.5,-1447.4;-489.7,-1419.5;-497.1,-1391.0;-492.8,-1390.5;-510.7,-1319.1;-520.9,-1321.7;-521.5,-1315.4;-541.3,-1320.5;-539.9,-1325.8;-557.4,-1330.3;-551.7,-1352.7;-582.1,-1360.4;-576.4,-1382.7;-611.6,-1391.6
BuildingSourceSlice_fbx_1_-19503_1483_13256|131.62|-1939.1,1310.0;-1934.2,1306.3;-1920.5,1324.8;-1960.6,1351.0;-1980.0,1323.7;-1946.0,1300.3
BuildingSourceSlice_orph_-912_-37|65.42|-1061.0,5.1;-1062.9,-7.1;-1044.5,-10.0;-1039.3,-28.4;-1038.1,-43.6;-1039.3,-55.2;-1031.3,-56.2;-1030.8,-58.1;-1010.0,-60.9;-1008.2,-59.4;-1004.5,-60.0;-996.2,-49.6;-979.4,-38.8;-956.8,-34.9;-883.8,-47.0;-875.3,-50.6;-868.5,-58.8;-863.7,-73.7;-871.6,-90.6;-836.8,-103.3;-803.0,-67.7;-791.7,-65.0;-779.8,-34.5;-792.7,-29.3;-793.9,-34.1;-848.9,-25.4;-847.2,-5.4;-845.0,1.1;-836.2,21.4;-829.6,25.1;-833.2,34.0;-844.0,26.8;-848.1,16.1;-854.8,4.4;-857.1,-2.1;-859.3,-23.8;-1017.5,0.5;-1018.7,3.2;-1023.8,4.0;-1024.6,1.0;-1030.1,3.2;-1029.6,10.7;-1039.2,12.2;-1040.4,1.9
BuildingSourceSlice_orph_-977_-1228|78.49|-1012.8,-1282.1;-996.5,-1266.7;-995.7,-1267.5;-921.8,-1196.5;-925.5,-1192.7;-923.9,-1191.2;-927.0,-1187.9;-920.2,-1181.6;-932.5,-1168.6;-939.4,-1175.1;-941.3,-1173.1;-1041.8,-1269.2
BuildingSourceSlice_fbx_8_4233_1848_29026|125.02|500.0,2928.8;490.8,2935.2;471.5,2943.6;455.7,2944.5;337.7,2943.1;337.4,2933.1;331.1,2932.9;330.8,2895.9;328.8,2895.3;329.5,2861.0;359.6,2861.2;360.2,2863.7;400.3,2873.3;517.2,2907.5
BuildingSourceSlice_fbx_12_29612_2086_-15001|137.99|2918.2,-1448.2;2915.1,-1449.3;2921.7,-1499.9;2926.2,-1523.5;2921.8,-1524.3;2921.0,-1525.9;2926.7,-1558.5;2932.0,-1559.3;2934.5,-1573.2;2941.2,-1574.8;2970.7,-1569.7;2974.6,-1565.0;2970.5,-1542.1;2985.6,-1538.7;2988.0,-1540.0;2989.6,-1530.1;2994.7,-1529.1;2993.5,-1518.5;3005.0,-1516.5;3008.1,-1512.2;3006.7,-1503.9;3009.7,-1502.9;3007.7,-1501.3;3007.0,-1488.7;2971.4,-1493.2;2964.8,-1448.4
BuildingSourceSlice_fbx_9_-13407_1868_6331|93.62|-1340.3,596.2;-1335.3,621.4;-1332.9,621.8;-1323.8,667.1;-1344.0,671.6;-1350.1,642.6;-1341.3,640.9;-1344.9,623.2;-1353.8,625.0;-1357.3,607.4;-1352.2,596.4;-1343.2,594.6
BuildingSourceSlice_part_-424_296|59.34|-1279.1,536.6;-879.8,391.8;-894.5,349.7;-864.9,339.1;-864.1,341.3;-518.1,226.5;-452.6,195.0;-456.5,187.5;-435.0,179.1;-437.0,168.3;-421.5,162.4;-399.6,209.4;-415.9,159.3;-398.6,152.0;-420.0,101.6;-403.3,94.4;-511.8,-154.0;-540.0,-141.8;-551.6,-168.8;-563.7,-163.8;-565.4,-167.6;-576.7,-162.6;-589.9,-192.9;-577.3,-198.5;-576.4,-194.5;-516.4,-220.0;-501.8,-189.7;-512.3,-185.3;-430.5,-11.4;-394.6,82.4;-376.5,69.9;-398.3,9.6;-380.0,2.3;-448.1,-164.0;-483.6,-237.8;-406.9,-270.2;-384.9,-239.1;-359.3,-248.6;-348.7,-223.7;-331.1,-233.2;-320.8,-209.6;-285.0,-224.6;-250.8,-143.2;-294.0,-125.1;-290.6,-121.0;-324.0,-107.0;-294.5,-33.0;-292.3,-33.0;-280.9,-5.3;-309.4,-5.2;-309.4,24.6;-306.5,33.4;-309.4,34.3;-309.4,48.6;-295.6,90.5;-309.1,98.6;-298.5,136.5;-288.5,136.5;-289.5,89.6;-261.8,136.5;-244.6,136.5;-241.9,154.2;-250.1,155.5;-249.7,160.2;-236.3,243.1;-229.1,242.0;-224.6,271.1;-232.1,272.2;-220.2,350.7;-183.0,348.5;-178.4,364.1;-167.5,457.0;-187.8,458.0;-191.2,466.3;-190.1,458.8;-200.2,459.7;-199.4,614.0;-227.1,925.3;-307.2,909.8;-301.3,806.0;-334.0,496.6;-397.2,279.3;-420.3,284.2;-418.2,292.3;-483.7,306.3;-876.5,435.0;-878.1,429.1;-1085.7,495.2;-1270.6,559.5
BuildingSourceSlice_fbx_15_-17437_1320_-16045|62.82|-1753.4,-1540.1;-1787.9,-1568.7;-1773.7,-1595.9;-1766.8,-1590.8;-1753.5,-1607.1;-1761.9,-1612.2;-1763.0,-1614.2;-1736.9,-1658.1;-1732.7,-1668.8;-1721.4,-1661.0;-1699.4,-1612.8
BuildingSourceSlice_fbx_11_23100_1530_4480|109.32|2292.3,419.0;2356.0,413.3;2356.1,415.1;2361.1,414.7;2362.3,430.4;2357.4,430.8;2361.1,474.9;2297.5,480.2
BuildingSourceSlice_orph_1630_884|88.65|1592.4,883.8;1593.1,864.4;1603.1,864.8;1603.3,862.8;1645.7,857.3;1656.8,883.3;1657.9,883.0;1662.3,902.4;1624.9,918.3;1611.1,883.2
BuildingSourceSlice_part_831_976|71.60|798.9,961.8;807.1,966.2;821.1,935.2;848.4,952.1;875.2,961.8;862.3,989.7;852.9,985.3;837.2,1017.2;795.7,995.1;792.5,974.8
BuildingSourceSlice_orph_-721_1939|68.53|-678.7,1943.7;-691.3,1968.8;-764.8,1931.2;-752.6,1909.2
BuildingSmooth_1_-29025_1918_12884_Body02|185.18|-2867.7,1280.7;-2866.5,1289.6;-2867.5,1289.8;-2868.7,1280.9
BuildingSmooth_1_-29025_1918_12884_Body02|185.18|-2875.8,1266.2;-2873.2,1263.9;-2871.7,1265.6;-2874.3,1267.9
BuildingSmooth_1_-29025_1918_12884_Body02|185.18|-2875.8,1266.2;-2866.5,1262.5;-2856.1,1288.5;-2865.4,1292.3
BuildingSmooth_1_-29025_1918_12884_Body02|185.18|-2863.1,1297.8;-2853.8,1294.1;-2856.1,1288.5;-2865.4,1292.3
BuildingSmooth_1_-29025_1918_12884_Body02|185.18|-2856.1,1288.5;-2853.5,1286.3;-2871.7,1265.6;-2874.3,1267.9
BuildingSmooth_1_-29025_1918_12884_Body02|185.18|-2863.1,1297.8;-2867.6,1265.1;-2875.8,1266.2;-2871.3,1299.0
BuildingSmooth_1_-29025_1918_12884_Body02|185.18|-2871.7,1265.6;-2870.2,1264.6;-2861.8,1276.8;-2863.4,1277.8
BuildingSmooth_1_-29025_1918_12884_Body02|185.18|-2866.4,1279.5;-2866.2,1280.5;-2870.2,1281.1;-2870.3,1280.1
BuildingSmooth_1_-29025_1918_12884_Body02|185.18|-2856.1,1288.5;-2854.5,1287.5;-2861.8,1276.8;-2863.4,1277.8
BuildingSmooth_1_-29025_1918_12884_Body02|185.18|-2870.3,1280.1;-2868.9,1291.0;-2869.8,1291.1;-2871.3,1280.2
BuildingSmooth_1_-29025_1918_12884_Body02|185.18|-2865.7,1284.5;-2865.6,1285.5;-2869.5,1286.0;-2869.7,1285.0
BuildingSmooth_1_-29025_1918_12884_Body02|185.18|-2856.1,1288.5;-2854.9,1288.0;-2856.6,1284.4;-2857.8,1285.0
BuildingSmooth_1_-29025_1918_12884_Body02|185.18|-2861.8,1276.8;-2860.7,1276.2;-2856.6,1284.4;-2857.8,1285.0
BuildingSmooth_1_-29025_1918_12884_Body02|185.18|-2865.0,1289.4;-2864.9,1290.4;-2868.9,1291.0;-2869.0,1290.0
BuildingSmooth_1_-29025_1918_12884_Body02|185.18|-2865.4,1279.4;-2863.9,1290.3;-2864.9,1290.4;-2866.4,1279.5
BuildingSourceSlice_fbx_6_6658_1745_-12531|129.22|619.2,-1251.6;640.4,-1267.0;638.6,-1269.7;662.1,-1287.3;664.0,-1284.4;687.6,-1301.7;712.4,-1244.6;651.8,-1204.4
BuildingSourceSlice_fbx_13_-20428_1864_17686|128.02|-2074.6,1741.3;-2082.5,1747.9;-2089.7,1739.2;-2089.9,1733.1;-2057.9,1708.2;-2049.2,1718.9;-2039.3,1710.8;-2021.5,1732.8;-2022.4,1749.4;-2025.6,1749.2;-2027.9,1775.3;-2016.1,1775.7;-2018.4,1784.6;-2007.8,1785.2;-2009.8,1793.1;-2001.8,1793.2;-2003.3,1804.8;-1995.3,1803.3;-1995.2,1810.8;-2018.1,1828.9;-2078.0,1757.7;-2068.2,1749.5
BuildingSourceSlice_orph_-543_1102|70.85|-589.0,1085.1;-495.5,1081.4;-492.9,1115.2;-529.8,1116.4;-529.1,1122.7;-587.7,1124.3;-588.1,1111.7;-587.1,1111.6
BuildingSourceSlice_fbx_7_18637_1081_19660|79.06|1868.4,1999.9;1869.5,1998.0;1830.0,1961.7;1827.6,1960.8;1855.1,1931.6;1861.2,1935.4;1863.5,1933.3;1877.2,1946.4;1876.2,1947.6;1885.0,1955.9;1884.4,1956.8;1899.3,1971.0;1869.7,2001.3
BuildingSourceSlice_orph_528_1412|80.75|466.6,1488.9;480.0,1437.5;488.7,1438.9;496.6,1393.0;501.1,1393.8;523.6,1255.5;559.8,1260.9;548.5,1323.5;557.7,1325.1;564.7,1261.7;570.4,1262.6;562.1,1308.6;584.6,1312.5;582.4,1325.5;579.9,1325.1;558.4,1399.9;557.1,1419.3;555.2,1418.9;552.3,1429.9;575.5,1434.3;574.3,1434.2;535.1,1554.1;526.1,1557.1;498.8,1525.5;498.6,1526.8
BuildingSourceSlice_fbx_9_-14137_1450_10840|114.25|-1395.9,1066.5;-1397.7,1067.6;-1391.6,1083.5;-1381.9,1089.7;-1381.0,1092.1;-1438.5,1105.9;-1441.5,1097.3;-1440.8,1096.2;-1446.3,1083.3;-1396.3,1063.8
BuildingSourceSlice_fbx_6_13464_2152_-11632|132.97|1303.1,-1177.3;1290.7,-1216.7;1314.9,-1224.4;1324.1,-1195.0;1325.4,-1194.3;1324.5,-1193.6;1334.0,-1163.3;1337.6,-1164.8;1338.0,-1163.2;1339.5,-1163.7;1342.3,-1154.9;1377.6,-1165.0;1388.4,-1128.6;1339.5,-1114.1;1332.7,-1135.5;1324.9,-1133.1;1323.2,-1134.2;1316.3,-1156.7;1322.4,-1158.6;1323.1,-1160.0;1320.5,-1168.2;1313.2,-1166.6;1309.4,-1177.7;1308.0,-1178.7
BuildingSmooth_5_9888_1382_12135_Residual_28b95f58_Body01|75.15|977.1,1226.4;977.6,1225.5;989.4,1231.5;989.0,1232.4
BuildingSmooth_5_9888_1382_12135_Residual_28b95f58_Body01|75.15|957.5,1239.8;988.0,1180.2;1020.2,1196.7;989.6,1256.3
BuildingSmooth_5_9888_1382_12135_Residual_28b95f58_Body01|75.15|989.0,1232.4;1000.0,1211.0;1000.8,1211.4;989.9,1232.9
BuildingSmooth_5_9888_1382_12135_Residual_28b95f58_Body01|75.15|982.4,1216.1;982.9,1215.2;994.7,1221.2;994.2,1222.1
BuildingSmooth_5_9888_1382_12135_Residual_28b95f58_Body01|75.15|983.1,1228.3;993.1,1208.6;994.0,1209.1;984.0,1228.7
BuildingSmooth_5_9888_1382_12135_Residual_28b95f58_Body01|75.15|976.3,1225.9;987.2,1204.5;988.1,1204.9;977.1,1226.4
BuildingSmooth_5_9888_1382_12135_Residual_28b95f58_Body01|75.15|987.7,1205.8;988.1,1204.9;1000.0,1211.0;999.5,1211.9
BuildingSourceSlice_fbx_3_3335_1747_13588|77.16|301.9,1282.0;301.0,1286.7;324.6,1310.3;329.9,1293.2;313.9,1280.2;351.6,1153.5;367.1,1173.7;414.4,1179.0;446.5,1216.6;444.9,1218.1;467.8,1241.9;494.2,1243.8;490.1,1275.5;487.1,1275.1;467.4,1415.3;435.1,1411.9;380.7,1401.0;379.3,1403.1;369.3,1399.0;368.2,1407.8;370.1,1409.7;286.4,1454.9;288.6,1459.5;314.3,1448.1;311.0,1451.7;361.6,1501.0;360.0,1502.5;366.7,1509.3;370.9,1505.3;380.7,1515.8;331.5,1561.5;322.2,1552.6;327.5,1547.4;253.1,1472.3;240.0,1479.1;331.1,1572.3;260.3,1500.4;233.2,1483.6;239.6,1480.2;173.6,1422.9
BuildingSourceSlice_orph_1932_-1030|149.25|1879.4,-1002.3;1884.6,-1011.6;1882.5,-1012.7;1907.2,-1055.3;1953.6,-1067.2;1984.6,-1029.1;1971.2,-1004.0;1933.4,-1021.7;1918.7,-995.2;1905.0,-1001.8;1899.5,-991.9
BuildingSourceSlice_fbx_1_-22546_2148_2107|122.97|-2360.0,211.6;-2370.2,191.2;-2370.3,171.8;-2181.4,161.7;-2182.1,152.1;-2169.8,151.3;-2169.0,161.0;-2141.7,159.5;-2138.7,216.1;-2134.7,217.3;-2132.3,262.6;-2138.7,264.0;-2138.1,277.8;-2139.4,279.2;-2351.1,289.3;-2352.2,287.9;-2352.8,274.9;-2358.3,275.1;-2359.4,273.7;-2361.7,228.7;-2360.7,227.4;-2357.3,227.1;-2358.3,211.5
BuildingSourceSlice_fbx_10_-23750_1406_-7887|87.09|-2482.5,-810.2;-2372.9,-723.6;-2425.0,-657.7;-2448.3,-659.3;-2449.5,-657.7;-2455.9,-657.8;-2483.2,-671.4;-2486.5,-667.9;-2501.7,-679.8;-2501.6,-710.8;-2483.4,-731.7;-2477.7,-741.0;-2500.2,-734.0;-2501.7,-735.2;-2501.5,-741.7;-2468.6,-756.5;-2481.3,-765.4;-2498.7,-780.9;-2483.4,-801.2;-2483.9,-808.4
BuildingSourceSlice_fbx_10_-23750_1406_-7887|87.09|-2367.1,-720.1;-2303.9,-669.9;-2313.3,-657.7;-2319.6,-657.8;-2327.9,-663.2;-2332.6,-657.7;-2349.8,-657.7;-2357.7,-662.9;-2362.4,-657.7;-2416.0,-658.0
BuildingSourceSlice_fbx_11_14277_1371_12175|80.77|1393.1,1205.3;1376.5,1187.9;1392.5,1170.9;1423.0,1172.6;1424.3,1173.9
BuildingSourceSlice_fbx_11_14277_1371_12175|80.77|1471.6,1237.8;1470.3,1237.0;1452.2,1251.7;1450.4,1251.5;1445.2,1245.0;1430.4,1256.4;1415.2,1238.2;1411.8,1241.6;1410.2,1241.5;1382.6,1216.1;1424.1,1176.0;1473.1,1236.3
BuildingSourceSlice_fbx_11_14277_1371_12175|80.77|1374.7,1254.1;1385.1,1242.8;1376.3,1234.3;1383.9,1225.8;1414.9,1254.0;1413.9,1255.7;1379.3,1265.7;1376.2,1263.8;1374.6,1260.4
BuildingSourceSlice_fbx_11_16201_1563_6381|113.84|1635.4,683.8;1569.9,627.1;1601.3,592.4;1643.2,628.7;1657.5,610.4;1670.4,620.5;1655.6,639.4;1661.8,644.9;1655.6,652.9;1659.1,657.7
BuildingSourceSlice_fbx_7_10413_1554_17941|106.15|1054.4,1779.6;1045.1,1781.6;1047.5,1803.0;1058.4,1802.1;1061.3,1828.4;1029.7,1832.1;1021.3,1759.7;1051.8,1756.6
BuildingSourceSlice_fbx_5_1110_1591_11488|73.79|-16.6,1041.6;152.4,1070.8;263.7,1104.3;250.9,1163.2;216.1,1153.2;201.7,1213.1;198.5,1210.6;157.7,1255.9;135.9,1237.3;33.6,1218.8;-37.1,1219.8;-41.3,1208.2;-41.2,1061.0
BuildingSmooth_3_3646_1786_19755_Residual_52d005e0_Body01|100.28|381.8,1963.0;382.8,1963.2;377.7,1986.4;376.8,1986.2
BuildingSmooth_3_3646_1786_19755_Residual_52d005e0_Body01|100.28|345.6,1931.0;306.9,1948.0;330.2,2001.1;368.9,1984.2
BuildingSmooth_3_3646_1786_19755_Residual_52d005e0_Body01|100.28|355.1,1981.4;377.7,1986.4;377.5,1987.3;354.9,1982.4
BuildingSmooth_3_3646_1786_19755_Residual_52d005e0_Body01|100.28|360.4,1957.3;383.0,1962.2;382.8,1963.2;360.2,1958.2
BuildingSmooth_3_3646_1786_19755_Residual_52d005e0_Body01|100.28|330.2,2001.1;325.1,2011.5;342.4,2020.1;347.5,2009.7
BuildingSmooth_3_3646_1786_19755_Residual_52d005e0_Body01|100.28|371.0,1960.6;372.0,1960.8;366.9,1984.0;365.9,1983.8
BuildingSmooth_3_3646_1786_19755_Residual_52d005e0_Body01|100.28|358.7,1969.6;379.4,1974.1;379.2,1975.1;358.5,1970.5
BuildingSmooth_3_3646_1786_19755_Residual_52d005e0_Body01|100.28|360.2,1958.2;361.2,1958.5;356.1,1981.6;355.1,1981.4
BuildingSmooth_3_3646_1786_19755_Residual_52d005e0_Body01|100.28|389.1,2030.3;350.5,2047.3;330.2,2001.1;368.9,1984.2
BuildingSmooth_3_3646_1786_19755_Residual_52d005e0_Body01|100.28|345.6,1931.0;326.8,2016.7;389.1,2030.3;407.9,1944.7
BuildingSmooth_3_3646_1786_19755_Residual_52d005e0_Body01|100.28|389.1,2030.3;383.9,2040.7;342.4,2020.1;347.5,2009.7
BuildingSourceSlice_fbx_7_19505_1139_20306|79.81|1937.0,2012.7;1940.8,2009.5;1942.2,2011.0;1950.6,2003.0;1980.7,2032.5;1983.5,2029.5;1991.2,2036.5;1991.2,2063.6;1983.7,2071.4;1963.7,2071.4;1954.2,2062.1;1968.7,2047.1;1964.4,2042.6;1952.2,2054.7;1937.2,2040.0;1934.0,2043.3;1929.5,2038.9;1922.3,2035.1;1922.9,2025.0;1916.7,2030.6;1924.0,2023.1;1908.9,2008.4;1909.9,1993.7
BuildingSourceSlice_fbx_12_30235_1499_-12758|132.81|3028.6,-1251.6;3010.6,-1254.7;3018.4,-1300.1;3036.4,-1297.0
BuildingSourceSlice_fbx_1_-26344_1973_11820|137.29|-2602.6,1123.7;-2611.9,1131.1;-2571.5,1182.9;-2599.7,1203.0;-2633.6,1159.6;-2636.4,1161.4;-2650.6,1143.2;-2610.6,1113.5
BuildingSourceSlice_fbx_1_-26344_1973_11820|137.29|-2632.1,1161.9;-2600.4,1202.2;-2622.5,1218.9;-2668.3,1157.9;-2651.2,1145.1;-2636.2,1165.0
BuildingSourceSlice_fbx_1_-26344_1973_11820|137.29|-2666.6,1164.3;-2652.5,1182.7;-2653.7,1183.7;-2623.1,1224.3;-2646.3,1241.8;-2689.2,1185.0;-2689.5,1177.9;-2687.7,1176.4;-2687.7,1170.9;-2672.2,1158.9;-2667.6,1165.0
BuildingSourceSlice_orph_-2320_-1173|65.31|-2348.9,-1179.0;-2338.7,-1187.4;-2327.4,-1214.2;-2318.3,-1211.6;-2277.1,-1193.2;-2282.2,-1182.2;-2286.1,-1184.0;-2288.8,-1178.7;-2286.6,-1177.5;-2290.7,-1169.5;-2293.4,-1170.9;-2301.9,-1168.2;-2311.7,-1146.7;-2309.5,-1145.8;-2324.0,-1130.2;-2334.1,-1131.0;-2353.3,-1148.6
BuildingSourceSlice_orph_2185_-389|143.14|2153.0,-383.5;2147.4,-399.5;2174.3,-408.9;2179.6,-393.5;2212.5,-403.9;2219.8,-380.8;2191.2,-371.7;2190.3,-374.6;2173.2,-368.6;2166.7,-389.7
BuildingSourceSlice_fbx_1_-26855_1678_12509|138.36|-2705.8,1243.5;-2688.3,1229.4;-2665.1,1258.1;-2682.6,1272.3
BuildingSourceSlice_orph_1590_376|128.36|1545.2,327.2;1548.7,318.6;1559.6,323.1;1556.1,331.8;1570.1,337.6;1573.6,329.1;1584.5,333.6;1581.0,342.1;1594.9,347.8;1598.6,339.1;1609.5,343.5;1605.8,352.4;1620.3,358.3;1623.7,350.0;1634.6,354.5;1631.2,362.9;1644.9,368.6;1648.6,359.6;1659.5,364.1;1655.8,373.1;1662.3,375.8;1659.3,383.0;1662.6,384.2;1639.7,432.1;1513.5,380.9;1538.0,324.3
BuildingSourceSlice_orph_929_-125|86.30|640.6,85.2;602.0,-18.0;616.7,-24.4;601.0,-41.0;699.8,-117.6;697.2,-124.8;707.8,-128.6;703.4,-140.8;790.1,-172.2;789.1,-174.9;1019.2,-257.7;1179.7,-313.6;1180.8,-310.8;1213.1,-322.2;1219.7,-303.4;1237.3,-309.8;1258.8,-290.4;1269.8,-270.0;1273.5,-244.5;1268.4,-212.7;1278.1,-184.9;1052.6,-105.8;1055.0,-98.8;982.8,-74.6;999.1,-28.3;984.0,-22.9;973.6,-24.2;970.9,-33.0;953.4,-27.6;941.3,-33.5;940.3,-36.2;917.8,-35.9;901.4,-30.2;883.0,-9.0;878.9,2.1;883.4,14.2;807.1,42.3;807.5,43.4;788.7,50.6;787.7,48.6;778.7,53.8;763.9,18.0;730.7,41.1;720.0,54.8;694.8,70.1;639.6,85.6
BuildingSourceSlice_fbx_13_-17096_3327_18327|103.65|-1608.5,1785.1;-1607.9,1786.5;-1593.6,1792.2;-1598.9,1805.4;-1598.0,1807.6;-1640.8,1912.8;-1660.0,1930.9;-1786.4,1879.1;-1787.7,1849.7;-1775.8,1819.8;-1789.9,1814.5;-1795.7,1816.7;-1795.7,1812.6;-1791.9,1800.4;-1787.6,1797.4;-1781.1,1788.2;-1795.7,1786.1;-1795.7,1758.3;-1793.7,1741.3;-1768.8,1744.5;-1769.2,1750.3;-1767.8,1751.0;-1768.0,1753.3;-1750.3,1760.7;-1738.9,1733.4
BuildingSourceSlice_fbx_11_21989_1627_-1216|136.55|2233.9,-112.3;2165.6,-107.3;2163.8,-130.9;2232.2,-136.0
BuildingSourceSlice_fbx_10_-15601_849_-10951|62.68|-1549.4,-1160.0;-1505.4,-1131.7;-1570.9,-1030.1;-1614.9,-1058.5
BuildingSourceSlice_fbx_10_-15601_849_-10951|62.68|-1547.7,-1059.9;-1512.6,-1034.9;-1527.2,-1022.6;-1544.8,-1022.6;-1546.4,-1026.8;-1549.4,-1022.6;-1560.5,-1022.7;-1565.6,-1026.6;-1568.6,-1022.8;-1571.6,-1024.0
BuildingSourceSlice_fbx_10_-21205_1198_-11161|63.58|-2094.5,-1109.8;-2103.8,-1101.2;-2095.5,-1093.1;-2104.6,-1083.8;-2117.8,-1096.4;-2115.4,-1098.8;-2146.5,-1133.2;-2129.4,-1148.5
BuildingSourceSlice_fbx_3_3094_1524_17310|97.59|277.6,1752.6;321.7,1705.5;325.9,1710.8;326.0,1730.6;296.6,1761.1
BuildingSourceSlice_fbx_5_4205_1091_7924|69.17|398.7,830.1;407.7,792.6;416.3,748.4;433.8,756.5;431.2,768.4;441.3,771.5;428.2,836.4
BuildingSourceSlice_orph_1939_-1843|139.17|1910.8,-1973.7;1951.9,-1940.8;1930.9,-1913.8;1919.2,-1922.5;1871.8,-1863.0;1880.9,-1855.9;1908.7,-1890.4;1910.4,-1887.0;1922.9,-1903.1;1979.2,-1860.8;1985.2,-1868.4;1977.7,-1875.3;2026.2,-1835.6;2041.1,-1855.4;2037.7,-1858.8;2067.6,-1838.8;2022.8,-1781.7;2026.4,-1776.4;1978.1,-1713.2;1925.7,-1754.4;1946.6,-1781.9;1967.5,-1765.6;1992.1,-1795.7;1911.6,-1858.3;1906.2,-1851.4;1908.5,-1849.6;1871.6,-1802.4;1872.9,-1804.1;1821.6,-1841.7;1818.6,-1838.1;1815.7,-1840.4;1818.6,-1844.0;1811.7,-1846.8
BuildingSourceSlice_fbx_7_14681_1089_16626|80.17|1505.6,1635.7;1504.8,1636.2;1524.4,1667.2;1465.9,1705.6;1468.4,1709.5;1526.4,1672.0;1528.2,1672.6;1534.6,1683.0;1475.0,1721.8;1468.3,1714.2;1435.6,1661.9;1414.6,1675.0;1400.0,1654.8;1422.3,1640.0;1423.9,1639.8;1423.7,1641.1;1481.8,1603.5;1484.9,1603.7
BuildingSourceSlice_fbx_7_14681_1089_16626|80.17|1426.3,1719.7;1418.2,1724.1;1404.9,1704.8;1436.8,1682.0;1466.4,1723.7;1464.9,1724.9;1430.4,1724.5
BuildingSourceSlice_fbx_16_1499_1177_-6913|90.94|168.2,-733.5;192.2,-673.5;131.5,-649.1;107.5,-709.1;126.9,-716.8;125.4,-720.8;132.0,-723.5;133.6,-719.6
BuildingSourceSlice_orph_2450_127|118.81|2457.6,107.5;2457.8,106.4;2503.7,103.5;2505.2,125.5;2491.8,127.0;2492.2,150.2;2456.7,154.0;2455.4,132.3;2433.4,134.5;2433.9,142.2;2424.6,142.9;2426.5,157.2;2404.9,159.7;2399.1,107.7
BuildingSourceSlice_orph_-2919_1284|135.95|-2935.6,1309.8;-2952.5,1285.6;-2953.3,1262.0;-2941.2,1245.3;-2921.5,1239.0;-2897.4,1248.0;-2895.8,1252.3;-2894.3,1251.2;-2888.1,1258.6;-2905.9,1273.0;-2878.3,1309.0;-2888.1,1316.4;-2888.9,1315.3;-2915.3,1335.4;-2914.7,1336.3
BuildingSourceSlice_fbx_9_-5434_1313_11496|70.01|-588.2,1124.8;-499.4,1122.4;-500.3,1133.2;-508.8,1174.6;-584.9,1176.5
BuildingSourceSlice_orph_-1469_2059|103.56|-1533.1,2138.6;-1539.0,2134.3;-1544.2,2138.7;-1575.9,2115.5;-1428.2,1912.4;-1400.1,1931.2;-1396.4,2000.3;-1421.0,2034.1;-1416.0,2037.8;-1440.4,2071.5;-1403.9,2097.2;-1422.0,2122.9;-1409.9,2131.5;-1420.5,2146.7;-1455.1,2168.0;-1479.4,2151.6;-1487.0,2162.3;-1485.6,2164.8;-1509.9,2146.6;-1521.6,2155.1;-1536.9,2143.9
BuildingSourceSlice_fbx_7_11925_1525_16148|78.77|1194.4,1645.0;1152.1,1680.9;1113.9,1613.6;1175.7,1561.6;1211.7,1561.7;1223.6,1576.6;1223.1,1580.5;1237.1,1609.3;1233.3,1612.5;1260.2,1644.2;1267.4,1638.2;1272.3,1644.2;1265.3,1650.4;1268.1,1654.5;1229.7,1686.7
BuildingSourceSlice_fbx_11_17710_1510_2707|130.01|1787.1,257.3;1771.8,291.3;1755.0,284.3;1768.8,250.3
BuildingSourceSlice_orph_1765_-1380|147.66|1721.2,-1418.7;1723.3,-1417.3;1733.2,-1431.2;1796.3,-1386.2;1797.3,-1387.4;1825.5,-1364.8;1805.0,-1336.1;1797.7,-1340.6;1792.4,-1331.5;1703.5,-1393.8
BuildingSourceSlice_fbx_16_15510_1606_-2737|125.50|1560.3,-289.9;1571.9,-281.8;1555.2,-257.6;1530.2,-274.9;1532.8,-278.7
BuildingSourceSlice_orph_-771_1479|74.96|-844.4,1398.3;-844.8,1390.2;-706.5,1383.9;-706.2,1391.2;-701.2,1391.0;-693.8,1556.4;-698.8,1556.7;-698.5,1563.7;-742.8,1565.7;-743.2,1557.9;-750.3,1558.2;-749.1,1583.5;-785.0,1585.2;-786.2,1559.9;-794.5,1560.2;-794.2,1568.0;-836.8,1569.9;-837.1,1563.4;-841.7,1563.6;-849.1,1398.5
BuildingSmooth_16_16916_2027_-5213_ResidualBody01|144.98|1710.7,-500.1;1673.3,-519.2;1680.1,-532.5;1717.5,-513.4
BuildingSmooth_16_16916_2027_-5213_ResidualBody01|144.98|1693.8,-512.1;1692.9,-512.5;1694.7,-516.1;1695.6,-515.6
BuildingSmooth_16_16916_2027_-5213_ResidualBody01|144.98|1700.4,-508.7;1699.5,-509.2;1701.3,-512.7;1702.2,-512.3
BuildingSmooth_16_16916_2027_-5213_ResidualBody01|144.98|1687.3,-515.4;1686.4,-515.9;1688.2,-519.4;1689.1,-519.0
BuildingSmooth_16_16916_2027_-5213_ResidualBody01|144.98|1700.2,-510.5;1688.0,-516.7;1688.4,-517.6;1700.6,-511.4
BuildingSmooth_16_16916_2027_-5213_ResidualBody01|144.98|1702.2,-512.3;1688.2,-519.4;1688.7,-520.3;1702.6,-513.2
BuildingSmooth_16_16916_2027_-5213_ResidualBody01|144.98|1699.9,-507.8;1685.9,-515.0;1686.4,-515.9;1700.4,-508.7
BuildingSourceSlice_orph_-2613_-498|106.00|-2668.2,-477.6;-2671.4,-479.8;-2614.9,-563.7;-2550.1,-522.1;-2607.5,-436.6;-2629.7,-449.7;-2634.1,-443.1;-2673.6,-469.8
BuildingSourceSlice_fbx_5_1905_1618_12723|74.81|159.4,1303.8;169.6,1292.6;159.4,1289.0;159.4,1268.7;169.5,1262.0;210.7,1262.0;212.8,1264.0;210.5,1276.9;221.5,1271.0;221.5,1284.5;185.7,1323.6;174.4,1323.6;159.4,1309.8
BuildingSourceSlice_fbx_5_1905_1618_12723|74.81|200.2,1323.6;221.5,1299.8;221.5,1312.5;217.9,1323.1
BuildingSourceSlice_fbx_15_-19283_1138_-25083|77.93|-1969.4,-2516.8;-1927.3,-2546.9;-1921.2,-2539.0;-1915.0,-2543.4;-1887.1,-2503.9;-1935.5,-2469.9
BuildingSourceSlice_orph_1015_458|87.20|956.2,493.3;946.4,460.1;948.6,459.3;944.1,444.7;1050.9,409.9;1050.3,407.3;1070.6,400.6;1076.7,416.1;1081.8,414.3;1078.3,477.3;1023.1,477.9;1021.3,480.2;1023.8,508.5;1018.0,506.6;1007.3,506.6;960.0,512.0;955.3,493.7
BuildingSourceSlice_fbx_6_5706_1800_-12229|130.45|552.8,-1256.6;552.6,-1258.1;589.6,-1265.5;597.8,-1251.5;594.9,-1250.0;627.1,-1201.6;560.9,-1192.5;561.9,-1185.2;522.2,-1180.2;518.1,-1214.2;511.8,-1213.8;508.3,-1243.9;521.8,-1246.6;521.7,-1248.1;533.1,-1249.0;533.2,-1255.1
BuildingSourceSlice_orph_-1657_1055|124.27|-1696.5,1025.8;-1697.9,1026.1;-1701.0,1014.3;-1682.8,1008.3;-1682.1,1011.2;-1649.2,998.0;-1642.4,1018.1;-1642.7,1023.0;-1644.7,1023.5;-1625.6,1079.9;-1623.7,1067.9;-1623.1,1069.5;-1622.7,1090.9;-1617.4,1089.2;-1615.2,1095.2;-1669.5,1113.0;-1671.6,1106.5;-1669.9,1106.0;-1676.2,1092.4;-1663.4,1088.2;-1665.1,1083.0;-1662.2,1082.0;-1677.9,1034.7;-1692.0,1039.4
BuildingSourceSlice_fbx_3_-6974_1361_23817|65.99|-724.9,2393.6;-734.6,2395.2;-735.3,2370.9;-661.5,2368.6;-659.8,2392.8;-685.4,2392.8;-685.3,2394.1;-724.9,2395.6
BuildingSourceSlice_fbx_6_16012_2445_-12199|144.04|1557.2,-1230.1;1557.6,-1228.4;1552.8,-1228.4;1542.0,-1252.4;1577.0,-1262.8;1581.3,-1248.4;1579.3,-1236.6
BuildingSourceSlice_orph_2311_46|127.39|2340.8,15.2;2336.2,23.1;2340.6,63.9;2309.0,67.3;2307.9,77.5;2309.6,77.9;2309.0,79.6;2284.5,81.8;2282.9,55.6;2287.3,55.0;2297.4,49.0;2298.3,36.7;2290.7,36.2;2289.5,33.1;2281.6,33.8;2280.4,20.4
BuildingSourceSlice_fbx_4_-3043_1138_-9229|95.74|-302.9,-942.9;-283.2,-933.9;-295.2,-902.9;-325.5,-913.4;-321.2,-934.2
BuildingSourceSlice_fbx_4_-11425_1431_-15336|82.94|-1170.9,-1484.6;-1199.2,-1532.4;-1114.1,-1582.6;-1085.8,-1534.9
BuildingSourceSlice_fbx_4_-11425_1431_-15336|82.94|-1078.3,-1483.9;-1080.1,-1479.8;-1085.1,-1477.1;-1114.3,-1477.1;-1116.8,-1480.1;-1121.8,-1477.1;-1124.8,-1477.4;-1136.8,-1497.5;-1136.6,-1499.3;-1095.9,-1523.4;-1094.3,-1522.9;-1078.4,-1499.2
BuildingSourceSlice_fbx_4_-3570_1606_-12545|118.35|-416.6,-1229.1;-406.5,-1271.8;-409.1,-1272.3;-396.9,-1332.8;-371.3,-1327.6;-373.6,-1316.2;-354.3,-1312.2;-355.9,-1304.5;-346.7,-1302.7;-347.2,-1296.6;-334.2,-1294.0;-331.5,-1307.6;-285.0,-1297.7;-310.3,-1176.2;-359.7,-1180.5;-358.4,-1191.2;-365.0,-1192.6;-361.4,-1209.4;-376.3,-1212.4;-382.6,-1184.0;-428.9,-1188.8;-421.2,-1230.1
BuildingSourceSlice_orph_-2171_-1081|64.83|-2191.1,-1108.2;-2190.4,-1107.7;-2169.8,-1133.5;-2165.7,-1130.2;-2159.1,-1140.2;-2143.9,-1127.0;-2145.2,-1123.9;-2152.4,-1119.3;-2148.4,-1116.5;-2151.5,-1112.5;-2144.1,-1107.1;-2152.9,-1098.3;-2151.9,-1080.0;-2148.3,-1077.4;-2143.0,-1077.1;-2115.2,-1089.3;-2164.0,-1027.0;-2196.7,-1054.1;-2195.6,-1055.5;-2220.6,-1078.0
BuildingSourceSlice_fbx_6_13890_1618_-12569|137.54|1409.8,-1250.8;1376.6,-1239.8;1368.3,-1266.3;1387.4,-1272.3;1391.2,-1261.1;1388.1,-1272.0;1394.3,-1274.0;1403.8,-1269.0
BuildingSourceSlice_fbx_3_284_1476_19286|79.76|0.4,1878.2;1.8,1878.9;17.4,1879.6;18.6,1880.6;18.7,1927.2;17.6,1928.6;-16.3,1910.4;-16.3,1897.9;-10.3,1897.0;-16.4,1883.5;-15.6,1878.3;-10.7,1874.5;0.2,1874.9
BuildingSourceSlice_fbx_3_284_1476_19286|79.76|-12.9,1979.1;-11.3,1931.6;24.3,1931.0;25.4,1902.0;23.0,1877.9;37.9,1878.1;38.1,1880.2;57.9,1880.9;69.4,1896.5;69.6,1900.9;68.3,1900.9;68.2,1977.4
BuildingSourceSlice_fbx_14_4610_1234_-617|72.49|466.6,-75.6;496.9,-120.2;523.6,-100.7;499.4,-64.8;511.9,-34.5;436.9,-3.2;412.2,-11.9;398.5,-45.1;468.3,-74.2
BuildingSourceSlice_fbx_2_19108_2095_-5727|147.57|1877.4,-612.2;1886.2,-613.9;1908.0,-613.9;1915.0,-610.4;1917.3,-613.8;1925.9,-613.9;1946.2,-603.5;1948.6,-604.2;1965.8,-594.9;1953.3,-570.7;1876.4,-610.4
BuildingSourceSlice_fbx_2_19108_2095_-5727|147.57|1863.0,-582.1;1874.2,-603.9;1943.1,-572.2;1941.5,-568.6;1953.0,-561.8;1945.9,-545.0;1945.2,-541.8;1946.9,-540.7;1946.1,-539.0;1890.2,-567.6;1893.8,-576.8;1887.0,-580.0;1882.5,-572.0
BuildingSourceSlice_fbx_5_12440_1370_4225|105.47|1278.2,428.8;1269.2,420.8;1264.3,424.5;1271.1,434.0;1276.3,433.0;1278.6,434.5;1278.6,436.5;1275.8,437.5;1223.0,437.5;1218.0,434.4;1248.5,384.5;1280.5,427.4
BuildingSourceSlice_fbx_5_12440_1370_4225|105.47|1224.5,451.0;1223.1,451.3;1220.8,440.6;1223.5,438.2;1259.5,437.9;1263.6,439.7;1266.0,443.2;1266.3,454.4;1235.3,461.3;1233.6,454.6;1225.7,456.4
BuildingSourceSlice_fbx_10_-15458_1051_-10233|63.38|-1546.5,-1059.1;-1512.6,-1034.8;-1513.5,-1033.3;-1515.2,-1033.6;-1543.7,-990.9;-1542.7,-989.1;-1544.1,-987.8;-1580.2,-1011.2;-1547.7,-1059.9
BuildingSmooth_6_17365_1576_-7418|145.06|1750.4,-743.9;1736.8,-750.9;1737.2,-751.8;1750.8,-744.8
BuildingSmooth_6_17365_1576_-7418|145.06|1738.0,-735.3;1737.1,-735.8;1743.1,-747.6;1744.0,-747.2
BuildingSmooth_6_17365_1576_-7418|145.06|1731.6,-738.6;1730.7,-739.0;1736.8,-750.9;1737.7,-750.4
BuildingSmooth_6_17365_1576_-7418|145.06|1744.3,-732.1;1743.5,-732.5;1749.5,-744.4;1750.4,-743.9
BuildingSmooth_6_17365_1576_-7418|145.06|1743.9,-731.2;1730.3,-738.2;1730.7,-739.0;1744.3,-732.1
BuildingSmooth_6_17365_1576_-7418|145.06|1740.6,-769.9;1722.9,-767.3;1723.5,-763.5;1741.2,-766.1
BuildingSmooth_6_17365_1576_-7418|145.06|1723.5,-763.5;1696.9,-750.0;1703.6,-736.8;1730.2,-750.3
BuildingSmooth_6_17365_1576_-7418|145.06|1748.8,-713.7;1731.1,-711.1;1723.5,-763.5;1741.2,-766.1
BuildingSmooth_6_17365_1576_-7418|145.06|1748.8,-713.7;1774.9,-717.5;1769.4,-755.2;1743.3,-751.4
BuildingSmooth_6_17365_1576_-7418|145.06|1748.8,-713.7;1722.2,-700.2;1703.6,-736.8;1730.2,-750.3
BuildingSmooth_6_17365_1576_-7418|145.06|1746.3,-738.0;1734.4,-744.1;1734.9,-744.9;1746.7,-738.9
BuildingSmooth_6_17365_1576_-7418|145.06|1740.6,-769.9;1766.7,-773.7;1769.4,-755.2;1743.3,-751.4
BuildingSourceSlice_fbx_11_23097_1537_-965|129.61|2329.7,-79.3;2330.5,-84.6;2304.0,-89.4;2304.0,-95.0;2306.3,-95.1;2305.9,-102.2;2313.6,-103.8;2323.3,-96.1;2325.0,-103.8;2328.1,-103.8;2329.7,-89.3;2331.4,-89.3;2334.0,-103.8;2337.3,-103.8;2339.5,-83.7;2334.1,-83.5;2334.4,-80.3
BuildingSourceSlice_fbx_11_18475_1176_7606|95.37|1863.9,735.0;1870.1,780.9;1831.0,786.2;1824.9,740.2
BuildingSourceSlice_fbx_15_-22968_1110_-15512|59.29|-2271.3,-1562.1;-2292.9,-1519.5;-2322.4,-1557.7;-2288.4,-1582.7
BuildingSourceSlice_fbx_9_-11117_1663_986|73.19|-1055.6,18.0;-1052.6,21.6;-1052.0,70.9;-1055.2,85.1;-1053.2,84.6;-1052.0,85.9;-1052.0,99.6;-1054.2,108.7;-1052.0,114.4;-1052.0,128.0;-1060.0,143.7;-1062.2,144.5;-1106.3,24.2
BuildingSourceSlice_fbx_9_-11117_1663_986|73.19|-1106.6,24.4;-1059.5,155.2;-1107.5,172.8;-1116.0,170.6;-1142.7,91.9;-1138.2,90.5;-1143.2,90.5;-1163.9,29.2;-1129.5,28.7;-1131.4,26.4
BuildingSourceSlice_orph_-1229_1363|102.39|-1235.8,1294.0;-1223.2,1298.9;-1232.2,1322.4;-1166.1,1347.9;-1195.7,1424.4;-1290.7,1387.6;-1255.7,1295.4
BuildingSourceSlice_fbx_9_-5113_1648_6473|63.87|-519.7,684.4;-530.2,619.1;-525.1,618.3;-525.7,613.7;-502.2,610.1;-501.2,616.1;-502.5,616.3;-496.4,663.2;-494.1,664.0;-492.4,675.4;-507.5,677.7;-506.8,682.4
BuildingSourceSlice_fbx_4_-938_1632_-6299|82.27|-88.3,-599.7;-109.9,-590.6;-121.0,-594.7;-127.6,-603.2;-131.6,-615.6;-112.4,-669.3;-56.3,-647.0
BuildingSourceSlice_orph_-774_1742|69.46|-782.4,1658.7;-781.8,1655.9;-710.0,1678.1;-711.1,1679.4;-703.1,1681.8;-689.1,1702.8;-688.6,1714.7;-687.4,1714.7;-684.4,1815.5;-685.2,1813.8;-710.1,1831.1;-711.7,1828.8;-717.1,1826.0;-726.8,1842.7;-787.1,1811.8;-789.4,1816.6;-863.5,1779.5;-860.0,1772.5;-888.8,1759.6;-878.7,1740.6;-877.7,1741.1;-848.0,1677.0;-850.1,1677.1;-830.8,1648.7;-830.6,1650.4;-814.2,1647.4
BuildingSourceSlice_fbx_1_-21087_1877_13149|137.90|-2149.8,1324.2;-2144.1,1317.7;-2102.7,1285.4;-2101.9,1286.4;-2092.7,1279.2;-2068.3,1309.7;-2078.8,1317.9;-2082.3,1318.6;-2111.2,1341.1;-2112.7,1339.9;-2121.1,1345.6;-2125.0,1350.6;-2148.5,1331.3
BuildingSourceSlice_orph_-614_1472|71.28|-685.7,1429.9;-677.3,1430.1;-679.0,1461.0;-600.3,1462.6;-598.6,1428.9;-590.3,1429.2;-590.9,1462.9;-524.2,1464.8;-525.8,1486.4;-616.4,1484.3;-645.0,1482.4;-677.6,1482.4;-677.2,1511.4;-677.8,1512.8;-682.5,1512.4;-681.7,1529.7;-684.7,1529.7;-686.0,1482.4;-684.5,1461.8;-687.3,1460.9
BuildingSourceSlice_orph_-1957_-1469|60.90|-1991.5,-1468.4;-1987.4,-1472.1;-1981.9,-1468.3;-1973.7,-1468.3;-1970.9,-1472.4;-1981.7,-1479.9;-1950.3,-1524.5;-1926.7,-1506.6;-1922.1,-1512.8;-1904.5,-1500.0;-1955.3,-1427.8;-1965.4,-1414.9;-1967.8,-1414.9;-1965.9,-1412.8;-2009.4,-1443.3
BuildingSourceSlice_fbx_7_13621_1941_23111|106.80|1383.2,2344.8;1378.9,2326.4;1361.1,2330.4;1364.0,2345.4;1357.5,2347.7;1357.2,2350.2;1325.3,2356.8;1309.9,2284.3;1398.9,2265.5;1414.0,2338.3
BuildingSourceSlice_fbx_8_6890_2312_24915|127.31|633.9,2430.9;620.0,2434.8;621.1,2437.6;607.2,2437.6;582.9,2410.8;582.9,2405.2;648.4,2385.8;652.7,2403.3;652.7,2420.1;632.5,2426.1
BuildingSourceSlice_fbx_8_6890_2312_24915|127.31|680.6,2512.5;677.3,2501.9;673.5,2503.1;664.0,2472.0;664.0,2461.2;685.6,2454.7;685.3,2453.6;689.1,2453.6;696.7,2472.4;704.1,2470.2;711.1,2493.2;711.1,2499.1;706.0,2500.6;703.8,2512.5
BuildingSourceSlice_fbx_8_6890_2312_24915|127.31|656.6,2553.4;658.6,2561.8;671.2,2558.2;671.8,2560.4;694.2,2553.8;702.9,2578.8;702.9,2587.5;636.2,2607.3;624.2,2566.8;624.7,2557.1;629.6,2553.4
BuildingSourceSlice_orph_525_328|71.01|521.3,343.2;488.0,358.3;475.9,339.2;511.3,321.7;510.3,320.4;546.6,300.7;550.5,291.0;561.3,310.9;567.4,326.8;521.8,345.1
BuildingSourceSlice_orph_-1012_-190|53.39|-1177.1,-176.0;-1175.2,-174.6;-1174.4,-178.8;-1164.2,-183.6;-1138.8,-188.2;-1133.8,-205.8;-1127.7,-204.9;-1113.9,-218.5;-1108.2,-208.6;-1111.7,-200.0;-1081.1,-193.1;-1043.4,-192.5;-1011.9,-209.5;-994.5,-229.1;-981.0,-259.5;-963.5,-253.8;-942.2,-250.7;-936.4,-252.7;-942.1,-224.2;-932.2,-240.8;-920.2,-244.6;-883.4,-209.6;-885.1,-206.3;-877.9,-199.8;-889.2,-196.4;-901.3,-208.7;-895.4,-194.6;-898.2,-193.8;-894.2,-191.9;-913.3,-185.6;-892.1,-162.9;-909.6,-157.5;-931.8,-152.9;-955.3,-167.6;-993.4,-174.5;-1019.2,-168.6;-1029.2,-159.8;-1034.2,-143.4;-1031.7,-135.3;-1053.2,-132.1;-1056.7,-129.8;-1065.5,-128.4;-1082.3,-148.6;-1100.5,-159.4;-1115.7,-160.8;-1175.1,-155.1
BuildingSourceSlice_fbx_5_11339_1044_7570|84.56|1091.4,763.1;1089.2,746.4;1095.5,745.5;1095.4,744.0;1176.2,732.1;1181.8,769.6;1094.2,781.9;1091.9,766.4;1090.3,765.8;1089.9,763.3
BuildingSourceSlice_orph_2878_-1618|139.00|2832.5,-1605.7;2830.9,-1606.3;2835.4,-1623.5;2851.5,-1671.7;2873.1,-1665.4;2873.6,-1666.7;2899.2,-1655.0;2900.7,-1656.6;2904.4,-1653.3;2911.1,-1650.9;2917.3,-1645.6;2915.9,-1643.1;2933.4,-1627.4;2931.2,-1625.3;2937.7,-1618.3;2927.6,-1611.7;2929.3,-1610.2;2882.5,-1561.7;2867.3,-1573.7;2825.8,-1588.1
BuildingSourceSlice_fbx_15_-19216_887_-17484|64.18|-1905.5,-1708.9;-1963.0,-1742.7;-1931.2,-1788.6;-1879.9,-1750.7
BuildingSourceSlice_fbx_9_-11767_1666_8074|103.64|-1160.3,731.4;-1142.8,731.4;-1137.1,756.1;-1153.8,759.9
BuildingSourceSlice_fbx_9_-11767_1666_8074|103.64|-1155.0,762.8;-1176.3,766.9;-1187.9,735.4;-1172.2,731.4;-1161.7,731.4
BuildingSourceSlice_fbx_9_-11767_1666_8074|103.64|-1217.1,746.5;-1190.4,738.9;-1175.1,773.9;-1156.2,770.6;-1135.7,866.6;-1159.8,875.6
BuildingSourceSlice_fbx_15_-19730_1253_-25605|75.83|-1948.8,-2550.6;-1975.6,-2540.1;-1987.8,-2540.0;-1993.3,-2547.5;-1990.8,-2550.0;-2017.2,-2586.6;-2008.8,-2592.6;-2004.7,-2586.9;-1989.8,-2597.1;-1962.8,-2585.9;-1954.3,-2574.4
BuildingSourceSlice_orph_2804_-1360|129.23|2782.3,-1371.2;2785.3,-1370.6;2787.1,-1377.7;2782.4,-1378.7;2785.2,-1392.0;2790.3,-1390.9;2790.7,-1392.4;2819.0,-1385.4;2818.3,-1382.4;2829.8,-1379.6;2827.3,-1369.6;2834.0,-1368.1;2827.1,-1336.4;2812.1,-1339.7;2809.9,-1329.0;2775.2,-1335.9
BuildingSourceSlice_fbx_10_-16408_1345_-2522|79.61|-1582.1,-249.5;-1642.4,-246.1;-1643.3,-271.6;-1646.3,-271.4;-1645.1,-206.6;-1696.3,-204.0;-1699.5,-267.8;-1656.1,-269.9;-1661.6,-270.6;-1664.1,-273.7;-1653.9,-274.8;-1653.9,-296.7;-1584.3,-300.4
BuildingSourceSlice_fbx_8_5223_1476_26694|129.14|509.5,2645.0;517.6,2646.4;528.7,2655.8;538.2,2693.8;506.4,2691.6
BuildingSourceSlice_part_464_812|69.60|431.5,828.2;434.0,828.6;447.3,772.7;493.7,795.4;494.9,793.2;503.8,797.8;490.0,827.0;474.4,840.6;457.8,843.5;429.3,837.6
BuildingSourceSlice_orph_2048_338|118.81|2023.8,328.3;2024.0,329.8;2048.6,327.3;2045.6,297.5;2032.0,298.9;2027.1,289.7;2060.2,286.8;2067.0,292.0;2073.2,372.5;2018.1,376.3;2019.5,338.8
BuildingSourceSlice_orph_-755_2524|68.39|-778.7,2506.4;-759.7,2509.3;-757.6,2502.6;-733.8,2507.7;-736.0,2514.9;-734.4,2515.1;-736.1,2524.5;-720.9,2527.7;-727.6,2531.9;-727.6,2537.9;-724.0,2545.2;-784.1,2535.8
BuildingSourceSlice_part_-1592_215|93.02|-1619.8,192.6;-1612.1,181.0;-1630.2,146.4;-1623.2,141.4;-1620.7,145.6;-1611.1,140.4;-1589.1,176.8;-1589.4,189.9;-1601.3,207.0;-1528.3,260.3;-1542.0,278.5;-1553.5,269.7;-1552.3,269.3;-1612.4,225.3;-1613.3,226.8;-1615.4,225.2;-1627.5,242.0;-1645.6,228.5;-1639.1,219.8;-1630.1,226.5;-1611.0,199.6
BuildingSourceSlice_fbx_1_-22703_1886_13157|141.19|-2275.1,1349.9;-2277.4,1351.7;-2313.6,1306.0;-2312.5,1300.7;-2271.2,1269.2;-2222.6,1330.3;-2265.3,1362.1
BuildingSmooth_11_25215_1114_2851|110.45|2520.6,275.0;2510.0,270.3;2520.0,247.9;2530.5,252.6
BuildingSmooth_11_25215_1114_2851|110.45|2508.9,319.4;2519.0,322.7;2534.0,277.7;2523.9,274.3
BuildingSmooth_11_25215_1114_2851|110.45|2508.9,319.4;2520.9,326.5;2522.8,323.3;2510.9,316.1
BuildingSmooth_11_25215_1114_2851|110.45|2533.1,246.8;2522.5,242.1;2520.0,247.9;2530.5,252.6
BuildingSmooth_11_25215_1114_2851|110.45|2533.1,246.8;2530.3,245.9;2520.6,275.0;2523.4,275.9
BuildingSmooth_11_25215_1114_2851|110.45|2508.9,319.4;2506.1,318.4;2520.6,275.0;2523.4,275.9
BuildingSmooth_11_25215_1114_2851|110.45|2534.0,277.7;2545.9,284.9;2522.8,323.3;2510.9,316.1
BuildingSmooth_11_25215_1114_2851|110.45|2533.1,246.8;2543.2,250.2;2534.0,277.7;2523.9,274.3
BuildingSmooth_11_25215_1114_2851|110.45|2522.3,284.9;2517.8,303.3;2516.9,303.0;2521.4,284.7
BuildingSmooth_11_25215_1114_2851|110.45|2522.3,303.3;2522.0,304.3;2517.8,303.3;2518.1,302.3
BuildingSmooth_11_25215_1114_2851|110.45|2533.1,246.8;2522.5,242.1;2520.0,247.9;2530.5,252.6
BuildingSmooth_11_25215_1114_2851|110.45|2527.5,286.2;2523.0,304.5;2522.0,304.3;2526.5,285.9
BuildingSmooth_11_25215_1114_2851|110.45|2533.1,246.8;2530.3,245.9;2520.6,275.0;2523.4,275.9
BuildingSmooth_11_25215_1114_2851|110.45|2508.9,319.4;2520.9,326.5;2522.8,323.3;2510.9,316.1
BuildingSmooth_11_25215_1114_2851|110.45|2526.5,285.9;2526.3,286.9;2522.1,285.9;2522.3,284.9
BuildingSmooth_11_25215_1114_2851|110.45|2524.4,294.6;2524.2,295.6;2520.0,294.6;2520.2,293.6
BuildingSmooth_11_25215_1114_2851|110.45|2508.9,319.4;2506.1,318.4;2520.6,275.0;2523.4,275.9
BuildingSmooth_11_25215_1114_2851|110.45|2508.9,319.4;2519.0,322.7;2534.0,277.7;2523.9,274.3
BuildingSmooth_11_25215_1114_2851|110.45|2524.7,286.5;2520.6,302.9;2519.7,302.7;2523.7,286.3
BuildingSmooth_11_25215_1114_2851|110.45|2520.6,275.0;2510.0,270.3;2520.0,247.9;2530.5,252.6
BuildingSmooth_11_25215_1114_2851|110.45|2534.0,277.7;2545.9,284.9;2522.8,323.3;2510.9,316.1
BuildingSmooth_11_25215_1114_2851|110.45|2533.1,246.8;2543.2,250.2;2534.0,277.7;2523.9,274.3
BuildingSourceSlice_part_-2076_-2047|65.64|-2159.6,-2016.1;-2140.4,-2012.4;-2128.5,-2032.3;-2167.3,-2053.9;-2154.0,-2077.8;-2140.3,-2082.2;-2128.1,-2097.2;-2079.9,-2132.2;-2071.9,-2127.1;-2041.9,-2177.3;-2005.3,-2155.5;-2013.4,-2141.9;-1975.3,-2119.1;-1976.9,-2116.4;-1967.8,-2110.9;-2065.1,-1948.7;-2067.6,-1950.1;-2088.6,-1916.1;-2146.2,-1951.6;-2155.0,-1964.9;-2171.7,-1982.7;-2175.3,-1997.9;-2171.2,-2008.6
BuildingSourceSlice_fbx_15_-18936_1130_-19081|65.00|-1898.9,-1866.3;-1926.0,-1880.8;-1888.1,-1950.0;-1873.4,-1948.5;-1873.5,-1946.1;-1865.3,-1942.4;-1860.9,-1934.9
BuildingSourceSlice_orph_1184_-1325|127.46|1098.5,-1369.2;1111.5,-1373.2;1111.0,-1374.7;1131.2,-1380.6;1150.3,-1320.2;1187.9,-1331.4;1182.9,-1346.9;1209.5,-1355.5;1215.0,-1338.9;1280.3,-1362.3;1280.2,-1367.5;1287.9,-1345.7;1282.1,-1343.0;1286.7,-1332.0;1285.2,-1331.5;1286.9,-1325.2;1218.2,-1303.9;1216.3,-1310.1;1196.7,-1304.0;1204.0,-1288.6;1164.8,-1276.4;1161.2,-1288.0;1140.1,-1281.5;1139.4,-1283.6;1126.3,-1279.4
BuildingSourceSlice_fbx_5_5604_1318_4454|71.63|555.8,410.1;564.6,424.4;571.1,420.9;594.0,468.1;555.0,480.8;526.8,427.3
BuildingSourceSlice_fbx_8_1981_1918_32820|106.41|148.8,3266.9;135.8,3213.8;174.0,3192.5;208.1,3234.1;210.0,3233.7;261.9,3329.8;237.1,3360.8;235.6,3360.5;233.0,3365.9;226.8,3372.9;191.5,3345.1;168.8,3304.8;161.9,3308.8;152.3,3292.0;160.3,3286.6
BuildingSourceSlice_fbx_10_-17444_1272_-9886|60.47|-1738.5,-1015.8;-1737.6,-1016.9;-1736.2,-1016.0;-1709.9,-989.3;-1710.1,-987.7;-1708.3,-987.6;-1702.8,-981.9;-1731.6,-947.6;-1756.6,-970.7;-1755.9,-979.3;-1768.5,-979.5;-1768.3,-982.5;-1784.7,-998.0;-1765.7,-1019.9;-1758.3,-1020.6;-1753.5,-1017.0;-1749.0,-1021.3;-1742.5,-1021.2;-1741.5,-1020.6;-1742.5,-1019.4
BuildingSourceSlice_part_140_1348|75.48|93.8,1315.5;95.8,1317.1;120.5,1293.2;172.4,1342.9;174.7,1340.4;179.9,1344.7;191.6,1345.9;199.1,1360.8;194.8,1365.6;192.1,1365.3;163.6,1399.0;147.0,1404.2;123.8,1384.1;145.9,1381.4;164.7,1363.2;163.0,1360.9;141.3,1374.4;120.7,1353.8;118.9,1355.2;127.1,1368.9;116.6,1366.2;111.5,1363.0;104.1,1354.9;100.5,1344.6;100.1,1338.2;74.8,1333.5
BuildingSourceSlice_fbx_4_-7994_1089_-3776|46.25|-805.8,-346.8;-830.9,-370.0;-794.5,-408.5;-768.0,-385.0
BuildingSourceSlice_orph_-773_1314|78.18|-831.2,1340.3;-831.2,1289.2;-819.1,1289.1;-819.1,1287.4;-758.7,1287.3;-758.7,1289.2;-710.9,1289.1;-709.7,1335.7;-767.5,1335.9;-767.5,1343.0;-802.2,1342.7;-802.2,1340.2
BuildingSourceSlice_part_264_39|69.73|344.4,39.3;346.8,38.6;222.2,92.7;199.6,82.6;201.5,82.5;181.9,41.1;176.8,41.4;319.1,-20.2
BuildingSourceSlice_fbx_2_18578_1893_-2362|142.25|1851.6,-245.8;1869.4,-258.3;1874.4,-254.6;1874.9,-241.5;1870.7,-238.8;1870.2,-225.5;1865.1,-225.4;1864.0,-228.6;1858.8,-225.4;1845.2,-226.1;1842.1,-230.2;1842.0,-241.0
BuildingSourceSlice_orph_1265_1299|75.62|1241.7,1301.9;1239.7,1301.3;1258.0,1260.5;1293.3,1276.3;1291.1,1281.1;1301.7,1286.3;1285.3,1321.7;1266.5,1313.3;1256.8,1337.5;1229.1,1324.3
BuildingSourceSlice_fbx_1_-23786_1750_9849|140.89|-2366.8,945.3;-2343.0,975.7;-2343.0,998.0;-2349.8,1003.4;-2390.7,950.9;-2384.1,945.3
BuildingSourceSlice_fbx_1_-23786_1750_9849|140.89|-2391.2,952.9;-2350.6,1004.6;-2366.3,1016.9;-2406.8,965.3
BuildingSourceSlice_fbx_1_-23786_1750_9849|140.89|-2414.2,1015.0;-2414.2,994.6;-2412.2,992.5;-2414.2,989.3;-2414.2,974.3;-2406.8,968.2;-2367.7,1019.4;-2373.7,1024.4;-2406.9,1024.4
BuildingSourceSlice_fbx_11_14128_1837_1626|115.34|1373.7,148.8;1394.4,127.5;1451.8,182.7;1424.5,197.6
BuildingSourceSlice_orph_-1153_963|104.38|-1163.6,1005.4;-1196.6,907.6;-1153.0,894.9;-1131.7,977.0;-1115.7,975.0;-1108.2,1003.6;-1119.4,1006.5;-1115.7,1020.8;-1148.4,1030.0;-1155.2,1003.2
BuildingSourceSlice_orph_1325_-512|139.71|1300.5,-504.6;1336.3,-535.2;1349.4,-520.5;1331.7,-505.2;1315.4,-488.1
BuildingSourceSlice_fbx_14_-1157_1866_2078|66.17|-215.6,304.2;-235.9,180.7;-244.7,182.2;-247.7,163.7;-247.7,156.3;-239.8,155.0;-242.7,137.1;-175.6,125.8;-174.9,129.3;-28.4,102.9;-10.5,125.8;5.6,158.4;15.0,194.0;16.8,231.6;8.6,266.9;11.4,267.9;13.5,285.6;2.2,287.2;4.5,303.6;-24.8,307.8;-27.0,291.5;-143.9,308.9;-180.6,308.9;-182.0,298.7
BuildingSourceSlice_orph_-2570_565|137.68|-2671.0,578.2;-2677.4,568.8;-2654.1,550.4;-2644.4,550.6;-2513.3,454.0;-2490.4,481.3;-2462.9,518.5;-2443.1,549.1;-2485.5,580.4;-2490.6,573.0;-2530.1,599.5;-2528.9,601.2;-2631.7,677.1;-2692.8,595.3
BuildingSourceSlice_fbx_1_-20624_1998_6695|135.65|-2051.4,604.5;-2034.3,604.4;-2030.2,608.0;-2028.6,606.8;-1999.9,640.7;-1999.9,680.2;-2000.6,681.0;-2034.5,651.9;-2035.7,653.3;-2055.4,636.2;-2054.4,635.0;-2067.6,623.1
BuildingSourceSlice_fbx_1_-20624_1998_6695|135.65|-2112.4,638.4;-2116.8,634.7;-2094.6,608.7;-2090.3,612.3;-2088.0,611.4;-2057.7,636.6;-2057.1,635.9;-1999.8,685.0;-1999.8,687.3;-2035.6,728.8;-2039.1,728.8;-2124.9,655.7;-2124.9,653.1
BuildingSourceSlice_fbx_10_-17855_1359_-2850|84.55|-1766.0,-325.2;-1765.9,-322.9;-1761.0,-323.1;-1756.7,-245.6;-1790.8,-245.2;-1793.6,-295.2;-1811.7,-295.0;-1811.2,-317.9;-1813.7,-317.7;-1814.3,-325.2;-1794.8,-326.4;-1794.5,-321.2;-1792.8,-324.2
BuildingSourceSlice_fbx_2_20815_2700_-8168|149.60|1991.5,-828.9;2037.8,-896.6;2173.7,-803.8;2127.4,-736.1
BuildingSourceSlice_fbx_2_20815_2700_-8168|149.60|2008.8,-765.2;2008.0,-765.7;1997.9,-751.4;1982.1,-764.6;1982.0,-770.3;1984.6,-771.1;1981.9,-778.5;1982.8,-795.9;1996.3,-796.3;2039.7,-763.8;2019.0,-735.6;1998.5,-750.8
BuildingSourceSlice_fbx_10_-15397_1334_-5067|66.85|-1587.1,-475.2;-1596.7,-485.1;-1596.8,-487.0;-1522.5,-566.9;-1519.9,-566.2;-1517.3,-569.0;-1515.6,-568.8;-1486.6,-541.7;-1489.0,-537.4;-1487.9,-534.5;-1494.6,-528.7;-1525.1,-494.6;-1499.9,-470.1;-1527.1,-440.6;-1528.9,-440.6;-1549.9,-460.4;-1558.6,-452.8;-1570.4,-463.5;-1572.4,-461.4;-1573.5,-462.4;-1577.4,-458.2;-1591.0,-470.8
BuildingSourceSlice_fbx_10_-15397_1334_-5067|66.85|-1504.3,-482.9;-1501.6,-485.7;-1513.8,-497.9;-1479.2,-534.5;-1473.3,-526.3;-1473.3,-507.4;-1477.6,-494.1;-1473.6,-490.1;-1473.3,-487.4;-1483.1,-475.8;-1483.9,-476.4;-1490.5,-469.9
BuildingSourceSlice_fbx_13_-17889_1804_14187|117.72|-1749.7,1444.3;-1766.3,1457.4;-1764.8,1458.1;-1766.4,1459.4;-1768.2,1459.3;-1772.5,1454.2;-1781.5,1460.0;-1805.8,1431.1;-1805.4,1429.5;-1796.7,1422.1;-1805.4,1415.3;-1797.8,1407.5;-1802.8,1401.6;-1821.0,1415.6;-1834.1,1401.1;-1834.3,1399.4;-1795.8,1368.8;-1782.7,1384.2;-1795.5,1395.6;-1782.4,1411.2;-1770.4,1401.2;-1768.5,1401.3;-1743.6,1430.6;-1743.9,1432.2;-1752.3,1438.6;-1752.4,1440.9
BuildingSourceSlice_fbx_10_-20137_2546_-1961|97.60|-2070.5,-129.2;-2072.2,-178.5;-2051.6,-179.4;-2051.7,-180.8;-2050.0,-180.8;-2051.4,-221.3;-2011.5,-222.1;-2011.6,-224.8;-2010.2,-224.9;-2012.0,-260.4;-1962.1,-263.1;-1955.1,-135.4;-1956.2,-134.1
BuildingSourceSlice_orph_-120_-300|66.93|-103.5,-309.4;-117.6,-303.5;-111.2,-289.3;-124.6,-283.9;-133.1,-304.8;-106.3,-316.0
BuildingSourceSlice_fbx_11_17158_2136_4515|124.80|1765.8,428.8;1766.7,430.3;1742.8,488.5;1741.2,487.9;1737.1,498.8;1734.6,500.0;1687.1,482.3;1683.5,479.7;1683.3,476.5;1678.7,476.4;1664.0,466.3;1678.4,429.6;1686.4,432.6;1686.7,431.5;1679.5,428.5;1684.8,415.2;1692.1,417.9;1693.4,416.9;1698.9,404.0;1701.0,402.9;1722.8,410.9;1728.7,414.5;1728.9,418.0;1736.8,418.0;1744.7,420.1
BuildingSourceSlice_fbx_11_15140_1502_1489|122.40|1537.4,148.4;1530.1,165.9;1490.8,149.4;1498.1,131.9
BuildingSourceSlice_fbx_6_9129_2428_-10168|133.66|954.6,-1107.6;1003.0,-986.5;851.1,-926.0;822.8,-996.9;899.8,-1027.6;890.1,-1051.8;899.6,-1055.6;886.2,-1089.6;930.0,-1106.9;933.7,-1099.3
BuildingSourceSlice_fbx_1_-28119_1558_5830|132.43|-2826.3,535.9;-2821.5,542.2;-2816.8,538.7;-2808.9,549.3;-2849.7,580.8;-2857.1,570.6;-2857.1,565.9;-2852.7,562.7;-2857.1,556.5;-2857.1,549.3;-2838.1,535.9
BuildingSourceSlice_fbx_1_-28119_1558_5830|132.43|-2802.3,546.7;-2778.5,578.3;-2781.1,588.6;-2821.2,619.1;-2849.7,580.8
BuildingSourceSlice_orph_1465_-202|123.95|1453.6,-226.7;1489.8,-192.0;1478.3,-177.6;1439.5,-212.3
BuildingSmooth_12_30160_1395_-12228_Body01|131.76|3019.9,-1239.9;3018.1,-1231.1;3017.2,-1231.3;3018.9,-1240.1
BuildingSmooth_12_30160_1395_-12228_Body01|131.76|3024.4,-1234.9;3024.2,-1233.9;3012.7,-1236.3;3012.9,-1237.2
BuildingSmooth_12_30160_1395_-12228_Body01|131.76|3013.9,-1242.1;3011.7,-1231.4;3010.7,-1231.6;3012.9,-1242.3
BuildingSmooth_12_30160_1395_-12228_Body01|131.76|3033.0,-1242.9;3028.8,-1222.3;3003.9,-1227.3;3008.0,-1247.9
BuildingSmooth_12_30160_1395_-12228_Body01|131.76|3026.3,-1239.6;3024.2,-1228.8;3023.2,-1229.0;3025.4,-1239.8
BuildingSmooth_12_30160_1395_-12228_Body01|131.76|3025.4,-1239.8;3025.2,-1238.8;3013.7,-1241.2;3013.9,-1242.1
BuildingSmooth_12_30160_1395_-12228_Body01|131.76|3023.4,-1230.0;3023.2,-1229.0;3011.7,-1231.4;3011.9,-1232.3
BuildingSourceSlice_fbx_1_-20033_2571_10707|137.27|-2012.3,1160.4;-2057.0,1106.2;-2030.6,1083.8;-2077.7,1025.5;-2021.8,981.0;-1928.9,1095.5;-1981.3,1137.2;-1983.0,1135.8;-1996.6,1147.4;-2008.0,1133.3;-2012.2,1136.7;-2000.7,1150.6
BuildingSourceSlice_fbx_10_-14276_1291_-7380|63.50|-1403.7,-745.8;-1403.7,-742.8;-1408.7,-738.4;-1407.3,-737.6;-1432.7,-711.9;-1453.1,-733.1;-1421.3,-764.1
BuildingSourceSlice_orph_762_-400|101.49|762.5,-420.7;776.6,-387.0;769.5,-384.1;770.4,-381.9;762.8,-377.7;761.3,-378.4;746.8,-414.2
BuildingSourceSlice_fbx_1_-29362_2109_10041|132.80|-2955.6,1050.1;-2944.2,1043.5;-2945.2,1042.1;-2944.2,1041.3;-2949.1,1034.7;-2958.4,1041.7;-2964.4,1033.7;-2954.7,1026.5;-2973.4,1002.1;-2968.2,998.2;-2980.7,981.3;-2975.7,976.6;-2976.5,975.6;-2941.7,949.1;-2928.3,968.7;-2927.0,968.1;-2885.2,1023.8;-2925.4,1052.7;-2924.6,1054.2;-2926.2,1055.4;-2932.4,1046.8;-2933.5,1047.6;-2934.6,1046.3;-2949.3,1058.8
BuildingSourceSlice_fbx_5_9164_1413_9267|74.08|892.4,924.7;893.7,921.7;898.0,923.1;907.1,903.1;902.9,901.2;911.1,882.9;916.7,885.4;917.8,883.3;948.2,897.1;914.4,968.6;886.3,955.8;898.2,928.6;897.7,927.2
BuildingSourceSlice_orph_-2497_1445|140.94|-2579.8,1419.5;-2584.0,1414.9;-2509.5,1354.4;-2453.9,1421.6;-2427.3,1455.9;-2433.4,1460.1;-2418.6,1479.2;-2426.9,1485.7;-2422.5,1491.0;-2470.9,1530.7;-2475.9,1524.5;-2486.9,1533.2;-2517.4,1494.1;-2505.9,1485.5;-2503.6,1481.4;-2505.1,1477.5;-2504.0,1476.5;-2507.8,1476.6;-2507.3,1475.8;-2512.3,1473.1;-2527.2,1484.8;-2523.8,1481.2;-2542.7,1458.3;-2546.8,1461.5;-2581.1,1420.6
BuildingSourceSlice_orph_38_-1656|115.77|71.1,-1669.5;70.4,-1665.7;76.0,-1664.7;72.1,-1641.3;70.8,-1641.7;68.8,-1630.5;59.6,-1632.1;57.7,-1638.2;56.6,-1632.6;-0.4,-1642.8;7.1,-1681.3
BuildingSourceSlice_orph_512_-1757|113.33|567.9,-1783.0;569.9,-1778.1;455.5,-1731.3;453.4,-1735.7
BuildingSourceSlice_fbx_3_-7023_866_18407|69.75|-685.6,1814.7;-685.5,1818.2;-686.8,1819.2;-685.2,1862.9;-718.8,1847.0;-711.8,1834.4;-712.5,1831.9;-710.0,1831.7
BuildingSourceSlice_fbx_3_-5562_1398_13317|72.64|-575.2,1363.5;-577.6,1301.4;-534.8,1300.5;-545.4,1356.9;-545.2,1362.8
BuildingSourceSlice_orph_31_-1827|106.48|68.3,-1859.0;67.0,-1810.8;43.8,-1806.8;45.5,-1798.0;33.9,-1795.8;32.3,-1804.2;-6.4,-1796.0;-6.8,-1844.6
BuildingSourceSlice_fbx_1_-19494_1660_12071|134.62|-1935.8,1242.0;-1950.2,1222.9;-1951.6,1223.5;-1951.3,1221.6;-1947.3,1219.6;-1962.6,1199.4;-1977.0,1192.9;-1978.9,1190.5;-1960.8,1175.9;-1959.3,1177.4;-1953.1,1172.3;-1920.9,1214.6;-1920.7,1216.5;-1926.2,1220.9;-1920.3,1228.8
BuildingSourceSlice_orph_-2119_1660|132.61|-2138.8,1664.4;-2111.3,1641.7;-2087.1,1671.3;-2099.6,1656.4;-2125.6,1677.3
BuildingSourceSlice_fbx_10_-19089_1437_-14259|61.50|-1866.2,-1467.7;-1846.9,-1454.1;-1915.0,-1357.2;-1970.9,-1397.9;-1900.7,-1494.6;-1866.0,-1469.6
BuildingSourceSlice_fbx_8_-2559_1291_29992|81.05|-233.4,3041.2;-244.3,3041.8;-247.7,3049.6;-266.6,3037.2;-262.6,3005.4;-288.1,3003.1;-283.5,2965.0;-276.0,2954.3;-263.0,2947.4;-237.2,2950.0;-228.9,2952.3;-228.8,2999.9;-230.7,3016.5;-229.6,3017.1;-231.5,3038.0;-233.0,3037.9
BuildingSourceSlice_orph_350_3085|122.65|324.0,3085.8;322.8,3084.2;364.8,3049.5;375.3,3058.5;371.3,3063.1;374.9,3066.2;369.7,3072.3;376.8,3085.8;358.8,3101.8;346.0,3119.0;317.3,3093.6
BuildingSourceSlice_fbx_16_17246_1870_-2695|134.65|1712.8,-310.6;1742.0,-284.6;1742.0,-280.5;1746.6,-280.4;1754.4,-273.3;1752.2,-271.0;1761.7,-262.7;1761.7,-245.1;1759.0,-240.0;1754.9,-238.3;1744.3,-238.3;1736.8,-244.6;1731.2,-238.4;1719.8,-238.7;1715.1,-243.6;1714.8,-255.9;1701.0,-256.0;1681.4,-268.4;1681.4,-279.7;1702.4,-309.3
BuildingSourceSlice_fbx_7_18252_1364_22334|80.14|1863.7,2101.0;1863.4,2099.2;1875.1,2088.1;1915.9,2088.3;1926.9,2096.7;1927.3,2098.6;1894.5,2130.6;1892.7,2130.8
BuildingSourceSlice_fbx_7_18252_1364_22334|80.14|1820.6,2121.3;1799.4,2098.8;1804.2,2093.0;1803.4,2090.4;1807.2,2088.3;1821.7,2104.5;1845.8,2091.2;1888.7,2134.7;1864.0,2160.6;1862.3,2160.7;1857.2,2157.2;1845.8,2168.7;1809.4,2132.5
BuildingSourceSlice_fbx_7_18252_1364_22334|80.14|1927.5,2161.7;1928.2,2162.4;1926.2,2164.4;1897.3,2134.3;1898.9,2132.8;1900.3,2133.7;1932.0,2102.5;1958.6,2129.3;1958.6,2131.4
BuildingSourceSlice_fbx_7_18252_1364_22334|80.14|1964.2,2136.4;1969.0,2141.0;1969.0,2171.2;1950.7,2189.9;1929.8,2169.3
BuildingSourceSlice_fbx_7_18252_1364_22334|80.14|1938.1,2182.3;1906.5,2215.4;1905.4,2212.9;1885.1,2193.8;1891.8,2186.9;1891.0,2186.1;1893.7,2184.8;1916.1,2160.8
BuildingSourceSlice_fbx_7_18252_1364_22334|80.14|1740.2,2092.2;1749.2,2092.8;1754.3,2088.2;1762.6,2088.4;1772.5,2112.2;1775.2,2111.9;1779.4,2108.4;1782.2,2137.7;1969.0,2328.3;1969.0,2337.4;1913.8,2392.1;1908.8,2392.1;1678.1,2156.7;1678.1,2154.1
BuildingSourceSlice_fbx_7_17548_1440_24117|85.26|1698.5,2350.2;1699.3,2350.9;1735.0,2315.8;1736.9,2315.4;1765.1,2344.2;1764.4,2344.9;1773.5,2355.2;1852.6,2436.1;1852.4,2438.0;1838.9,2451.2;1853.4,2467.4;1831.6,2488.9;1830.8,2490.2;1832.2,2491.6;1815.4,2509.5;1797.5,2492.6;1796.3,2493.7;1714.3,2409.8;1711.0,2413.1;1666.9,2373.3;1693.3,2347.4;1697.2,2351.4
BuildingSourceSlice_orph_2141_229|124.82|2149.4,209.5;2149.2,208.2;2159.5,207.0;2160.9,237.3;2159.1,237.3;2158.4,246.2;2123.0,249.6;2120.4,212.0
BuildingSourceSlice_fbx_3_-2104_1424_20248|73.80|-146.2,2056.0;-147.4,2052.5;-209.7,2037.5;-211.7,2040.6;-253.5,2031.1;-254.1,2026.9;-276.7,2020.2;-273.2,1996.2;-205.0,2010.2;-204.0,2012.8;-144.9,2026.9;-144.2,2019.2;-142.7,2020.0
BuildingSourceSlice_fbx_1_-20225_2028_5114|129.00|-2038.6,500.9;-2049.2,492.2;-2037.2,475.8;-2004.8,500.7;-1997.8,500.2;-1991.4,504.5;-1991.1,510.3;-1993.8,515.5;-2018.1,547.0;-2054.7,521.3
BuildingSourceSlice_fbx_9_-13585_1716_10436|112.27|-1363.1,1071.4;-1381.7,1028.2;-1353.4,1016.0;-1334.9,1059.3
BuildingSourceSlice_fbx_1_-27511_1606_6360|135.66|-2775.1,629.2;-2756.6,616.1;-2748.2,619.0;-2738.8,619.0;-2727.1,635.5;-2756.2,656.0
BuildingSourceSlice_fbx_16_12511_1928_-1064|95.96|1339.8,-131.7;1339.1,-132.7;1402.6,-158.9;1400.6,-164.6;1423.3,-172.5;1464.0,-132.8;1389.8,-24.2;1362.3,-48.4;1360.1,-45.7;1298.9,-117.6
BuildingSourceSlice_fbx_16_12511_1928_-1064|95.96|1241.4,-62.5;1220.7,-89.5;1299.0,-115.9;1360.1,-44.9;1391.8,-22.1;1339.8,52.8
BuildingSourceSlice_fbx_1_-25239_1994_10980|139.39|-2523.0,1053.6;-2506.4,1048.6;-2494.1,1048.6;-2490.8,1052.2;-2485.0,1048.6;-2480.0,1051.3;-2478.5,1054.5;-2481.0,1065.5;-2484.9,1069.0;-2478.2,1078.0;-2478.2,1090.0;-2482.1,1108.3;-2483.8,1109.7;-2526.0,1056.2
BuildingSourceSlice_fbx_1_-25239_1994_10980|139.39|-2483.7,1113.1;-2514.8,1137.8;-2564.1,1077.2;-2539.1,1058.2;-2533.1,1065.3;-2526.8,1060.6;-2516.1,1074.6;-2513.5,1075.0
BuildingSourceSlice_fbx_1_-25239_1994_10980|139.39|-2565.6,1078.7;-2517.2,1139.0;-2525.5,1145.7;-2546.2,1145.7;-2569.6,1116.7;-2569.4,1104.0;-2558.3,1094.9;-2570.0,1094.9;-2570.4,1082.5
BuildingSourceSlice_orph_1274_1735|79.81|1282.0,1670.9;1339.8,1737.3;1322.1,1749.9;1324.4,1745.2;1293.3,1772.4;1297.0,1776.7;1269.6,1800.9;1210.2,1733.2
BuildingSourceSlice_fbx_8_-2354_1335_21910|72.96|-218.7,2160.7;-217.1,2159.9;-179.5,2171.7;-178.7,2178.9;-182.5,2187.8;-182.1,2189.6;-183.6,2190.5;-223.2,2174.6;-223.9,2172.8
BuildingSourceSlice_fbx_8_-2354_1335_21910|72.96|-197.5,2218.8;-201.7,2227.0;-283.2,2185.0;-283.5,2183.3;-270.2,2155.4;-268.5,2155.1;-186.3,2196.6;-191.4,2206.7;-203.2,2200.9;-209.2,2212.8
BuildingSourceSlice_fbx_8_-2354_1335_21910|72.96|-282.1,2194.9;-280.7,2193.6;-205.4,2230.9;-209.5,2235.7;-241.9,2235.7;-250.3,2233.5;-252.2,2235.7;-267.8,2235.7;-287.4,2224.4
BuildingSourceSlice_orph_1053_1760|88.64|923.5,1687.1;1006.8,1660.9;1017.7,1693.8;983.7,1705.4;940.4,1716.4;940.0,1714.9;933.0,1716.9
BuildingSourceSlice_orph_1053_1760|88.64|1063.3,1826.6;1055.4,1757.0;1064.4,1755.8;1062.3,1748.6;1080.6,1742.3;1070.4,1710.4;1083.0,1705.2;1069.2,1705.6;1067.7,1700.2;1084.2,1693.3;1087.2,1704.0;1098.9,1701.2;1098.0,1701.5;1112.9,1723.9;1116.3,1722.8;1119.3,1729.7;1100.7,1735.6;1103.6,1750.2;1105.4,1749.9;1113.1,1774.5;1140.3,1757.2;1168.1,1789.1;1162.6,1807.8;1126.8,1818.4;1077.6,1823.9;1075.5,1825.4
BuildingSourceSlice_orph_1053_1760|88.64|1021.7,1814.2;1016.4,1816.0;1019.0,1823.8;996.3,1831.4;993.7,1823.6;978.4,1828.7;979.3,1830.6;954.0,1839.3;951.7,1828.1;946.9,1829.7;932.5,1784.3;949.7,1781.6;962.4,1822.7;976.7,1820.5;976.0,1818.3;1018.4,1804.6
BuildingSourceSlice_orph_2596_-1006|119.61|2605.5,-1000.0;2613.7,-992.9;2606.3,-984.6;2571.9,-1001.9;2594.8,-1029.3;2616.0,-1011.2
BuildingSourceSlice_fbx_9_-8673_1579_7099|80.44|-879.4,751.4;-882.1,675.4;-856.5,668.9;-855.4,670.3;-855.6,741.7;-853.5,741.3;-853.3,750.8
BuildingSmooth_10_-15965_1525_-4314_Residual_6c561fbe_Body01|70.78|-1594.9,-424.6;-1601.2,-441.1;-1600.3,-441.5;-1593.9,-424.9
BuildingSmooth_10_-15965_1525_-4314_Residual_6c561fbe_Body01|70.78|-1614.9,-425.9;-1615.3,-426.8;-1598.2,-433.3;-1597.9,-432.4
BuildingSmooth_10_-15965_1525_-4314_Residual_6c561fbe_Body01|70.78|-1557.2,-431.0;-1554.8,-433.9;-1606.8,-476.6;-1609.2,-473.7
BuildingSmooth_10_-15965_1525_-4314_Residual_6c561fbe_Body01|70.78|-1601.3,-474.1;-1600.0,-475.4;-1558.7,-435.0;-1560.0,-433.8
BuildingSmooth_10_-15965_1525_-4314_Residual_6c561fbe_Body01|70.78|-1610.8,-475.1;-1608.5,-477.9;-1606.8,-476.6;-1609.2,-473.7
BuildingSmooth_10_-15965_1525_-4314_Residual_6c561fbe_Body01|70.78|-1611.9,-418.1;-1612.3,-419.0;-1595.2,-425.5;-1594.9,-424.6
BuildingSmooth_10_-15965_1525_-4314_Residual_6c561fbe_Body01|70.78|-1557.2,-431.0;-1551.1,-442.1;-1610.8,-475.1;-1616.9,-464.0
BuildingSmooth_10_-15965_1525_-4314_Residual_6c561fbe_Body01|70.78|-1643.4,-439.6;-1641.3,-460.7;-1627.9,-459.3;-1630.0,-438.3
BuildingSmooth_10_-15965_1525_-4314_Residual_6c561fbe_Body01|70.78|-1559.7,-425.5;-1561.8,-404.4;-1575.2,-405.8;-1573.1,-426.8
BuildingSmooth_10_-15965_1525_-4314_Residual_6c561fbe_Body01|70.78|-1595.3,-398.1;-1607.1,-381.6;-1639.2,-404.4;-1627.4,-420.9
BuildingSmooth_10_-15965_1525_-4314_Residual_6c561fbe_Body01|70.78|-1645.9,-434.1;-1648.0,-413.0;-1575.2,-405.8;-1573.1,-426.8
BuildingSmooth_10_-15965_1525_-4314_Residual_6c561fbe_Body01|70.78|-1645.9,-434.1;-1651.3,-420.5;-1595.3,-398.1;-1589.9,-411.6
BuildingSmooth_10_-15965_1525_-4314_Residual_6c561fbe_Body01|70.78|-1639.2,-404.4;-1640.2,-397.0;-1636.1,-396.4;-1635.0,-403.8
BuildingSmooth_10_-15965_1525_-4314_Residual_6c561fbe_Body01|70.78|-1575.2,-405.8;-1580.6,-392.2;-1595.3,-398.1;-1589.9,-411.6
BuildingSmooth_10_-15965_1525_-4314_Residual_6c561fbe_Body01|70.78|-1557.2,-431.0;-1555.1,-452.1;-1627.9,-459.3;-1630.0,-438.3
BuildingSmooth_10_-15965_1525_-4314_Residual_6c561fbe_Body01|70.78|-1645.9,-434.1;-1657.6,-417.5;-1639.2,-404.4;-1627.4,-420.9
BuildingSmooth_10_-15965_1525_-4314_Residual_6c561fbe_Body01|70.78|-1627.9,-459.3;-1624.5,-467.7;-1621.4,-466.4;-1624.7,-458.1
BuildingSmooth_10_-15965_1525_-4314_Residual_6c561fbe_Body01|70.78|-1557.2,-431.0;-1553.9,-439.4;-1621.4,-466.4;-1624.7,-458.1
BuildingSmooth_10_-15965_1525_-4314_Residual_6c561fbe_Body01|70.78|-1557.2,-431.0;-1557.0,-436.7;-1643.4,-439.6;-1643.6,-434.0
BuildingSmooth_10_-15965_1525_-4314_Residual_6c561fbe_Body01|70.78|-1621.4,-466.4;-1615.3,-477.5;-1610.8,-475.1;-1616.9,-464.0
BuildingSmooth_10_-15965_1525_-4314_Residual_6c561fbe_Body01|70.78|-1645.9,-434.1;-1645.7,-439.7;-1643.4,-439.6;-1643.6,-434.0
BuildingSmooth_10_-15965_1525_-4314_Residual_6c561fbe_Body01|70.78|-1557.2,-431.0;-1555.9,-432.4;-1601.3,-474.1;-1602.6,-472.7
BuildingSmooth_10_-15965_1525_-4314_Residual_6c561fbe_Body01|70.78|-1557.2,-431.0;-1556.0,-432.3;-1558.7,-435.0;-1560.0,-433.8
BuildingSmooth_10_-15965_1525_-4314_Residual_6c561fbe_Body01|70.78|-1557.2,-431.0;-1557.4,-425.4;-1559.7,-425.5;-1559.5,-431.1
BuildingSmooth_10_-15965_1525_-4314_Residual_6c561fbe_Body01|70.78|-1645.9,-434.1;-1646.1,-428.4;-1559.7,-425.5;-1559.5,-431.1
BuildingSmooth_10_-15965_1525_-4314_Residual_6c561fbe_Body01|70.78|-1612.9,-417.7;-1619.2,-434.3;-1618.2,-434.6;-1611.9,-418.1
BuildingSmooth_10_-15965_1525_-4314_Residual_6c561fbe_Body01|70.78|-1604.2,-422.1;-1609.8,-436.8;-1608.9,-437.1;-1603.3,-422.4
BuildingSmooth_10_-15965_1525_-4314_Residual_6c561fbe_Body01|70.78|-1595.3,-398.1;-1596.4,-390.6;-1636.1,-396.4;-1635.0,-403.8
BuildingSmooth_10_-15965_1525_-4314_Residual_6c561fbe_Body01|70.78|-1606.8,-476.6;-1605.5,-478.0;-1601.3,-474.1;-1602.6,-472.7
BuildingSmooth_10_-15965_1525_-4314_Residual_6c561fbe_Body01|70.78|-1617.9,-433.7;-1618.2,-434.6;-1601.2,-441.1;-1600.8,-440.2
BuildingSourceSlice_fbx_9_-14770_1458_10103|116.80|-1488.4,1020.1;-1503.8,1025.5;-1507.4,1015.3;-1528.0,1022.4;-1535.8,1000.0;-1436.5,965.4;-1418.2,1017.6;-1458.3,1031.5;-1460.3,1043.2;-1494.6,1055.2;-1499.5,1041.3;-1483.0,1035.5
BuildingSourceSlice_fbx_9_-14770_1458_10103|116.80|-1450.0,1082.5;-1461.7,1051.0;-1455.4,1035.2;-1424.3,1023.1;-1408.1,1066.9
BuildingSourceSlice_fbx_7_10060_973_13196|74.93|982.0,1312.2;985.0,1308.4;1006.2,1299.8;1030.0,1309.1;1010.7,1339.5
BuildingSourceSlice_fbx_6_2510_2462_-12844|116.29|160.8,-1128.0;125.1,-1136.3;164.2,-1288.7;146.6,-1293.2;190.2,-1464.5;255.1,-1448.0;259.2,-1463.7;376.8,-1433.3;342.1,-1298.3;338.4,-1299.2;328.9,-1261.4;282.4,-1272.5;272.9,-1234.2;261.2,-1237.1;240.3,-1163.3;207.7,-1104.5
BuildingSourceSlice_fbx_5_10457_942_7543|78.84|1026.2,770.7;1021.3,746.2;1065.1,737.3;1070.1,761.7
BuildingSourceSlice_fbx_1_-22965_2130_9178|142.29|-2300.8,889.6;-2285.7,877.7;-2259.1,910.3;-2259.1,929.2;-2265.3,934.2
BuildingSourceSlice_fbx_1_-22965_2130_9178|142.29|-2307.7,884.7;-2266.7,936.0;-2285.2,950.9;-2326.3,899.6
BuildingSourceSlice_fbx_1_-22965_2130_9178|142.29|-2315.5,917.0;-2287.5,951.7;-2297.0,958.4;-2328.7,958.0;-2333.8,951.7;-2333.2,931.0
BuildingSourceSlice_fbx_5_5022_859_4593|70.21|496.3,427.0;522.6,470.2;527.4,486.6;510.4,491.6;477.1,439.2
BuildingSourceSlice_part_831_1115|72.82|796.8,1108.9;798.9,1108.2;816.6,1073.1;815.7,1071.9;830.3,1044.6;875.5,1066.6;880.2,1072.1;871.1,1098.9;872.5,1099.5;833.0,1178.2;828.2,1182.5;822.4,1185.4;816.5,1184.8;786.4,1172.0;800.7,1144.9;800.3,1142.7;783.3,1134.6
BuildingSourceSlice_fbx_9_-13685_1823_6371|94.72|-1353.4,627.4;-1355.8,628.1;-1347.7,670.2;-1375.9,675.1;-1389.3,607.8;-1361.6,599.1;-1358.9,612.8;-1356.5,612.3
BuildingSourceSlice_fbx_5_11381_1007_8619|80.86|1111.2,847.7;1129.2,844.5;1130.0,862.2;1127.2,872.1;1121.6,873.7;1107.4,848.4;1109.4,848.0;1112.0,852.4
BuildingSourceSlice_fbx_5_11381_1007_8619|80.86|1168.8,850.6;1147.4,884.7;1145.6,885.8;1134.9,862.9;1134.9,843.4;1166.2,837.8
BuildingSourceSlice_orph_1682_305|129.73|1561.8,252.2;1567.2,244.6;1565.2,243.5;1567.4,238.5;1577.9,242.9;1581.5,234.7;1588.3,237.6;1590.8,231.8;1600.4,235.9;1598.0,241.6;1613.8,248.3;1616.3,242.4;1626.0,246.4;1623.5,252.3;1639.4,259.0;1642.2,252.5;1651.8,256.5;1649.0,263.1;1664.6,269.7;1667.6,262.7;1677.3,266.7;1674.4,273.4;1690.8,280.4;1693.8,273.3;1703.4,277.4;1700.4,284.5;1717.0,291.6;1720.5,283.3;1730.2,287.4;1726.7,295.6;1761.8,310.5;1765.5,301.7;1775.1,305.8;1770.9,315.7;1781.0,320.0;1785.3,309.8;1795.4,314.1;1791.8,323.6;1808.7,330.2;1796.0,360.2;1793.1,358.9;1787.2,372.7;1789.6,373.7;1786.8,380.2;1553.4,281.2;1556.2,274.7;1557.4,275.2;1564.8,253.3
BuildingSourceSlice_fbx_5_-1306_1466_7221|62.00|-166.1,679.2;-177.3,677.6;-177.1,606.3;-157.0,607.9;-161.3,647.5;-162.6,647.4
BuildingSourceSlice_fbx_5_-1306_1466_7221|62.00|-109.2,606.0;-74.5,642.1;-77.7,649.7;-75.0,656.3;-116.9,837.5;-132.3,837.5;-186.8,825.8;-177.7,691.5;-176.7,691.7;-175.8,678.9;-164.7,680.1;-155.5,603.4
BuildingSourceSlice_fbx_9_-3495_1245_6792|62.14|-333.1,660.1;-334.2,701.2;-336.1,705.8;-341.9,710.4;-354.5,710.2;-354.6,712.1;-365.5,713.7;-364.8,644.7;-349.5,644.8;-349.3,659.4
BuildingSourceSlice_orph_-1365_-1315|64.91|-1347.6,-1368.3;-1331.5,-1379.8;-1266.4,-1285.6;-1281.6,-1274.6;-1290.0,-1286.3;-1291.6,-1285.3;-1299.2,-1292.3;-1314.2,-1281.9;-1314.4,-1282.0;-1386.9,-1230.7;-1453.3,-1336.4;-1441.5,-1344.6;-1440.3,-1342.8;-1366.2,-1394.6
BuildingSourceSlice_orph_1556_-694|143.33|1544.5,-732.4;1592.2,-674.4;1568.4,-654.8;1520.7,-712.8
BuildingSourceSlice_fbx_15_-19803_892_-15986|61.76|-1981.3,-1610.7;-1979.1,-1614.7;-1975.9,-1616.1;-1963.7,-1616.1;-1950.0,-1610.1;-1952.6,-1604.2;-1945.7,-1599.9;-1945.7,-1588.2;-1951.7,-1578.9;-1965.0,-1578.9;-1968.2,-1580.9;-1969.5,-1578.9;-1976.5,-1579.0;-1979.9,-1581.1;-1981.3,-1584.9
BuildingSourceSlice_fbx_10_-20123_1142_-12423|59.25|-2008.6,-1276.5;-1981.4,-1246.2;-1986.0,-1242.1;-1981.3,-1236.9;-2001.2,-1220.3;-1999.2,-1218.0;-2010.6,-1208.1;-2043.3,-1244.4
BuildingSourceSlice_orph_-827_2340|68.30|-829.1,2319.7;-828.6,2318.7;-803.4,2331.6;-806.1,2332.5;-810.1,2344.1;-817.3,2358.9;-819.1,2358.3;-819.7,2359.5;-835.7,2355.5;-851.8,2357.0;-832.8,2317.9
BuildingSourceSlice_fbx_11_17336_1931_1049|131.89|1738.3,138.3;1738.7,135.0;1691.4,113.0;1716.3,58.5;1775.8,85.6;1750.0,144.6
BuildingSourceSlice_fbx_2_25263_1469_-8663|119.34|2513.6,-883.5;2531.8,-877.3;2532.6,-879.0;2548.2,-873.7;2543.4,-859.7;2532.0,-863.7;2526.7,-849.9;2504.4,-856.8
BuildingSourceSlice_part_2441_-610|126.45|2400.4,-599.5;2400.0,-609.4;2416.6,-609.3;2416.5,-634.0;2473.3,-634.2;2473.4,-600.8;2456.3,-600.7;2456.4,-599.1
BuildingSourceSlice_part_2441_-610|126.45|2430.0,-563.4;2443.5,-563.5;2443.6,-547.3;2430.0,-548.2
BuildingSourceSlice_fbx_16_3425_1342_-4748|88.02|339.7,-441.6;317.4,-495.6;345.9,-508.0;367.5,-452.7
BuildingSourceSlice_orph_528_-1677|113.32|405.7,-1713.9;397.4,-1735.2;420.2,-1744.0;425.7,-1729.9;449.8,-1739.5;450.5,-1734.2;453.2,-1735.3;455.2,-1730.7;570.6,-1777.8;572.4,-1772.7;573.8,-1773.3;592.5,-1726.8;583.1,-1723.0;610.7,-1654.1;615.0,-1655.8;649.8,-1569.2;614.0,-1554.9;609.7,-1563.9;605.0,-1560.2;598.7,-1576.2;582.4,-1571.2;562.4,-1617.8;557.8,-1616.0;535.4,-1672.9;524.6,-1668.6;521.5,-1676.1;532.3,-1680.5;525.6,-1696.2;506.5,-1689.2;510.9,-1678.5;502.0,-1675.0;497.6,-1685.7;483.8,-1679.4;470.4,-1682.3;488.6,-1638.2;443.0,-1620.4;440.5,-1627.0;433.4,-1624.2;404.3,-1696.5
BuildingSourceSlice_orph_-194_1673|70.74|-246.3,1623.4;-247.6,1614.9;-239.6,1612.3;-239.6,1620.1;-227.8,1620.9;-229.7,1612.3;-142.9,1613.1;-144.1,1724.9;-139.4,1724.9;-139.4,1727.0;-148.8,1727.3;-145.2,1735.4;-149.5,1739.1;-146.0,1744.1;-148.3,1746.7;-142.7,1752.9;-154.3,1762.0;-155.0,1724.0;-208.9,1724.4;-208.8,1740.9;-219.2,1740.9;-225.7,1738.9;-225.4,1735.5;-239.1,1734.1;-238.9,1725.5;-243.9,1725.5;-243.7,1623.4
BuildingSourceSlice_orph_-194_1673|70.74|-154.9,1762.4;-165.7,1771.0;-172.5,1762.3
BuildingSourceSlice_fbx_16_14545_2103_-5399|143.29|1456.2,-581.9;1462.4,-575.4;1427.0,-545.5;1416.1,-558.1;1416.2,-561.1;1440.5,-581.9
BuildingSourceSlice_fbx_16_14545_2103_-5399|143.29|1423.6,-542.0;1462.5,-574.4;1452.6,-565.2;1469.3,-546.0;1484.4,-549.7;1485.0,-546.1;1467.8,-532.9;1442.3,-516.9;1437.4,-525.2
BuildingSourceSlice_fbx_9_-13180_1941_6024|88.85|-1306.3,586.0;-1300.8,613.1;-1329.8,618.9;-1335.2,591.8
BuildingSourceSlice_orph_-2958_176|127.53|-2976.0,164.6;-2981.2,157.7;-2965.0,149.0;-2959.3,149.2;-2944.7,140.2;-2942.3,202.7;-2940.3,213.7;-2952.0,214.1;-2957.3,203.6;-2980.6,172.7
BuildingSourceSlice_fbx_1_-24016_1938_10032|140.39|-2397.5,957.9;-2387.3,957.9;-2359.7,992.9;-2359.8,1011.7;-2366.2,1016.9;-2406.2,964.7
BuildingSourceSlice_fbx_1_-24016_1938_10032|140.39|-2406.8,968.2;-2367.7,1019.2;-2394.5,1040.4;-2435.5,986.6;-2421.7,975.6;-2419.4,977.3
BuildingSourceSlice_fbx_11_17854_1789_1275|132.13|1809.6,130.6;1792.6,130.5;1770.6,115.6;1770.5,108.4;1777.0,110.5;1789.6,83.3;1824.1,99.2
BuildingSourceSlice_fbx_11_17854_1789_1275|132.13|1757.2,136.2;1757.6,138.9;1788.3,134.9;1791.3,135.7;1795.0,140.8;1793.0,144.4;1795.2,151.3;1795.0,158.3;1793.4,159.0;1788.0,156.5;1781.6,171.6;1746.7,155.8;1755.1,137.2
BuildingSourceSlice_fbx_16_9342_1642_-3250|100.94|966.2,-271.4;943.2,-262.9;940.8,-268.5;902.1,-254.6;896.4,-268.4;892.9,-266.6;886.2,-268.3;884.4,-272.7;871.5,-267.7;845.9,-331.6;867.3,-339.7;866.6,-341.5;940.7,-372.4;938.5,-377.6;955.9,-384.8;958.1,-379.6;995.7,-395.3;1022.5,-331.1;995.3,-319.8;1006.8,-292.3;964.1,-276.9
BuildingSourceSlice_fbx_16_2868_1318_-4513|78.65|314.7,-430.7;281.0,-417.0;258.8,-471.8;292.5,-485.5
BuildingSourceSlice_part_-893_1970|70.96|-1017.7,2064.8;-892.4,1811.4;-890.4,1812.4;-879.7,1790.3;-760.5,1846.2;-802.7,1933.7;-801.5,1934.3;-807.5,1941.5;-830.3,1979.3;-813.2,1987.6;-798.9,1996.9;-798.0,1994.9;-791.7,1998.0;-799.7,2019.6;-845.1,2054.7;-859.4,2070.9;-887.1,2058.1;-932.9,2153.8;-953.3,2144.0;-950.9,2139.0;-1028.4,2101.5;-1022.0,2088.1;-1027.2,2085.6;-1015.6,2065.9
BuildingSourceSlice_fbx_10_-14410_1297_-9585|61.55|-1446.3,-1013.5;-1447.8,-1015.3;-1434.3,-1015.3;-1430.7,-1013.5;-1428.9,-1009.3;-1428.9,-973.9;-1433.8,-1002.8;-1459.2,-964.0;-1472.6,-964.0;-1477.3,-967.1
BuildingSourceSlice_fbx_10_-14410_1297_-9585|61.55|-1405.4,-947.3;-1426.6,-960.9;-1426.1,-986.7;-1422.3,-990.1;-1412.1,-990.4;-1398.6,-982.3;-1393.2,-990.4;-1390.3,-990.1;-1389.0,-989.4;-1387.9,-972.9;-1386.3,-973.7;-1386.3,-971.7;-1388.0,-972.8;-1406.5,-945.6
BuildingSourceSlice_orph_-1324_149|76.31|-1420.7,137.8;-1421.8,137.9;-1419.4,134.9;-1418.0,136.3;-1400.2,128.6;-1403.3,118.6;-1383.7,111.5;-1389.7,94.1;-1277.6,55.0;-1276.7,56.7;-1264.7,52.4;-1254.9,81.0;-1264.0,84.2;-1237.1,159.2;-1235.7,158.7;-1218.7,205.7;-1288.0,229.8;-1291.6,219.7;-1240.1,201.3;-1245.3,185.7;-1365.2,227.7;-1388.2,234.2;-1387.6,236.3;-1390.7,236.5;-1393.9,224.0;-1398.6,226.0;-1425.0,151.4;-1416.9,148.5
BuildingSourceSlice_fbx_5_9716_1305_7742|76.23|962.5,809.2;919.3,787.7;1012.6,739.2;1023.9,781.2
BuildingSourceSlice_fbx_6_3009_1504_-16724|114.15|245.7,-1653.8;243.2,-1685.3;355.6,-1694.5;358.5,-1658.0;265.3,-1650.4;264.9,-1655.4
BuildingSourceSlice_fbx_10_-18074_1985_-13262|62.20|-1892.2,-1463.0;-1877.6,-1452.6;-1874.8,-1457.8;-1855.1,-1443.8;-1897.0,-1384.9;-1949.5,-1422.7;-1951.3,-1422.5;-1900.4,-1492.6;-1875.1,-1474.3;-1881.9,-1479.1
BuildingSourceSlice_orph_2331_-1177|138.37|2357.5,-1179.2;2358.4,-1178.6;2325.6,-1127.6;2282.2,-1154.1;2300.8,-1171.2;2321.1,-1202.6;2325.3,-1198.8;2339.8,-1228.2;2374.3,-1208.5
BuildingSourceSlice_fbx_4_-8487_1906_-14587|101.01|-843.5,-1436.6;-863.2,-1439.9;-868.1,-1420.1;-879.7,-1422.8;-882.3,-1417.3;-923.7,-1427.5;-923.6,-1432.0;-924.9,-1433.7;-922.0,-1445.6;-923.2,-1449.0;-917.1,-1474.1;-915.2,-1473.6;-911.1,-1490.3;-909.2,-1491.2;-907.2,-1498.0;-898.7,-1496.9;-896.9,-1498.3;-843.7,-1485.4;-843.2,-1487.4;-841.8,-1487.1;-840.3,-1492.8;-823.4,-1488.5;-821.0,-1498.0;-770.2,-1485.2;-775.9,-1462.0;-830.8,-1475.6;-841.2,-1437.9
BuildingSourceSlice_orph_-1568_1820|98.44|-1594.0,1805.3;-1587.8,1794.5;-1588.8,1797.2;-1535.6,1818.5;-1545.5,1843.3;-1598.7,1821.9;-1599.8,1824.7;-1601.4,1824.0
BuildingSourceSlice_orph_-2647_293|131.48|-2643.9,324.6;-2675.4,281.7;-2648.1,261.6;-2619.9,306.9
BuildingSourceSlice_orph_1966_586|104.83|1987.7,578.6;1985.8,598.0;1944.1,593.8;1946.0,574.4
BuildingSourceSlice_fbx_6_13540_1808_-12118|134.68|1341.0,-1168.9;1318.6,-1239.5;1367.0,-1254.8;1389.4,-1184.2
BuildingSourceSlice_orph_-119_-1702|113.55|-153.9,-1706.7;-150.3,-1726.4;-136.8,-1724.7;-136.5,-1726.6;-87.5,-1717.3;-92.6,-1699.5;-88.2,-1698.7;-89.8,-1689.0;-84.1,-1687.5;-86.1,-1677.1;-90.4,-1676.1;-145.9,-1684.7;-145.1,-1689.4;-150.0,-1690.3;-147.8,-1702.3
BuildingSourceSlice_fbx_4_-12223_1142_-5207|63.03|-1213.0,-545.7;-1197.4,-528.8;-1212.2,-515.0;-1210.8,-513.4;-1229.7,-495.8;-1247.0,-514.4
BuildingSourceSlice_fbx_4_-12223_1142_-5207|63.03|-1189.8,-524.2;-1189.8,-510.8;-1192.2,-509.5;-1189.9,-506.8;-1189.8,-501.3;-1200.5,-493.4;-1199.5,-492.3;-1204.5,-488.3;-1222.8,-488.3;-1228.8,-494.8;-1193.3,-528.0
BuildingSourceSlice_fbx_9_-14402_1775_6547|99.60|-1477.1,638.2;-1416.5,616.3;-1403.4,683.3;-1453.3,693.0;-1454.0,690.3;-1466.2,692.5
BuildingSourceSlice_orph_-404_2149|64.80|-472.0,2157.3;-470.0,2131.4;-336.7,2141.5;-338.6,2167.4
BuildingSourceSlice_fbx_16_3869_1443_-4940|90.12|406.4,-531.9;426.8,-478.3;373.1,-456.1;366.0,-473.0;360.9,-471.4;347.0,-507.8
BuildingSourceSlice_part_2117_-951|148.41|2074.2,-933.1;2047.8,-947.0;2067.4,-979.6;2097.2,-962.7;2103.9,-973.9;2107.3,-971.8;2112.1,-979.8;2119.3,-975.5;2121.4,-979.0;2131.8,-972.8;2129.7,-969.3;2146.7,-959.1;2151.2,-966.6;2179.6,-948.8;2161.7,-918.4;2162.9,-917.7;2160.7,-914.1;2092.5,-958.0
BuildingSourceSlice_fbx_9_-1832_1169_11051|72.91|-153.2,1134.4;-153.2,1133.2;-226.2,1140.8;-221.4,1076.7;-139.4,1069.1;-139.7,1132.9
BuildingSourceSlice_orph_2750_-986|119.08|2753.2,-1009.9;2753.1,-1011.1;2757.2,-1009.7;2755.5,-958.9;2744.3,-962.5;2744.8,-1014.0
BuildingSourceSlice_fbx_10_-25961_1399_-6007|98.91|-2622.5,-608.6;-2590.5,-617.0;-2569.6,-600.7;-2581.9,-584.4;-2602.5,-598.0;-2603.3,-596.7
BuildingSourceSlice_orph_-54_3193|93.50|-90.1,3190.8;-102.9,3188.4;-96.3,3152.4;-89.7,3149.5;-40.3,3157.4;-41.6,3164.4;-24.0,3167.5;-28.1,3190.4;-6.9,3194.2;-16.2,3246.3;-23.8,3245.0;-24.7,3251.0;-33.7,3249.7;-32.3,3239.4;-46.0,3236.6;-42.8,3221.5;-50.6,3220.0;-54.0,3214.5;-77.1,3210.2;-72.5,3213.5;-93.4,3212.9
BuildingSourceSlice_orph_844_-1547|118.36|823.3,-1540.6;824.2,-1544.2;812.7,-1559.2;808.4,-1556.1;797.4,-1571.6;824.5,-1590.7;825.9,-1588.7;833.5,-1594.1;841.3,-1583.0;846.5,-1586.8;880.1,-1541.3;871.6,-1535.0;883.5,-1519.6;849.7,-1493.6;835.2,-1512.5;840.8,-1515.8
BuildingSourceSlice_orph_-1185_-1589|80.91|-1137.9,-1575.3;-1174.8,-1636.5;-1169.8,-1639.5;-1133.4,-1577.9
BuildingSourceSlice_orph_-1185_-1589|80.91|-1202.6,-1537.0;-1239.0,-1598.5;-1234.9,-1600.9;-1198.0,-1539.7
BuildingSourceSlice_fbx_12_20798_2241_-13599|149.61|2100.9,-1376.4;2113.1,-1335.4;2067.5,-1321.7;2046.4,-1392.3;2066.9,-1398.3;2076.9,-1387.4;2093.6,-1374.1
BuildingSourceSlice_fbx_2_20873_1910_-9834|149.39|2068.0,-984.2;2084.3,-998.0;2106.7,-985.3;2096.7,-968.6
BuildingSourceSlice_fbx_12_26984_2017_-16951|144.95|2703.1,-1729.9;2736.2,-1719.8;2725.9,-1660.6;2697.9,-1666.4;2659.9,-1702.9;2675.7,-1722.0
BuildingSourceSlice_orph_116_2689|109.82|129.1,2678.5;130.1,2697.6;103.2,2701.1;101.3,2679.0
BuildingSourceSlice_fbx_12_21533_1733_-13801|149.61|2166.4,-1359.0;2128.7,-1385.3;2140.2,-1401.7;2177.9,-1375.5
BuildingSourceSlice_fbx_5_10000_1316_8070|77.03|1030.2,787.5;1010.7,830.1;969.7,811.4;972.7,805.2;1022.0,783.8
BuildingSourceSlice_part_52_-660|85.64|-22.1,-638.9;12.9,-676.5;14.4,-672.8;67.4,-724.5;66.2,-727.8;83.1,-744.8;112.9,-667.5;115.3,-668.4;124.6,-643.5;120.4,-645.3;101.5,-638.1;100.8,-639.8;38.0,-613.8;39.1,-611.1;-4.9,-593.2
BuildingSourceSlice_orph_1253_914|78.75|1247.8,899.9;1248.7,897.4;1257.8,900.5;1258.3,893.2;1273.9,897.9;1270.7,908.5;1269.6,908.2;1258.9,934.6;1231.6,926.4;1243.0,898.5
BuildingSourceSlice_fbx_13_-16235_1305_21827|106.36|-1647.8,2245.1;-1684.6,2218.5;-1605.7,2112.5;-1588.3,2125.3;-1590.0,2128.3;-1571.6,2142.1;-1578.2,2151.7;-1568.2,2159.5;-1568.2,2171.8;-1583.1,2191.7;-1599.0,2179.8
BuildingSourceSlice_fbx_16_14061_2054_-5274|143.79|1448.9,-582.3;1450.7,-580.3;1450.5,-567.7;1452.7,-567.0;1427.1,-545.5;1414.7,-559.8;1442.0,-583.2
BuildingSourceSlice_fbx_16_14061_2054_-5274|143.79|1398.3,-490.9;1397.2,-490.3;1391.8,-496.8;1389.9,-495.8;1376.7,-510.2;1392.3,-522.6;1385.8,-529.7;1384.6,-528.7;1369.2,-542.4;1369.2,-544.2;1371.8,-546.4;1363.7,-555.4;1384.5,-575.1;1449.2,-504.0;1408.3,-479.0
BuildingSourceSlice_fbx_2_20043_2099_-7166|149.30|2008.9,-765.2;2008.0,-765.7;1998.0,-751.3;1961.3,-777.2;1962.3,-778.9;1970.7,-784.2;1984.9,-784.2;2005.3,-768.5;1994.1,-783.5;2012.5,-784.3;2039.7,-763.8;2019.1,-735.5;1998.5,-750.7
BuildingSourceSlice_fbx_2_20043_2099_-7166|149.30|1939.0,-734.4;1960.0,-776.7;2021.0,-731.9;2025.4,-737.6;2050.3,-718.6;2042.4,-705.1;2069.6,-685.0;2050.7,-657.9;2048.6,-657.5
BuildingSourceSlice_fbx_2_20043_2099_-7166|149.30|2007.0,-683.1;2031.0,-665.5;2018.8,-648.9;2002.9,-649.0;1979.0,-663.6;1988.9,-650.1;1987.6,-648.9;1976.8,-649.0;1966.0,-656.9;1970.6,-668.6;1931.1,-692.7;1930.7,-703.6;1939.1,-719.1;1941.0,-719.7;2003.1,-677.5
BuildingSourceSlice_fbx_7_19377_1214_18861|79.64|1952.0,1848.0;1979.2,1883.6;1957.3,1900.8;1951.8,1893.9;1936.9,1905.6;1928.4,1894.2;1935.5,1887.8;1922.3,1871.4
BuildingSourceSlice_fbx_7_19377_1214_18861|79.64|1903.8,1887.5;1904.0,1885.7;1908.5,1882.2;1905.4,1887.3;1925.3,1912.7;1928.8,1910.0;1930.6,1910.6;1925.1,1914.8
BuildingSourceSlice_fbx_11_18806_1283_6287|104.43|1902.7,617.4;1902.1,634.0;1891.2,633.7;1890.8,652.8;1867.5,652.2;1868.5,604.7;1891.7,605.2;1891.4,617.2
BuildingSourceSlice_fbx_4_-1982_1316_-9445|101.34|-226.5,-937.0;-212.9,-969.5;-170.2,-951.6;-183.7,-919.1
BuildingSourceSlice_fbx_3_-6948_1285_25422|69.73|-712.2,2535.8;-710.9,2529.4;-668.4,2536.5;-671.8,2555.0;-694.4,2551.2;-694.7,2552.5;-713.9,2549.3;-713.6,2547.9;-721.0,2546.7;-719.1,2534.6
BuildingSourceSlice_orph_2633_-1068|119.80|2613.3,-1076.7;2616.8,-1073.2;2638.2,-1092.7;2655.6,-1063.6;2636.5,-1047.2;2622.6,-1052.5;2606.1,-1070.6
BuildingSourceSlice_fbx_7_11928_1086_16929|83.97|1207.4,1664.4;1165.7,1697.2;1156.1,1685.7;1155.9,1680.4;1182.1,1658.5;1183.5,1659.8;1182.7,1661.4;1206.1,1662.8
BuildingSourceSlice_fbx_7_11928_1086_16929|83.97|1179.1,1718.2;1163.7,1701.2;1208.1,1666.0;1221.9,1682.5
BuildingSourceSlice_fbx_7_11928_1086_16929|83.97|1229.6,1697.5;1229.6,1714.8;1215.5,1727.2;1198.8,1727.0;1189.1,1715.9;1221.9,1688.2
BuildingSourceSlice_orph_1105_561|87.75|1092.4,517.9;1093.3,517.9;1108.6,544.3;1115.0,543.5;1131.1,585.6;1087.7,583.0
BuildingSourceSlice_fbx_12_26732_1798_-12834|125.59|2662.3,-1213.8;2609.2,-1267.7;2633.6,-1289.3;2626.2,-1295.6;2626.3,-1297.5;2679.7,-1352.1;2699.0,-1334.0;2704.2,-1339.3;2706.1,-1339.3;2728.0,-1318.1;2728.1,-1316.3;2722.9,-1310.8;2734.3,-1299.1;2725.9,-1290.0;2736.6,-1278.9;2692.8,-1233.0;2691.0,-1232.9;2686.1,-1237.4;2682.2,-1233.5;2687.5,-1227.1;2686.5,-1223.4;2678.7,-1215.2;2675.6,-1215.2;2669.4,-1220.8
BuildingSourceSlice_orph_-510_-1087|122.29|-529.4,-1062.0;-547.6,-1066.4;-526.3,-1120.1;-508.2,-1115.5;-508.6,-1114.4;-472.7,-1103.6;-483.1,-1064.8;-496.0,-1068.5;-501.8,-1055.7;-529.0,-1063.1
BuildingSourceSlice_orph_-2665_1112|135.66|-2693.1,1108.1;-2690.1,1111.9;-2667.5,1094.2;-2666.0,1096.2;-2645.4,1080.1;-2628.4,1101.8;-2680.8,1144.5;-2703.2,1116.0
BuildingSourceSlice_orph_-1219_-1831|84.64|-1190.9,-1860.1;-1190.7,-1850.1;-1188.0,-1850.5;-1186.4,-1827.4;-1184.8,-1829.3;-1210.0,-1794.5;-1221.1,-1803.7;-1228.2,-1802.5;-1259.5,-1833.9;-1243.2,-1853.5;-1204.2,-1856.5;-1202.3,-1860.0
BuildingSourceSlice_fbx_13_-11543_1140_23703|79.66|-1205.5,2396.3;-1180.0,2341.7;-1176.2,2338.4;-1170.6,2336.2;-1170.0,2330.5;-1164.3,2321.5;-1159.0,2318.2;-1153.7,2320.8;-1150.7,2314.6;-1102.8,2338.4;-1146.7,2425.7
BuildingSourceSlice_orph_85_1026|92.39|73.6,990.9;103.2,997.0;103.5,995.3;108.2,996.3;96.3,1060.6;61.9,1054.1
BuildingSourceSlice_fbx_11_21310_1374_4680|109.14|2115.4,473.7;2126.4,472.4;2125.8,465.2;2114.8,466.1;2112.6,440.1;2150.9,436.6;2153.0,455.8;2151.4,456.6;2156.4,495.4;2117.8,498.9
BuildingSourceSlice_fbx_1_-22964_1752_12719|142.04|-2287.1,1253.1;-2276.0,1267.1;-2302.1,1289.1;-2307.3,1282.4;-2311.6,1285.8;-2313.2,1285.5;-2318.1,1279.7;-2314.4,1276.8;-2315.2,1275.9
BuildingSourceSlice_fbx_16_16596_2012_-4841|142.86|1693.5,-477.5;1638.9,-516.9;1673.5,-516.8;1700.9,-502.8;1701.0,-488.8
BuildingSourceSlice_fbx_16_16596_2012_-4841|142.86|1668.3,-463.0;1666.8,-461.1;1648.8,-459.9;1644.2,-461.2;1632.3,-469.4;1625.4,-483.8;1643.8,-509.4;1693.9,-475.5;1683.4,-463.0;1682.9,-460.6;1679.0,-463.3
BuildingSourceSlice_orph_-1700_-833|61.64|-1662.6,-880.8;-1659.0,-882.1;-1651.9,-879.0;-1665.4,-866.1;-1734.3,-788.2;-1737.4,-788.5;-1738.8,-785.0;-1743.7,-790.2
BuildingSourceSlice_fbx_4_-965_1865_-11068|109.68|-156.4,-1117.2;-147.5,-1113.0;-126.9,-1155.5;-21.6,-1104.7;-44.0,-1058.2;-107.8,-1088.7;-120.6,-1062.1;-171.3,-1086.4
BuildingSourceSlice_orph_765_1327|77.27|673.6,1348.5;667.6,1346.8;671.9,1325.8;679.5,1328.0;692.3,1282.0;740.1,1294.9;763.4,1231.3;852.7,1298.4;845.5,1307.9;845.8,1313.1;842.9,1318.8;831.4,1318.7;825.0,1323.7;816.8,1318.7;806.6,1320.4;804.5,1324.5;804.5,1341.1;809.4,1355.2;804.5,1365.3;804.5,1374.3;811.7,1377.8;794.9,1414.1;769.9,1432.0;742.5,1419.6;758.9,1382.6;729.9,1360.0;697.7,1347.1;694.1,1359.3;699.2,1339.6;678.7,1333.7;671.8,1355.4
BuildingSourceSlice_part_1838_-46|134.06|1794.1,-92.3;1906.5,-40.7;1888.9,-2.3;1776.5,-54.0
BuildingSourceSlice_orph_726_1241|74.95|689.5,1274.1;705.6,1229.5;699.7,1227.0;708.9,1205.4;712.7,1207.0;715.9,1196.8;722.3,1199.8;725.1,1194.1;746.8,1205.3;744.3,1210.1;761.7,1218.2;761.2,1219.5;763.3,1220.3;755.7,1236.7;736.4,1288.3;721.9,1282.8;722.5,1281.3;712.5,1277.8;712.1,1279.0
BuildingSourceSlice_fbx_8_-2752_1258_22805|72.06|-254.1,2277.7;-288.6,2306.5;-296.4,2301.1;-295.6,2287.6;-294.4,2287.7;-293.3,2254.7
BuildingSourceSlice_orph_-2469_795|139.52|-2530.6,774.7;-2510.2,760.0;-2502.8,770.2;-2464.4,743.6;-2463.4,745.0;-2457.9,741.1;-2453.3,747.4;-2454.3,748.0;-2430.9,780.3;-2430.1,779.7;-2421.3,790.6;-2422.4,791.4;-2411.0,807.0;-2473.2,852.7;-2485.0,836.7;-2486.0,837.4;-2494.6,826.5;-2493.6,825.7;-2493.7,809.6;-2499.7,803.8;-2509.4,803.9
BuildingSourceSlice_orph_1707_247|132.24|1692.6,257.6;1704.1,229.7;1722.0,237.0;1710.5,265.0
BuildingSourceSlice_fbx_9_-11716_1253_7480|103.74|-1187.9,735.4;-1162.1,729.2;-1155.1,762.4;-1176.3,766.9
BuildingSourceSlice_orph_260_-1746|109.95|255.1,-1701.7;188.4,-1695.5;182.6,-1762.6;218.2,-1765.7;216.1,-1790.1;298.3,-1797.0;298.8,-1790.1;300.7,-1790.2;300.3,-1797.2;302.0,-1797.3;301.7,-1803.4;314.9,-1804.2;315.0,-1807.5;309.5,-1808.1;332.8,-1809.2;331.8,-1806.9;332.9,-1798.5;337.1,-1798.8;343.8,-1710.0;338.8,-1709.7;331.3,-1806.8;317.1,-1804.2;324.1,-1706.5;322.9,-1707.6;255.1,-1703.2
BuildingSourceSlice_orph_-1409_1277|109.46|-1377.8,1280.0;-1367.8,1301.9;-1392.8,1318.4;-1395.8,1312.2;-1404.4,1318.0;-1457.8,1261.3;-1404.4,1233.2
BuildingSourceSlice_fbx_1_-30178_1731_2912|126.76|-3031.7,280.6;-3030.8,278.8;-3039.2,276.3;-3039.2,266.6;-3036.5,262.3;-3020.7,261.3;-3011.0,265.6;-3010.8,274.9;-3016.8,275.1;-3025.9,291.5;-3022.4,283.9
BuildingSourceSlice_fbx_15_-26092_947_-21577|57.74|-2613.5,-2179.8;-2612.4,-2178.8;-2604.3,-2185.4;-2580.5,-2156.8;-2613.8,-2130.1;-2635.2,-2162.0
BuildingSourceSlice_fbx_8_2196_1413_30668|115.64|246.1,3048.4;247.4,3074.5;216.2,3076.0;215.3,3083.6;193.3,3083.9;191.6,3048.8
BuildingSourceSlice_orph_-879_2122|69.86|-903.6,2137.2;-882.0,2094.3;-855.2,2107.8;-876.9,2150.7
BuildingSourceSlice_fbx_12_17590_1614_-14538|147.95|1764.8,-1483.9;1767.9,-1479.8;1785.1,-1467.3;1753.3,-1423.8;1736.1,-1436.4;1732.9,-1440.4
BuildingSourceSlice_fbx_12_17590_1614_-14538|147.95|1797.2,-1459.0;1809.9,-1448.9;1775.4,-1404.3;1754.3,-1421.0;1783.3,-1457.4;1791.2,-1451.1
BuildingSourceSlice_fbx_11_13861_1163_12572|80.17|1393.0,1260.2;1375.0,1260.2;1372.1,1259.1;1387.2,1242.7;1377.8,1234.0;1384.1,1227.3;1402.9,1244.6;1401.8,1257.6
BuildingSourceSlice_fbx_11_21456_1144_6580|98.90|2160.7,655.3;2132.4,674.1;2130.4,649.2;2153.0,641.9
BuildingSourceSlice_fbx_1_-19809_1550_14395|133.96|-1975.2,1421.8;-1958.5,1440.5;-1975.9,1456.3;-1987.6,1457.3;-1996.5,1453.2;-2003.4,1445.4
BuildingSourceSlice_orph_1847_48|132.53|1809.8,17.2;1814.4,19.2;1821.7,3.1;1820.5,2.6;1821.6,0.2;1898.9,36.2;1899.3,37.8;1897.6,38.5;1877.4,85.8;1871.4,96.6;1817.7,72.2;1819.3,66.6;1797.8,56.9;1801.7,48.3;1797.0,46.2
BuildingSourceSlice_orph_2505_216|113.61|2477.8,207.4;2530.0,205.7;2529.7,227.3;2476.8,224.5
BuildingSourceSlice_fbx_4_-10287_1289_-14350|87.47|-1023.5,-1407.1;-1035.2,-1398.7;-1067.6,-1443.8;-1057.7,-1450.8;-1065.0,-1461.2;-1042.8,-1476.8;-1034.6,-1465.0;-1024.5,-1472.7;-989.9,-1427.2;-1000.3,-1419.3;-992.5,-1408.2;-1013.8,-1393.4
BuildingSourceSlice_fbx_10_-18311_923_-10694|63.71|-1829.9,-1090.2;-1815.9,-1090.2;-1814.5,-1088.8;-1815.3,-1087.5;-1805.3,-1078.1;-1836.2,-1044.1;-1856.8,-1060.7
BuildingSourceSlice_orph_1362_-1457|141.47|1368.0,-1475.6;1370.7,-1459.3;1375.5,-1444.4;1357.7,-1438.8;1348.0,-1469.2
BuildingSourceSlice_fbx_6_3139_1561_-15993|118.19|302.9,-1562.6;302.9,-1564.6;317.1,-1565.8;316.7,-1571.0;333.5,-1572.2;333.1,-1577.6;342.6,-1577.6;360.0,-1551.9;318.3,-1548.6;317.5,-1559.8
BuildingSourceSlice_orph_-1150_2120|87.29|-1191.3,2179.1;-1197.5,2176.1;-1193.1,2167.1;-1209.2,2159.1;-1160.8,2064.5;-1167.9,2061.0;-1160.0,2045.2;-1145.3,2054.2;-1144.6,2052.9;-1089.7,2080.5;-1145.1,2191.1;-1178.8,2174.3;-1180.8,2178.5;-1186.6,2175.7;-1181.8,2166.0;-1182.9,2165.5;-1188.4,2174.8;-1189.5,2174.3
BuildingSourceSlice_fbx_4_-11026_1396_-3874|50.36|-1077.4,-392.1;-1079.6,-390.0;-1078.7,-388.1;-1105.2,-362.9;-1127.9,-386.6;-1105.7,-407.7;-1097.3,-407.7;-1091.0,-401.0;-1088.3,-403.5
BuildingSourceSlice_orph_1701_-547|144.63|1723.8,-570.8;1694.6,-514.2;1678.0,-522.7;1707.2,-579.4
BuildingSourceSlice_fbx_11_12810_1193_3015|104.54|1282.5,287.3;1295.2,303.2;1279.5,315.7;1266.7,299.8
BuildingSourceSlice_fbx_10_-21162_1236_-13748|58.90|-2122.7,-1417.0;-2087.4,-1381.8;-2089.5,-1377.1;-2054.8,-1325.4;-2086.9,-1298.5;-2088.5,-1298.9;-2176.6,-1399.1;-2168.1,-1434.6;-2152.4,-1447.9;-2124.2,-1416.9
BuildingSourceSlice_fbx_4_-5981_1423_-18112|106.70|-577.8,-1780.0;-579.6,-1780.3;-581.0,-1775.0;-586.8,-1776.5;-587.5,-1774.8;-632.4,-1786.6;-616.7,-1847.7;-563.9,-1834.0
BuildingSourceSlice_fbx_6_6585_1436_-19528|99.65|615.1,-1964.1;610.1,-1962.6;606.2,-1975.0;643.7,-1986.3;644.7,-1989.0;679.3,-2001.3;690.0,-1964.6;691.5,-1965.0;698.2,-1952.1;698.1,-1923.0;675.8,-1916.4;630.8,-1916.4;619.8,-1951.6;618.4,-1952.7
BuildingSmooth_7_9411_843_12922_Body01|74.82|934.4,1299.6;946.4,1299.5;946.2,1284.5;934.2,1284.6
BuildingSmooth_7_9411_843_12922_Body01|74.82|949.2,1287.4;953.7,1292.9;949.3,1296.4;944.9,1291.0
BuildingSmooth_7_9411_843_12922_Body01|74.82|949.2,1287.4;935.9,1301.1;934.4,1299.6;947.7,1286.0
BuildingSmooth_7_9411_843_12922_Body01|74.82|946.2,1284.5;932.9,1298.2;934.4,1299.6;947.7,1286.0
BuildingSmooth_7_9411_843_12922_Body01|74.82|942.0,1291.0;942.0,1292.0;937.5,1292.1;937.5,1291.1
BuildingSmooth_7_9411_843_12922_Body01|74.82|934.4,1299.6;933.8,1301.4;937.4,1302.6;938.0,1300.8
BuildingSmooth_7_9411_843_12922_Body01|74.82|934.4,1299.6;938.8,1305.1;949.3,1296.4;944.9,1291.0
BuildingSmooth_7_9411_843_12922_Body01|74.82|943.4,1302.5;942.8,1304.3;937.4,1302.6;938.0,1300.8
BuildingSmooth_7_9411_843_12922_Body01|74.82|942.0,1287.5;942.0,1288.5;937.5,1288.6;937.5,1287.6
BuildingSmooth_7_9411_843_12922_Body01|74.82|940.2,1288.6;940.3,1294.6;939.3,1294.6;939.2,1288.6
BuildingSmooth_7_9411_843_12922_Body01|74.82|949.3,1296.4;950.3,1301.0;943.4,1302.5;942.4,1297.9
BuildingSmooth_7_9411_843_12922_Body01|74.82|934.4,1299.6;935.4,1304.2;943.4,1302.5;942.4,1297.9
BuildingSmooth_7_9411_843_12922_Body01|74.82|942.1,1294.5;942.1,1295.5;937.6,1295.6;937.6,1294.6
BuildingSmooth_7_9411_843_12922_Body01|74.82|943.0,1287.5;943.1,1295.5;942.1,1295.5;942.0,1287.5
BuildingSmooth_7_9411_843_12922_Body01|74.82|937.5,1287.6;937.6,1295.6;936.6,1295.6;936.5,1287.6
BuildingSmooth_7_9411_843_12922_Body01|74.82|934.4,1299.6;935.4,1304.2;943.4,1302.5;942.4,1297.9
BuildingSmooth_7_9411_843_12922_Body01|74.82|934.4,1299.6;938.8,1305.1;949.3,1296.4;944.9,1291.0
BuildingSmooth_7_9411_843_12922_Body01|74.82|949.3,1296.4;950.3,1301.0;943.4,1302.5;942.4,1297.9
BuildingSmooth_7_9411_843_12922_Body01|74.82|946.2,1284.5;932.9,1298.2;934.4,1299.6;947.7,1286.0
BuildingSmooth_7_9411_843_12922_Body01|74.82|949.2,1287.4;953.7,1292.9;949.3,1296.4;944.9,1291.0
BuildingSmooth_7_9411_843_12922_Body01|74.82|934.4,1299.6;946.4,1299.5;946.2,1284.5;934.2,1284.6
BuildingSmooth_7_9411_843_12922_Body01|74.82|949.2,1287.4;935.9,1301.1;934.4,1299.6;947.7,1286.0
BuildingSmooth_7_9411_843_12922_Body01|74.82|934.4,1299.6;933.8,1301.4;937.4,1302.6;938.0,1300.8
BuildingSmooth_7_9411_843_12922_Body01|74.82|943.4,1302.5;942.8,1304.3;937.4,1302.6;938.0,1300.8
BuildingSourceSlice_fbx_1_-28825_1560_4866|130.60|-2857.5,461.7;-2862.1,474.9;-2855.7,484.0;-2902.2,515.7;-2918.5,492.8;-2868.3,456.6
BuildingSourceSlice_orph_2145_-314|143.42|2152.4,-329.5;2174.4,-322.2;2159.6,-313.4;2145.3,-307.0;2145.7,-309.2;2141.6,-307.4;2142.4,-305.6;2140.8,-304.9;2142.8,-300.4;2124.5,-292.1;2128.6,-313.6;2123.4,-316.3
BuildingSourceSlice_fbx_11_24370_1348_3119|111.34|2409.1,329.2;2407.9,303.4;2411.4,298.7;2464.0,294.7;2466.1,324.9
BuildingSourceSlice_fbx_2_26027_1313_-9622|118.92|2614.7,-978.0;2606.6,-942.8;2590.7,-946.5;2598.7,-981.6
BuildingSourceSlice_orph_870_564|77.23|856.4,476.2;855.7,474.0;907.5,458.4;914.3,461.8;916.3,470.7;921.7,469.1;930.0,495.5;923.4,497.7;933.2,530.5;937.8,528.8;940.9,539.1;937.1,540.4;950.1,582.9;977.8,577.7;979.5,591.8;953.9,595.4;960.8,618.0;924.3,643.2;874.4,673.9;860.6,684.1;810.3,601.3;808.5,601.9;782.6,560.3;765.0,505.4
BuildingSourceSlice_orph_-3110_810|128.87|-3112.8,789.0;-3112.1,790.0;-3105.9,785.6;-3085.8,813.9;-3109.5,830.8;-3134.1,819.1;-3122.3,809.4;-3123.9,807.0;-3131.4,811.0;-3126.4,802.5;-3135.2,805.9
BuildingSourceSlice_fbx_4_-1526_1255_-8247|90.24|-170.0,-818.6;-181.5,-823.4;-173.0,-843.9;-123.6,-822.7;-131.0,-805.3;-168.7,-821.6
BuildingSourceSlice_fbx_14_1718_1726_-875|70.26|207.6,-128.6;226.2,-84.2;135.9,-46.4;117.4,-90.8
BuildingSourceSlice_orph_2947_-1215|129.18|2955.0,-1194.4;2933.5,-1197.1;2938.5,-1235.7;2959.9,-1232.9
BuildingSourceSlice_orph_-1467_347|87.69|-1529.6,294.8;-1470.9,342.5;-1461.7,335.3;-1502.3,261.2;-1456.2,207.7;-1457.0,208.7;-1387.6,332.3;-1417.6,364.8;-1387.5,388.5;-1444.8,442.2;-1440.5,447.1;-1474.5,476.3;-1502.3,446.5;-1482.4,422.5;-1502.0,407.1;-1499.7,404.2;-1571.3,347.3
BuildingSourceSlice_orph_1108_635|85.74|1077.4,650.0;1078.9,625.6;1095.2,625.7;1137.2,621.6;1139.5,642.8;1097.5,647.1;1085.3,649.8
BuildingSourceSlice_fbx_1_-24533_2110_6794|139.76|-2435.3,635.8;-2411.9,667.1;-2423.2,675.9;-2414.7,688.3;-2462.4,723.0;-2494.7,678.7
BuildingSourceSlice_orph_-2096_-557|87.62|-2108.0,-604.2;-2025.6,-531.3;-2054.7,-498.3;-2111.8,-548.9;-2123.6,-534.0;-2145.9,-553.7;-2162.6,-558.8;-2163.3,-574.8;-2118.7,-611.2
BuildingSourceSlice_fbx_16_18162_2023_-1116|139.18|1780.6,-93.9;1811.8,-142.1;1817.0,-144.9;1825.2,-143.5;1829.9,-137.9;1845.2,-106.9;1843.3,-101.0;1852.1,-96.3;1844.9,-82.2;1839.4,-80.3;1819.5,-90.7;1813.1,-78.3
BuildingSourceSlice_fbx_1_-24892_2027_10705|139.69|-2483.7,1109.9;-2526.2,1056.0;-2494.8,1031.2;-2452.3,1085.1
BuildingSourceSlice_fbx_12_29698_1829_-12328|130.46|2968.5,-1254.4;2991.3,-1250.8;2983.4,-1209.7;2958.8,-1214.6;2962.1,-1234.6;2953.4,-1236.7;2953.4,-1254.4;2955.0,-1256.7;2966.6,-1256.1
BuildingSourceSlice_fbx_6_5365_1404_-15465|120.14|517.6,-1598.0;541.9,-1607.8;557.8,-1568.3;586.4,-1552.9;581.7,-1544.4;583.4,-1542.9;575.4,-1528.0;589.5,-1510.9;595.9,-1513.7;598.0,-1508.8;598.0,-1498.4;572.0,-1487.3;569.7,-1492.5;559.2,-1483.9;515.7,-1536.6;489.5,-1525.5;471.4,-1567.9;485.0,-1573.8;477.0,-1583.3;508.4,-1609.2
BuildingSourceSlice_fbx_5_10677_1681_2148|88.30|1126.0,246.4;1073.7,281.7;1063.9,285.8;1009.3,173.2;1021.5,166.1;1020.7,164.5;1060.6,143.2
BuildingSourceSlice_orph_3_2124|84.60|-35.1,2099.5;-4.2,2101.5;-4.6,2103.6;52.6,2108.1;47.9,2137.5;27.3,2134.8;24.2,2152.0;-41.6,2141.0
BuildingSourceSlice_fbx_7_12485_1361_20258|97.50|1215.2,2023.9;1252.5,1993.0;1281.9,2028.6;1244.6,2059.4
BuildingSourceSlice_orph_-1224_-1654|80.89|-1178.6,-1642.6;-1213.1,-1699.9;-1208.0,-1702.8;-1174.0,-1645.3
BuildingSourceSlice_orph_-1224_-1654|80.89|-1243.2,-1604.3;-1277.0,-1661.5;-1272.9,-1663.9;-1238.6,-1607.0
BuildingSourceSlice_orph_594_1473|88.23|576.8,1471.9;587.8,1435.3;630.6,1448.1;620.7,1481.0;608.4,1477.3;607.9,1478.9;598.4,1476.1;586.2,1516.9;562.1,1509.8;572.5,1470.6
BuildingSourceSlice_fbx_2_18944_1923_-8921|149.33|1905.1,-870.2;1869.9,-887.5;1883.1,-914.5;1918.3,-897.3
BuildingSourceSlice_fbx_9_-11965_1575_9755|104.41|-1243.8,925.6;-1227.9,919.6;-1230.9,910.5;-1220.9,907.1;-1219.5,912.9;-1214.7,910.0;-1215.9,905.5;-1208.7,903.1;-1204.8,914.9;-1196.5,922.0;-1167.2,1007.9;-1156.7,1004.6;-1149.0,1032.0;-1200.2,1047.7
BuildingSmooth_11_17213_1481_5537|118.24|1703.4,557.0;1696.1,543.2;1724.1,528.5;1731.4,542.3
BuildingSmooth_11_17213_1481_5537|118.24|1738.6,538.5;1749.1,558.4;1724.2,571.5;1713.8,551.5
BuildingSmooth_11_17213_1481_5537|118.24|1718.0,553.3;1717.2,552.7;1724.7,541.8;1725.6,542.4
BuildingSmooth_11_17213_1481_5537|118.24|1714.7,551.0;1713.9,550.5;1721.4,539.5;1722.3,540.1
BuildingSmooth_11_17213_1481_5537|118.24|1720.7,556.4;1713.3,551.3;1713.9,550.5;1721.3,555.6
BuildingSmooth_11_17213_1481_5537|118.24|1723.9,550.0;1718.2,546.0;1718.8,545.2;1724.5,549.1
BuildingSmooth_11_17213_1481_5537|118.24|1738.6,538.5;1731.3,524.7;1724.1,528.5;1731.4,542.3
BuildingSmooth_11_17213_1481_5537|118.24|1703.4,557.0;1713.9,576.9;1724.2,571.5;1713.8,551.5
BuildingSmooth_11_17213_1481_5537|118.24|1728.8,544.7;1721.4,539.5;1722.0,538.7;1729.4,543.8
BuildingSmooth_11_17213_1481_5537|118.24|1721.3,555.6;1720.4,555.0;1728.0,544.1;1728.8,544.7
BuildingSourceSlice_fbx_8_-2178_1367_28032|75.76|-175.6,2756.6;-164.7,2757.4;-165.3,2765.8;-180.0,2765.6;-165.3,2767.0;-177.1,2878.8;-198.3,2876.9;-199.0,2884.5;-266.1,2877.5;-265.3,2870.2;-270.9,2869.6;-258.1,2746.8;-244.2,2748.1;-241.4,2721.9;-182.4,2728.2;-183.1,2734.4;-174.3,2735.5
BuildingSourceSlice_fbx_7_10669_4284_27490|131.07|977.9,2703.1;1001.1,2674.6;1107.7,2656.5;1135.3,2676.4;1156.5,2788.4;1136.8,2821.8;1024.0,2841.4;994.9,2819.1
BuildingSourceSlice_fbx_12_22417_1589_-20649|143.14|2286.1,-2065.8;2239.0,-2005.8;2229.9,-2010.6;2225.1,-2004.7;2223.4,-2004.5;2179.9,-2038.8;2248.8,-2123.3;2247.4,-2124.6;2248.8,-2126.4;2303.6,-2083.7;2288.3,-2064.1
BuildingSourceSlice_fbx_12_22417_1589_-20649|143.14|2261.4,-2033.0;2290.0,-2061.7;2302.1,-2050.6;2307.0,-2055.2;2307.1,-2052.6;2296.7,-2042.4;2306.5,-2047.4;2307.4,-2038.5;2261.5,-1994.4;2246.0,-1994.4;2245.1,-1995.3;2272.9,-2022.4
BuildingSourceSlice_fbx_2_23042_1609_-8724|136.87|2280.5,-845.2;2294.6,-838.4;2296.8,-842.5;2282.7,-850.9;2286.0,-858.6;2292.1,-855.5;2313.2,-897.0;2318.9,-894.1;2297.9,-852.7;2307.9,-847.2;2302.6,-836.2;2299.2,-838.8;2292.0,-830.2;2288.1,-830.2;2279.5,-834.3
BuildingSourceSlice_fbx_13_-17438_1894_13914|115.57|-1738.7,1426.7;-1738.7,1425.1;-1735.5,1422.3;-1748.7,1405.7;-1754.0,1409.9;-1755.6,1409.8;-1781.0,1378.6;-1749.3,1351.4;-1723.6,1381.5;-1723.6,1383.3;-1728.3,1387.4;-1707.0,1412.8;-1704.6,1413.6;-1725.8,1432.2;-1735.7,1430.0
BuildingSourceSlice_fbx_3_158_1373_17326|77.07|71.4,1804.5;59.2,1814.1;-18.7,1805.3;-39.8,1781.6;-39.6,1653.9;-6.0,1653.3;-5.0,1650.4;-2.2,1650.2;23.5,1650.2;21.6,1741.6;71.5,1742.5
BuildingSourceSlice_fbx_16_8148_1233_-2653|92.34|814.4,-309.9;841.0,-244.5;831.0,-225.6;820.3,-220.7;788.6,-298.4
BuildingSourceSlice_fbx_16_8148_1233_-2653|92.34|786.7,-221.0;779.9,-237.7;807.3,-248.0;817.9,-220.6;797.6,-212.9
BuildingSourceSlice_fbx_1_-29316_1381_3990|128.50|-2955.5,402.9;-2920.2,377.5;-2907.7,395.0;-2943.5,419.8
BuildingSmooth_3_-6795_1171_21917_Residual_7bddcee5_Body01|63.80|-685.3,2169.0;-669.7,2158.5;-661.2,2171.0;-676.8,2181.6
BuildingSmooth_3_-6795_1171_21917_Residual_7bddcee5_Body01|63.80|-659.7,2207.0;-644.1,2196.4;-661.2,2171.0;-676.8,2181.6
BuildingSmooth_3_-6795_1171_21917_Residual_7bddcee5_Body01|63.80|-659.7,2207.0;-661.3,2168.0;-685.3,2169.0;-683.7,2208.0
BuildingSmooth_3_-6795_1171_21917_Residual_7bddcee5_Body01|63.80|-665.7,2182.1;-665.1,2197.4;-666.1,2197.4;-666.7,2182.1
BuildingSmooth_3_-6795_1171_21917_Residual_7bddcee5_Body01|63.80|-671.2,2183.3;-670.6,2196.6;-671.6,2196.6;-672.2,2183.4
BuildingSmooth_3_-6795_1171_21917_Residual_7bddcee5_Body01|63.80|-666.1,2196.4;-666.1,2197.4;-676.1,2197.8;-676.1,2196.8
BuildingSmooth_3_-6795_1171_21917_Residual_7bddcee5_Body01|63.80|-666.7,2182.1;-666.7,2183.1;-676.7,2183.5;-676.7,2182.5
BuildingSmooth_3_-6795_1171_21917_Residual_7bddcee5_Body01|63.80|-685.3,2169.0;-685.1,2166.8;-667.3,2168.3;-667.5,2170.5
BuildingSmooth_3_-6795_1171_21917_Residual_7bddcee5_Body01|63.80|-666.4,2189.3;-666.4,2190.3;-676.4,2190.7;-676.4,2189.7
BuildingSmooth_3_-6795_1171_21917_Residual_7bddcee5_Body01|63.80|-661.2,2171.0;-661.0,2168.8;-667.3,2168.3;-667.5,2170.5
BuildingSmooth_3_-6795_1171_21917_Residual_7bddcee5_Body01|63.80|-676.7,2182.5;-676.1,2197.8;-677.1,2197.9;-677.7,2182.6
BuildingSourceSlice_fbx_11_15300_1498_4247|125.70|1527.7,444.9;1511.6,433.7;1532.1,404.6;1548.3,416.7
BuildingSourceSlice_orph_-1882_-1527|63.45|-1903.8,-1510.8;-1875.3,-1553.4;-1860.0,-1543.2;-1888.5,-1500.5
BuildingSourceSlice_part_-2784_-202|115.39|-2795.6,-248.3;-2789.1,-245.0;-2787.4,-248.6;-2775.0,-242.4;-2772.8,-246.8;-2735.1,-228.4;-2751.1,-195.8;-2759.2,-199.8;-2769.1,-179.6;-2761.4,-175.8;-2774.2,-149.7;-2804.1,-164.7;-2831.9,-176.6
BuildingSourceSlice_orph_2150_-1447|147.93|2119.8,-1449.1;2090.0,-1469.6;2110.8,-1499.6;2208.7,-1430.3;2208.9,-1430.2;2210.7,-1428.9;2208.3,-1425.5;2206.7,-1426.5;2199.7,-1414.8;2198.4,-1415.5;2189.6,-1398.4;2178.1,-1399.3;2154.6,-1419.2;2113.5,-1439.7
BuildingSourceSlice_orph_764_1472|83.75|776.6,1451.4;776.3,1450.4;778.8,1449.5;785.6,1470.9;766.9,1476.8;771.8,1492.3;755.2,1497.5;745.6,1466.9;752.6,1464.8;752.6,1460.8;737.4,1461.2
BuildingSourceSlice_orph_-743_2630|68.84|-783.4,2583.1;-783.6,2585.2;-740.0,2593.0;-743.6,2590.3;-676.9,2600.9;-687.8,2607.5;-684.5,2619.0;-686.1,2644.8;-695.5,2671.9;-702.4,2679.2;-696.5,2685.7;-698.7,2687.9;-762.9,2668.3;-769.8,2665.9;-769.4,2664.0;-791.4,2656.6;-788.5,2639.3;-813.0,2634.6;-798.8,2581.1;-812.7,2577.5
BuildingSourceSlice_fbx_7_12093_1297_17155|83.67|1173.3,1693.5;1189.5,1680.7;1219.9,1680.7;1221.4,1682.0;1220.6,1684.3;1179.3,1718.1;1177.6,1717.8;1173.3,1712.2
BuildingSourceSlice_fbx_7_12093_1297_17155|83.67|1197.6,1742.8;1180.8,1723.0;1222.0,1688.3;1237.8,1707.5
BuildingSourceSlice_orph_-2440_934|138.82|-2435.1,897.1;-2402.9,940.1;-2445.9,969.8;-2478.2,929.0
BuildingSourceSlice_orph_-232_-1766|110.74|-264.2,-1758.5;-269.2,-1759.5;-266.0,-1774.7;-261.1,-1773.7;-258.4,-1786.5;-263.4,-1787.6;-256.8,-1819.6;-263.0,-1819.5;-266.3,-1811.1;-265.1,-1825.5;-183.3,-1804.8;-196.2,-1807.4;-212.2,-1728.5;-200.1,-1726.1;-183.3,-1804.7;-203.6,-1699.3;-229.4,-1704.6;-223.8,-1732.6;-228.1,-1733.7;-233.4,-1716.8;-243.5,-1715.6;-251.0,-1722.6;-247.6,-1735.1;-269.1,-1739.7
BuildingSourceSlice_orph_687_2109|114.54|682.7,2117.2;681.1,2071.8;750.3,2071.0;690.0,2074.9;689.0,2091.6;685.2,2093.4;686.2,2120.4;676.2,2120.8;675.6,2127.1;676.1,2132.9;678.8,2131.5;680.8,2137.1;682.4,2147.8;685.5,2146.5;685.9,2147.4;685.7,2186.2;681.5,2149.2;677.2,2151.1;672.7,2117.6
BuildingSourceSlice_fbx_11_20162_1403_2309|125.39|2005.6,215.2;2005.0,196.7;2037.5,199.3;2038.7,261.8;1995.8,265.1;1993.7,215.6
BuildingSourceSlice_fbx_6_8872_1529_-11653|126.62|875.5,-1183.8;884.0,-1187.6;887.3,-1178.1;889.6,-1178.5;903.2,-1149.3;890.6,-1143.1;886.8,-1153.0;871.1,-1170.2;879.7,-1174.4
BuildingSourceSlice_fbx_6_8872_1529_-11653|126.62|863.1,-1167.2;887.5,-1141.2;874.2,-1135.9;854.0,-1155.3
BuildingSourceSlice_orph_1036_2031|109.10|1054.0,2038.7;1022.2,2044.0;1018.7,2022.8;1050.5,2017.5
BuildingSourceSlice_orph_-491_-1855|107.71|-504.8,-1842.4;-519.9,-1845.2;-513.5,-1879.2;-462.4,-1869.6;-469.8,-1830.3;-505.6,-1838.0
BuildingSourceSlice_fbx_1_-29032_1557_2833|128.09|-2931.1,282.4;-2887.3,250.6;-2867.4,278.1;-2911.2,309.8
BuildingSourceSlice_fbx_10_-14808_1378_-1708|75.32|-1449.2,-153.1;-1510.8,-150.8;-1510.6,-171.1;-1511.6,-171.1;-1512.4,-188.6;-1450.5,-190.9
BuildingSourceSlice_orph_1999_-1647|144.64|1997.2,-1623.1;1977.7,-1635.6;2000.1,-1670.6;2019.6,-1658.1
BuildingSourceSlice_orph_2793_-1243|124.78|2754.6,-1230.0;2763.2,-1229.2;2766.8,-1250.6;2793.6,-1244.8;2803.9,-1320.2;2822.6,-1315.2;2812.8,-1243.9;2817.2,-1243.2;2813.8,-1223.2;2810.8,-1223.6;2810.3,-1203.5;2761.8,-1191.0;2761.0,-1194.1;2762.6,-1194.6
BuildingSourceSlice_fbx_5_8440_1219_1674|79.08|841.4,203.6;832.7,186.5;834.8,185.4;816.5,150.1;852.9,131.2;871.4,166.8;861.2,172.1;869.8,188.6
BuildingSmooth_5_6128_939_8712|69.87|624.2,863.2;631.1,873.1;613.9,885.2;607.0,875.3
BuildingSmooth_5_6128_939_8712|69.87|601.3,879.2;608.2,889.1;613.9,885.2;607.0,875.3
BuildingSmooth_5_6128_939_8712|69.87|617.0,867.1;617.9,867.5;613.1,877.5;612.2,877.1
BuildingSmooth_5_6128_939_8712|69.87|612.5,864.9;613.4,865.3;608.6,875.4;607.7,875.0
BuildingSmooth_5_6128_939_8712|69.87|601.3,879.2;594.4,869.3;611.7,857.3;618.6,867.2
BuildingSmooth_5_6128_939_8712|69.87|614.7,866.0;615.6,866.4;610.9,876.5;610.0,876.1
BuildingSmooth_5_6128_939_8712|69.87|624.2,863.2;617.3,853.3;611.7,857.3;618.6,867.2
BuildingSmooth_5_6128_939_8712|69.87|612.9,864.0;618.3,866.6;617.9,867.5;612.5,864.9
BuildingSmooth_5_6128_939_8712|69.87|611.2,869.9;614.8,871.6;614.4,872.5;610.8,870.8
BuildingSmooth_5_6128_939_8712|69.87|607.7,875.0;613.1,877.5;612.7,878.5;607.3,875.9
BuildingSourceSlice_fbx_11_23415_1518_2967|114.86|2367.2,258.3;2362.0,265.5;2360.0,266.1;2362.2,296.0;2370.4,295.3;2373.7,332.3;2316.0,337.4;2309.3,261.1;2367.0,256.0
BuildingSourceSlice_fbx_13_-14586_1192_23840|101.71|-1434.9,2382.2;-1455.7,2407.5;-1482.3,2387.3;-1466.6,2364.5;-1458.1,2364.5
BuildingSourceSlice_orph_1786_-1266|148.32|1750.8,-1291.2;1753.9,-1292.2;1753.0,-1299.1;1767.9,-1303.5;1770.8,-1297.2;1772.0,-1297.6;1788.7,-1284.3;1790.1,-1284.8;1792.6,-1277.0;1800.2,-1279.6;1822.8,-1265.0;1827.0,-1251.3;1768.7,-1233.8;1769.6,-1249.3;1759.1,-1284.9;1757.0,-1287.3;1753.7,-1287.8;1752.7,-1285.0
BuildingSourceSlice_fbx_6_1251_1491_-13899|118.63|99.4,-1415.9;143.5,-1404.7;142.3,-1400.1;160.0,-1395.5;151.9,-1363.9;90.2,-1380.2
BuildingSourceSlice_fbx_14_2928_927_-1364|72.65|311.5,-120.4;291.0,-111.8;274.0,-152.4;294.5,-160.9
BuildingSourceSlice_fbx_2_21505_1651_-4365|144.13|2140.2,-424.4;2135.6,-441.9;2160.8,-448.6;2165.5,-431.0
BuildingSourceSlice_fbx_2_22205_2461_-10300|143.28|2204.8,-1093.8;2258.8,-1062.0;2272.3,-1052.2;2274.1,-1052.7;2280.1,-1047.8;2281.9,-1048.3;2287.4,-1043.7;2289.3,-1044.0;2294.6,-1039.3;2296.5,-1039.9;2305.8,-1034.4;2293.4,-1012.1;2292.1,-1013.0;2268.1,-968.8;2260.9,-972.7;2256.8,-966.0;2136.7,-1031.5;2137.1,-1037.8;2167.1,-1063.4;2165.8,-1064.7;2186.5,-1081.4;2188.5,-1080.5
BuildingSourceSlice_fbx_5_9189_924_11068|72.05|900.5,1086.0;909.4,1090.3;912.4,1084.2;947.9,1102.3;934.1,1129.4;889.9,1107.1
BuildingSourceSlice_orph_1067_1665|82.50|1049.2,1648.3;1056.5,1638.9;1085.2,1684.2;1075.8,1690.8;1047.4,1645.7
BuildingSourceSlice_fbx_5_6533_1312_12238|74.91|610.8,1248.8;641.7,1172.9;695.4,1191.3;696.0,1193.0;668.8,1274.5
BuildingSourceSlice_fbx_12_17925_1590_-15140|145.75|1772.1,-1509.9;1792.2,-1535.5;1814.1,-1518.6;1793.4,-1491.9
BuildingSourceSlice_fbx_13_-16925_1500_20950|106.17|-1713.8,2035.3;-1670.9,2068.7;-1658.4,2077.7;-1657.4,2076.3;-1649.7,2082.6;-1659.4,2096.2;-1666.1,2090.8;-1686.1,2116.3;-1685.0,2120.0;-1687.7,2129.1;-1706.7,2152.8;-1710.7,2152.8;-1718.7,2146.4;-1720.2,2148.4;-1728.9,2141.8;-1694.1,2097.3;-1735.8,2064.6
BuildingSourceSlice_fbx_9_-17978_3725_2279|102.06|-1816.2,120.5;-1690.0,212.7;-1779.7,335.4;-1905.9,243.2
BuildingSourceSlice_fbx_4_-2910_1967_-15337|121.92|-310.4,-1506.6;-337.9,-1512.5;-331.9,-1540.4;-304.5,-1534.5
BuildingSourceSlice_fbx_6_7740_1620_-11913|128.42|742.8,-1209.3;745.1,-1224.6;749.1,-1221.2;757.4,-1230.8;770.2,-1219.8;771.7,-1221.4;808.8,-1188.4;776.4,-1151.9;739.2,-1184.9;746.0,-1192.6;743.7,-1198.7
BuildingSourceSlice_orph_-130_2392|80.49|-218.6,2402.5;-210.1,2379.2;-207.5,2380.0;-204.9,2374.7;-200.2,2376.6;-191.3,2357.8;-175.3,2341.4;-151.2,2329.7;-150.6,2332.3;-178.2,2346.7;-196.7,2377.9;-192.8,2379.5;-192.9,2381.0;-185.2,2381.7;-186.8,2387.7;-186.8,2402.5;-185.3,2409.8;-182.9,2416.7;-175.2,2429.3;-169.3,2434.9;-220.6,2430.9;-216.4,2400.6
BuildingSourceSlice_orph_-130_2392|80.49|-97.8,2444.3;-96.4,2443.7;-88.1,2358.0;-86.9,2357.9;-83.6,2328.9;-80.5,2330.2;-70.0,2330.2;-60.1,2338.4;-62.4,2373.9;-59.5,2375.0;-59.8,2378.9;-84.3,2445.2
BuildingSourceSlice_fbx_9_-7630_1355_7622|77.46|-793.9,778.3;-795.1,748.8;-793.2,748.7;-792.9,750.2;-732.7,746.2;-731.0,775.2
BuildingSourceSlice_fbx_11_18966_1637_3381|121.80|1939.8,362.2;1938.9,374.1;1905.7,367.6;1904.7,374.3;1887.2,371.7;1887.2,354.8;1888.4,351.4;1889.6,350.1;1897.4,353.0;1900.2,352.7;1891.0,349.0;1893.0,348.2;1889.2,348.2;1856.9,334.8;1862.2,325.9;1867.9,328.9;1892.0,321.7;1912.4,319.2;1929.8,305.5;1938.6,310.6;1939.0,332.7;1936.5,358.1;1942.1,359.5;1941.6,362.5
BuildingSourceSlice_fbx_4_-8111_1211_-2794|65.65|-784.6,-296.5;-786.3,-295.8;-794.5,-300.8;-755.3,-254.0;-812.9,-230.5;-814.3,-231.9;-828.1,-234.0;-866.1,-281.2;-826.3,-325.3;-825.4,-327.8;-784.9,-298.3
BuildingSourceSlice_fbx_1_-26976_1513_9925|133.52|-2719.0,982.1;-2701.0,969.0;-2676.2,1002.8;-2694.2,1016.0
BuildingSourceSlice_orph_-171_1889|71.86|-197.3,1856.1;-196.4,1835.7;-164.2,1844.7;-140.6,1876.6;-142.0,1935.2;-166.7,1935.2;-166.5,1931.4;-198.5,1925.2;-196.1,1856.2
BuildingSourceSlice_orph_34_-1704|112.99|46.8,-1686.1;1.5,-1693.2;-1.1,-1731.9;12.5,-1729.7;11.1,-1719.7;65.3,-1714.6;64.1,-1706.5;71.4,-1705.3;66.9,-1679.4
BuildingSourceSlice_fbx_2_26315_1351_-9579|118.30|2648.2,-942.8;2642.8,-943.9;2641.6,-937.5;2612.7,-942.9;2619.3,-978.3;2655.0,-970.5;2651.9,-953.8;2650.5,-954.2
BuildingSourceSlice_fbx_15_-19598_1083_-18336|64.09|-1945.1,-1799.1;-1950.2,-1801.9;-1953.4,-1796.8;-1994.0,-1818.8;-1965.9,-1870.4;-1925.7,-1849.0;-1935.8,-1829.1;-1929.6,-1825.6
BuildingSourceSlice_fbx_1_-27725_1904_7456|136.11|-2768.4,784.3;-2807.5,727.8;-2777.2,706.9;-2738.2,763.4
BuildingSourceSlice_fbx_1_-27725_1904_7456|136.11|-2807.5,732.5;-2763.2,797.6;-2787.7,814.3;-2832.1,749.3
BuildingSourceSlice_fbx_5_4275_961_9968|75.79|443.5,1019.1;400.4,1001.1;411.6,974.4;454.7,992.4
BuildingSourceSlice_orph_420_-1232|124.95|403.2,-1243.3;424.3,-1239.9;423.5,-1234.9;425.4,-1233.8;442.6,-1230.7;441.8,-1222.2;400.6,-1228.7
BuildingSourceSlice_fbx_11_14348_1432_3636|120.12|1451.6,357.6;1443.3,379.3;1418.1,369.6;1426.4,347.9
BuildingSmooth_16_15218_2101_-6422|142.96|1510.5,-637.0;1522.6,-647.0;1523.2,-646.2;1511.1,-636.2
BuildingSmooth_16_15218_2101_-6422|142.96|1490.0,-637.9;1492.6,-632.3;1536.1,-652.3;1533.5,-657.8
BuildingSmooth_16_15218_2101_-6422|142.96|1553.2,-631.6;1555.1,-650.4;1536.1,-652.3;1534.2,-633.5
BuildingSmooth_16_15218_2101_-6422|142.96|1522.4,-645.6;1523.2,-646.2;1532.4,-635.1;1531.6,-634.5
BuildingSmooth_16_15218_2101_-6422|142.96|1520.3,-625.1;1532.4,-635.1;1533.0,-634.4;1521.0,-624.3
BuildingSmooth_16_15218_2101_-6422|142.96|1511.1,-636.2;1511.9,-636.8;1521.1,-625.8;1520.3,-625.1
BuildingSmooth_16_15218_2101_-6422|142.96|1516.2,-631.7;1526.7,-640.4;1527.4,-639.7;1516.8,-630.9
BuildingSmooth_16_15218_2101_-6422|142.96|1553.2,-631.6;1550.1,-600.3;1518.7,-603.4;1521.8,-634.7
BuildingSmooth_16_15218_2101_-6422|142.96|1490.0,-637.9;1482.7,-653.8;1541.9,-680.9;1549.2,-665.0
BuildingSmooth_16_15218_2101_-6422|142.96|1490.0,-637.9;1486.9,-606.6;1518.7,-603.4;1521.8,-634.7
BuildingSmooth_16_15218_2101_-6422|142.96|1553.6,-667.0;1556.2,-661.4;1536.1,-652.3;1533.5,-657.8
BuildingSmooth_16_15218_2101_-6422|142.96|1553.6,-667.0;1546.3,-683.0;1541.9,-680.9;1549.2,-665.0
BuildingSmooth_16_15218_2101_-6422|142.96|1490.0,-637.9;1491.9,-656.7;1536.1,-652.3;1534.2,-633.5
BuildingSmooth_16_15218_2101_-6422|142.96|1516.8,-640.9;1517.6,-641.5;1526.8,-630.4;1526.0,-629.8
BuildingSourceSlice_fbx_3_-6934_1410_22567|63.94|-708.6,2278.5;-710.1,2278.0;-693.3,2220.7;-664.1,2219.3;-660.7,2291.0;-710.4,2293.2
BuildingSourceSlice_fbx_11_23337_1470_3573|111.74|2361.3,349.0;2362.2,359.6;2357.9,360.0;2359.0,372.9;2308.2,377.3;2305.1,341.6;2356.0,337.1;2357.0,349.3
BuildingSourceSlice_orph_459_-1903|99.59|462.2,-1916.5;473.5,-1899.0;454.0,-1889.3;444.9,-1907.6
BuildingSourceSlice_fbx_10_-17381_1946_-1876|85.65|-1707.0,-228.2;-1701.8,-228.5;-1698.9,-147.3;-1701.1,-145.7;-1701.3,-140.0;-1773.4,-137.2;-1773.6,-139.6;-1770.4,-140.1;-1770.6,-146.7;-1775.6,-148.4;-1778.0,-207.8;-1777.0,-209.3;-1773.4,-209.6;-1773.8,-216.9;-1776.1,-218.0;-1776.6,-230.9;-1777.8,-233.1;-1749.9,-235.0;-1749.9,-236.3;-1748.2,-236.9;-1707.5,-239.0
BuildingSourceSlice_fbx_4_-10269_1563_-13164|80.86|-1008.6,-1335.6;-1009.9,-1338.6;-992.7,-1336.7;-994.1,-1324.1;-1006.4,-1318.0;-1001.7,-1312.8;-1007.0,-1308.2;-995.4,-1294.0;-1015.4,-1284.8;-1061.0,-1335.5;-1032.9,-1348.0;-1018.4,-1331.6
BuildingSourceSlice_part_100_3305|100.15|12.9,3287.3;-7.8,3255.0;50.8,3240.4;53.0,3244.1;57.0,3243.1;88.7,3222.2;96.0,3231.9;116.5,3218.4;133.5,3241.4;145.4,3303.5;152.5,3314.1;146.3,3318.0;182.0,3372.8;124.2,3411.7;106.8,3385.2;108.1,3384.4;37.3,3279.4
BuildingSourceSlice_orph_1344_1550|76.98|1345.3,1529.6;1358.6,1522.2;1374.6,1557.4;1356.0,1565.3;1353.1,1561.7;1327.0,1575.4;1310.8,1554.7;1344.0,1528.0
BuildingSourceSlice_orph_780_-1452|121.58|768.0,-1491.5;784.8,-1500.2;792.6,-1491.3;787.0,-1489.5;794.9,-1469.0;802.7,-1472.5;809.1,-1457.3;806.0,-1456.0;809.6,-1450.2;817.0,-1453.6;821.0,-1443.4;816.1,-1441.5;818.7,-1435.5;811.1,-1432.3;806.8,-1420.0;777.7,-1408.0;769.4,-1427.4;755.0,-1422.4;749.7,-1435.0;757.9,-1441.7;758.9,-1453.3;741.7,-1444.9;751.8,-1470.5;751.7,-1478.1;749.5,-1481.8;743.9,-1482.9
BuildingSourceSlice_fbx_11_21145_1383_3389|117.63|2137.4,355.9;2096.6,359.1;2097.3,340.3;2093.8,321.8;2134.6,318.7
BuildingSourceSlice_fbx_12_24502_3155_-12717|278.72|2471.3,-1287.1;2463.0,-1242.3;2438.2,-1244.6;2451.4,-1318.1
BuildingSourceSlice_fbx_8_2631_1792_31202|116.62|210.1,3122.6;215.3,3118.4;210.8,3110.7;209.9,3103.3;222.5,3096.1;221.5,3093.8;253.7,3075.6;267.8,3100.6;300.2,3080.4;317.3,3107.8;274.1,3134.8;270.1,3128.3;249.7,3141.4;254.0,3146.4;225.6,3164.8;222.7,3153.3;221.4,3153.9;213.9,3142.5;214.8,3134.4;210.1,3126.6
BuildingSourceSlice_fbx_4_-4307_1271_-18659|108.26|-458.1,-1849.4;-456.3,-1849.2;-445.8,-1892.4;-427.5,-1888.2;-427.2,-1889.7;-403.6,-1884.8;-415.9,-1839.7;-420.3,-1839.2;-439.9,-1842.2;-458.7,-1847.4
BuildingSourceSlice_fbx_10_-16735_1663_-1713|88.91|-1654.2,-206.1;-1650.8,-138.9;-1692.9,-136.8;-1696.3,-204.0
BuildingSourceSlice_orph_1894_-1483|146.80|1898.2,-1464.5;1875.7,-1479.2;1890.6,-1502.0;1913.1,-1487.3
BuildingSourceSlice_orph_-347_789|60.83|-354.5,716.9;-330.0,718.7;-340.2,862.5;-364.7,860.5;-361.7,818.1;-351.6,818.8;-351.0,809.8;-361.0,809.1
BuildingSourceSlice_fbx_3_-6937_1435_23197|64.66|-729.2,2311.7;-729.3,2304.3;-716.4,2304.0;-713.6,2294.8;-660.8,2292.5;-658.2,2343.3;-672.2,2344.4;-672.9,2343.3;-687.8,2345.1;-687.8,2346.3;-724.2,2346.8;-724.6,2327.6;-723.5,2327.6;-718.7,2311.4
BuildingSourceSlice_fbx_11_20040_1057_7291|96.87|2015.4,739.2;2000.4,747.1;1992.4,731.9;1993.3,714.7;2001.3,710.9
BuildingSourceSlice_fbx_5_7624_1287_3692|79.02|756.2,330.2;787.9,310.1;824.0,386.9;787.6,398.3
BuildingSourceSlice_fbx_5_7624_1287_3692|79.02|787.9,399.9;763.9,408.1;736.9,342.1;756.2,330.2
BuildingSourceSlice_fbx_2_20524_1581_-2930|146.35|2059.7,-309.9;2064.5,-298.5;2067.0,-299.5;2067.7,-298.2;2081.5,-265.5;2079.7,-264.8;2082.2,-259.1;2055.8,-247.6;2022.7,-326.5;2051.0,-338.3;2061.8,-311.3
BuildingSourceSlice_orph_-1237_2113|94.28|-1244.0,2118.1;-1261.8,2117.9;-1262.3,2101.4;-1217.0,2102.1;-1216.4,2119.8;-1214.7,2119.9;-1222.1,2133.2
BuildingSourceSlice_fbx_6_14430_1710_-14826|144.86|1448.2,-1520.3;1469.2,-1455.0;1437.8,-1444.9;1416.8,-1510.2
BuildingSourceSlice_fbx_16_5036_995_-2431|80.03|485.5,-254.8;506.5,-264.4;521.8,-231.4;500.7,-221.7
BuildingSourceSlice_fbx_9_-10121_1247_8596|92.94|-1018.8,882.7;-1031.7,845.7;-1005.4,836.5;-992.5,873.5
BuildingSourceSlice_fbx_6_5335_1499_-14494|125.10|518.4,-1410.7;495.2,-1439.1;496.8,-1440.4;493.4,-1444.7;537.1,-1481.3;538.1,-1480.1;548.2,-1488.1;573.7,-1455.8
BuildingSourceSlice_fbx_6_5335_1499_-14494|125.10|573.2,-1406.0;569.0,-1403.2;562.7,-1403.2;560.8,-1405.1;546.6,-1408.3;547.3,-1409.7;538.6,-1422.7;555.5,-1433.9;558.5,-1427.9;580.3,-1434.2;580.8,-1425.2;566.5,-1415.1;580.8,-1417.7;580.7,-1408.3;574.2,-1404.5
BuildingSourceSlice_part_-1527_-1575|62.10|-1533.8,-1670.6;-1444.0,-1542.1;-1477.4,-1526.5;-1476.3,-1524.3;-1516.9,-1505.1;-1512.4,-1496.2;-1549.7,-1470.9;-1570.7,-1514.3;-1544.6,-1527.2;-1597.8,-1639.1
BuildingSourceSlice_fbx_9_-9217_1260_12074|87.63|-933.8,1251.2;-933.8,1224.3;-958.5,1223.9;-958.3,1178.8;-933.7,1178.2;-933.7,1163.6;-885.4,1163.8;-885.7,1251.3
BuildingSourceSlice_fbx_6_1442_1768_-17761|108.47|169.0,-1867.3;171.0,-1857.4;172.5,-1819.3;169.8,-1819.2;170.7,-1799.6;170.4,-1808.2;176.8,-1808.4;177.1,-1799.0;170.3,-1798.6;172.0,-1766.8;175.0,-1766.8;177.5,-1741.5;163.4,-1741.0;161.5,-1737.0;154.2,-1736.9;151.2,-1749.3;147.3,-1750.5;146.4,-1737.9;144.3,-1736.9;143.3,-1738.2;144.1,-1753.6;132.7,-1737.0;111.5,-1736.8;106.5,-1854.9
BuildingSourceSlice_fbx_6_1442_1768_-17761|108.47|112.1,-1725.2;115.9,-1730.4;126.8,-1731.1;127.7,-1729.4;125.6,-1726.1;142.7,-1726.9;143.2,-1730.6;145.3,-1731.0;145.6,-1724.2;159.0,-1704.7;155.2,-1730.9;173.5,-1731.2;176.9,-1729.0;176.4,-1726.2;180.4,-1724.1;180.4,-1720.2;164.7,-1689.7;155.8,-1685.3;140.1,-1685.0;139.5,-1695.5;113.6,-1692.8
BuildingSourceSlice_fbx_4_-11201_1148_-4151|58.73|-1107.6,-440.2;-1092.4,-422.7;-1129.1,-388.2;-1148.7,-409.0;-1111.6,-442.2;-1109.3,-439.7
BuildingSourceSlice_orph_2571_-546|123.09|2561.6,-557.1;2559.1,-558.3;2559.9,-558.9;2585.2,-564.0;2591.7,-544.7;2592.7,-537.4;2560.5,-527.7;2544.9,-554.7;2546.8,-552.9
BuildingSourceSlice_fbx_1_-21265_1986_6741|137.21|-2124.1,693.1;-2145.8,674.8;-2129.0,655.0;-2107.3,673.3
BuildingSourceSlice_fbx_11_15220_1518_5689|120.39|1524.9,597.5;1493.7,573.7;1519.0,540.5;1550.2,564.3
BuildingSourceSlice_fbx_5_7083_850_8135|71.13|707.4,777.7;722.7,785.3;721.6,787.5;732.7,793.0;723.4,812.9;725.3,813.9;707.8,849.2;683.4,837.2;699.5,805.0;694.9,802.8
BuildingSourceSlice_fbx_14_4063_1067_-1062|91.55|406.3,-52.5;362.5,-153.4;377.4,-159.9;379.3,-159.6;406.9,-139.4;408.3,-136.5;437.2,-116.2;456.0,-74.6
BuildingSourceSlice_fbx_10_-22010_1414_-11566|65.08|-2229.1,-1225.0;-2226.8,-1227.1;-2200.2,-1227.3;-2187.2,-1219.1;-2183.4,-1215.0;-2188.0,-1210.3;-2189.2,-1209.6;-2190.6,-1211.9;-2195.8,-1207.4;-2193.9,-1205.3;-2203.8,-1196.4
BuildingSourceSlice_fbx_10_-22010_1414_-11566|65.08|-2269.1,-1154.3;-2266.8,-1154.6;-2230.1,-1215.8;-2223.1,-1208.7;-2223.6,-1207.3;-2224.6,-1208.4;-2229.1,-1201.6;-2223.5,-1195.9;-2217.8,-1201.0;-2218.9,-1202.1;-2216.9,-1202.4;-2198.2,-1183.2;-2196.6,-1184.7;-2199.3,-1189.6;-2183.9,-1204.9;-2182.1,-1205.0;-2143.1,-1161.4;-2141.7,-1162.7;-2131.9,-1152.0;-2148.5,-1136.6;-2157.1,-1145.9;-2152.0,-1153.5;-2211.3,-1097.5;-2213.1,-1093.4;-2244.9,-1126.5;-2248.2,-1123.4;-2256.3,-1131.6;-2253.0,-1134.8;-2270.0,-1152.7
BuildingSourceSlice_orph_1567_1636|78.00|1523.7,1632.6;1578.1,1596.7;1586.6,1609.7;1587.5,1609.2;1609.5,1636.6;1597.8,1644.3;1600.7,1648.6;1576.5,1664.5;1573.7,1660.2;1552.3,1674.3
BuildingSourceSlice_fbx_1_-30684_1634_4163|126.19|-3100.8,426.2;-3089.4,394.4;-3036.0,412.0;-3041.9,433.1;-3048.0,431.4;-3051.0,438.6
BuildingSourceSlice_fbx_4_-10248_1127_-17448|94.79|-1049.0,-1775.9;-1026.4,-1769.3;-1024.4,-1775.9;-1004.9,-1770.3;-1005.4,-1768.5;-990.7,-1763.7;-995.7,-1746.1;-988.7,-1744.0;-988.3,-1739.9;-996.4,-1713.8;-1011.2,-1718.2;-1011.8,-1716.3;-1062.3,-1731.4
BuildingSourceSlice_orph_1749_-336|137.74|1748.1,-321.9;1749.2,-323.5;1730.5,-341.5;1739.7,-354.0;1767.5,-333.9;1756.1,-316.3
BuildingSourceSlice_orph_-73_3240|92.17|-50.3,3226.9;-56.8,3264.1;-97.3,3248.1;-91.0,3219.2
BuildingSourceSlice_orph_-28_1965|81.72|-41.2,1984.0;-40.3,1945.8;-14.1,1946.5;-15.0,1984.6
BuildingSourceSlice_fbx_3_2419_1510_16823|89.09|263.0,1634.2;229.3,1668.8;208.6,1649.5;228.1,1629.4;257.8,1629.4
BuildingSourceSlice_fbx_3_2419_1510_16823|89.09|239.2,1663.0;264.3,1637.0;278.6,1654.0;280.8,1653.3;286.6,1658.9;222.1,1726.1;220.5,1726.4;198.5,1706.0;196.9,1668.7;205.6,1659.8;224.6,1678.1;225.4,1677.3;226.6,1678.4;240.0,1663.7
BuildingSourceSlice_fbx_1_-29812_1769_2006|127.42|-2961.4,203.1;-2994.9,226.2;-2997.5,222.6;-3000.9,205.8;-2989.4,179.5;-2982.3,174.2
BuildingSourceSlice_fbx_12_24043_1789_-13116|136.61|2414.0,-1290.8;2415.6,-1294.1;2380.3,-1310.3;2392.8,-1332.9;2429.3,-1312.9;2415.7,-1289.5
BuildingSourceSlice_fbx_5_9965_1183_2943|90.27|999.5,325.4;973.5,272.7;991.9,263.2;1019.4,315.4
BuildingSourceSlice_orph_-988_1227|91.85|-1015.6,1224.4;-1013.0,1224.3;-1013.0,1201.8;-973.2,1201.7;-973.4,1190.2;-962.3,1190.0;-964.5,1253.5;-962.9,1253.9;-1014.3,1256.3
BuildingSourceSlice_fbx_12_17076_2176_-12507|147.26|1734.0,-1220.2;1701.9,-1210.8;1681.2,-1280.9;1689.5,-1283.4;1689.2,-1284.8;1713.2,-1290.6
BuildingSourceSlice_fbx_7_9565_1504_16140|85.42|886.9,1580.4;982.8,1548.6;1015.6,1647.7;919.7,1679.5
BuildingSourceSlice_fbx_15_-24174_809_-17318|60.91|-2429.5,-1711.7;-2440.6,-1728.0;-2405.3,-1751.9;-2394.3,-1735.7
BuildingSourceSlice_fbx_11_24269_1597_475|121.89|2407.6,30.8;2407.7,29.5;2419.6,28.6;2422.2,29.7;2459.0,25.2;2459.4,27.5;2464.3,27.2;2464.8,32.6;2468.2,32.4;2469.6,49.0;2459.0,50.0;2459.9,60.1;2431.8,62.4;2432.0,65.9;2386.0,69.8;2384.1,48.0;2393.5,47.2;2394.5,43.4;2393.8,32.1
BuildingSourceSlice_fbx_11_19645_1244_6186|102.98|1944.1,596.3;1987.6,599.6;1990.6,622.4;1938.3,640.9
BuildingSourceSlice_fbx_7_19928_1118_22641|80.33|1966.4,2260.3;1991.8,2233.9;2020.3,2261.7;1992.7,2290.3;1984.6,2290.7;1976.5,2283.3;1980.1,2277.1;1964.2,2261.2
BuildingSourceSlice_fbx_5_-1594_1283_9366|64.98|-143.7,977.3;-188.6,969.2;-183.1,949.0;-196.3,946.0;-188.6,902.9;-187.6,901.7;-184.8,902.0;-183.6,895.4;-129.8,905.8
BuildingSourceSlice_orph_-2881_1361|136.88|-2950.2,1305.9;-2914.8,1354.8;-2839.8,1290.7;-2831.7,1300.5;-2846.2,1312.5;-2802.4,1366.6;-2866.3,1418.0;-2911.8,1412.4;-2972.0,1320.1
BuildingSourceSlice_fbx_12_28134_2008_-16660|139.03|2790.5,-1642.1;2802.1,-1698.2;2836.4,-1686.3;2816.6,-1633.8
BuildingSourceSlice_fbx_12_28134_2008_-16660|139.03|2843.9,-1656.9;2833.1,-1626.3;2816.7,-1631.3;2836.2,-1684.3;2843.9,-1681.4
BuildingSourceSlice_fbx_7_7468_1734_20545|111.60|763.1,2047.3;765.9,2052.8;766.5,2058.6;754.8,2069.0;727.1,2069.7;726.4,2040.1;752.9,2039.4
BuildingSourceSlice_orph_-3011_520|127.11|-3026.8,500.6;-3023.0,511.2;-3001.9,511.4;-2991.3,504.1;-2982.6,516.4;-3012.1,538.3;-3017.6,530.3;-3032.0,538.7;-3029.5,501.6
BuildingSourceSlice_orph_-1703_-2176|75.13|-1754.2,-2164.0;-1750.6,-2174.2;-1731.2,-2187.8;-1720.0,-2216.8;-1662.3,-2196.4;-1657.2,-2209.6;-1643.5,-2189.7;-1668.2,-2178.0;-1680.8,-2144.5;-1684.8,-2145.1;-1718.4,-2136.7;-1715.3,-2143.2;-1724.1,-2146.7;-1727.7,-2139.4;-1737.0,-2151.7;-1745.5,-2154.9
BuildingSourceSlice_fbx_6_8474_1544_-12371|125.72|798.1,-1267.2;803.4,-1262.5;804.6,-1263.5;849.2,-1313.4;879.5,-1285.6;860.5,-1263.1;884.2,-1242.3;903.8,-1264.0;925.7,-1246.1;850.2,-1160.3;829.8,-1179.7;848.6,-1201.8;820.1,-1226.9;801.7,-1206.9;769.1,-1234.4
BuildingSourceSlice_fbx_6_8474_1544_-12371|125.72|808.8,-1188.4;777.2,-1152.8;774.7,-1154.2;770.2,-1219.8;771.7,-1221.4
BuildingSourceSlice_fbx_6_8474_1544_-12371|125.72|880.3,-1174.7;875.5,-1183.7;884.0,-1187.6;887.3,-1178.1;889.6,-1178.5;900.0,-1157.8;890.0,-1152.9;886.9,-1152.8;871.2,-1170.2
BuildingSourceSlice_orph_450_-1532|120.57|420.3,-1534.5;463.0,-1553.8;471.9,-1523.7;446.5,-1512.7;445.2,-1515.6;421.9,-1531.4
BuildingSourceSlice_fbx_3_-1860_1319_14694|73.07|-149.7,1501.8;-232.8,1477.3;-232.5,1460.0;-238.4,1457.3;-235.9,1436.6;-172.4,1445.0;-141.0,1451.0;-139.8,1463.9;-133.4,1464.0;-133.8,1497.2;-138.7,1497.6;-139.5,1498.9;-140.5,1493.4;-145.3,1501.7
BuildingSmooth_8_3990_1682_30243_Residual_4ed4bd04_Body01|125.37|411.9,3020.4;408.8,3030.9;407.8,3030.6;411.0,3020.1
BuildingSmooth_8_3990_1682_30243_Residual_4ed4bd04_Body01|125.37|383.7,3050.0;382.8,3050.1;382.6,3043.4;383.5,3043.4
BuildingSmooth_8_3990_1682_30243_Residual_4ed4bd04_Body01|125.37|383.4,3040.5;381.2,3043.6;395.2,3053.5;397.4,3050.4
BuildingSmooth_8_3990_1682_30243_Residual_4ed4bd04_Body01|125.37|383.4,3040.5;382.5,3040.6;382.6,3043.4;383.5,3043.4
BuildingSmooth_8_3990_1682_30243_Residual_4ed4bd04_Body01|125.37|416.7,3021.8;416.4,3022.8;411.6,3021.3;411.9,3020.4
BuildingSmooth_8_3990_1682_30243_Residual_4ed4bd04_Body01|125.37|413.8,3031.4;413.5,3032.4;408.8,3030.9;409.0,3030.0
BuildingSmooth_8_3990_1682_30243_Residual_4ed4bd04_Body01|125.37|417.7,3022.1;414.5,3032.6;413.5,3032.4;416.7,3021.8
BuildingSmooth_8_3990_1682_30243_Residual_4ed4bd04_Body01|125.37|398.9,3051.5;396.8,3054.6;395.2,3053.5;397.4,3050.4
BuildingSmooth_8_3990_1682_30243_Residual_4ed4bd04_Body01|125.37|424.8,3027.9;426.7,3034.3;415.6,3037.7;413.7,3031.3
BuildingSmooth_8_3990_1682_30243_Residual_4ed4bd04_Body01|125.37|415.6,3037.7;416.7,3049.9;398.9,3051.5;397.8,3039.3
BuildingSmooth_8_3990_1682_30243_Residual_4ed4bd04_Body01|125.37|395.2,3053.5;390.6,3057.6;383.7,3050.0;388.3,3045.9
BuildingSmooth_8_3990_1682_30243_Residual_4ed4bd04_Body01|125.37|383.4,3040.5;378.9,3044.7;383.7,3050.0;388.3,3045.9
BuildingSmooth_8_3990_1682_30243_Residual_4ed4bd04_Body01|125.37|428.0,3006.9;431.6,3011.7;429.1,3013.5;425.5,3008.8
BuildingSmooth_8_3990_1682_30243_Residual_4ed4bd04_Body01|125.37|383.4,3040.5;386.1,3043.7;428.0,3006.9;425.2,3003.8
BuildingSmooth_8_3990_1682_30243_Residual_4ed4bd04_Body01|125.37|383.4,3040.5;385.4,3046.9;415.6,3037.7;413.7,3031.3
BuildingSmooth_8_3990_1682_30243_Residual_4ed4bd04_Body01|125.37|383.4,3040.5;388.6,3049.3;424.8,3027.9;419.6,3019.1
BuildingSmooth_8_3990_1682_30243_Residual_4ed4bd04_Body01|125.37|383.4,3040.5;384.5,3052.8;398.9,3051.5;397.8,3039.3
BuildingSmooth_8_3990_1682_30243_Residual_4ed4bd04_Body01|125.37|429.1,3013.5;434.3,3022.3;424.8,3027.9;419.6,3019.1
BuildingSmooth_8_3990_1682_30243_Residual_4ed4bd04_Body01|125.37|415.3,3026.6;415.0,3027.6;410.2,3026.1;410.5,3025.2
BuildingSmooth_8_3990_1682_30243_Residual_4ed4bd04_Body01|125.37|383.4,3040.5;381.7,3038.6;423.1,3002.3;424.8,3004.2
BuildingSmooth_8_3990_1682_30243_Residual_4ed4bd04_Body01|125.37|426.0,3003.2;428.7,3006.3;428.0,3006.9;425.2,3003.8
BuildingSmooth_8_3990_1682_30243_Residual_4ed4bd04_Body01|125.37|414.5,3022.2;411.9,3030.8;411.0,3030.5;413.5,3021.9
BuildingSmooth_8_3990_1682_30243_Residual_4ed4bd04_Body01|125.37|426.0,3003.2;424.3,3001.3;423.1,3002.3;424.8,3004.2
BuildingSmooth_8_3990_1682_30243_Residual_4ed4bd04_Body01|125.37|383.4,3040.5;387.0,3045.3;429.1,3013.5;425.5,3008.8
BuildingSourceSlice_fbx_11_17031_1714_1338|131.69|1671.8,136.2;1674.5,129.2;1676.2,129.6;1676.8,128.4;1685.3,132.3;1692.2,116.6;1734.3,134.6;1725.3,154.8;1716.0,150.7;1714.9,152.8;1686.5,140.2
BuildingSourceSlice_fbx_9_-11054_1726_7822|100.34|-1138.2,837.3;-1148.1,786.9;-1149.2,786.5;-1153.6,763.2;-1136.1,759.9;-1142.9,725.2;-1081.7,713.4;-1057.2,839.2;-1118.4,851.1;-1121.9,835.0
BuildingSourceSlice_fbx_9_-9940_1725_1111|71.59|-1026.7,104.2;-973.5,86.1;-961.2,117.3;-978.1,123.9;-978.7,122.2;-1015.2,136.1
BuildingSourceSlice_fbx_7_10163_1016_15708|81.56|998.6,1555.5;1014.3,1546.7;1033.6,1581.1;1020.7,1589.0;1008.6,1589.0;1004.7,1579.6;1002.2,1578.8
BuildingSourceSlice_fbx_4_-10810_1168_-16392|90.51|-1078.3,-1614.4;-1086.3,-1618.5;-1090.6,-1626.1;-1098.1,-1626.0;-1099.1,-1627.5;-1085.2,-1668.6;-1066.3,-1661.0;-1064.1,-1661.8;-1064.8,-1656.2
BuildingSourceSlice_fbx_11_13842_1435_2949|112.96|1380.1,329.6;1366.6,340.8;1348.8,319.1;1362.3,308.0
BuildingSourceSlice_orph_2586_-1400|131.82|2531.2,-1329.0;2514.9,-1343.4;2518.0,-1352.5;2489.0,-1372.4;2574.0,-1496.5;2575.0,-1491.2;2581.1,-1499.8;2683.9,-1429.5;2622.7,-1340.0;2630.4,-1342.6;2622.7,-1331.4;2618.6,-1334.1;2595.1,-1299.8;2539.2,-1338.0
BuildingSourceSlice_orph_991_1744|88.64|914.1,1705.0;911.1,1691.9;922.2,1689.2;928.8,1718.4;940.2,1716.9;983.8,1705.8;1021.1,1692.8;1022.3,1694.4;1029.8,1692.0;1030.1,1693.0;1058.9,1682.3;1078.1,1741.6;1038.6,1751.7;1038.5,1753.9;1021.4,1756.2;1012.2,1758.9;1016.5,1779.7;1009.6,1781.9;1018.0,1803.4;963.7,1820.1;950.5,1780.8;932.5,1783.8;912.7,1720.6;909.0,1705.0
BuildingSourceSlice_orph_-1986_-1775|63.47|-1972.1,-1744.7;-1997.3,-1759.3;-1996.2,-1761.3;-2023.8,-1778.0;-2009.5,-1801.8;-1982.2,-1785.4;-1975.5,-1796.8;-1950.4,-1782.2
BuildingSourceSlice_fbx_5_12295_1316_4974|112.66|1247.9,472.7;1247.8,490.7;1230.3,519.9;1215.4,520.3;1200.0,508.3;1205.5,499.5;1204.8,497.0;1194.8,499.3;1191.2,482.8;1246.5,470.2
BuildingSourceSlice_fbx_11_18226_1369_5791|114.20|1832.3,540.4;1830.6,617.3;1837.4,617.5;1838.6,619.0;1803.6,618.9;1804.7,566.9;1810.2,566.5;1810.8,538.9;1812.9,540.0;1831.7,539.3
BuildingSourceSlice_fbx_9_-12032_1307_744|72.38|-1197.2,34.8;-1175.3,98.1;-1180.6,101.9;-1174.6,100.3;-1173.9,102.2;-1206.7,114.0;-1232.2,38.4
BuildingSourceSlice_fbx_4_-10485_1441_-13836|81.49|-1103.6,-1394.0;-1103.3,-1395.8;-1061.6,-1421.6;-1039.7,-1388.2;-1019.5,-1381.3;-1019.2,-1369.4;-1021.0,-1364.7;-1064.7,-1345.3;-1071.9,-1353.5;-1078.2,-1348.7;-1088.3,-1361.6;-1090.6,-1359.9;-1095.8,-1366.6;-1093.6,-1368.4;-1104.4,-1382.2;-1098.3,-1386.9
BuildingSourceSlice_fbx_15_-22668_2021_-23092|63.06|-2317.0,-2262.4;-2377.3,-2338.3;-2246.6,-2442.1;-2186.3,-2366.2;-2196.7,-2357.9;-2176.7,-2332.8;-2176.7,-2317.9;-2187.0,-2309.8;-2214.2,-2344.0;-2222.7,-2337.3;-2195.3,-2302.8;-2212.8,-2288.9;-2240.2,-2323.4;-2249.0,-2316.4;-2221.4,-2281.6;-2238.9,-2267.7;-2266.5,-2302.5
BuildingSourceSlice_orph_-2085_1115|139.15|-2114.4,1104.9;-2131.1,1084.8;-2102.6,1061.3;-2070.3,1102.2;-2047.3,1127.2;-2049.3,1128.7;-2038.1,1142.2;-2067.8,1166.2;-2079.0,1152.7;-2080.4,1153.8;-2117.9,1107.7
BuildingSourceSlice_orph_-1352_-351|63.94|-1448.4,-380.5;-1430.4,-399.9;-1407.8,-379.0;-1362.5,-428.2;-1264.9,-336.6;-1269.8,-331.5;-1279.8,-331.6;-1291.3,-317.2;-1291.1,-309.1;-1328.1,-270.4;-1333.4,-276.7;-1390.7,-329.8;-1406.5,-315.1;-1414.3,-323.5;-1399.1,-337.6
BuildingSmooth_6_3313_1126_-19044_ResidualBody04|101.61|329.1,-1893.1;327.2,-1906.3;328.2,-1906.4;330.1,-1893.3
BuildingSmooth_6_3313_1126_-19044_ResidualBody04|101.61|325.7,-1898.9;325.6,-1899.8;331.5,-1900.7;331.7,-1899.7
BuildingSmooth_6_3313_1126_-19044_ResidualBody04|101.61|332.7,-1892.6;330.5,-1907.8;331.5,-1907.9;333.7,-1892.8
BuildingSmooth_6_3313_1126_-19044_ResidualBody04|101.61|324.3,-1880.5;319.1,-1917.1;334.4,-1919.2;339.5,-1882.6
BuildingSmooth_6_3313_1126_-19044_ResidualBody04|101.61|326.7,-1891.8;326.6,-1892.8;332.5,-1893.6;332.7,-1892.6
BuildingSmooth_6_3313_1126_-19044_ResidualBody04|101.61|324.7,-1905.9;324.6,-1906.9;330.5,-1907.8;330.7,-1906.8
BuildingSmooth_6_3313_1126_-19044_ResidualBody04|101.61|325.7,-1891.6;323.6,-1906.8;324.6,-1906.9;326.7,-1891.8
BuildingSourceSlice_orph_2238_-19|131.76|2250.9,-8.3;2226.2,-6.1;2224.2,-29.1;2248.3,-31.2;2248.3,-35.6
BuildingSourceSlice_fbx_1_-22256_1638_12201|141.01|-2250.5,1226.9;-2257.5,1218.3;-2257.5,1207.8;-2235.9,1190.5;-2224.1,1205.4
BuildingSourceSlice_fbx_1_-22256_1638_12201|141.01|-2214.5,1199.7;-2203.3,1212.0;-2206.5,1217.2;-2236.6,1240.6;-2249.5,1228.0
BuildingSourceSlice_fbx_10_-17869_1202_-10295|60.05|-1788.4,-1003.6;-1787.7,-1005.3;-1811.1,-1027.2;-1787.5,-1053.6;-1788.4,-1055.5;-1787.0,-1056.7;-1758.3,-1031.9;-1786.8,-1002.5
BuildingSourceSlice_fbx_16_17676_1828_164|132.09|1809.6,10.2;1800.5,29.1;1796.0,28.4;1794.8,30.2;1794.6,42.1;1790.9,47.2;1789.7,47.7;1781.9,43.3;1779.4,47.9;1772.7,48.1;1725.5,26.2;1746.5,-17.8;1777.7,-5.0
BuildingSourceSlice_orph_-3084_1023|131.93|-3066.7,1066.1;-3075.3,1065.1;-3078.0,1045.3;-3083.4,1045.2;-3082.2,1031.8;-3087.6,1031.4;-3090.4,1005.5;-3094.4,1005.4;-3096.8,992.0;-3097.8,968.0
BuildingSourceSlice_fbx_1_-31036_1757_7155|128.14|-3092.4,729.0;-3096.3,731.8;-3102.1,731.4;-3102.4,733.0;-3113.4,732.4;-3113.6,731.3;-3133.5,729.9;-3132.1,710.0;-3129.6,710.2;-3128.9,700.0;-3131.0,698.1;-3073.8,701.9;-3074.9,716.8;-3082.0,722.6;-3091.6,721.8
BuildingSourceSlice_fbx_16_14004_2243_-984|95.96|1339.9,-131.8;1339.1,-132.8;1402.6,-159.0;1400.5,-164.6;1423.4,-172.5;1440.7,-156.4;1439.3,-155.6;1463.9,-132.8;1389.8,-24.2;1362.1,-48.5;1360.2,-45.7;1298.6,-118.0
BuildingSourceSlice_fbx_11_20474_1264_5547|113.64|2075.2,519.8;2081.9,568.5;2079.5,576.7;2074.6,581.6;2068.9,583.2;2069.2,585.9;2042.5,589.5;2042.0,586.8;2021.2,589.7;2013.7,528.2
BuildingSourceSlice_fbx_11_20683_1521_-1069|138.24|2054.6,-108.7;2049.9,-108.4;2048.2,-129.6;2074.5,-132.5;2084.3,-131.5;2088.5,-79.1;2056.5,-76.6
BuildingSourceSlice_orph_-2298_-947|70.98|-2276.5,-821.7;-2419.2,-972.6;-2416.1,-978.0;-2426.3,-989.3;-2412.7,-1001.7;-2424.9,-1014.3;-2405.5,-1032.8;-2404.4,-1031.7;-2391.8,-1043.8;-2400.8,-1053.1;-2394.2,-1059.4;-2396.8,-1062.1;-2395.8,-1063.1;-2400.8,-1068.4;-2385.6,-1082.8;-2391.3,-1088.9;-2369.9,-1109.2;-2359.2,-1097.8;-2360.3,-1097.2;-2308.3,-1043.5;-2296.7,-1054.7;-2279.9,-1034.9;-2276.9,-1029.3;-2286.4,-1022.5;-2264.7,-999.4;-2261.8,-997.1;-2254.6,-1006.2;-2229.0,-984.9;-2240.6,-973.7;-2219.7,-952.1;-2231.3,-940.8;-2221.3,-930.3;-2204.9,-944.5;-2183.0,-942.9;-2150.9,-902.5;-2171.0,-876.8;-2237.2,-813.8;-2231.1,-807.4;-2239.5,-799.3;-2241.2,-801.1;-2251.6,-791.2;-2266.5,-806.7;-2258.7,-814.2;-2270.8,-827.0
BuildingSourceSlice_fbx_7_8737_1474_13792|79.14|834.5,1348.0;849.4,1337.3;843.9,1330.3;856.1,1298.2;882.6,1328.1;939.8,1420.6;939.2,1422.4;925.5,1430.8;923.9,1430.4;921.2,1426.1;916.0,1429.1;923.4,1436.7;922.4,1443.6;920.6,1444.6;915.1,1436.5;899.9,1447.0;895.7,1444.1;886.9,1452.0;874.7,1459.5;844.3,1414.5;815.7,1407.2;806.3,1393.7;821.0,1367.8;836.8,1359.0;837.3,1356.4;841.8,1359.2
BuildingSourceSlice_fbx_7_8737_1474_13792|79.14|811.4,1420.2;813.1,1418.4;844.6,1427.6;852.1,1451.6;811.3,1463.9;803.5,1441.3;804.4,1422.5
BuildingSourceSlice_fbx_6_6753_1756_-17787|107.13|730.4,-1773.6;741.0,-1719.8;661.5,-1692.5;667.7,-1675.1;638.3,-1662.8;630.9,-1662.8;601.1,-1734.2;611.3,-1739.3;634.4,-1690.1;642.0,-1738.8;628.3,-1768.1;625.3,-1766.7;627.8,-1758.6;600.6,-1747.4;586.6,-1777.4;655.9,-1809.8;644.8,-1835.0;697.5,-1861.3;693.1,-1870.4;695.0,-1869.8;742.6,-1893.3;750.6,-1893.3;773.5,-1848.6;773.4,-1845.4;714.1,-1814.7;712.7,-1817.3;701.0,-1811.7;704.7,-1799.4;677.3,-1785.8;689.6,-1761.1;728.4,-1734.8;705.5,-1784.3;728.0,-1793.9;735.6,-1776.9
BuildingSourceSlice_fbx_1_-21625_1985_6835|138.01|-2143.2,682.8;-2160.1,702.6;-2181.8,684.3;-2164.9,664.4
BuildingSourceSlice_fbx_4_-5325_1409_-17113|110.20|-509.1,-1675.4;-559.8,-1687.2;-567.5,-1685.9;-572.1,-1687.1;-557.2,-1743.9;-542.6,-1740.1;-539.5,-1751.6;-511.6,-1744.5;-513.1,-1738.7;-498.3,-1734.8;-494.4,-1731.8;-493.1,-1726.6;-505.6,-1677.5;-508.3,-1678.2
BuildingSourceSlice_orph_2963_-1294|131.70|2969.2,-1279.0;2953.0,-1280.9;2956.2,-1308.6;2972.4,-1306.7
BuildingSourceSlice_fbx_7_14728_1317_21483|88.65|1423.7,2058.6;1465.2,2058.6;1480.9,2067.2;1485.3,2063.1;1486.3,2064.2;1466.6,2083.6;1465.2,2082.3;1451.5,2095.8;1379.5,2158.9;1378.3,2157.6;1378.4,2150.4;1390.4,2123.1;1380.9,2113.4;1378.3,2094.1;1405.9,2067.6
BuildingSourceSlice_fbx_7_14728_1317_21483|88.65|1559.8,2142.9;1540.6,2159.3;1539.9,2158.5;1448.8,2227.1;1388.5,2156.7;1468.0,2087.3;1467.0,2086.3;1489.0,2069.1;1489.4,2066.8;1491.1,2066.9
BuildingSourceSlice_orph_2419_13|122.64|2382.0,3.9;2407.7,2.6;2408.2,8.5;2419.1,7.5;2418.1,1.2;2453.1,-3.7;2456.1,22.1;2429.9,25.2;2427.8,7.2;2419.8,7.6;2420.4,16.1;2409.1,16.5;2409.8,26.7;2384.1,30.5
BuildingSourceSlice_orph_-3043_299|126.50|-3046.4,277.0;-3027.0,284.0;-3040.3,321.1;-3059.6,314.1
BuildingSourceSlice_orph_-2428_-597|94.34|-2436.0,-566.3;-2455.1,-580.6;-2419.2,-628.4;-2400.2,-614.1
BuildingSourceSlice_fbx_1_-25514_2012_2155|128.08|-2453.7,245.2;-2459.6,254.0;-2458.3,276.9;-2539.1,279.3;-2538.8,297.1;-2559.8,313.7;-2606.6,316.2;-2609.9,247.6;-2593.3,233.1;-2649.9,236.2;-2657.5,229.7;-2663.5,132.2;-2655.8,123.6;-2471.7,116.1;-2461.2,218.7;-2467.4,226.4;-2497.2,228.1;-2496.7,237.4;-2471.8,236.7;-2463.9,245.4
BuildingSourceSlice_fbx_1_-20218_1980_6385|134.95|-2030.1,608.0;-2028.9,606.5;-1975.8,652.2;-2000.6,681.1;-2034.5,651.9;-2035.7,653.3;-2055.1,636.6;-2054.5,635.1;-2067.9,623.4;-2044.1,596.0
BuildingSourceSlice_orph_2183_-334|142.54|2167.4,-352.1;2183.8,-357.9;2198.8,-316.1;2182.4,-310.2
BuildingSourceSlice_fbx_8_3920_1881_23385|124.06|462.3,2300.3;463.2,2377.9;464.8,2381.8;459.6,2388.7;439.4,2388.7;319.2,2377.6;328.2,2300.9;337.1,2300.0;338.3,2286.9;451.0,2296.2;451.9,2298.6
BuildingSourceSlice_fbx_5_11404_945_7873|84.26|1178.9,772.6;1181.5,790.3;1106.8,801.3;1104.2,783.6
BuildingSourceSlice_fbx_13_-13133_1260_16313|98.29|-1324.2,1756.9;-1408.5,1723.7;-1315.8,1488.6;-1218.1,1527.0;-1242.8,1589.7;-1233.5,1593.3;-1246.2,1626.4;-1255.8,1622.7;-1309.2,1758.1;-1305.9,1759.6;-1311.6,1773.9;-1328.2,1767.5
BuildingSourceSlice_fbx_13_-13133_1260_16313|98.29|-1264.0,1791.4;-1268.0,1801.6;-1253.5,1807.3;-1257.9,1818.5;-1198.0,1842.3;-1203.3,1855.7;-1278.7,1825.8;-1274.3,1814.6;-1320.6,1796.9;-1260.5,1646.8;-1222.4,1661.4;-1272.9,1787.9
BuildingSourceSlice_fbx_1_-29413_1801_7768|130.11|-2942.1,800.0;-2945.5,796.0;-2956.2,803.5;-2972.2,780.6;-2967.9,772.0;-2962.0,766.7;-2938.1,750.2;-2935.1,754.5;-2932.4,752.8;-2910.4,783.5;-2926.7,795.7;-2929.8,791.4
BuildingSourceSlice_fbx_16_7376_1371_-4412|112.52|764.3,-425.7;731.1,-412.0;710.9,-461.1;733.2,-470.4;748.0,-463.8
BuildingSourceSlice_orph_-2305_1607|135.57|-2306.9,1501.6;-2289.1,1524.8;-2270.4,1509.9;-2272.7,1512.3;-2183.6,1618.9;-2297.1,1712.3;-2296.8,1705.4;-2318.6,1703.7;-2349.9,1683.4;-2402.3,1615.9;-2408.7,1620.2;-2428.5,1594.8
BuildingSourceSlice_fbx_1_-26872_1719_10819|134.99|-2684.4,1056.4;-2662.2,1085.5;-2690.6,1107.3;-2712.3,1078.8;-2691.3,1062.9;-2691.8,1062.2
BuildingSourceSlice_fbx_8_4776_1443_26101|128.93|495.0,2594.9;491.3,2624.4;460.2,2622.4;462.8,2596.5
BuildingSourceSlice_fbx_4_-3915_1236_-18642|107.66|-401.9,-1884.7;-379.4,-1879.2;-390.0,-1837.7;-382.4,-1834.6;-413.3,-1843.1
BuildingSourceSlice_orph_-204_-1847|107.20|-183.7,-1865.3;-176.6,-1853.9;-179.9,-1827.4;-194.8,-1829.1;-195.6,-1823.3;-212.2,-1823.4;-212.0,-1824.8;-226.1,-1827.1;-224.3,-1838.3;-228.3,-1835.9;-227.7,-1845.3;-230.5,-1845.9;-225.3,-1872.5
BuildingSourceSlice_orph_-948_-1730|98.01|-977.0,-1768.5;-908.6,-1750.8;-945.6,-1756.2;-947.1,-1750.6;-914.6,-1742.9;-904.0,-1742.0;-915.4,-1694.2;-955.1,-1704.1;-974.6,-1707.3;-973.0,-1714.1;-989.5,-1718.0
BuildingSourceSlice_fbx_6_4125_1771_-11600|122.74|443.5,-1151.7;388.1,-1126.1;369.7,-1160.7;375.9,-1193.1;396.2,-1192.0;455.3,-1193.8
BuildingSourceSlice_fbx_1_-24529_2180_10458|138.53|-2414.4,1057.0;-2449.3,1083.9;-2491.2,1026.6;-2476.5,1015.6;-2474.9,1016.7;-2462.4,1007.9;-2457.1,1014.5;-2449.2,1009.3
BuildingSourceSlice_fbx_1_-30477_1736_3611|126.34|-3077.7,393.2;-3074.4,384.4;-3083.7,380.6;-3059.6,317.9;-3011.8,337.0;-3034.5,398.6;-3044.8,395.3;-3048.3,404.4
BuildingSourceSlice_orph_-1962_1891|119.86|-1996.0,1892.5;-1995.1,1893.7;-1986.5,1882.8;-1987.7,1881.7;-1965.1,1854.0;-1979.9,1873.2;-1975.3,1876.8;-1952.3,1849.5;-1947.5,1853.2;-1946.8,1852.3;-1918.7,1874.2;-1965.0,1932.4;-1982.4,1919.5;-1981.1,1918.2;-1993.2,1908.6;-1998.7,1915.6;-2009.5,1909.0
BuildingSourceSlice_fbx_11_25270_1247_1168|116.12|2514.6,81.9;2540.7,82.4;2539.4,151.7;2513.3,151.2
BuildingSourceSlice_fbx_7_9839_1144_13445|76.87|968.7,1331.9;979.4,1315.8;1005.4,1342.8;972.8,1373.3;962.4,1362.5;962.7,1347.7
BuildingSourceSlice_part_-3081_900|130.22|-3119.6,883.7;-3121.2,879.5;-3115.5,877.8;-3117.9,868.8;-3101.4,864.2;-3102.3,861.3;-3094.5,858.9;-3094.8,856.2;-3086.8,853.8;-3088.4,848.9;-3065.4,841.6;-3062.3,851.4;-3056.3,849.5;-3043.3,888.6;-3048.3,890.2;-3038.3,926.0;-3043.9,925.9;-3041.4,933.1;-3053.4,937.7;-3052.8,939.6;-3059.4,941.4;-3059.8,940.0;-3070.3,943.0;-3069.8,944.8;-3089.8,951.0;-3090.3,949.4;-3106.2,954.4;-3108.5,947.2;-3109.6,947.5;-3118.3,915.9;-3108.8,913.3;-3111.0,907.3;-3117.4,909.0;-3124.3,885.0
BuildingSourceSlice_orph_-726_2457|67.45|-783.5,2476.1;-781.9,2475.7;-779.9,2470.4;-763.9,2470.1;-762.3,2465.8;-764.2,2463.3;-760.8,2455.4;-778.9,2460.8;-777.4,2455.6;-762.8,2453.4;-760.9,2447.2;-775.1,2447.7;-768.4,2432.1;-746.2,2432.1;-746.3,2427.9;-738.5,2427.6;-738.7,2425.6;-659.8,2425.1;-662.8,2467.9;-672.5,2464.4;-693.2,2465.4;-723.8,2463.3;-728.8,2492.0;-734.0,2502.0;-742.3,2502.4;-742.4,2496.4;-767.3,2497.5;-767.1,2503.6;-789.5,2495.9
BuildingSourceSlice_fbx_11_14952_1476_1927|123.74|1510.9,210.3;1471.8,195.2;1479.4,175.2;1518.6,190.3
BuildingSourceSlice_orph_2020_102|129.46|1991.0,58.1;2004.2,54.5;2009.3,58.8;2023.6,60.6;2022.7,55.5;2025.8,66.6;2018.0,68.5;2019.8,74.7;2026.5,73.0;2026.6,69.6;2045.8,140.3;2038.3,142.5;2037.4,156.1;2024.8,155.3;2026.2,132.2;2021.8,131.7;2019.0,148.5;2017.5,143.7;1988.3,150.9;2017.4,143.1
BuildingSourceSlice_fbx_15_-20775_933_-15667|60.24|-2008.1,-1582.2;-2021.7,-1559.3;-2041.8,-1571.3;-2028.2,-1594.1
BuildingSourceSlice_fbx_15_-20775_933_-15667|60.24|-2062.0,-1605.8;-2079.4,-1576.1;-2023.5,-1543.4;-2045.6,-1506.2;-2107.4,-1542.5;-2106.0,-1544.7;-2131.3,-1571.5;-2098.6,-1627.1
BuildingSourceSlice_fbx_5_5726_974_2492|72.44|576.2,280.7;551.0,226.1;568.0,217.6;594.3,271.6
BuildingSourceSlice_fbx_5_5726_974_2492|72.44|559.6,284.8;548.2,258.3;546.7,258.4;548.4,256.6;543.5,245.4;543.5,230.6;551.3,227.3;574.0,278.5
BuildingSourceSlice_fbx_9_-16764_1901_8865|129.37|-1650.2,920.9;-1681.1,929.8;-1702.8,849.8;-1675.5,843.2
BuildingSourceSlice_fbx_4_-7229_1396_-17647|103.66|-688.9,-1787.9;-703.0,-1729.6;-757.0,-1742.3;-744.3,-1796.1;-739.2,-1795.0;-738.0,-1799.6
BuildingSourceSlice_fbx_10_-18377_2042_-1783|90.25|-1866.0,-220.4;-1816.1,-222.7;-1792.2,-215.0;-1791.2,-213.6;-1788.7,-146.0;-1812.3,-136.4;-1857.7,-133.9;-1883.7,-140.9;-1885.3,-147.6;-1887.2,-211.9
BuildingSourceSlice_fbx_5_6577_1460_10801|72.58|681.2,1098.5;669.5,1114.2;654.3,1118.2;615.3,1102.0;628.1,1072.7;627.9,1078.0;642.7,1044.4;697.3,1067.2;697.8,1068.8;691.5,1083.7;690.7,1084.9;688.4,1083.9
BuildingSourceSlice_fbx_11_17349_1475_6939|104.38|1789.9,673.9;1813.4,675.1;1813.4,695.3;1819.4,695.3;1817.4,700.3;1812.6,701.9;1794.3,701.9;1791.1,700.5;1789.2,697.6
BuildingSourceSlice_fbx_13_-9629_1099_13986|87.62|-936.5,1422.8;-936.7,1425.5;-977.6,1425.5;-977.6,1415.6;-982.6,1415.6;-983.2,1421.9;-1006.5,1421.9;-1006.8,1372.2;-940.3,1371.7;-940.3,1375.2;-918.8,1375.2;-918.8,1422.8
BuildingSourceSlice_orph_2113_-322|143.42|2122.6,-307.5;2104.8,-313.9;2099.1,-326.5;2116.6,-332.9;2123.8,-333.7;2122.8,-315.9;2118.9,-318.7
BuildingSourceSlice_orph_1958_2024|79.83|1979.8,2031.7;1966.0,2044.3;1937.1,2015.7;1950.6,2003.0
BuildingSourceSlice_orph_2078_-4|133.97|2091.5,-20.0;2094.0,9.4;2071.4,11.6;2071.0,7.2;2063.7,7.9;2061.5,-16.4
BuildingSourceSlice_fbx_7_13404_906_16348|78.17|1422.0,1557.2;1450.6,1606.5;1431.0,1617.9;1402.3,1568.6
BuildingSourceSlice_fbx_7_13404_906_16348|78.17|1416.6,1600.9;1431.2,1626.3;1310.8,1695.7;1275.5,1646.1;1249.6,1601.1;1294.7,1575.1;1317.2,1614.2;1357.6,1591.0;1359.6,1594.4;1395.3,1573.8;1412.4,1603.3
BuildingSourceSlice_fbx_15_-25477_1110_-18837|56.22|-2541.8,-1914.0;-2534.8,-1902.3;-2530.7,-1898.5;-2527.7,-1901.5;-2513.5,-1887.0;-2546.1,-1852.7;-2581.9,-1886.6;-2555.1,-1914.5;-2547.5,-1907.9
BuildingSourceSlice_orph_1392_-1384|140.57|1373.3,-1387.9;1390.7,-1393.4;1402.9,-1393.7;1408.4,-1376.8;1407.4,-1376.4;1406.4,-1379.7;1405.6,-1377.7;1402.5,-1376.8;1402.9,-1375.0;1399.0,-1373.8;1398.3,-1375.8;1383.7,-1372.4;1381.7,-1378.9;1378.4,-1378.4
BuildingSourceSlice_orph_1065_1226|73.21|1023.8,1246.1;1064.1,1177.7;1076.2,1172.5;1084.1,1173.5;1106.2,1183.6;1104.2,1187.2;1110.2,1190.0;1076.2,1259.5;1076.9,1263.0;1067.2,1284.0;1032.6,1269.8;1025.0,1260.9;1022.9,1254.0
BuildingSourceSlice_fbx_7_12126_1274_19099|92.02|1215.2,1889.0;1234.1,1911.2;1210.0,1931.6;1191.1,1909.4
BuildingSourceSlice_fbx_9_-9061_1529_7140|82.14|-930.8,683.8;-885.3,674.0;-882.0,736.7;-897.2,737.5;-897.3,753.6;-928.1,753.8
BuildingSourceSlice_orph_1583_133|126.72|1604.8,129.7;1594.7,151.7;1561.0,136.2;1571.0,114.2
BuildingSourceSlice_fbx_12_20702_1792_-21017|138.71|2097.3,-2160.2;2135.3,-2131.0;2138.2,-2128.9;2143.1,-2134.4;2176.4,-2108.7;2092.1,-1999.6;1970.0,-2093.3;1970.0,-2105.8;2044.2,-2202.5;2051.7,-2197.6;2056.6,-2202.7;2095.4,-2172.2;2094.1,-2170.3;2101.0,-2164.9
BuildingSourceSlice_fbx_7_13211_1253_17991|83.17|1268.9,1808.3;1331.7,1753.5;1373.6,1802.8;1326.3,1842.8;1271.4,1810.1;1269.9,1810.8
BuildingSourceSlice_fbx_10_-19397_1487_-2883|92.23|-1924.2,-343.1;-1921.7,-242.0;-1922.6,-238.5;-1925.3,-235.7;-1954.7,-235.2;-1958.6,-341.4
BuildingSourceSlice_fbx_5_5116_883_3649|70.70|525.3,346.9;533.3,366.1;501.1,382.9;489.9,361.4
BuildingSourceSlice_orph_1934_-1440|148.15|1941.6,-1465.7;1938.6,-1460.5;1944.4,-1456.7;1947.8,-1461.6;1960.4,-1452.7;1955.2,-1456.2;1927.0,-1415.5;1919.4,-1421.5;1921.6,-1424.5;1915.6,-1428.9;1912.4,-1425.0
BuildingSourceSlice_fbx_9_-10003_1458_5395|78.60|-953.3,476.3;-953.7,596.8;-955.2,597.2;-986.7,479.0;-954.9,470.9
BuildingSourceSlice_fbx_9_-10003_1458_5395|78.60|-1007.8,477.5;-1001.4,493.4;-991.1,489.1;-958.5,595.0;-993.2,601.4;-1041.9,493.1
BuildingSourceSlice_orph_1818_-472|142.74|1837.5,-466.6;1805.1,-458.4;1800.4,-466.0;1813.5,-487.9;1833.0,-479.7
BuildingSourceSlice_orph_908_-1313|123.48|854.1,-1334.6;876.1,-1356.3;878.8,-1353.9;879.5,-1354.6;877.1,-1357.3;878.5,-1358.6;872.6,-1366.5;876.7,-1374.1;889.7,-1369.4;891.9,-1371.5;910.5,-1354.7;912.0,-1356.3;945.9,-1325.6;940.3,-1319.5;968.0,-1294.3;971.4,-1297.5;929.4,-1251.2;900.8,-1275.9;899.8,-1274.8;851.6,-1319.7
BuildingSourceSlice_orph_1526_489|124.14|1536.2,471.4;1543.3,477.9;1522.6,508.9;1507.8,498.8;1529.2,468.6
BuildingSourceSlice_fbx_9_-15304_1815_8730|117.85|-1582.9,818.3;-1581.4,822.4;-1569.8,819.4;-1571.3,813.3;-1490.8,796.1;-1480.6,829.9;-1478.5,830.7;-1478.0,836.7;-1476.1,837.7;-1475.1,844.6;-1473.4,845.5;-1472.8,851.2;-1471.1,852.1;-1451.6,910.5;-1566.1,949.7;-1576.7,920.4;-1576.2,918.7;-1579.2,913.2;-1577.1,910.9;-1584.0,899.2;-1583.6,897.4;-1609.3,826.5;-1608.2,824.5
BuildingSourceSlice_fbx_9_-15304_1815_8730|117.85|-1442.7,939.8;-1442.9,952.6;-1443.6,954.6;-1446.3,955.5;-1446.4,957.5;-1450.1,958.6;-1495.9,958.3;-1502.0,938.6;-1448.6,922.1
BuildingSourceSlice_fbx_7_13320_1022_20261|91.34|1361.0,2014.4;1322.1,2054.7;1303.9,2037.1;1342.8,1996.8
BuildingSourceSlice_orph_-2998_1120|134.41|-2985.5,1127.9;-3003.4,1133.1;-3012.7,1112.9;-2990.0,1106.1
BuildingSourceSlice_orph_2444_277|112.74|2419.5,285.6;2419.0,273.3;2469.0,269.8;2470.3,282.3;2459.0,283.2;2458.9,280.7;2405.7,287.4
BuildingSourceSlice_orph_1994_-1372|148.16|1976.4,-1298.1;1947.9,-1387.5;1913.5,-1411.4;1919.5,-1419.9;1927.3,-1413.7;1955.5,-1454.4;2037.8,-1396.8;2064.4,-1322.0;2053.3,-1319.0;2053.6,-1317.7;1985.4,-1299.4
BuildingSourceSlice_orph_-1227_-674|55.27|-1197.2,-631.3;-1274.8,-703.7;-1284.2,-698.3;-1293.1,-706.6;-1281.5,-719.0;-1275.0,-712.9;-1264.0,-722.2;-1270.7,-728.0;-1263.4,-735.8;-1257.4,-730.2;-1254.7,-733.3;-1244.6,-724.4;-1253.7,-714.2;-1165.0,-631.3;-1192.2,-612.1;-1203.7,-624.1
BuildingSourceSlice_fbx_1_-22752_1979_9060|142.59|-2300.8,889.6;-2285.2,877.2;-2249.7,921.9;-2265.3,934.3
BuildingSourceSlice_fbx_1_-22752_1979_9060|142.59|-2266.6,935.9;-2274.0,941.8;-2292.6,941.8;-2308.3,922.1;-2308.1,911.2;-2303.3,911.3;-2308.3,904.7;-2308.2,897.0;-2303.4,892.9;-2308.1,886.6;-2307.7,884.7
BuildingSourceSlice_fbx_8_4928_1896_25838|129.28|470.4,2573.9;511.0,2572.3;515.3,2592.2;482.8,2592.4;482.9,2595.2;469.7,2595.2
BuildingSourceSlice_fbx_4_-4323_2039_-11354|111.01|-435.8,-1103.9;-437.4,-1098.9;-527.5,-1121.6;-506.8,-1186.5;-416.7,-1164.0;-420.0,-1153.9;-409.3,-1151.0;-409.0,-1153.4;-383.6,-1149.9;-382.9,-1154.7;-337.6,-1148.2;-339.9,-1132.2;-337.0,-1131.5;-347.9,-1084.3
BuildingSourceSlice_fbx_7_10094_1230_13588|75.87|970.3,1370.7;970.3,1336.5;975.9,1321.1;979.4,1315.8;1005.4,1342.8;972.8,1373.3
BuildingSourceSlice_fbx_7_10094_1230_13588|75.87|979.1,1386.0;984.6,1380.8;977.8,1372.1;1008.3,1343.9;1024.2,1319.9;1041.1,1326.6;1024.8,1360.2;1012.9,1370.5;1013.8,1371.7;1012.7,1372.6;1011.6,1371.4;1000.4,1381.0;1001.3,1382.1;985.3,1397.7
BuildingSourceSlice_orph_1228_-1155|128.95|1238.9,-1090.0;1227.5,-1071.3;1220.5,-1072.7;1215.9,-1079.7;1218.6,-1085.6;1202.4,-1080.7;1145.8,-1179.9;1152.2,-1196.4;1272.0,-1231.7;1291.2,-1166.0;1290.4,-1167.1;1290.4,-1147.8;1297.9,-1122.4;1294.0,-1124.4;1290.4,-1118.4;1290.4,-1102.9;1292.7,-1098.2;1281.8,-1103.2;1262.4,-1089.4
BuildingSourceSlice_orph_-1940_417|121.21|-1977.2,450.3;-1907.3,358.3;-1889.0,368.8;-1966.4,474.3;-1978.3,465.3
BuildingSourceSlice_orph_-1940_417|121.21|-1990.7,425.8;-1995.9,449.5;-2004.2,442.9
BuildingSourceSlice_orph_1876_499|113.72|1884.3,464.3;1886.2,521.7;1923.1,525.5;1923.4,535.0;1888.3,531.4;1866.2,532.0;1866.1,526.6;1857.7,526.8;1855.7,450.2
BuildingSourceSlice_fbx_2_26812_1421_-10046|120.04|2634.2,-1037.6;2649.2,-1051.2;2676.0,-1051.2;2679.9,-1053.3;2685.3,-1053.0;2678.7,-1046.4;2666.6,-1027.0;2634.2,-1036.2
BuildingSourceSlice_fbx_2_26812_1421_-10046|120.04|2678.4,-1032.6;2680.9,-1040.1;2688.6,-1049.5;2701.3,-1045.2;2705.3,-1042.3;2716.5,-1032.2;2714.8,-1028.0;2722.3,-1024.1;2701.1,-960.9;2694.1,-962.3;2693.5,-964.6;2659.3,-973.0;2658.6,-970.9;2640.0,-976.9;2650.6,-1008.0;2680.0,-998.3;2690.0,-1028.9
BuildingSourceSlice_fbx_2_24203_1442_-5299|130.14|2439.3,-545.8;2438.1,-521.6;2433.8,-520.2;2433.4,-512.3;2401.4,-513.8;2402.4,-547.5
BuildingSourceSlice_orph_-2858_739|130.37|-2896.6,759.3;-2907.5,769.6;-2911.9,763.2;-2828.5,705.1;-2813.8,726.5;-2877.5,767.0;-2878.5,762.9;-2889.5,768.7
BuildingSourceSlice_part_2012_17|132.92|1973.6,46.1;1971.3,46.9;1960.1,-0.5;1977.7,-6.3;1978.0,-5.1;2050.6,-22.3;2057.8,-4.5;2055.9,-1.9;2058.8,8.6;2057.2,9.0;2058.6,18.9;2063.1,33.6;2043.4,41.4;2042.6,38.5;2013.0,46.8;2013.3,48.1;1976.4,56.9
BuildingSourceSlice_fbx_11_21012_1834_150|132.58|2108.7,27.3;2109.8,41.0;2066.5,45.8;2063.8,14.1;2096.0,11.2;2097.4,12.6;2098.7,28.1
BuildingSmooth_11_20566_1029_7021|96.56|2059.6,694.6;2064.0,703.5;2063.1,704.0;2058.7,695.0
BuildingSmooth_11_20566_1029_7021|96.56|2064.7,697.1;2065.2,698.0;2058.0,701.5;2057.5,700.6
BuildingSmooth_11_20566_1029_7021|96.56|2062.3,692.1;2062.7,693.0;2055.5,696.6;2055.1,695.7
BuildingSmooth_11_20566_1029_7021|96.56|2057.2,714.7;2041.3,710.6;2046.1,692.4;2061.9,696.4
BuildingSmooth_11_20566_1029_7021|96.56|2067.2,702.0;2067.6,702.9;2060.4,706.4;2060.0,705.5
BuildingSmooth_11_20566_1029_7021|96.56|2065.4,682.8;2049.6,678.7;2046.1,692.4;2061.9,696.4
BuildingSmooth_11_20566_1029_7021|96.56|2055.1,695.7;2060.4,706.4;2059.5,706.9;2054.2,696.1
BuildingSmooth_11_20566_1029_7021|96.56|2063.2,691.7;2068.5,702.4;2067.6,702.9;2062.3,692.1
BuildingSmooth_11_20566_1029_7021|96.56|2057.2,714.7;2073.0,718.8;2076.5,705.1;2060.7,701.1
BuildingSmooth_11_20566_1029_7021|96.56|2065.4,682.8;2081.3,686.8;2076.5,705.1;2060.7,701.1
BuildingSourceSlice_fbx_6_13565_1747_-16196|142.42|1337.4,-1645.9;1339.9,-1646.6;1367.6,-1610.8;1347.5,-1603.7
BuildingSourceSlice_fbx_7_21306_1096_21992|82.45|2133.7,2227.2;2099.1,2189.7;2119.0,2171.2;2162.0,2200.4
BuildingSourceSlice_fbx_7_21306_1096_21992|82.45|2123.0,2218.8;2125.2,2221.1;2114.6,2234.3;2112.5,2234.4;2109.0,2229.9;2113.9,2226.0;2096.7,2207.5;2093.7,2210.1;2091.8,2209.1;2091.6,2197.9;2098.7,2191.2;2123.9,2217.9
BuildingSourceSlice_orph_316_-1014|111.65|296.2,-1019.4;327.9,-1030.9;335.8,-1009.0;304.2,-997.5
BuildingSourceSlice_fbx_6_5260_1561_-13371|128.84|522.1,-1358.2;546.2,-1324.2;505.9,-1315.8;518.5,-1358.4
BuildingSourceSlice_fbx_6_1389_1631_-9700|105.85|171.1,-1000.5;150.2,-957.5;137.4,-963.7;117.8,-923.5;114.9,-924.9;108.7,-912.1;79.6,-926.2;126.1,-1022.5
BuildingSourceSlice_fbx_9_-16519_1870_11522|121.87|-1675.3,1132.9;-1676.5,1130.5;-1646.4,1115.0;-1615.8,1170.7;-1628.1,1187.9;-1634.7,1183.0;-1639.6,1189.4;-1688.1,1152.9;-1683.3,1146.7;-1686.7,1139.2
BuildingSourceSlice_orph_-2989_413|127.02|-2972.3,404.3;-2959.8,421.4;-2992.0,445.0;-3001.2,432.4;-2994.6,427.5;-3000.5,419.3;-3006.6,422.3;-3013.0,413.6;-2999.5,372.7;-2976.4,407.3
BuildingSmooth_6_3313_1126_-19044_Residual_937ee519_Body01|101.61|359.4,-1940.5;360.1,-1935.3;363.2,-1935.7;362.4,-1940.9
BuildingSmooth_6_3313_1126_-19044_Residual_937ee519_Body01|101.61|340.4,-1876.5;323.9,-1882.9;344.4,-1936.2;360.9,-1929.9
BuildingSmooth_6_3313_1126_-19044_Residual_937ee519_Body01|101.61|363.2,-1935.7;346.7,-1942.1;344.4,-1936.2;360.9,-1929.9
BuildingSmooth_6_3313_1126_-19044_Residual_937ee519_Body01|101.61|344.4,-1936.2;369.9,-1918.1;340.4,-1876.5;314.9,-1894.6
BuildingSmooth_6_3313_1126_-19044_Residual_937ee519_Body01|101.61|344.4,-1936.2;344.5,-1940.8;359.4,-1940.5;359.3,-1935.8
BuildingSmooth_6_3313_1126_-19044_Residual_937ee519_Body01|101.61|340.4,-1876.5;340.0,-1879.6;300.3,-1874.0;300.7,-1871.0
BuildingSmooth_6_3313_1126_-19044_Residual_937ee519_Body01|101.61|363.2,-1935.7;363.3,-1940.4;359.4,-1940.5;359.3,-1935.8
BuildingSmooth_6_3313_1126_-19044_Residual_937ee519_Body01|101.61|333.7,-1880.7;332.0,-1892.5;333.0,-1892.7;334.7,-1880.8
BuildingSmooth_6_3313_1126_-19044_Residual_937ee519_Body01|101.61|322.3,-1890.2;322.1,-1891.1;332.0,-1892.5;332.2,-1891.6
BuildingSmooth_6_3313_1126_-19044_Residual_937ee519_Body01|101.61|328.1,-1880.9;326.7,-1890.8;327.7,-1890.9;329.1,-1881.0
BuildingSmooth_6_3313_1126_-19044_Residual_937ee519_Body01|101.61|323.0,-1884.7;322.9,-1885.7;332.8,-1887.1;333.0,-1886.1
BuildingSmooth_6_3313_1126_-19044_Residual_937ee519_Body01|101.61|323.8,-1879.3;323.7,-1880.3;333.6,-1881.6;333.7,-1880.7
BuildingSmooth_6_3313_1126_-19044_Residual_937ee519_Body01|101.61|322.8,-1879.1;321.2,-1891.0;322.1,-1891.1;323.8,-1879.3
BuildingSmooth_6_3313_1126_-19044_Residual_937ee519_Body01|101.61|300.3,-1874.0;325.8,-1856.0;340.4,-1876.5;314.9,-1894.6
BuildingSourceSlice_fbx_5_5238_1007_9606|70.07|485.6,987.4;498.2,956.8;501.2,958.0;515.4,923.5;534.2,915.6;562.4,927.6;556.9,940.8;555.2,940.2;542.7,970.5;544.4,971.2;530.6,1005.6
BuildingSourceSlice_fbx_9_-10563_1328_7720|98.44|-1056.7,835.5;-1080.8,714.4;-1052.0,708.5;-1032.2,798.0;-1032.2,801.7;-1038.7,803.2;-1033.1,830.8
BuildingSourceSlice_part_-114_-1770|110.00|-149.2,-1758.8;-147.0,-1758.3;-136.0,-1814.5;-97.2,-1806.5;-97.6,-1804.9;-76.7,-1800.8;-90.1,-1727.6;-153.0,-1739.3
BuildingSourceSlice_fbx_11_23716_1134_4615|108.32|2359.2,491.6;2346.9,476.7;2363.1,475.2;2359.8,434.6;2393.1,431.7;2396.3,464.1
BuildingSourceSlice_orph_1726_697|104.36|1812.5,674.6;1793.3,673.5;1793.4,664.5;1812.6,664.7
BuildingSourceSlice_orph_1726_697|104.36|1717.1,695.4;1735.6,692.2;1736.3,696.1;1743.8,694.8;1745.6,705.6;1772.2,699.7;1773.1,673.0;1789.4,673.8;1788.6,697.8;1790.7,700.9;1794.2,702.4;1812.6,702.4;1817.8,700.8;1820.1,694.8;1813.9,694.8;1813.9,675.1;1832.8,673.3;1832.9,695.4;1829.7,695.4;1830.2,708.4;1711.1,729.6;1710.3,723.3;1741.2,718.1;1739.8,710.4;1745.1,706.1;1700.3,713.9;1688.2,734.9;1636.9,690.4;1669.8,654.5
BuildingSourceSlice_orph_-185_1314|71.84|-139.0,1302.8;-138.8,1327.7;-230.9,1326.2;-229.3,1300.1
BuildingSourceSlice_orph_147_-285|72.16|26.2,-370.0;27.0,-368.0;65.5,-384.4;187.1,-442.2;201.1,-409.4;203.3,-412.2;255.0,-287.8;311.5,-244.0;310.6,-223.3;100.5,-137.3;100.8,-139.6;89.7,-139.6;5.7,-336.8
BuildingSourceSlice_fbx_9_-9550_1090_5340|73.70|-955.1,597.4;-986.7,479.0;-954.9,470.5;-923.3,588.9
BuildingSmooth_16_13031_2800_-356_Body01|271.57|1320.1,-61.3;1320.8,-60.6;1296.8,-40.4;1296.1,-41.1
BuildingSmooth_16_13031_2800_-356_Body01|271.57|1278.5,-87.1;1339.1,-15.2;1338.4,-14.6;1277.8,-86.5
BuildingSmooth_16_13031_2800_-356_Body01|271.57|1289.5,-97.7;1290.1,-96.9;1266.2,-76.7;1265.5,-77.5
BuildingSmooth_16_13031_2800_-356_Body01|271.57|1285.7,-140.6;1396.1,-9.6;1333.9,42.8;1223.6,-88.2
BuildingSmooth_16_13031_2800_-356_Body01|271.57|1265.5,-77.5;1327.4,-4.0;1326.6,-3.4;1264.7,-76.8
BuildingSmooth_16_13031_2800_-356_Body01|271.57|1350.7,-25.0;1351.4,-24.2;1327.4,-4.0;1326.8,-4.8
BuildingSmooth_16_13031_2800_-356_Body01|271.57|1290.2,-98.3;1352.1,-24.9;1351.4,-24.2;1289.5,-97.7
BuildingSourceSlice_fbx_7_6135_958_14211|83.32|634.9,1419.1;628.2,1443.9;586.0,1432.4;594.6,1398.2;631.4,1407.9;628.9,1417.5
BuildingSourceSlice_fbx_11_16373_1383_7961|94.94|1618.9,796.8;1621.6,792.4;1624.0,791.5;1650.9,796.9;1663.1,794.4;1663.9,808.3;1656.9,817.0;1619.1,823.3
BuildingSourceSlice_orph_14_2467|96.52|-41.4,2558.6;-36.6,2529.9;-35.3,2499.4;-36.4,2499.2;-34.1,2475.3;-33.2,2475.5;-29.0,2444.4;-28.8,2416.0;-25.6,2390.3;-0.7,2392.6;1.5,2366.9;67.3,2372.7;61.0,2444.2;62.2,2444.3;59.9,2470.7;58.6,2470.5;50.4,2552.1;47.7,2551.9;46.9,2560.9;16.0,2558.2;15.8,2560.5;-34.9,2558.0;-34.6,2559.2
BuildingSourceSlice_orph_414_-168|74.94|440.0,-160.6;429.7,-146.0;388.6,-174.9;398.8,-189.5
BuildingSourceSlice_orph_-2714_1215|136.78|-2721.3,1186.8;-2689.0,1229.2;-2706.5,1242.7;-2739.5,1201.9
BuildingSourceSlice_orph_-2143_1144|140.11|-2214.8,1113.5;-2170.3,1076.0;-2169.2,1079.7;-2152.3,1069.2;-2153.3,1070.1;-2138.3,1089.5;-2153.4,1101.8;-2141.2,1117.1;-2138.6,1114.9;-2112.2,1142.1;-2117.8,1146.6;-2081.6,1192.2;-2110.8,1214.7;-2118.1,1205.4;-2122.6,1209.0;-2131.3,1197.9;-2125.7,1193.6;-2141.2,1174.9;-2159.7,1187.3;-2167.8,1177.2;-2167.6,1119.7;-2169.1,1115.6;-2173.4,1113.3
BuildingSmooth_15_-18509_934_-15069_ResidualBody02|63.02|-1872.6,-1503.1;-1869.6,-1495.7;-1870.5,-1495.3;-1873.5,-1502.8
BuildingSmooth_15_-18509_934_-15069_ResidualBody02|63.02|-1862.4,-1507.2;-1862.0,-1506.3;-1872.2,-1502.2;-1872.6,-1503.1
BuildingSmooth_15_-18509_934_-15069_ResidualBody02|63.02|-1863.4,-1527.3;-1872.8,-1530.1;-1881.8,-1500.5;-1872.3,-1497.7
BuildingSmooth_15_-18509_934_-15069_ResidualBody02|63.02|-1866.6,-1504.4;-1864.4,-1498.9;-1865.3,-1498.5;-1867.6,-1504.1
BuildingSmooth_15_-18509_934_-15069_ResidualBody02|63.02|-1861.1,-1504.0;-1860.7,-1503.0;-1870.9,-1499.0;-1871.3,-1499.9
BuildingSmooth_15_-18509_934_-15069_ResidualBody02|63.02|-1861.4,-1507.6;-1858.5,-1500.2;-1859.4,-1499.8;-1862.4,-1507.2
BuildingSmooth_15_-18509_934_-15069_ResidualBody02|63.02|-1859.8,-1500.7;-1859.4,-1499.8;-1869.6,-1495.7;-1870.0,-1496.6
BuildingSmooth_15_-18509_934_-15069_ResidualBody02|63.02|-1874.5,-1490.5;-1883.9,-1493.3;-1881.8,-1500.5;-1872.3,-1497.7
BuildingSmooth_15_-18509_934_-15069_ResidualBody02|63.02|-1863.4,-1527.3;-1885.7,-1518.3;-1874.5,-1490.5;-1852.2,-1499.4
BuildingSourceSlice_fbx_6_11493_1616_-7969|139.80|1149.0,-823.3;1166.8,-777.2;1149.6,-770.5;1131.7,-816.7
BuildingSourceSlice_fbx_3_-1952_1705_16909|70.74|-154.8,1725.0;-154.8,1761.9;-207.2,1761.6;-208.2,1760.2;-208.4,1724.9
BuildingSourceSlice_orph_871_2898|133.22|895.1,2879.9;899.9,2908.1;846.6,2917.1;841.9,2888.8
BuildingSourceSlice_fbx_1_-20521_1941_5451|131.86|-2040.3,575.0;-2082.0,538.0;-2064.7,515.2;-2022.2,552.0
BuildingSourceSlice_orph_2536_-605|118.97|2534.8,-646.9;2558.7,-557.7;2570.3,-560.4;2546.5,-553.8;2545.8,-555.1;2549.4,-556.1;2517.7,-621.4;2514.1,-640.9
BuildingSourceSlice_fbx_10_-22189_1064_-7826|77.23|-2196.2,-780.6;-2218.6,-759.7;-2241.7,-784.6;-2219.4,-805.4
BuildingSourceSlice_fbx_11_21607_1686_5926|101.82|2125.0,572.2;2130.1,573.3;2131.0,575.1;2180.6,571.7;2180.4,570.1;2181.9,569.9;2181.1,561.1;2190.9,560.1;2192.3,573.9;2194.4,575.5;2199.4,616.7;2126.2,625.1;2121.9,586.5;2124.9,582.1;2124.0,573.9
BuildingSourceSlice_fbx_8_-4864_2352_23023|82.28|-526.1,2292.1;-526.8,2259.9;-537.5,2218.8;-435.4,2226.5;-442.8,2313.9;-442.6,2375.8;-501.4,2371.4;-524.5,2345.3;-525.3,2319.2;-532.9,2319.6;-532.7,2292.7
BuildingSourceSlice_fbx_5_6628_1096_8955|70.33|679.7,876.4;684.6,867.3;694.8,872.1;669.4,924.9;630.1,904.9;628.9,907.2;649.2,864.0;678.2,877.1
BuildingSourceSlice_fbx_4_-2446_1330_-8650|90.46|-255.1,-916.7;-221.4,-901.9;-235.9,-870.6;-213.1,-860.6;-234.7,-813.4;-276.0,-831.5;-258.5,-871.6;-273.1,-878.0
BuildingSourceSlice_fbx_5_7503_1041_1688|75.88|773.4,168.6;742.2,185.7;741.0,183.5;734.7,183.5;727.1,169.0;763.4,149.9
BuildingSourceSlice_fbx_1_-26036_1664_8666|135.51|-2637.2,880.0;-2581.1,837.8;-2569.7,853.0;-2625.8,895.3
BuildingSmooth_2_23496_1465_-4328_Body01|135.75|2357.5,-434.3;2342.4,-436.6;2342.5,-437.6;2357.6,-435.3
BuildingSmooth_2_23496_1465_-4328_Body01|135.75|2356.5,-427.4;2341.3,-429.7;2341.5,-430.6;2356.6,-428.4
BuildingSmooth_2_23496_1465_-4328_Body01|135.75|2364.7,-423.2;2332.2,-428.0;2334.4,-443.0;2366.9,-438.2
BuildingSmooth_2_23496_1465_-4328_Body01|135.75|2349.5,-429.5;2348.5,-429.6;2349.4,-435.5;2350.4,-435.4
BuildingSmooth_2_23496_1465_-4328_Body01|135.75|2342.5,-430.5;2341.5,-430.6;2342.4,-436.6;2343.3,-436.4
BuildingSmooth_2_23496_1465_-4328_Body01|135.75|2356.6,-428.4;2355.6,-428.6;2356.5,-434.5;2357.5,-434.3
BuildingSmooth_2_23496_1465_-4328_Body01|135.75|2356.0,-431.0;2342.8,-433.0;2343.0,-434.0;2356.1,-432.0
BuildingSourceSlice_fbx_9_-5220_1514_9071|64.66|-599.7,833.3;-468.1,827.4;-467.9,832.5;-465.9,832.4;-458.3,837.4;-458.0,842.8;-467.5,843.0;-464.6,908.5;-474.8,955.7;-481.2,956.0;-480.4,982.0;-593.0,986.8
BuildingSourceSlice_fbx_9_-7669_1077_10213|80.05|-813.6,1003.7;-721.4,1000.3;-720.1,1041.9;-739.9,1042.7;-740.7,1038.8;-812.5,1042.4
BuildingSourceSlice_fbx_4_-1164_1279_-9107|99.44|-88.8,-913.6;-95.7,-896.3;-116.2,-888.3;-143.9,-902.1;-129.5,-933.0
BuildingSourceSlice_fbx_1_-19481_1491_14012|129.78|-1940.5,1429.2;-1972.7,1387.7;-1972.8,1386.2;-1955.4,1373.8;-1922.2,1415.8
BuildingSourceSlice_orph_1616_-1606|144.84|1673.8,-1557.6;1556.2,-1650.3;1559.0,-1653.9;1676.7,-1561.1
BuildingSourceSlice_fbx_4_-2785_1360_-7089|82.77|-280.7,-747.7;-265.2,-741.0;-265.7,-739.9;-264.2,-739.3;-260.6,-747.4;-249.4,-742.5;-281.0,-670.0;-307.6,-682.4
BuildingSmooth_7_18207_865_20154_Body02|78.62|1818.9,2034.3;1816.3,2035.6;1816.0,2035.0;1818.7,2033.7
BuildingSmooth_7_18207_865_20154_Body02|78.62|1810.4,2024.0;1808.1,2026.2;1791.7,2009.8;1794.0,2007.6
BuildingSmooth_7_18207_865_20154_Body02|78.62|1800.7,1995.4;1798.0,1996.7;1816.0,2035.0;1818.7,2033.7
BuildingSmooth_7_18207_865_20154_Body02|78.62|1790.4,2004.0;1788.1,2006.2;1791.7,2009.8;1794.0,2007.6
BuildingSmooth_7_18207_865_20154_Body02|78.62|1800.7,1995.4;1799.5,1995.9;1810.4,2024.0;1811.6,2023.5
BuildingSmooth_7_18207_865_20154_Body02|78.62|1800.7,1995.4;1810.2,2036.3;1818.9,2034.3;1809.5,1993.4
BuildingSmooth_7_18207_865_20154_Body02|78.62|1810.4,2024.0;1798.5,2028.0;1790.4,2004.0;1802.2,2000.0
BuildingSmooth_7_18207_865_20154_Body02|78.62|1800.7,1995.4;1788.8,1999.5;1790.4,2004.0;1802.2,2000.0
BuildingSmooth_7_18207_865_20154_Body02|78.62|1816.0,2035.0;1814.8,2035.5;1810.4,2024.0;1811.6,2023.5
BuildingSmooth_7_18207_865_20154_Body02|78.62|1803.1,2011.3;1800.8,2001.6;1801.8,2001.3;1804.1,2011.1
BuildingSmooth_7_18207_865_20154_Body02|78.62|1802.0,2002.3;1801.8,2001.3;1807.2,2000.1;1807.4,2001.1
BuildingSmooth_7_18207_865_20154_Body02|78.62|1809.4,2009.8;1807.2,2000.1;1808.1,1999.9;1810.4,2009.6
BuildingSmooth_7_18207_865_20154_Body02|78.62|1806.0,2009.6;1804.2,2001.8;1805.2,2001.6;1807.0,2009.4
BuildingSmooth_7_18207_865_20154_Body02|78.62|1803.0,2006.7;1802.8,2005.7;1808.2,2004.5;1808.4,2005.5
BuildingSmooth_7_18207_865_20154_Body02|78.62|1804.1,2011.1;1803.8,2010.1;1809.2,2008.9;1809.4,2009.8
BuildingSourceSlice_fbx_12_27109_1371_-11977|122.33|2714.5,-1223.5;2728.9,-1178.9;2707.4,-1172.0;2693.0,-1216.5
BuildingSourceSlice_fbx_4_-10997_1646_-18290|91.25|-1111.8,-1866.1;-1104.1,-1865.7;-1102.7,-1870.0;-1066.8,-1858.0;-1068.8,-1851.9;-1066.8,-1851.2;-1083.3,-1801.8;-1091.8,-1801.8;-1112.6,-1808.8;-1113.2,-1807.6;-1102.9,-1800.0;-1111.0,-1799.0;-1127.3,-1805.3;-1127.3,-1819.7
BuildingSourceSlice_fbx_11_20429_1723_3323|118.85|2021.5,300.5;2045.2,298.1;2048.1,326.8;2024.5,329.2
BuildingSourceSlice_orph_-1226_-1654|80.89|-1179.9,-1641.6;-1191.5,-1634.7;-1204.9,-1628.0;-1208.9,-1634.9;-1217.7,-1634.9;-1211.7,-1624.6;-1236.3,-1610.2;-1236.2,-1607.7;-1238.3,-1606.5;-1237.7,-1608.8;-1271.6,-1664.9;-1214.2,-1698.5
BuildingSourceSlice_orph_-243_-1855|107.07|-254.1,-1874.7;-229.2,-1873.9;-229.4,-1865.1;-228.5,-1865.0;-232.9,-1835.2;-259.8,-1839.5
BuildingSourceSlice_fbx_5_11094_1115_6037|86.80|1079.3,587.8;1099.8,586.7;1125.3,588.0;1133.1,592.3;1140.7,614.6;1135.0,616.5;1078.2,620.9
BuildingSourceSlice_orph_2477_-229|123.55|2461.9,-242.3;2483.7,-249.7;2492.6,-217.0;2483.5,-214.0;2482.2,-211.7;2478.1,-210.3;2470.3,-208.0;2470.4,-210.2
BuildingSourceSlice_fbx_5_6748_954_1651|74.62|677.3,146.7;691.5,174.9;674.2,183.6;658.2,159.3
BuildingSourceSlice_orph_-1735_166|97.47|-1713.6,256.3;-1679.7,210.5;-1808.6,115.4;-1967.1,119.8;-1968.2,96.3;-1670.3,79.9;-1616.1,181.7;-1625.3,195.2;-1617.6,201.8;-1627.0,197.6;-1634.6,197.9;-1638.1,200.5;-1639.2,203.4;-1635.4,209.0;-1734.2,344.7;-1750.1,333.1;-1770.4,360.9;-1783.7,351.2;-1723.5,269.8;-1721.6,262.2;-1716.0,254.5
BuildingSmooth_14_-77_855_-813_Residual_3b0959b3_Body01|68.08|0.0,-132.4;48.8,-18.3;47.9,-17.9;-0.9,-132.0
BuildingSmooth_14_-77_855_-813_Residual_3b0959b3_Body01|68.08|65.4,-93.4;65.8,-92.5;-17.4,-56.9;-17.8,-57.9
BuildingSmooth_14_-77_855_-813_Residual_3b0959b3_Body01|68.08|60.2,-197.5;139.7,-11.7;-14.8,54.4;-94.2,-131.5
BuildingSmooth_14_-77_855_-813_Residual_3b0959b3_Body01|68.08|89.9,-35.9;90.3,-35.0;7.2,0.6;6.8,-0.3
BuildingSmooth_14_-77_855_-813_Residual_3b0959b3_Body01|68.08|41.7,-151.3;91.3,-35.4;90.3,-35.0;40.8,-150.9
BuildingSmooth_14_-77_855_-813_Residual_3b0959b3_Body01|68.08|40.8,-150.9;41.2,-150.0;-42.0,-114.5;-42.4,-115.4
BuildingSmooth_14_-77_855_-813_Residual_3b0959b3_Body01|68.08|-42.4,-115.4;7.2,0.6;6.3,1.0;-43.3,-115.0
BuildingSourceSlice_orph_946_-1202|126.77|899.2,-1175.4;889.6,-1195.9;931.0,-1214.4;923.4,-1231.4;946.3,-1242.0;936.5,-1256.3;950.6,-1263.5;977.7,-1240.1;975.7,-1239.0;982.3,-1224.9;984.5,-1225.7;999.1,-1190.2;910.3,-1149.4;898.3,-1174.8
BuildingSourceSlice_fbx_12_17636_1562_-16488|142.27|1743.6,-1647.6;1760.5,-1668.4;1783.8,-1649.7;1766.9,-1628.8
BuildingSourceSlice_fbx_3_-1853_862_15908|71.79|-160.5,1579.0;-160.7,1592.3;-170.2,1592.3;-170.3,1603.2;-210.0,1602.7;-209.7,1578.4
BuildingSourceSlice_fbx_9_-7352_1124_12223|80.72|-744.1,1209.8;-744.0,1213.4;-707.7,1212.9;-707.5,1234.2;-744.7,1234.7;-744.8,1233.3;-762.3,1233.4;-762.5,1209.9
BuildingSourceSlice_orph_-2080_213|119.23|-2123.7,215.6;-2114.6,203.6;-2121.1,198.8;-2107.0,172.9;-2032.4,230.0;-2049.0,251.8;-2104.9,209.1;-2115.0,222.3
BuildingSourceSlice_orph_-2751_-280|114.11|-2764.7,-307.2;-2720.6,-285.3;-2727.3,-271.6;-2730.0,-271.4;-2734.2,-262.6;-2730.4,-260.9;-2736.7,-253.8;-2780.0,-275.8
BuildingSourceSlice_orph_1345_-1648|142.37|1301.7,-1695.1;1304.2,-1740.1;1319.2,-1755.7;1439.3,-1600.2;1396.8,-1587.7;1387.8,-1599.8;1381.8,-1595.0;1375.3,-1602.6;1349.7,-1592.7;1352.7,-1578.3;1345.4,-1576.9;1347.2,-1568.5;1331.3,-1565.2;1330.7,-1567.9;1310.2,-1561.8;1283.6,-1691.0;1281.3,-1695.1
BuildingSourceSlice_orph_-2396_-1702|57.68|-2402.1,-1678.2;-2404.0,-1676.9;-2425.5,-1708.6;-2392.3,-1731.0;-2366.1,-1691.2;-2383.1,-1679.7;-2390.2,-1686.2;-2397.2,-1681.5;-2391.8,-1673.4;-2398.2,-1672.6
BuildingSourceSlice_fbx_4_-3776_1091_-8831|91.67|-390.1,-907.0;-362.6,-897.3;-370.6,-859.2;-388.1,-865.9;-392.6,-870.0;-389.0,-875.2
BuildingSourceSlice_fbx_3_4753_1401_16273|88.46|507.7,1650.1;513.5,1656.6;459.9,1704.9;414.6,1654.3;415.2,1653.4;405.7,1642.7;426.2,1624.3;420.2,1617.2;496.8,1550.0;501.8,1555.5;503.1,1554.5;544.9,1601.3;513.1,1629.9;520.6,1638.2
BuildingSourceSlice_fbx_10_-18254_1005_-6178|70.01|-1800.7,-653.4;-1780.9,-635.1;-1809.3,-567.1;-1843.5,-589.3;-1869.0,-619.7;-1853.9,-643.5;-1827.9,-666.7;-1822.5,-668.6
BuildingSourceSlice_orph_2277_-533|139.55|2273.9,-545.4;2271.7,-550.3;2294.6,-559.7;2296.5,-544.9;2300.4,-535.3;2298.2,-534.5;2300.2,-522.8;2284.6,-517.6;2284.4,-518.6;2263.7,-510.7;2262.4,-511.9;2258.1,-510.3;2248.3,-536.1
BuildingSourceSlice_fbx_5_8139_1242_3434|80.92|819.6,327.4;812.8,313.3;837.9,301.3;844.6,315.3
BuildingSourceSlice_fbx_5_8139_1242_3434|80.92|804.6,303.9;838.3,376.0;823.3,383.0;789.5,310.9
BuildingSourceSlice_fbx_5_8139_1242_3434|80.92|787.6,398.3;756.2,330.1;787.9,310.1;824.0,386.9
BuildingSourceSlice_fbx_10_-21840_945_-7499|78.34|-2156.8,-744.0;-2179.7,-722.4;-2211.1,-755.9;-2188.2,-777.4
BuildingSourceSlice_fbx_11_18815_1090_7555|95.78|1896.6,780.4;1874.2,783.8;1865.7,730.1;1897.4,727.3
BuildingSourceSlice_fbx_12_23679_2057_-18085|147.08|2348.1,-1805.2;2368.7,-1828.3;2387.8,-1811.3;2367.1,-1788.2
BuildingSourceSlice_fbx_1_-28581_1785_5184|131.83|-2891.4,514.4;-2865.3,495.2;-2838.0,532.4;-2864.1,551.6
BuildingSourceSlice_fbx_2_24197_1993_-9994|128.20|2428.6,-868.6;2425.0,-856.4;2402.4,-863.0;2404.0,-868.4;2395.4,-870.9;2396.2,-876.8;2393.4,-877.2;2391.4,-870.2;2381.3,-873.0;2408.9,-972.3;2400.1,-976.9;2393.3,-964.1;2375.3,-973.7;2376.4,-975.7;2368.0,-980.1;2371.0,-985.7;2373.1,-984.5;2375.8,-989.7;2373.4,-990.9;2376.4,-996.5;2385.1,-992.0;2385.9,-993.5;2380.7,-996.5;2401.0,-1033.8;2458.8,-1002.2;2438.5,-965.0;2437.4,-959.8;2448.3,-957.3;2446.4,-949.2;2451.6,-947.8;2432.6,-867.5
BuildingSmooth_1_-30547_1778_10109_ResidualBody02|131.93|-3050.1,1035.7;-3054.0,1023.0;-3053.0,1022.7;-3049.2,1035.4
BuildingSmooth_1_-30547_1778_10109_ResidualBody02|131.93|-3057.2,1038.9;-3057.5,1037.9;-3041.7,1033.1;-3041.4,1034.1
BuildingSmooth_1_-30547_1778_10109_ResidualBody02|131.93|-3041.4,1034.1;-3045.9,1019.5;-3044.9,1019.2;-3040.5,1033.8
BuildingSmooth_1_-30547_1778_10109_ResidualBody02|131.93|-3059.3,1032.1;-3059.6,1031.1;-3043.8,1026.3;-3043.5,1027.3
BuildingSmooth_1_-30547_1778_10109_ResidualBody02|131.93|-3061.4,1025.2;-3061.7,1024.3;-3045.9,1019.5;-3045.6,1020.4
BuildingSmooth_1_-30547_1778_10109_ResidualBody02|131.93|-3058.2,1039.2;-3062.6,1024.5;-3061.7,1024.3;-3057.2,1038.9
BuildingSmooth_1_-30547_1778_10109_ResidualBody02|131.93|-3070.6,1052.7;-3080.9,1018.7;-3032.3,1004.0;-3022.0,1038.0
BuildingSourceSlice_orph_1424_-1568|144.99|1438.7,-1592.3;1444.2,-1592.5;1454.1,-1586.4;1449.7,-1577.1;1462.9,-1570.0;1456.2,-1558.9;1400.9,-1539.9;1389.2,-1576.3
BuildingSmooth_13_-10975_1263_19810_Residual_c5a748c3_Body01|131.60|-1088.3,1992.8;-1087.4,1993.2;-1091.4,2001.3;-1092.3,2000.8
BuildingSmooth_13_-10975_1263_19810_Residual_c5a748c3_Body01|131.60|-1105.7,1983.1;-1086.9,1992.3;-1087.4,1993.2;-1106.2,1984.0
BuildingSmooth_13_-10975_1263_19810_Residual_c5a748c3_Body01|131.60|-1106.2,1984.0;-1105.3,1984.4;-1109.2,1992.5;-1110.1,1992.0
BuildingSmooth_13_-10975_1263_19810_Residual_c5a748c3_Body01|131.60|-1097.2,1988.4;-1096.3,1988.8;-1100.3,1996.9;-1101.2,1996.4
BuildingSmooth_13_-10975_1263_19810_Residual_c5a748c3_Body01|131.60|-1107.0,1988.0;-1090.1,1996.4;-1090.5,1997.3;-1107.5,1988.9
BuildingSmooth_13_-10975_1263_19810_Residual_c5a748c3_Body01|131.60|-1110.1,1992.0;-1091.4,2001.3;-1091.8,2002.2;-1110.6,1992.9
BuildingSmooth_13_-10975_1263_19810_Residual_c5a748c3_Body01|131.60|-1119.9,1971.1;-1068.8,1996.2;-1078.2,2015.4;-1129.3,1990.2
BuildingSourceSlice_fbx_10_-14809_1313_-7855|62.60|-1447.4,-788.8;-1475.6,-756.5;-1514.4,-787.1;-1498.5,-808.9;-1489.4,-802.4;-1480.5,-814.3
BuildingSmooth_1_-30547_1778_10109_ResidualBody03|131.93|-3068.3,1004.9;-3071.5,994.4;-3070.6,994.1;-3067.4,1004.6
BuildingSmooth_1_-30547_1778_10109_ResidualBody03|131.93|-3060.1,1001.4;-3062.7,992.8;-3061.8,992.5;-3059.2,1001.1
BuildingSmooth_1_-30547_1778_10109_ResidualBody03|131.93|-3067.4,1004.6;-3067.7,1003.7;-3051.6,998.8;-3051.3,999.7
BuildingSmooth_1_-30547_1778_10109_ResidualBody03|131.93|-3051.3,999.7;-3054.5,989.2;-3053.6,988.9;-3050.4,999.5
BuildingSmooth_1_-30547_1778_10109_ResidualBody03|131.93|-3082.3,1013.8;-3088.2,994.4;-3039.6,979.7;-3033.8,999.1
BuildingSmooth_1_-30547_1778_10109_ResidualBody03|131.93|-3068.8,999.8;-3069.1,998.9;-3053.1,994.0;-3052.8,995.0
BuildingSmooth_1_-30547_1778_10109_ResidualBody03|131.93|-3070.3,995.0;-3070.6,994.1;-3054.5,989.2;-3054.2,990.2
BuildingSourceSlice_orph_-2193_591|134.44|-2155.7,578.2;-2189.7,624.9;-2232.7,593.6;-2217.2,572.4;-2203.3,582.4;-2187.8,561.1;-2182.6,564.9;-2179.6,560.8
BuildingSourceSlice_orph_-1495_-1845|69.95|-1486.0,-1816.6;-1519.5,-1861.5;-1497.7,-1872.5;-1473.2,-1823.1
BuildingSourceSlice_fbx_8_1502_1549_31764|107.23|91.8,3141.3;176.8,3147.5;209.2,3202.9;198.3,3208.8;174.4,3181.4;171.9,3180.6;114.5,3205.4;113.9,3206.9;97.0,3211.4;93.7,3161.3;92.5,3161.1;91.4,3149.8;92.3,3149.8
BuildingSourceSlice_fbx_11_17381_1515_2573|131.37|1710.5,266.1;1724.7,231.7;1765.6,248.5;1765.0,249.9;1734.6,243.2;1761.6,255.0;1762.4,256.1;1751.0,282.7
BuildingSourceSlice_fbx_5_11134_1771_1893|92.19|1198.6,193.9;1158.8,227.6;1121.3,170.7;1149.7,148.3;1153.8,153.0;1159.3,148.1
BuildingSourceSlice_fbx_5_11134_1771_1893|92.19|1089.6,133.2;1116.3,173.0;1118.9,171.2;1158.1,229.8;1134.4,245.5;1068.7,147.1
BuildingSourceSlice_fbx_1_-25459_2112_4298|135.62|-2566.3,425.8;-2544.1,409.2;-2525.6,433.9;-2547.8,450.5
BuildingSourceSlice_orph_420_2103|110.95|396.8,2059.8;395.4,2052.5;402.5,2053.0;400.9,2047.4;435.9,2053.0;436.3,2049.7;455.1,2052.9;458.6,2143.9;451.6,2143.4;447.6,2135.2;436.9,2134.3;436.2,2149.3;442.3,2149.9;442.7,2157.3;381.7,2152.2;389.3,2059.7
BuildingSourceSlice_orph_2712_-878|118.29|2686.2,-888.3;2694.9,-888.5;2694.7,-899.0;2707.1,-899.3;2707.1,-896.7;2736.9,-898.1;2737.5,-897.1;2735.4,-897.0;2736.2,-860.2;2737.3,-860.1;2687.4,-859.0;2688.8,-859.1;2688.5,-876.0;2686.4,-876.0
BuildingSourceSlice_fbx_7_13525_1108_14878|76.94|1375.5,1466.5;1376.7,1467.9;1372.9,1482.4;1382.8,1474.9;1384.2,1476.5;1390.8,1470.7;1400.5,1481.7;1355.3,1520.0;1315.7,1476.0;1328.1,1464.1;1334.0,1470.8;1339.1,1466.3;1345.8,1475.2;1349.9,1472.8;1357.8,1481.5;1360.9,1478.7;1360.6,1476.2;1368.8,1469.8;1370.1,1471.3
BuildingSourceSlice_fbx_13_-13264_1210_22610|97.61|-1308.9,2274.0;-1344.1,2273.8;-1344.1,2250.5;-1333.0,2250.5;-1333.0,2248.4;-1308.7,2248.1
BuildingSourceSlice_orph_1953_-1998|137.21|1979.3,-2030.6;1973.5,-2024.0;1996.7,-2006.2;1984.5,-1988.2;1992.6,-1981.8;1961.4,-1942.0;1953.2,-1948.4;1966.2,-1965.0;1961.2,-1969.0;1948.5,-1952.3;1951.3,-1949.9;1903.5,-1987.5;1940.0,-2033.8;1936.1,-2037.1;1931.3,-2031.8;1948.8,-2055.6
BuildingSourceSlice_fbx_3_118_1226_19984|82.32|-41.9,1985.3;64.3,1982.2;65.1,2006.7;7.1,2009.7;6.4,2014.8;-40.5,2012.2
BuildingSourceSlice_fbx_5_7929_1101_2503|79.62|805.0,298.8;798.8,301.9;783.4,270.9;816.6,254.7;838.6,299.9;812.1,313.1
BuildingSourceSlice_fbx_5_10078_1026_5422|83.65|961.9,516.1;962.0,511.8;1007.3,507.1;1017.9,507.1;1020.9,508.8;1022.6,511.8;1022.7,528.9;1019.5,535.1;1009.5,535.8;1008.1,512.8;989.9,535.8;967.2,535.8;965.6,515.9
BuildingSourceSlice_fbx_1_-25816_1628_8815|140.11|-2612.1,885.3;-2620.6,875.5;-2620.7,867.1;-2591.8,845.1;-2575.7,845.1;-2570.0,852.9
BuildingSourceSlice_fbx_1_-25816_1628_8815|140.11|-2578.3,862.4;-2551.0,871.9;-2550.0,873.3;-2597.2,909.8;-2613.2,889.1
BuildingSourceSlice_fbx_1_-25816_1628_8815|140.11|-2542.3,890.7;-2542.3,896.3;-2569.5,917.4;-2591.2,917.4;-2596.9,910.2;-2553.3,876.4
BuildingSourceSlice_fbx_9_-8898_1256_10624|96.60|-886.9,1014.7;-886.5,1023.1;-884.9,1023.9;-867.1,1022.3;-864.8,1083.3;-885.6,1084.1;-884.6,1109.5;-899.8,1110.1;-914.8,1016.3
BuildingSourceSlice_fbx_4_-12496_1318_-2894|63.58|-1235.4,-254.1;-1263.9,-250.9;-1266.8,-278.7;-1288.3,-299.0;-1260.8,-327.8;-1211.0,-280.5
BuildingSourceSlice_fbx_7_21043_1488_20575|80.46|2103.2,2021.7;2135.7,2051.3;2136.0,2060.2;2137.2,2061.3;2115.1,2086.6;2101.0,2086.3;2098.8,2084.4;2090.4,2093.8;2076.0,2081.1;2083.9,2072.2;2074.7,2063.9;2070.0,2049.4;2071.0,2046.5;2093.1,2022.1;2096.3,2024.2
BuildingSourceSlice_fbx_8_-1819_1410_30424|85.26|-128.3,2971.7;-149.7,3125.1;-235.0,3115.0;-218.0,2959.7
BuildingSourceSlice_fbx_11_21914_1613_-1668|138.14|2228.7,-193.0;2233.5,-149.2;2154.1,-140.6;2149.3,-184.3
BuildingSourceSlice_fbx_10_-15558_1096_-8426|79.40|-1537.4,-845.9;-1535.8,-845.0;-1557.4,-817.3;-1578.8,-833.7;-1558.1,-860.9;-1556.4,-860.6;-1551.5,-866.6;-1548.7,-866.7;-1535.3,-855.0;-1535.3,-848.7
BuildingSourceSlice_orph_2497_259|112.12|2518.4,266.9;2479.1,267.6;2478.2,247.5;2507.7,250.7;2518.1,257.0
BuildingSourceSlice_fbx_1_-27988_1625_9805|132.69|-2810.9,939.6;-2761.0,1006.0;-2776.2,1017.4;-2782.4,1009.1;-2799.3,1021.5;-2836.8,971.2;-2817.7,956.9;-2823.6,948.6
BuildingSourceSlice_fbx_12_22000_1817_-12215|145.32|2217.0,-1249.0;2238.2,-1220.9;2189.9,-1186.1;2172.3,-1209.7;2170.6,-1208.4;2161.8,-1220.0;2195.1,-1245.0;2200.8,-1237.9
BuildingSourceSlice_fbx_4_-9200_757_-2936|63.53|-928.1,-264.0;-951.4,-287.2;-933.6,-296.8;-905.7,-323.1;-888.5,-307.4;-924.3,-269.8
BuildingSourceSlice_orph_1628_487|130.33|1608.6,484.3;1618.9,469.8;1646.8,489.4;1636.6,504.0
BuildingSourceSlice_orph_185_2189|103.53|147.1,2169.9;162.9,2159.9;196.8,2163.5;209.2,2177.9;208.4,2184.0;215.9,2183.0;221.7,2188.7;220.7,2206.2;219.0,2206.1;218.1,2224.4;189.7,2223.9;191.8,2203.1;144.6,2199.0
BuildingSourceSlice_orph_-1109_-1716|89.84|-1122.7,-1665.9;-1134.9,-1682.8;-1141.0,-1687.2;-1132.6,-1712.0;-1128.1,-1710.4;-1106.6,-1773.0;-1083.5,-1765.1;-1084.8,-1761.4;-1078.6,-1759.3;-1093.5,-1715.8;-1088.9,-1714.3;-1107.3,-1659.6;-1125.7,-1666.7
BuildingSourceSlice_orph_-1904_1490|124.81|-1899.5,1522.4;-1943.8,1490.3;-1926.5,1467.6;-1903.8,1452.2;-1869.7,1492.8;-1877.9,1500.3;-1865.6,1511.1;-1871.0,1517.5;-1884.1,1506.2;-1894.4,1530.3;-1901.7,1525.7
BuildingSourceSlice_fbx_3_1634_1474_15781|79.78|117.0,1551.3;117.6,1533.7;140.2,1524.3;211.6,1590.4;211.9,1592.1;170.2,1632.2;147.3,1630.0;147.4,1631.7;113.1,1629.5;118.2,1552.3
BuildingSourceSlice_fbx_11_13320_1416_11936|77.17|1375.0,1187.5;1403.2,1159.1;1403.6,1171.8;1401.8,1178.7;1403.6,1180.7;1403.6,1188.4;1393.0,1205.4
BuildingSourceSlice_fbx_11_13320_1416_11936|77.17|1403.5,1243.2;1403.5,1267.1;1395.6,1275.5;1368.2,1275.4;1361.7,1268.3;1385.1,1242.8;1376.3,1234.1;1383.1,1226.2;1384.9,1226.0
BuildingSourceSlice_fbx_9_-8429_1158_4767|76.80|-867.4,470.2;-829.2,456.0;-819.0,483.4;-857.2,497.6
BuildingSourceSlice_orph_-1867_714|130.93|-1893.4,746.3;-1866.7,707.1;-1847.9,676.9;-1840.6,682.9;-1868.3,726.2;-1886.4,751.8
BuildingSourceSlice_fbx_13_-18476_1585_14638|121.19|-1895.9,1446.9;-1900.9,1438.3;-1863.1,1406.4;-1849.2,1419.7;-1804.8,1472.9;-1805.7,1473.6;-1803.4,1476.4;-1803.5,1496.1;-1833.6,1521.1;-1868.0,1477.6;-1869.6,1478.8
BuildingSourceSlice_fbx_5_8287_928_3143|80.82|819.6,327.4;812.8,313.3;837.9,301.3;844.7,315.4
BuildingSourceSlice_fbx_8_2339_1555_25738|119.35|217.4,2598.2;211.5,2601.9;209.0,2601.6;213.2,2542.4;258.9,2546.6;257.6,2559.5;255.4,2559.3;251.8,2601.0
BuildingSourceSlice_orph_-402_-1581|118.86|-420.7,-1598.4;-376.7,-1588.4;-382.5,-1562.9;-426.5,-1573.0
BuildingSourceSlice_fbx_2_18792_1789_-8650|148.53|1901.0,-868.6;1889.4,-844.2;1856.4,-860.4;1869.3,-885.8
BuildingSourceSlice_orph_1412_2409|108.36|1392.5,2409.4;1383.6,2390.6;1421.5,2372.5;1446.0,2423.9;1407.0,2441.0;1407.1,2443.1;1400.6,2443.8;1401.6,2443.1;1396.3,2435.6;1393.6,2438.5;1384.4,2414.5
BuildingSourceSlice_orph_1829_-780|147.49|1798.2,-779.7;1799.9,-778.8;1814.4,-810.1;1824.7,-804.8;1825.3,-806.0;1862.1,-787.0;1842.7,-750.2;1795.2,-774.1
BuildingSourceSlice_fbx_8_1060_1375_26421|117.31|114.8,2673.2;93.4,2671.7;96.7,2611.0;118.6,2613.4
BuildingSmooth_11_21922_1496_-170|133.20|2201.0,-33.7;2185.8,-41.7;2180.6,-31.9;2195.8,-23.9
BuildingSmooth_11_21922_1496_-170|133.20|2183.3,-0.2;2168.1,-8.3;2180.6,-31.9;2195.8,-23.9
BuildingSmooth_11_21922_1496_-170|133.20|2197.1,-9.9;2187.1,-9.1;2187.0,-10.1;2197.0,-10.9
BuildingSmooth_11_21922_1496_-170|133.20|2192.5,-10.6;2191.5,-10.5;2190.4,-23.4;2191.4,-23.5
BuildingSmooth_11_21922_1496_-170|133.20|2183.3,-0.2;2198.6,7.8;2203.8,-2.0;2188.5,-10.0
BuildingSmooth_11_21922_1496_-170|133.20|2197.0,-10.9;2196.0,-10.9;2194.8,-23.8;2195.8,-23.9
BuildingSmooth_11_21922_1496_-170|133.20|2201.0,-33.7;2216.2,-25.6;2203.8,-2.0;2188.5,-10.0
BuildingSmooth_11_21922_1496_-170|133.20|2188.0,-10.2;2187.0,-10.1;2185.9,-23.0;2186.9,-23.1
BuildingSmooth_11_21922_1496_-170|133.20|2195.8,-23.9;2185.9,-23.0;2185.8,-24.0;2195.7,-24.9
BuildingSmooth_11_21922_1496_-170|133.20|2195.4,-16.8;2187.5,-16.1;2187.4,-17.1;2195.4,-17.8
BuildingSourceSlice_fbx_10_-22881_1581_-5867|93.79|-2244.7,-609.6;-2209.0,-581.1;-2247.4,-529.9;-2254.9,-535.6;-2273.0,-514.2;-2316.1,-515.0;-2328.8,-525.9;-2295.6,-566.7;-2298.7,-569.1;-2310.2,-554.5;-2316.1,-559.2;-2326.9,-545.6;-2368.7,-578.6;-2305.4,-659.2;-2244.0,-611.0
BuildingSourceSlice_orph_-134_2379|80.54|-186.3,2402.4;-186.3,2387.8;-183.9,2381.1;-190.4,2378.8;-188.2,2370.6;-179.8,2356.8;-168.0,2345.8;-153.7,2338.4;-147.1,2337.1;-151.3,2323.4;-119.2,2312.9;-85.1,2313.6;-86.5,2328.8;-88.4,2328.5;-91.5,2371.1;-95.7,2391.2;-94.9,2397.0;-98.0,2432.5;-109.5,2440.5;-167.9,2435.5;-174.8,2429.0;-182.4,2416.5
BuildingSourceSlice_fbx_9_-8596_1076_7715|81.71|-801.9,751.7;-800.4,786.2;-917.2,791.3;-918.7,756.8
BuildingSmooth_15_-18443_1400_-23559_Residual_3cc7f1fc_Body01|81.09|-1832.8,-2326.1;-1873.7,-2378.5;-1851.5,-2395.8;-1810.6,-2343.4
BuildingSmooth_15_-18443_1400_-23559_Residual_3cc7f1fc_Body01|81.09|-1835.7,-2351.7;-1849.3,-2369.1;-1848.5,-2369.7;-1834.9,-2352.3
BuildingSmooth_15_-18443_1400_-23559_Residual_3cc7f1fc_Body01|81.09|-1840.6,-2346.6;-1855.4,-2365.6;-1854.6,-2366.2;-1839.8,-2347.2
BuildingSmooth_15_-18443_1400_-23559_Residual_3cc7f1fc_Body01|81.09|-1829.5,-2355.2;-1844.3,-2374.2;-1843.6,-2374.8;-1828.7,-2355.8
BuildingSmooth_15_-18443_1400_-23559_Residual_3cc7f1fc_Body01|81.09|-1839.8,-2347.2;-1840.4,-2348.0;-1830.1,-2356.0;-1829.5,-2355.2
BuildingSmooth_15_-18443_1400_-23559_Residual_3cc7f1fc_Body01|81.09|-1854.0,-2365.4;-1854.6,-2366.2;-1844.3,-2374.2;-1843.7,-2373.4
BuildingSmooth_15_-18443_1400_-23559_Residual_3cc7f1fc_Body01|81.09|-1846.9,-2356.3;-1847.5,-2357.1;-1837.2,-2365.1;-1836.6,-2364.3
BuildingSmooth_16_3179_1494_-4612|87.57|320.4,-431.5;299.5,-482.8;318.9,-490.7;339.9,-439.4
BuildingSmooth_16_3179_1494_-4612|87.57|324.1,-463.5;324.5,-462.5;316.2,-459.1;315.8,-460.1
BuildingSmooth_16_3179_1494_-4612|87.57|312.1,-469.0;319.8,-450.2;318.9,-449.8;311.2,-468.7
BuildingSmooth_16_3179_1494_-4612|87.57|327.8,-454.5;328.2,-453.6;319.8,-450.2;319.5,-451.1
BuildingSmooth_16_3179_1494_-4612|87.57|317.1,-470.0;324.1,-453.0;323.2,-452.6;316.2,-469.6
BuildingSmooth_16_3179_1494_-4612|87.57|320.5,-472.4;320.8,-471.5;312.5,-468.1;312.1,-469.0
BuildingSmooth_16_3179_1494_-4612|87.57|321.4,-472.8;329.1,-453.9;328.2,-453.6;320.5,-472.4
BuildingSourceSlice_fbx_15_-24797_1144_-18123|57.31|-2479.3,-1855.3;-2466.0,-1838.1;-2504.8,-1808.0;-2518.1,-1825.3
BuildingSourceSlice_fbx_15_-24797_1144_-18123|57.31|-2457.3,-1810.4;-2485.8,-1787.8;-2502.2,-1808.5;-2466.3,-1836.7;-2459.2,-1827.5;-2466.3,-1821.8
BuildingSourceSlice_orph_1945_-624|148.70|1967.0,-621.6;1959.0,-606.7;1960.0,-606.0;1923.2,-625.6;1931.0,-639.5;1911.9,-649.0;1908.5,-651.4
BuildingSourceSlice_fbx_13_-10419_1844_14364|92.06|-1016.6,1460.8;-1007.7,1462.1;-1005.6,1475.1;-1026.0,1484.6;-1078.0,1464.1;-1047.3,1388.5;-1011.5,1402.6;-1016.4,1415.9;-1014.2,1417.0;-1012.4,1425.7;-1016.7,1436.8;-1008.6,1440.4
BuildingSourceSlice_fbx_2_21277_2515_-8931|148.14|2112.2,-899.8;2110.4,-897.3;2104.8,-897.3;2091.9,-906.7;2090.2,-905.0;2067.1,-919.4;2091.6,-944.0;2106.9,-934.3;2105.4,-932.4;2111.8,-926.7;2096.5,-911.3
BuildingSourceSlice_orph_-1170_1949|91.28|-1189.7,1918.5;-1134.7,1940.7;-1150.1,1979.1;-1205.2,1956.9
BuildingSourceSlice_fbx_11_19923_1346_3487|119.10|1965.7,405.0;1966.0,400.4;1964.4,404.8;1962.3,404.2;1970.6,288.9;1975.0,288.5;1976.9,289.6;1996.2,287.9;1996.3,289.3;2022.2,287.5;2012.7,358.6;2003.1,410.7
BuildingSourceSlice_fbx_2_22676_1762_-3631|139.82|2249.3,-406.5;2268.9,-406.5;2270.1,-405.3;2269.4,-403.4;2274.4,-399.4;2278.2,-406.4;2283.2,-406.4;2294.6,-400.9;2299.1,-406.4;2307.1,-406.5;2308.8,-388.3;2251.8,-381.4
BuildingSourceSlice_fbx_2_22676_1762_-3631|139.82|2226.2,-359.3;2226.7,-364.0;2228.6,-364.8;2231.3,-354.6;2235.5,-355.1;2234.7,-362.6;2232.0,-363.7;2229.1,-391.9;2222.3,-392.7;2221.0,-395.8;2230.6,-406.1;2248.3,-406.5;2249.1,-396.7;2246.5,-396.5;2248.4,-380.3;2307.2,-387.4;2307.5,-385.4;2305.7,-385.0;2312.9,-337.3;2230.1,-327.2
BuildingSourceSlice_orph_2422_-141|124.32|2355.1,-198.3;2387.3,-200.7;2388.6,-183.5;2356.4,-181.1
BuildingSourceSlice_orph_2422_-141|124.32|2389.2,-174.3;2389.1,-176.9;2389.8,-168.9;2400.9,-169.0;2403.8,-150.2;2450.1,-156.9;2447.4,-182.2;2471.4,-190.3;2481.6,-191.3;2484.2,-156.5;2491.0,-157.8;2494.4,-119.7;2404.4,-111.5;2405.2,-103.3;2406.0,-102.2;2507.9,-111.5;2507.7,-119.0;2505.3,-118.7;2497.1,-158.2;2499.6,-157.8;2502.7,-132.4;2506.7,-132.3;2511.4,-107.8;2373.4,-93.9;2373.2,-96.0;2363.4,-95.0;2355.2,-173.5
BuildingSourceSlice_fbx_6_13266_1664_-15387|141.04|1320.0,-1518.8;1309.3,-1551.0;1333.8,-1558.6;1343.8,-1527.9
BuildingSourceSlice_part_-233_9|65.40|-263.2,10.9;-262.2,10.5;-272.8,-12.9;-273.7,-12.5;-314.1,-110.6;-253.9,-135.5;-148.8,120.7;-241.3,136.3;-248.5,83.1;-261.1,16.2
BuildingSourceSlice_fbx_10_-28084_1761_-1518|116.36|-2841.4,-158.3;-2833.0,-173.7;-2828.5,-171.3;-2827.7,-172.7;-2775.6,-146.5;-2783.8,-129.9
BuildingSourceSlice_fbx_8_3441_1668_25071|127.84|388.7,2496.5;387.5,2513.8;392.9,2514.5;391.7,2525.1;295.2,2517.8;297.5,2488.6;335.4,2491.8;352.9,2494.6;353.7,2493.4
BuildingSourceSlice_fbx_11_23445_1293_3957|109.37|2387.7,409.8;2303.9,417.1;2301.7,385.8;2321.4,385.4;2321.5,386.9;2338.3,385.5;2338.3,378.2;2384.8,374.3
BuildingSourceSlice_fbx_4_-1598_983_-8036|89.54|-168.7,-821.6;-170.0,-818.6;-181.6,-823.6;-173.0,-843.9;-123.6,-822.6;-131.1,-805.3
BuildingSourceSlice_fbx_4_-1598_983_-8036|89.54|-181.6,-823.6;-130.4,-801.0;-138.0,-783.8;-189.2,-806.4
BuildingSourceSlice_fbx_12_25983_2076_-15801|137.31|2623.5,-1601.4;2639.2,-1591.2;2641.4,-1594.8;2646.9,-1591.4;2649.6,-1595.7;2660.9,-1588.5;2655.8,-1580.4;2658.1,-1578.9;2620.4,-1511.5;2535.6,-1559.3;2594.9,-1648.8
BuildingSourceSlice_orph_2285_-623|137.37|2318.0,-619.0;2285.2,-593.8;2258.2,-619.9;2263.2,-624.8;2256.9,-629.7;2278.4,-653.5
BuildingSmooth_6_10587_2015_-7411|139.52|1056.7,-724.0;1056.4,-724.9;1072.5,-731.0;1072.9,-730.1
BuildingSmooth_6_10587_2015_-7411|139.52|1055.8,-723.6;1045.0,-752.3;1045.9,-752.6;1056.7,-724.0
BuildingSmooth_6_10587_2015_-7411|139.52|1072.9,-730.1;1062.1,-758.7;1063.0,-759.1;1073.8,-730.4
BuildingSmooth_6_10587_2015_-7411|139.52|1048.4,-689.3;1002.7,-698.4;1017.2,-771.9;1063.0,-762.9
BuildingSmooth_6_10587_2015_-7411|139.52|1064.0,-727.8;1053.9,-754.6;1054.8,-754.9;1064.9,-728.1
BuildingSmooth_6_10587_2015_-7411|139.52|1046.2,-751.7;1045.9,-752.6;1062.1,-758.7;1062.4,-757.8
BuildingSmooth_6_10587_2015_-7411|139.52|1051.5,-737.8;1051.1,-738.8;1067.3,-744.9;1067.7,-743.9
BuildingSmooth_6_10587_2015_-7411|139.52|1068.9,-792.8;1023.1,-801.8;1017.2,-771.9;1063.0,-762.9
BuildingSmooth_6_10587_2015_-7411|139.52|1068.9,-792.8;1114.6,-783.8;1100.1,-710.2;1054.3,-719.2
BuildingSmooth_6_10587_2015_-7411|139.52|1048.4,-689.3;1094.2,-680.3;1100.1,-710.2;1054.3,-719.2
BuildingSourceSlice_orph_1763_637|108.96|1772.8,653.4;1744.5,638.7;1750.9,623.2;1781.4,632.6
BuildingSourceSlice_part_-36_3014|95.34|-87.9,2983.6;-73.4,2973.9;-49.4,2977.2;-49.9,2982.0;1.9,2989.0;2.6,2984.9;27.4,2987.8;35.2,2998.4;30.3,3036.8;-1.8,3030.7;-17.1,3040.5;-19.2,3040.2;-21.5,3055.7;-78.1,3047.3;-93.4,3043.0;-98.5,3040.2;-87.8,2981.8
BuildingSmooth_5_2594_1405_11882_Body04|104.00|219.8,1163.4;213.7,1165.4;235.8,1232.7;241.9,1230.7
BuildingSmooth_5_2594_1405_11882_Body04|104.00|219.8,1163.4;217.5,1164.0;227.8,1208.3;230.0,1207.7
BuildingSmooth_5_2594_1405_11882_Body04|104.00|235.8,1232.7;233.5,1233.3;227.8,1208.3;230.0,1207.7
BuildingSmooth_5_2594_1405_11882_Body04|104.00|213.7,1165.4;195.3,1171.5;207.4,1208.2;225.7,1202.1
BuildingSmooth_5_2594_1405_11882_Body04|104.00|227.8,1208.3;233.9,1206.3;219.8,1163.4;213.7,1165.4
BuildingSmooth_5_2594_1405_11882_Body04|104.00|227.8,1208.3;209.4,1214.3;207.4,1208.2;225.7,1202.1
BuildingSmooth_5_2594_1405_11882_Body04|104.00|232.2,1209.2;231.2,1209.5;223.8,1186.9;224.8,1186.6
BuildingSmooth_5_2594_1405_11882_Body04|104.00|226.2,1186.1;222.4,1187.3;222.1,1186.4;225.9,1185.1
BuildingSmooth_5_2594_1405_11882_Body04|104.00|233.9,1209.6;230.1,1210.9;229.8,1209.9;233.6,1208.7
BuildingSmooth_5_2594_1405_11882_Body04|104.00|230.8,1209.6;229.8,1209.9;222.4,1187.3;223.4,1187.0
BuildingSmooth_5_2594_1405_11882_Body04|104.00|229.1,1198.2;227.2,1198.8;226.9,1197.9;228.8,1197.2
BuildingSmooth_5_2594_1405_11882_Body04|104.00|233.6,1208.7;232.7,1209.0;225.3,1186.4;226.2,1186.1
BuildingSourceSlice_part_1898_-1335|148.43|1846.0,-1332.1;1843.0,-1346.8;1857.5,-1352.6;1856.7,-1355.2;1846.8,-1353.6;1861.8,-1361.3;1858.4,-1372.4;1864.7,-1374.4;1863.2,-1379.3;1865.9,-1380.1;1865.3,-1382.2;1900.9,-1396.3;1908.3,-1369.3;1919.3,-1372.7;1920.8,-1367.7;1930.8,-1370.8;1938.4,-1346.3;1949.1,-1349.4;1950.2,-1345.0;1956.7,-1347.2;1972.4,-1292.9;1943.4,-1284.7;1936.5,-1308.9;1925.2,-1305.4;1920.7,-1320.9;1907.6,-1316.4;1896.3,-1325.9;1877.9,-1320.2;1883.4,-1301.3;1873.4,-1298.3;1876.2,-1288.5;1869.4,-1277.6;1860.4,-1283.6;1862.3,-1284.2;1837.3,-1299.5;1829.9,-1323.9;1834.1,-1329.2
BuildingSourceSlice_fbx_9_-16009_1639_10351|123.14|-1619.6,1065.1;-1614.8,1064.4;-1604.7,1074.6;-1581.2,1067.6;-1580.5,1084.7;-1614.6,1095.6;-1617.1,1088.6;-1622.2,1090.3;-1622.8,1069.8
BuildingSourceSlice_fbx_9_-17715_1951_9042|131.46|-1793.7,874.5;-1774.5,869.5;-1772.0,874.2;-1763.9,872.9;-1748.4,929.8;-1748.9,931.4;-1756.4,933.3;-1758.5,928.8;-1767.2,931.2;-1767.1,936.4;-1777.8,938.3;-1795.6,875.4
BuildingSourceSlice_fbx_1_-26239_1900_8409|134.41|-2643.6,880.9;-2667.6,849.0;-2604.2,801.2;-2580.1,833.1
BuildingSourceSlice_fbx_1_-26239_1900_8409|134.41|-2572.7,855.0;-2616.9,888.5;-2630.9,888.5;-2637.2,880.0;-2581.1,838.1;-2572.7,849.2
BuildingSourceSlice_fbx_9_-11708_1428_647|71.48|-1166.7,30.2;-1146.0,90.0;-1173.4,98.4;-1195.2,33.9
BuildingSourceSlice_orph_1933_-16|134.25|1945.9,-4.3;1934.6,1.9;1919.6,-29.4;1931.1,-34.3
BuildingSourceSlice_fbx_5_7657_1080_11421|74.98|783.4,1129.5;766.3,1163.6;764.8,1163.0;765.7,1157.5;753.7,1151.6;750.4,1156.9;748.3,1156.4;765.5,1120.6
BuildingSourceSlice_fbx_7_11817_1463_18897|94.32|1156.9,1876.7;1193.4,1866.1;1210.4,1884.7;1178.0,1913.4;1153.1,1885.4;1158.2,1883.4
BuildingSourceSlice_orph_-2208_1241|141.01|-2206.3,1219.8;-2187.8,1241.8;-2209.3,1261.2;-2227.8,1239.2
BuildingSourceSlice_orph_1260_306|102.66|1245.6,314.0;1228.2,293.1;1252.5,270.0;1251.6,269.0;1260.9,261.4;1271.2,277.6;1278.3,285.1;1260.7,299.7;1291.0,338.4;1271.4,352.8;1244.4,315.0
BuildingSourceSlice_fbx_7_11281_1491_19216|103.32|1177.3,1915.3;1170.4,1921.8;1175.3,1928.5;1161.1,1942.1;1172.8,1953.7;1165.6,1961.2;1155.3,1960.6;1135.4,1939.2;1135.8,1936.7;1114.3,1916.5;1115.0,1892.7;1135.3,1886.7;1152.5,1886.7;1155.3,1889.7;1155.3,1891.7
BuildingSourceSlice_fbx_7_13836_955_15296|77.05|1372.1,1546.5;1360.5,1519.5;1392.5,1505.8;1404.1,1532.8
BuildingSourceSlice_orph_-2440_558|140.45|-2395.6,504.7;-2392.2,545.8;-2490.8,612.4;-2503.1,595.9;-2440.6,549.2;-2459.8,522.7;-2451.2,516.5;-2437.5,535.6
BuildingSourceSlice_fbx_2_25079_1330_-8396|119.79|2530.3,-845.1;2522.5,-821.6;2485.4,-834.1;2492.8,-857.2;2501.4,-855.6
BuildingSmooth_13_-21021_1705_16847_ResidualBody04|132.61|-2122.9,1652.5;-2121.8,1648.7;-2108.5,1652.4;-2109.6,1656.2
BuildingSmooth_13_-21021_1705_16847_ResidualBody04|132.61|-2115.7,1675.1;-2116.7,1675.1;-2116.8,1665.1;-2115.8,1665.1
BuildingSmooth_13_-21021_1705_16847_ResidualBody04|132.61|-2110.2,1675.1;-2111.2,1675.1;-2111.3,1665.1;-2110.3,1665.1
BuildingSmooth_13_-21021_1705_16847_ResidualBody04|132.61|-2105.7,1670.6;-2115.7,1670.6;-2115.7,1669.6;-2105.7,1669.6
BuildingSmooth_13_-21021_1705_16847_ResidualBody04|132.61|-2097.8,1659.6;-2096.7,1655.8;-2108.5,1652.4;-2109.6,1656.2
BuildingSmooth_13_-21021_1705_16847_ResidualBody04|132.61|-2104.7,1676.1;-2116.7,1676.1;-2116.7,1675.1;-2104.7,1675.1
BuildingSmooth_13_-21021_1705_16847_ResidualBody04|132.61|-2104.7,1675.1;-2105.7,1675.1;-2105.8,1665.1;-2104.8,1665.1
BuildingSmooth_13_-21021_1705_16847_ResidualBody04|132.61|-2104.8,1665.1;-2116.8,1665.1;-2116.8,1664.1;-2104.8,1664.1
BuildingSmooth_13_-21021_1705_16847_ResidualBody04|132.61|-2115.7,1645.3;-2115.7,1652.4;-2108.5,1652.4;-2108.6,1645.2
BuildingSmooth_13_-21021_1705_16847_ResidualBody04|132.61|-2122.9,1652.5;-2115.7,1659.6;-2108.5,1652.4;-2115.7,1645.3
BuildingSmooth_13_-21021_1705_16847_ResidualBody04|132.61|-2097.7,1681.1;-2097.8,1652.4;-2122.9,1652.5;-2122.8,1681.2
BuildingSmooth_13_-21021_1705_16847_ResidualBody04|132.61|-2097.7,1681.1;-2087.1,1671.7;-2097.8,1659.6;-2108.4,1668.9
BuildingSmooth_13_-21021_1705_16847_ResidualBody04|132.61|-2122.9,1652.5;-2112.3,1643.1;-2097.8,1659.6;-2108.4,1668.9
BuildingSourceSlice_fbx_13_-11205_2233_14014|97.46|-1147.4,1352.3;-1078.1,1379.3;-1077.3,1380.9;-1080.4,1389.0;-1064.8,1395.1;-1064.0,1396.7;-1074.0,1420.9;-1096.8,1413.1;-1111.1,1449.6;-1112.8,1450.6;-1176.7,1425.2;-1149.0,1353.3
BuildingSourceSlice_fbx_16_11213_1816_-5839|138.22|1144.9,-570.2;1136.9,-566.8;1138.7,-562.4;1117.3,-553.5;1105.9,-581.7;1135.1,-593.9
BuildingSourceSlice_orph_-1919_673|129.87|-1961.0,663.4;-1948.2,644.4;-1941.1,636.4;-1933.4,643.4;-1932.6,642.5;-1867.3,707.2;-1874.8,718.2;-1874.0,716.9;-1941.5,650.6;-1953.9,670.3;-1965.8,684.2;-1973.1,677.5
BuildingSourceSlice_fbx_3_-1885_1412_13990|74.18|-145.2,1416.9;-235.3,1405.7;-234.7,1381.2;-142.3,1391.6
BuildingSourceSlice_orph_-2810_166|127.92|-2826.5,201.4;-2830.8,199.8;-2833.6,184.2;-2837.8,138.2;-2780.4,135.5;-2778.6,173.6;-2795.0,174.4;-2793.7,201.6
BuildingSourceSlice_orph_1672_162|131.56|1680.0,187.7;1654.6,176.9;1656.5,172.4;1646.1,167.9;1654.0,149.6;1664.3,154.0;1671.4,137.5;1696.8,148.3
BuildingSourceSlice_fbx_11_16613_1192_8586|90.46|1648.3,851.4;1644.8,852.0;1641.0,824.9;1656.0,822.2;1681.5,888.5;1665.0,894.8
BuildingSourceSlice_fbx_9_-8102_1612_7054|77.93|-808.8,659.9;-768.3,699.1;-816.4,750.6;-849.4,751.6;-852.0,668.9
BuildingSourceSlice_fbx_9_-8102_1612_7054|77.93|-765.3,735.0;-761.0,737.7;-760.8,742.9;-766.5,743.1;-766.6,741.9;-804.9,743.2;-763.7,702.3
BuildingSourceSlice_fbx_10_-19674_1311_-11934|59.23|-1943.9,-1200.6;-1937.0,-1194.3;-1965.7,-1162.2;-1997.8,-1191.5;-1966.3,-1224.6;-1942.2,-1202.7
BuildingSourceSlice_fbx_10_-27654_1384_-2526|114.63|-2789.4,-257.7;-2783.7,-268.9;-2782.0,-269.2;-2741.8,-249.2;-2741.4,-247.6;-2747.3,-234.5;-2789.0,-256.1
BuildingSourceSlice_fbx_9_-10047_1387_782|70.99|-1014.2,65.7;-986.3,55.6;-974.5,85.7;-1003.7,96.0;-1004.9,92.6;-1027.8,100.8;-1034.9,79.5;-1012.2,71.6
BuildingSourceSlice_orph_1228_1071|76.77|1139.9,1073.9;1127.3,1067.2;1157.2,1014.4;1186.3,1006.1;1271.1,1054.7;1347.1,1108.2;1343.3,1112.7;1339.1,1115.0;1335.9,1112.6;1330.0,1112.6;1333.5,1119.7;1294.6,1115.4;1298.6,1117.5;1291.6,1134.1;1140.8,1072.4
BuildingSourceSlice_orph_1534_1326|79.36|1460.5,1360.4;1462.1,1359.1;1451.5,1345.6;1452.4,1333.6;1547.5,1255.3;1557.6,1254.8;1609.2,1341.7;1588.9,1358.7;1582.8,1363.2;1581.3,1361.6;1535.6,1397.4;1520.3,1378.0;1545.6,1357.8;1533.9,1340.2;1532.2,1341.6;1526.5,1334.9;1473.2,1377.8
BuildingSourceSlice_fbx_11_14647_1424_6177|115.32|1468.3,650.8;1431.8,622.9;1461.0,584.7;1497.2,611.9;1497.3,613.6
BuildingSourceSlice_fbx_9_-13214_2306_9146|109.84|-1218.6,838.6;-1218.6,862.2;-1232.3,876.9;-1286.1,754.3;-1255.7,754.2
BuildingSourceSlice_fbx_9_-13214_2306_9146|109.84|-1330.0,1047.5;-1347.4,1009.5;-1425.7,806.1;-1425.8,785.7;-1424.6,784.4;-1289.9,758.1;-1235.1,882.7;-1232.1,883.1;-1226.2,898.2;-1253.5,909.0;-1253.1,910.3;-1257.0,911.7;-1263.5,895.0;-1260.6,892.6;-1262.1,885.4;-1284.7,894.0;-1239.7,1023.0;-1220.3,1018.9;-1218.6,1019.8;-1218.5,1047.3;-1288.6,1065.5;-1320.9,1065.5;-1329.1,1047.2
BuildingSourceSlice_orph_-1209_165|77.96|-1252.4,159.7;-1178.8,132.9;-1165.4,169.8;-1239.0,196.6
BuildingSourceSlice_fbx_11_18617_1633_3510|123.33|1884.2,350.4;1879.8,360.6;1872.0,357.6;1867.7,367.6;1839.2,354.9;1847.9,334.3
BuildingSourceSlice_fbx_1_-21717_2090_12618|140.32|-2143.1,1256.6;-2147.1,1261.5;-2142.7,1266.6;-2142.7,1268.3;-2169.2,1290.5;-2171.8,1289.7;-2178.7,1291.8;-2201.8,1263.7;-2198.4,1258.6;-2199.4,1257.4;-2198.0,1255.1;-2171.0,1232.7;-2161.7,1242.5;-2154.4,1236.4;-2142.4,1252.7
BuildingSourceSlice_fbx_10_-26937_1855_-1750|115.20|-2595.1,-259.9;-2678.9,-85.4;-2792.4,-77.5;-2762.4,-134.5;-2770.8,-138.6;-2710.9,-258.5;-2702.3,-254.4;-2694.0,-270.8;-2634.9,-243.9;-2621.6,-272.4
BuildingSourceSlice_fbx_13_-14023_1266_14599|101.70|-1364.6,1438.3;-1364.0,1440.0;-1371.9,1460.0;-1316.3,1482.1;-1316.0,1483.7;-1330.0,1519.0;-1331.6,1519.3;-1431.0,1480.1;-1435.3,1489.8;-1445.5,1486.3;-1459.0,1518.7;-1510.0,1498.8;-1514.1,1501.5;-1528.1,1495.0;-1528.1,1467.0;-1449.2,1400.3;-1432.1,1400.6;-1438.9,1408.9
BuildingSourceSlice_fbx_11_16141_1353_7305|103.22|1569.7,758.7;1570.1,748.6;1619.2,702.3;1657.4,739.7;1656.0,744.1
BuildingSourceSlice_orph_-2951_1117|134.10|-2930.0,1119.0;-2960.6,1136.2;-2972.4,1115.4;-2941.8,1098.2
BuildingSourceSlice_fbx_6_5161_1548_-12965|134.04|497.3,-1275.5;508.0,-1314.2;528.1,-1317.6;534.8,-1282.8
BuildingSourceSlice_fbx_6_14632_1729_-7170|141.70|1438.1,-738.5;1456.7,-753.5;1462.5,-746.7;1469.2,-752.1;1497.4,-718.1;1453.9,-680.4;1428.9,-712.3
BuildingSourceSlice_orph_1509_-669|145.06|1528.7,-698.4;1540.4,-684.7;1516.2,-664.3;1518.2,-661.8;1492.2,-640.4;1479.3,-654.8;1483.0,-657.8;1481.9,-659.8
BuildingSourceSlice_fbx_1_-25822_1697_10208|136.39|-2596.2,1033.5;-2598.9,1033.5;-2603.8,1027.4;-2602.8,1026.2;-2614.8,1010.5;-2608.4,1005.6;-2612.6,1000.4;-2592.7,985.2;-2549.6,1041.1;-2569.6,1056.5;-2591.6,1027.6;-2591.2,1029.6
BuildingSourceSlice_fbx_3_1375_1084_16451|79.78|160.8,1636.7;159.6,1657.9;113.7,1654.6;115.5,1631.8
BuildingSourceSlice_orph_-1324_-909|60.80|-1385.4,-876.1;-1412.4,-913.8;-1384.8,-936.4;-1388.0,-938.3;-1368.4,-950.2;-1378.1,-962.9;-1368.8,-968.7;-1373.7,-975.6;-1351.4,-991.8;-1346.5,-985.0;-1330.3,-998.1;-1235.5,-864.0;-1234.2,-864.7;-1243.8,-855.3;-1240.5,-853.3;-1291.6,-819.2;-1307.2,-841.3;-1295.5,-849.6;-1298.3,-855.5;-1321.1,-887.5;-1347.8,-868.6;-1364.6,-861.0;-1363.5,-861.9;-1377.5,-881.7
BuildingSourceSlice_fbx_7_20845_1033_21781|81.15|2084.0,2146.3;2119.0,2169.0;2077.6,2209.8;2076.2,2207.9;2077.9,2205.6;2049.9,2181.1
BuildingSourceSlice_orph_-369_755|61.16|-365.6,784.0;-379.3,782.8;-370.0,723.9;-359.5,724.9
BuildingSourceSlice_fbx_1_-23217_2195_9381|141.79|-2285.2,950.9;-2326.3,899.6;-2307.7,884.7;-2266.7,935.9
BuildingSourceSlice_fbx_1_-23217_2195_9381|141.79|-2315.6,974.3;-2355.9,923.4;-2328.6,901.8;-2287.4,951.7
BuildingSourceSlice_fbx_1_-23217_2195_9381|141.79|-2358.9,924.7;-2316.8,978.7;-2331.4,990.1;-2373.5,936.2
BuildingSourceSlice_fbx_16_5978_1169_-3655|88.50|619.1,-346.6;601.2,-338.2;592.3,-343.5;576.4,-382.1;605.9,-392.9;618.9,-360.2;614.4,-358.3
BuildingSourceSlice_fbx_5_5987_1230_11951|74.49|589.6,1171.0;633.6,1179.7;620.5,1207.0;621.1,1208.3;610.7,1227.0;567.9,1198.8
BuildingSourceSlice_fbx_14_4374_986_-1417|75.25|440.4,-160.4;453.9,-150.8;434.3,-123.0;420.7,-132.6
BuildingSourceSlice_fbx_1_-28044_1721_12093|135.59|-2795.8,1206.4;-2772.5,1188.1;-2754.8,1211.4;-2807.1,1251.5;-2852.7,1191.5;-2851.1,1190.3;-2854.1,1186.4;-2828.6,1166.9;-2820.1,1175.2
BuildingSourceSlice_orph_-2133_1229|139.77|-2128.9,1253.4;-2135.1,1246.0;-2137.9,1248.1;-2158.4,1223.5;-2134.0,1204.5;-2107.5,1237.6
BuildingSourceSlice_orph_1840_1137|82.74|1560.7,1161.9;1548.1,1169.0;1489.3,1069.1;1505.4,1060.9;1501.7,1052.5;1502.8,1041.7;1832.2,895.8;1837.0,906.6;1839.0,905.7;1839.5,912.1;1844.7,904.4;1857.8,907.5;1872.0,929.9;1909.2,916.8;1905.8,897.3;1909.1,890.2;1911.5,890.0;1910.6,889.3;1917.1,885.2;1934.5,889.0;1954.8,897.9;2121.1,1011.2;2146.8,1032.0;2172.3,1063.4;2185.3,1091.9;2183.8,1141.1;2171.0,1165.7;2149.2,1186.0;2108.1,1214.6;2100.7,1208.8;2014.8,1274.0;2017.2,1279.7;1864.5,1387.9;1857.7,1378.3;1830.2,1399.0;1828.9,1397.1;1788.7,1427.9;1777.9,1413.4;1787.8,1405.9;1778.1,1393.4;1780.3,1391.5;1774.8,1383.7;1725.2,1418.3;1713.4,1405.4;1705.3,1402.5;1659.2,1336.9;1655.5,1339.6;1641.0,1318.9;1639.4,1319.7;1608.7,1270.5
BuildingSourceSlice_orph_-1513_678|105.48|-1505.0,651.1;-1494.7,698.5;-1520.2,706.4;-1530.2,657.5
BuildingSourceSlice_fbx_2_20912_1693_-4554|145.18|2104.3,-479.4;2124.1,-427.6;2097.0,-417.1;2087.5,-414.8;2059.8,-487.5;2100.0,-494.7
BuildingSourceSlice_fbx_10_-19392_1709_-4442|85.55|-1965.0,-487.1;-1894.1,-422.8;-1895.1,-421.2;-1887.9,-414.5;-1899.9,-401.3;-1907.2,-407.9;-1911.8,-402.9;-1925.8,-415.7;-1931.5,-409.4;-1959.7,-434.9;-1961.8,-432.7;-1963.2,-433.8;-1989.8,-457.9;-1989.8,-459.3
BuildingSourceSlice_orph_-2148_1513|136.00|-2246.2,1517.0;-2251.2,1510.2;-2157.2,1436.7;-2151.4,1444.0;-2127.6,1425.9;-2129.8,1422.6;-2104.9,1443.1;-2100.2,1439.2;-2089.7,1452.3;-2040.8,1491.9;-2049.9,1499.1;-2049.4,1512.5;-2160.8,1605.4;-2164.9,1600.7;-2173.6,1608.8;-2201.2,1576.0;-2204.9,1578.9;-2230.7,1546.4;-2228.3,1544.5;-2244.1,1527.6;-2245.2,1529.9;-2252.4,1522.0
BuildingSourceSlice_orph_772_1478|83.74|748.1,1457.6;745.9,1449.1;752.6,1443.6;751.5,1441.1;776.5,1433.4;780.5,1448.4;775.7,1450.1;776.0,1451.1;740.5,1460.1
BuildingSourceSlice_orph_772_1478|83.74|748.1,1485.2;754.6,1500.8;775.5,1494.2;771.3,1480.9;788.4,1475.5;797.0,1502.9;758.9,1515.0;759.3,1516.3
BuildingSourceSlice_orph_1783_-704|146.83|1766.2,-743.3;1825.0,-713.9;1797.5,-664.9;1746.2,-694.2;1740.1,-694.2
BuildingSourceSlice_fbx_7_19292_1050_21324|81.24|1900.3,2133.7;1932.0,2102.5;1959.0,2130.4;1927.5,2161.7;1926.4,2164.1;1897.2,2134.4;1899.0,2132.7
BuildingSourceSlice_orph_3130_-1185|132.50|3110.9,-1206.0;3122.2,-1202.9;3125.0,-1212.2;3156.1,-1204.2;3146.8,-1168.3;3145.2,-1168.7;3143.0,-1153.3;3129.3,-1157.4;3126.9,-1152.8;3130.1,-1164.4;3111.2,-1170.2;3110.2,-1168.9;3100.6,-1173.7
BuildingSourceSlice_fbx_8_-1661_1299_26494|78.88|-152.3,2636.0;-155.2,2665.3;-180.3,2662.8;-177.3,2633.4
BuildingSourceSlice_fbx_3_1293_1405_20937|92.84|135.8,2089.6;135.8,2067.4;143.4,2065.7;163.2,2067.4;162.1,2098.1;141.4,2094.4
BuildingSmooth_6_3244_1561_-15821|118.16|321.8,-1579.2;321.3,-1587.2;322.3,-1587.3;322.8,-1579.3
BuildingSmooth_6_3244_1561_-15821|118.16|322.3,-1586.3;322.3,-1587.3;327.8,-1587.7;327.8,-1586.7
BuildingSmooth_6_3244_1561_-15821|118.16|322.8,-1579.3;322.7,-1580.3;328.3,-1580.7;328.3,-1579.7
BuildingSmooth_6_3244_1561_-15821|118.16|328.3,-1579.7;327.8,-1587.7;328.8,-1587.7;329.3,-1579.8
BuildingSmooth_6_3244_1561_-15821|118.16|325.0,-1580.5;324.6,-1586.4;325.6,-1586.5;326.0,-1580.5
BuildingSmooth_6_3244_1561_-15821|118.16|316.2,-1591.2;325.0,-1599.2;331.2,-1592.3;322.4,-1584.4
BuildingSmooth_6_3244_1561_-15821|118.16|322.6,-1582.8;322.5,-1583.8;328.0,-1584.2;328.1,-1583.2
BuildingSmooth_6_3244_1561_-15821|118.16|332.6,-1573.0;341.4,-1580.9;331.2,-1592.3;322.4,-1584.4
BuildingSmooth_6_3244_1561_-15821|118.16|316.2,-1591.2;307.4,-1583.3;317.6,-1571.9;326.4,-1579.8
BuildingSmooth_6_3244_1561_-15821|118.16|332.6,-1573.0;323.7,-1565.0;317.6,-1571.9;326.4,-1579.8
BuildingSourceSlice_orph_2310_-1678|147.63|2249.8,-1645.7;2248.9,-1646.2;2321.2,-1761.4;2349.1,-1743.7;2352.4,-1749.1;2356.2,-1746.9;2365.5,-1761.2;2397.5,-1740.6;2381.0,-1715.0;2372.4,-1720.6;2371.9,-1719.1;2368.2,-1719.9;2327.8,-1657.7;2312.1,-1632.0;2323.3,-1624.7;2299.7,-1583.6;2235.8,-1623.3
BuildingSourceSlice_fbx_16_3951_1066_-2895|78.64|331.9,-289.0;435.2,-330.6;458.1,-272.4;400.4,-248.4;373.8,-253.9
BuildingSourceSlice_orph_224_-1581|117.84|188.7,-1531.1;200.3,-1592.4;204.8,-1591.7;209.6,-1620.2;226.7,-1666.2;240.3,-1663.2;242.9,-1604.9;245.8,-1604.0;242.7,-1585.9;247.6,-1584.8;244.4,-1565.7;251.3,-1565.3;249.5,-1521.5
BuildingSourceSlice_fbx_13_-8311_946_23895|68.18|-819.4,2417.2;-849.9,2425.7;-854.2,2425.7;-861.1,2422.4;-850.8,2400.7;-848.0,2402.0;-846.5,2401.3;-818.4,2415.1
BuildingSourceSlice_orph_1396_-1351|140.56|1383.4,-1371.8;1398.1,-1374.9;1400.4,-1367.9;1404.6,-1369.0;1403.1,-1376.4;1406.4,-1377.9;1422.1,-1329.4;1407.7,-1326.7;1394.6,-1320.7;1383.4,-1356.3;1363.0,-1349.8;1359.6,-1361.4;1379.7,-1367.7;1376.7,-1377.5;1381.3,-1378.3
BuildingSourceSlice_orph_3064_-1191|131.87|3080.8,-1211.5;3070.9,-1163.7;3047.9,-1172.9;3056.4,-1216.8
BuildingSourceSlice_fbx_5_-1548_2341_8660|196.00|-173.0,859.3;-157.9,862.0;-157.7,861.1;-136.9,865.8;-141.9,886.9;-134.4,899.2;-165.5,893.3;-162.0,879.1;-173.0,877.1
BuildingSourceSlice_orph_609_1501|88.93|629.0,1487.8;621.9,1491.5;612.4,1520.7;593.0,1514.4;602.5,1485.2;614.4,1489.0;615.6,1486.0;603.7,1479.6
BuildingSourceSlice_orph_-1723_1072|126.47|-1733.9,1021.3;-1729.8,1035.4;-1728.2,1034.9;-1725.7,1041.7;-1716.2,1072.3;-1689.3,1065.3;-1681.2,1090.4;-1736.4,1108.3;-1742.0,1091.6;-1747.6,1093.0;-1751.2,1082.2;-1736.9,1076.6;-1752.4,1027.2
BuildingSourceSlice_part_40_-885|97.92|34.4,-938.3;34.5,-940.8;89.4,-901.9;88.8,-900.4;104.1,-892.4;100.4,-882.9;103.1,-882.0;80.8,-823.8;-25.5,-864.6;7.1,-949.5
BuildingSourceSlice_part_1074_2525|127.88|1231.5,2433.8;1251.3,2530.9;1069.7,2564.6;1077.4,2601.5;922.9,2630.0;916.5,2595.3;922.2,2594.2;920.3,2583.6;936.5,2580.6;938.5,2591.2;949.8,2589.2;929.9,2489.5
BuildingSourceSlice_orph_404_-153|74.94|420.6,-133.4;406.6,-142.8;407.3,-143.9;379.5,-161.1;387.7,-173.2;429.1,-145.3
BuildingSourceSlice_fbx_15_-17392_883_-21982|75.24|-1739.6,-2183.4;-1749.2,-2176.1;-1755.6,-2180.1;-1753.5,-2184.5;-1755.0,-2185.2;-1754.1,-2190.6;-1737.2,-2220.3;-1722.8,-2219.0;-1722.2,-2218.0
BuildingSourceSlice_fbx_2_18521_2032_-8089|148.06|1827.9,-806.5;1839.7,-829.9;1876.4,-811.4;1864.6,-788.0
BuildingSourceSlice_fbx_11_14985_1466_9084|86.65|1497.8,882.6;1496.4,906.8;1534.3,909.0;1531.8,953.1;1487.6,963.6;1487.8,958.1;1486.3,957.3;1463.5,959.7;1466.4,905.9;1486.6,907.1;1488.3,882.0
BuildingSourceSlice_fbx_5_7774_1290_10753|72.18|812.2,1071.9;794.6,1105.6;743.0,1078.8;760.5,1045.0
BuildingSourceSlice_fbx_5_5701_959_10498|71.08|485.5,989.4;530.4,1008.3;512.1,1051.8;467.1,1032.8
BuildingSourceSlice_fbx_5_5701_959_10498|71.08|536.0,996.7;639.4,1040.3;613.0,1102.9;500.7,1079.8
BuildingSourceSlice_orph_2348_-1672|147.62|2313.2,-1632.9;2368.4,-1719.3;2381.7,-1711.1;2342.6,-1648.6;2341.2,-1649.4;2326.2,-1625.0
BuildingSourceSlice_part_-2937_242|127.58|-2962.8,208.1;-2957.0,215.5;-2955.6,214.4;-2953.3,217.5;-2916.3,216.6;-2906.6,230.0;-2905.1,228.9;-2891.4,248.7;-2918.2,266.8;-2917.5,267.7;-2939.0,283.7;-2983.6,222.3
BuildingSourceSlice_fbx_10_-20577_1172_-13039|62.10|-2060.1,-1282.9;-2078.8,-1303.4;-2055.2,-1324.9;-2036.5,-1304.5
BuildingSourceSlice_orph_-2509_354|132.59|-2573.4,415.0;-2612.5,359.0;-2560.2,318.4;-2555.7,324.5;-2508.5,288.3;-2503.4,295.1;-2498.8,291.7;-2496.1,283.1;-2435.9,278.1;-2441.6,290.0;-2437.3,342.6;-2451.7,353.5;-2430.8,381.4;-2433.5,383.4;-2432.4,385.7;-2482.5,423.7;-2480.8,419.3;-2504.0,436.6;-2541.5,386.3;-2567.4,408.3;-2566.4,409.7
BuildingSourceSlice_orph_422_1148|73.27|385.9,1134.8;458.5,1144.0;447.6,1167.2;435.4,1160.1;406.9,1153.4;381.2,1144.8;379.4,1139.9
BuildingSourceSlice_orph_1503_359|125.22|1482.5,360.2;1488.5,350.9;1489.5,351.3;1493.4,342.0;1520.9,353.7;1521.3,352.6;1522.8,353.3;1512.9,377.7
BuildingSourceSlice_fbx_12_28364_1592_-16549|139.23|2816.7,-1631.3;2836.2,-1684.2;2851.5,-1678.4;2832.9,-1625.7
BuildingSourceSlice_fbx_5_9462_1086_11522|73.11|950.7,1127.2;946.5,1136.9;952.1,1126.1;969.4,1134.6;945.7,1182.5;923.0,1171.0;931.7,1153.5;925.6,1150.4;940.1,1121.9
BuildingSourceSlice_orph_2359_-256|132.10|2372.0,-239.5;2350.0,-237.0;2346.1,-271.8;2368.0,-274.3
BuildingSourceSlice_fbx_9_-15853_1901_6985|112.37|-1607.8,729.3;-1618.9,688.3;-1595.2,681.8;-1596.1,678.7;-1576.2,673.3;-1576.8,671.1;-1564.3,667.7;-1560.7,680.7;-1559.4,680.4;-1551.8,713.5
BuildingSourceSlice_fbx_10_-16055_1505_-1748|80.19|-1577.9,-142.8;-1630.6,-140.5;-1633.5,-206.8;-1580.7,-209.0
BuildingSmooth_15_-15351_676_-17464_Body01|65.22|-1539.8,-1735.3;-1543.0,-1743.7;-1542.1,-1744.0;-1538.9,-1735.6
BuildingSmooth_15_-15351_676_-17464_Body01|65.22|-1571.3,-1774.7;-1567.3,-1776.2;-1571.9,-1788.2;-1575.9,-1786.6
BuildingSmooth_15_-15351_676_-17464_Body01|65.22|-1542.7,-1738.5;-1543.0,-1739.4;-1541.6,-1739.9;-1541.2,-1739.0
BuildingSmooth_15_-15351_676_-17464_Body01|65.22|-1571.3,-1774.7;-1571.5,-1774.5;-1549.6,-1741.8;-1549.3,-1742.0
BuildingSmooth_15_-15351_676_-17464_Body01|65.22|-1571.9,-1788.2;-1565.8,-1791.4;-1543.1,-1748.9;-1549.2,-1745.6
BuildingSmooth_15_-15351_676_-17464_Body01|65.22|-1542.2,-1734.4;-1545.4,-1742.8;-1544.5,-1743.1;-1541.3,-1734.7
BuildingSmooth_15_-15351_676_-17464_Body01|65.22|-1544.1,-1742.2;-1544.5,-1743.1;-1543.0,-1743.7;-1542.7,-1742.8
BuildingSmooth_15_-15351_676_-17464_Body01|65.22|-1543.1,-1748.9;-1547.1,-1747.3;-1539.5,-1727.4;-1535.5,-1728.9
BuildingSmooth_15_-15351_676_-17464_Body01|65.22|-1539.5,-1727.4;-1539.7,-1727.2;-1549.6,-1741.8;-1549.3,-1742.0
BuildingSmooth_15_-15351_676_-17464_Body01|65.22|-1541.4,-1735.8;-1543.9,-1742.3;-1542.9,-1742.7;-1540.4,-1736.1
BuildingSmooth_15_-15351_676_-17464_Body01|65.22|-1571.9,-1788.2;-1577.0,-1785.4;-1571.3,-1774.7;-1566.1,-1777.4
BuildingSmooth_15_-15351_676_-17464_Body01|65.22|-1539.5,-1727.4;-1533.4,-1730.6;-1543.1,-1748.9;-1549.2,-1745.6
BuildingSmooth_15_-15351_676_-17464_Body01|65.22|-1539.5,-1727.4;-1544.6,-1724.6;-1571.3,-1774.7;-1566.1,-1777.4
BuildingSmooth_15_-15351_676_-17464_Body01|65.22|-1541.3,-1734.7;-1541.6,-1735.7;-1540.2,-1736.2;-1539.8,-1735.3
BuildingSourceSlice_fbx_5_8663_898_10117|71.74|858.0,989.6;888.9,1004.8;874.2,1034.7;843.3,1019.5
BuildingSourceSlice_fbx_4_-5125_1530_-17709|109.46|-523.4,-1796.9;-478.9,-1784.1;-492.0,-1743.9;-535.0,-1755.6
BuildingSourceSlice_orph_1291_-1595|142.36|1278.8,-1587.0;1299.7,-1591.4;1276.6,-1694.5;1280.5,-1695.3;1307.2,-1560.9;1285.3,-1555.9
BuildingSourceSlice_fbx_1_-31041_1583_6728|127.43|-3072.7,654.3;-3076.4,696.4;-3135.5,691.1;-3131.8,649.1
BuildingSourceSlice_fbx_10_-24195_1893_-1608|112.86|-2420.7,-113.0;-2421.5,-123.9;-2437.1,-122.9;-2442.9,-204.0;-2426.1,-203.8;-2424.9,-206.0;-2403.9,-207.3;-2394.8,-114.8
BuildingSmooth_5_6819_1187_10146_Residual_b2d30e26_Body01|70.89|679.5,980.2;680.3,978.0;682.9,979.0;682.2,981.1
BuildingSmooth_5_6819_1187_10146_Residual_b2d30e26_Body01|70.89|701.1,988.0;701.9,985.9;682.9,979.0;682.2,981.1
BuildingSmooth_5_6819_1187_10146_Residual_b2d30e26_Body01|70.89|702.2,991.4;703.4,989.1;701.1,988.0;700.0,990.3
BuildingSmooth_5_6819_1187_10146_Residual_b2d30e26_Body01|70.89|702.2,991.4;696.5,974.4;679.5,980.2;685.2,997.1
BuildingSmooth_5_6819_1187_10146_Residual_b2d30e26_Body01|70.89|679.5,980.2;680.7,977.9;701.1,988.0;700.0,990.3
BuildingSmooth_5_6819_1187_10146_Residual_b2d30e26_Body01|70.89|690.5,988.0;684.9,989.9;684.6,988.9;690.2,987.0
BuildingSmooth_5_6819_1187_10146_Residual_b2d30e26_Body01|70.89|692.1,992.7;686.5,994.6;686.2,993.7;691.8,991.8
BuildingSmooth_5_6819_1187_10146_Residual_b2d30e26_Body01|70.89|691.8,991.8;690.9,992.1;689.6,988.3;690.5,988.0
BuildingSmooth_5_6819_1187_10146_Residual_b2d30e26_Body01|70.89|687.1,993.3;686.2,993.7;684.9,989.9;685.8,989.5
BuildingSmooth_5_6819_1187_10146_Residual_b2d30e26_Body01|70.89|690.4,990.7;686.6,991.9;686.3,991.0;690.1,989.7
BuildingSmooth_5_6819_1187_10146_Residual_b2d30e26_Body01|70.89|689.5,992.5;688.5,992.9;687.2,989.1;688.2,988.8
BuildingSourceSlice_orph_2331_-527|135.35|2341.7,-510.6;2326.5,-508.4;2321.2,-543.7;2336.4,-545.9
BuildingSourceSlice_orph_2120_-684|147.00|2106.3,-709.0;2148.7,-680.1;2134.0,-658.6;2091.6,-687.6
BuildingSourceSlice_orph_-573_-437|51.68|-530.1,-332.3;-531.1,-331.8;-607.4,-480.8;-611.5,-478.5;-636.2,-521.9;-630.0,-525.3;-635.3,-535.8;-622.9,-541.9;-509.8,-359.5;-537.2,-347.1
BuildingSourceSlice_fbx_13_-11390_1328_13306|98.64|-1173.8,1301.4;-1159.1,1308.6;-1158.5,1310.4;-1097.8,1308.6;-1094.5,1312.7;-1112.4,1360.1;-1146.3,1347.1;-1144.6,1341.2;-1183.5,1325.9
BuildingSourceSlice_orph_2253_-279|138.86|2259.8,-307.5;2266.2,-251.1;2247.1,-249.6;2245.2,-277.5;2242.1,-277.1;2238.5,-305.0
BuildingSmooth_13_-21021_1705_16847_ResidualBody03|131.47|-2099.6,1713.9;-2101.6,1713.9;-2101.6,1712.9;-2099.6,1712.9
BuildingSmooth_13_-21021_1705_16847_ResidualBody03|131.47|-2098.6,1708.5;-2102.6,1708.5;-2102.6,1707.5;-2098.6,1707.5
BuildingSmooth_13_-21021_1705_16847_ResidualBody03|131.47|-2100.1,1718.3;-2101.1,1718.3;-2101.1,1708.5;-2100.1,1708.5
BuildingSmooth_13_-21021_1705_16847_ResidualBody03|131.47|-2098.6,1719.3;-2102.6,1719.3;-2102.6,1718.3;-2098.6,1718.3
BuildingSmooth_13_-21021_1705_16847_ResidualBody03|131.47|-2097.7,1702.6;-2099.8,1701.9;-2104.8,1717.0;-2102.6,1717.7
BuildingSmooth_13_-21021_1705_16847_ResidualBody03|131.47|-2101.6,1718.3;-2102.6,1718.3;-2102.6,1708.5;-2101.6,1708.5
BuildingSmooth_13_-21021_1705_16847_ResidualBody03|131.47|-2098.6,1718.3;-2099.6,1718.3;-2099.6,1708.5;-2098.6,1708.5
BuildingSmooth_13_-21021_1705_16847_ResidualBody03|131.47|-2119.2,1702.7;-2119.1,1717.0;-2104.8,1717.0;-2104.8,1702.6
BuildingSmooth_13_-21021_1705_16847_ResidualBody03|131.47|-2097.7,1702.6;-2104.8,1702.6;-2104.8,1724.1;-2097.6,1724.1
BuildingSmooth_13_-21021_1705_16847_ResidualBody03|131.47|-2104.8,1724.1;-2106.9,1723.4;-2104.8,1717.0;-2102.6,1717.7
BuildingSmooth_13_-21021_1705_16847_ResidualBody03|131.47|-2097.7,1702.6;-2097.6,1717.0;-2104.8,1717.0;-2104.8,1702.6
BuildingSourceSlice_orph_-2976_1195|134.71|-2977.0,1162.8;-2972.3,1168.5;-2967.8,1165.1;-2940.3,1199.2;-2940.5,1206.3;-2974.9,1234.0;-3018.2,1175.5
BuildingSourceSlice_orph_1260_-626|141.77|1271.5,-593.5;1228.7,-642.1;1248.2,-659.2;1291.0,-610.7
BuildingSourceSlice_fbx_5_-1674_1449_6428|61.80|-176.1,677.6;-177.2,676.4;-177.2,606.3;-156.9,607.9;-166.0,678.6
BuildingSourceSlice_orph_-2575_-2178|58.18|-2593.1,-2217.7;-2559.3,-2176.7;-2535.1,-2150.9;-2546.7,-2143.0;-2548.8,-2147.4;-2557.8,-2139.8;-2613.9,-2207.3
BuildingSourceSlice_fbx_9_-14704_1504_9478|119.35|-1438.3,952.9;-1446.4,955.5;-1445.8,957.4;-1460.3,962.5;-1458.1,969.0;-1472.8,973.9;-1475.0,967.5;-1491.1,972.7;-1502.5,938.7;-1449.3,921.8
BuildingSourceSlice_orph_454_-1479|122.40|437.6,-1499.0;487.7,-1461.3;483.9,-1456.3;459.7,-1474.6;454.9,-1468.3;429.2,-1487.7
BuildingSourceSlice_orph_2171_-476|143.58|2200.1,-520.9;2204.1,-503.8;2202.7,-503.4;2211.1,-472.0;2199.8,-468.6;2210.3,-429.1;2190.3,-424.7;2193.2,-414.7;2181.2,-411.3;2166.0,-466.7;2127.1,-455.9;2114.7,-499.0
BuildingSourceSlice_fbx_2_23856_1482_-5364|135.04|2400.1,-553.2;2400.8,-520.3;2371.1,-519.6;2370.4,-552.6
BuildingSourceSlice_fbx_11_20198_1432_4778|110.00|2071.7,462.8;2071.7,491.0;2066.3,492.4;2071.6,498.2;2071.1,508.9;2058.2,509.5;2057.9,511.3;1981.2,514.3;1980.5,508.3;1972.0,507.9;1970.6,474.6;1971.2,444.9;2063.3,441.9
BuildingSmooth_11_20479_1647_5583_Body01|166.13|2057.1,546.3;2035.0,551.2;2034.8,550.2;2056.9,545.3
BuildingSmooth_11_20479_1647_5583_Body01|166.13|2061.6,566.1;2039.4,571.0;2039.2,570.0;2061.3,565.1
BuildingSmooth_11_20479_1647_5583_Body01|166.13|2084.7,579.7;2023.4,593.4;2010.8,536.6;2072.1,522.9
BuildingSmooth_11_20479_1647_5583_Body01|166.13|2040.2,569.8;2039.2,570.0;2035.0,551.2;2036.0,551.0
BuildingSmooth_11_20479_1647_5583_Body01|166.13|2061.3,565.1;2060.4,565.3;2056.2,546.5;2057.1,546.3
BuildingSmooth_11_20479_1647_5583_Body01|166.13|2058.4,556.4;2038.2,560.9;2038.0,559.9;2058.2,555.4
BuildingSmooth_11_20479_1647_5583_Body01|166.13|2050.7,567.5;2049.8,567.7;2045.6,548.8;2046.6,548.6
BuildingSourceSlice_fbx_8_-417_1650_22523|85.68|26.2,2300.7;23.5,2331.5;17.4,2331.5;16.8,2336.9;14.9,2336.8;15.0,2335.2;-18.0,2332.9;-19.8,2337.5;-110.0,2296.9;-109.9,2298.3;-111.1,2297.8;-115.6,2290.3;-113.5,2278.2;-111.3,2279.7;-110.3,2272.6;-54.3,2173.2;-37.0,2173.1;8.7,2184.9;8.3,2181.2;24.7,2183.0;34.1,2188.6;33.0,2201.1;-5.3,2298.9
BuildingSourceSlice_fbx_16_6924_1163_-3075|89.59|681.0,-269.7;656.5,-326.1;693.4,-345.4;704.6,-342.1;728.2,-292.5
BuildingSourceSlice_fbx_5_6210_1034_9801|70.17|630.2,1018.9;630.0,1017.2;587.6,999.9;611.9,941.4;654.9,959.8
BuildingSourceSlice_fbx_5_6210_1034_9801|70.17|662.9,969.9;662.9,982.3;644.2,1026.4;630.2,1020.5;653.4,965.9
BuildingSourceSlice_fbx_1_-27069_1577_11381|135.55|-2710.8,1157.0;-2728.2,1133.3;-2707.2,1117.6;-2685.7,1147.7;-2700.5,1158.6
BuildingSourceSlice_fbx_7_12205_1266_19961|97.58|1220.7,2016.4;1200.3,1994.1;1220.4,1975.8;1240.7,1998.1
BuildingSourceSlice_fbx_3_2198_1445_17852|85.49|239.7,1834.5;217.9,1833.2;221.4,1771.3;194.3,1769.8;196.2,1737.1;197.7,1736.1;245.5,1738.7
BuildingSourceSlice_fbx_1_-22025_2621_8161|141.23|-2162.6,841.4;-2162.8,846.4;-2179.5,860.2;-2200.7,852.0;-2230.8,814.7;-2227.7,812.1;-2238.5,798.5;-2238.5,788.7;-2235.2,786.1;-2235.8,784.5;-2233.0,781.5;-2231.3,776.7;-2221.4,768.8;-2198.1,768.9;-2175.4,796.9
BuildingSourceSlice_orph_1969_-515|145.39|1981.4,-500.3;1966.5,-497.0;1965.9,-500.8;1946.0,-495.7;1944.6,-502.5;1966.1,-511.8;1966.3,-518.5;1963.7,-537.3;1977.4,-539.2;1983.8,-518.9;1978.0,-517.9
BuildingSourceSlice_orph_1182_559|94.07|1160.9,539.4;1165.4,542.8;1162.0,547.2;1168.9,552.2;1170.7,547.3;1174.3,545.6;1172.2,547.9;1174.5,550.4;1187.2,540.4;1199.7,515.3;1224.6,533.1;1168.5,604.1;1159.2,597.6;1146.0,557.2
BuildingSourceSlice_fbx_11_22867_1158_5258|106.12|2309.6,528.9;2276.2,487.3;2304.9,487.4;2315.8,500.8;2315.7,524.4
BuildingSourceSlice_fbx_11_22867_1158_5258|106.12|2281.1,494.8;2308.3,528.8;2274.0,556.7;2270.2,555.6;2265.1,507.3
BuildingSourceSlice_fbx_9_-14373_1742_8417|112.47|-1420.9,836.5;-1433.4,842.0;-1452.4,842.0;-1471.2,794.6;-1439.8,787.7
BuildingSourceSlice_fbx_9_-14373_1742_8417|112.47|-1446.3,858.4;-1443.3,856.1;-1426.2,855.9;-1421.7,866.7;-1419.2,867.5;-1419.3,878.6;-1429.2,894.1;-1432.4,894.4
BuildingSourceSlice_orph_1944_-989|149.52|1937.6,-1007.5;1965.3,-994.3;1956.8,-973.2;1941.4,-981.0;1934.6,-973.7;1921.3,-979.4
BuildingSourceSlice_orph_2240_-1733|148.31|2243.2,-1797.5;2262.1,-1784.9;2265.6,-1788.8;2283.4,-1775.8;2273.4,-1758.5;2283.6,-1751.8;2242.7,-1682.9;2240.3,-1684.2;2218.3,-1648.8;2208.6,-1655.3;2208.7,-1679.8;2227.6,-1709.8;2196.0,-1731.3
BuildingSourceSlice_fbx_1_-28347_1719_5555|131.13|-2821.9,541.9;-2816.8,538.7;-2808.9,549.3;-2849.7,580.7;-2859.4,567.6;-2852.6,562.6;-2860.4,551.7;-2830.4,530.3
BuildingSourceSlice_orph_-375_802|62.04|-366.0,786.2;-369.7,819.7;-385.0,818.0;-381.3,784.5
BuildingSmooth_8_7180_1690_28811|131.91|706.7,2872.8;698.5,2884.0;709.8,2892.4;718.1,2881.1
BuildingSmooth_8_7180_1690_28811|131.91|721.3,2880.9;714.4,2882.0;714.2,2881.0;721.1,2880.0
BuildingSmooth_8_7180_1690_28811|131.91|729.2,2889.3;737.4,2878.1;726.1,2869.8;717.9,2881.0
BuildingSmooth_8_7180_1690_28811|131.91|706.7,2872.8;715.0,2861.6;726.1,2869.8;717.9,2881.0
BuildingSmooth_8_7180_1690_28811|131.91|714.8,2885.0;713.8,2885.1;712.8,2878.2;713.8,2878.1
BuildingSmooth_8_7180_1690_28811|131.91|718.8,2884.4;717.8,2884.5;716.7,2877.6;717.7,2877.5
BuildingSmooth_8_7180_1690_28811|131.91|721.7,2876.8;712.8,2878.2;712.6,2877.2;721.5,2875.8
BuildingSmooth_8_7180_1690_28811|131.91|722.9,2884.7;714.0,2886.1;713.8,2885.1;722.7,2883.8
BuildingSmooth_8_7180_1690_28811|131.91|722.7,2883.8;721.8,2883.9;720.7,2877.0;721.7,2876.8
BuildingSmooth_8_7180_1690_28811|131.91|729.2,2889.3;720.9,2900.5;709.8,2892.4;718.1,2881.1
BuildingSourceSlice_fbx_12_17819_1523_-17891|139.08|1791.1,-1854.8;1830.3,-1825.2;1830.2,-1793.2;1782.1,-1733.2;1765.4,-1733.1;1758.2,-1738.6;1752.9,-1733.7;1718.2,-1761.4
BuildingSourceSlice_fbx_1_-28365_1629_7959|131.31|-2807.6,732.6;-2763.3,797.5;-2787.8,814.1;-2832.1,749.3
BuildingSourceSlice_fbx_1_-28365_1629_7959|131.31|-2834.9,845.7;-2882.2,776.6;-2837.9,746.3;-2790.6,815.4
BuildingSourceSlice_fbx_6_1945_1385_-7294|95.74|162.2,-764.9;161.4,-767.5;186.0,-777.4;186.9,-774.8;201.0,-780.4;207.2,-764.2;214.6,-767.2;242.2,-698.2;241.4,-697.8;243.1,-693.3;195.6,-674.4;169.5,-737.7;156.7,-732.6;147.1,-757.9
BuildingSourceSlice_orph_-3100_491|126.26|-3092.7,519.7;-3109.8,517.7;-3109.6,515.9;-3117.5,514.6;-3108.7,462.5;-3083.2,466.8;-3091.6,513.0;-3075.0,516.8;-3091.7,514.0
BuildingSourceSlice_fbx_5_7601_983_11064|72.01|729.4,1112.4;743.7,1084.1;792.8,1108.8;784.5,1125.6;764.5,1115.8;758.7,1127.8
BuildingSourceSlice_fbx_11_19028_1363_5937|108.01|1913.7,575.2;1908.6,614.0;1893.9,612.9;1895.6,599.1;1892.0,598.5;1895.2,573.3
BuildingSourceSlice_orph_2327_41|127.39|2348.7,11.3;2344.8,15.1;2344.6,12.4;2306.3,15.2;2303.6,10.1;2344.0,7.5
BuildingSourceSlice_orph_2327_41|127.39|2309.7,74.2;2347.6,71.3;2349.2,75.9;2309.8,78.9;2310.5,77.6;2308.9,77.2
BuildingSourceSlice_fbx_10_-27120_1651_-3465|113.02|-2693.2,-348.6;-2692.4,-349.9;-2679.8,-344.1;-2688.7,-323.9;-2701.2,-329.9;-2701.9,-328.6;-2737.5,-346.3;-2736.8,-348.2;-2744.5,-352.7;-2737.7,-366.5;-2728.3,-369.0
BuildingSourceSlice_fbx_6_8705_1488_-11516|128.62|887.4,-1141.2;874.2,-1135.9;853.6,-1154.8;863.1,-1167.2
BuildingSourceSlice_fbx_5_7902_1186_3542|80.02|789.5,311.0;804.2,304.1;831.5,361.4;831.4,378.9;823.3,383.0
BuildingSourceSlice_fbx_5_7902_1186_3542|80.02|824.0,386.9;787.7,398.3;756.2,330.1;760.1,329.6;787.9,310.2;822.4,383.6;819.3,385.8;822.8,384.9
BuildingSourceSlice_fbx_5_7902_1186_3542|80.02|756.2,330.1;787.8,399.8;770.1,405.8;762.8,405.0;748.8,370.4;748.8,356.2;754.1,331.5
BuildingSourceSlice_orph_-1930_1355|129.76|-1957.6,1362.8;-1963.7,1358.0;-1910.4,1321.8;-1904.8,1329.8;-1908.6,1327.0;-1915.3,1330.7;-1901.3,1352.4;-1908.2,1357.3;-1906.6,1359.7;-1941.0,1383.4
BuildingSourceSlice_fbx_11_18229_1377_8107|92.18|1838.5,816.5;1813.8,827.4;1807.3,796.8;1833.5,793.9
BuildingSourceSlice_orph_-1705_-1326|62.27|-1718.0,-1352.7;-1672.1,-1318.9;-1686.8,-1329.1;-1686.7,-1325.4;-1680.2,-1316.4;-1683.7,-1318.7;-1687.2,-1299.5;-1674.9,-1316.5;-1674.0,-1308.0;-1685.5,-1298.0;-1704.1,-1311.4;-1705.7,-1309.2;-1734.4,-1329.9
BuildingSourceSlice_fbx_12_17843_1520_-16190|143.27|1774.3,-1586.0;1754.3,-1603.2;1784.2,-1637.8;1781.3,-1640.4;1787.6,-1647.7;1796.5,-1647.7;1813.7,-1631.7
BuildingSourceSlice_fbx_12_17843_1520_-16190|143.27|1787.3,-1582.1;1784.2,-1578.5;1782.2,-1578.5;1774.8,-1584.8;1809.4,-1625.0;1813.7,-1621.3;1813.6,-1598.5;1803.3,-1578.8;1789.2,-1578.6;1790.1,-1579.7
BuildingSourceSlice_fbx_7_6223_955_13848|82.02|597.7,1397.2;606.5,1362.5;638.0,1370.4;636.4,1376.6;645.6,1379.4;641.0,1407.1;629.9,1404.1;628.6,1404.9
BuildingSourceSlice_orph_-1381_2329|98.98|-1399.5,2286.6;-1394.1,2279.2;-1395.0,2278.7;-1352.9,2298.3;-1351.9,2296.2;-1313.5,2314.4;-1327.3,2343.7;-1331.7,2341.6;-1335.6,2350.1;-1331.3,2352.1;-1341.6,2373.9;-1365.3,2362.7;-1366.0,2364.2;-1404.4,2345.3;-1417.5,2359.4;-1426.9,2373.2;-1454.8,2352.0;-1402.4,2284.1
BuildingSourceSlice_fbx_9_-7949_1401_11751|80.72|-770.4,1109.1;-770.9,1086.8;-719.5,1085.6;-719.1,1107.9
BuildingSourceSlice_fbx_9_-7949_1401_11751|80.72|-715.1,1209.0;-739.6,1198.0;-850.9,1197.8;-878.0,1208.6;-878.5,1094.0;-774.9,1088.7;-774.9,1112.2;-716.6,1113.0;-712.9,1208.7
BuildingSourceSlice_fbx_9_-7949_1401_11751|80.72|-744.8,1233.3;-762.8,1233.4;-762.5,1209.9;-744.1,1209.8;-744.0,1213.4;-707.7,1212.9;-707.5,1234.2;-744.8,1234.7
BuildingSourceSlice_fbx_9_-7949_1401_11751|80.72|-797.7,1208.9;-797.5,1261.2;-828.8,1261.5;-828.8,1259.9;-870.3,1260.9;-870.8,1217.2;-864.7,1217.2;-865.7,1207.6;-797.6,1207.4;-796.1,1208.8
BuildingSourceSlice_fbx_9_-7949_1401_11751|80.72|-795.5,1260.5;-796.0,1212.1;-763.5,1211.8;-763.2,1236.1;-752.9,1236.1;-752.7,1258.0;-763.0,1258.1;-763.4,1260.1
BuildingSourceSlice_fbx_9_-7949_1401_11751|80.72|-707.5,1235.8;-707.3,1260.4;-752.1,1260.7;-752.3,1236.1
BuildingSourceSlice_fbx_7_7136_1102_14169|80.99|686.6,1431.9;696.0,1392.0;736.7,1400.1;733.9,1408.8;740.4,1410.8;730.1,1442.5
BuildingSourceSlice_orph_1524_1597|80.49|1487.7,1603.6;1551.5,1561.6;1565.9,1583.5;1554.9,1590.8;1550.4,1584.1;1533.3,1595.4;1537.7,1602.1;1525.5,1610.2;1530.3,1617.6;1506.9,1633.1
BuildingSourceSlice_part_-818_943|81.55|-784.8,914.5;-782.6,910.9;-808.7,911.1;-808.7,909.8;-726.7,906.7;-726.5,911.7;-721.5,911.6;-719.6,964.5;-724.5,964.7;-724.3,970.5;-864.6,975.8;-864.0,980.3;-891.9,981.1;-906.2,974.8;-915.1,962.3;-916.6,915.1
BuildingSourceSlice_fbx_5_6880_934_2102|77.02|700.3,217.9;685.4,224.6;675.6,202.1;690.5,196.1
BuildingSourceSlice_fbx_2_22962_1561_-2477|135.73|2266.9,-265.3;2284.8,-266.8;2285.6,-257.1;2323.0,-260.9;2325.6,-234.1;2270.2,-228.6
BuildingSourceSlice_orph_-590_2303|59.07|-639.6,2269.7;-637.1,2297.9;-543.8,2294.7;-545.9,2239.7;-536.0,2239.4;-534.3,2287.5;-532.6,2287.5;-533.4,2318.1;-637.1,2323.0;-635.4,2349.8;-645.3,2350.1;-649.5,2270.1
BuildingSourceSlice_fbx_14_2530_1780_-1082|130.62|284.5,-106.9;230.6,-85.1;220.1,-111.3;274.0,-133.0
BuildingSourceSlice_fbx_8_1360_1371_26452|109.19|116.6,2674.1;120.6,2613.9;155.6,2616.3;151.6,2676.4
BuildingSourceSlice_fbx_4_-2755_1159_-9111|93.84|-294.7,-900.2;-281.9,-932.3;-256.3,-922.1;-269.0,-890.0
BuildingSourceSlice_part_1735_663|107.74|1707.4,669.1;1695.4,663.9;1707.0,637.4;1713.6,640.3;1716.4,633.9;1774.7,659.4;1759.9,693.5;1706.7,670.6
BuildingSourceSlice_fbx_5_11142_1526_10091|76.57|1135.8,1001.4;1111.5,1042.1;1090.5,1032.8;1117.7,975.9;1134.8,983.2;1137.5,995.5
BuildingSmooth_2_26311_1274_-9991|118.84|2615.7,-983.4;2601.4,-997.4;2624.6,-1021.1;2638.9,-1007.0
BuildingSmooth_2_26311_1274_-9991|118.84|2646.4,-1014.8;2632.2,-1028.8;2624.6,-1021.1;2638.9,-1007.0
BuildingSmooth_2_26311_1274_-9991|118.84|2615.7,-983.4;2629.9,-969.4;2637.5,-977.1;2623.2,-991.1
BuildingSmooth_2_26311_1274_-9991|118.84|2646.4,-1014.8;2660.7,-1000.7;2637.5,-977.1;2623.2,-991.1
BuildingSmooth_2_26311_1274_-9991|118.84|2625.6,-992.7;2625.8,-993.6;2634.5,-991.6;2634.3,-990.6
BuildingSmooth_2_26311_1274_-9991|118.84|2634.3,-990.6;2637.9,-1005.5;2638.8,-1005.2;2635.3,-990.4
BuildingSmooth_2_26311_1274_-9991|118.84|2615.7,-983.4;2629.9,-969.4;2637.5,-977.1;2623.2,-991.1
BuildingSmooth_2_26311_1274_-9991|118.84|2629.7,-992.7;2632.8,-1005.6;2633.7,-1005.4;2630.7,-992.5
BuildingSmooth_2_26311_1274_-9991|118.84|2615.7,-983.4;2601.4,-997.4;2624.6,-1021.1;2638.9,-1007.0
BuildingSmooth_2_26311_1274_-9991|118.84|2627.2,-999.6;2627.4,-1000.6;2636.2,-998.5;2636.0,-997.5
BuildingSmooth_2_26311_1274_-9991|118.84|2646.4,-1014.8;2632.2,-1028.8;2624.6,-1021.1;2638.9,-1007.0
BuildingSmooth_2_26311_1274_-9991|118.84|2646.4,-1014.8;2660.7,-1000.7;2637.5,-977.1;2623.2,-991.1
BuildingSmooth_2_26311_1274_-9991|118.84|2624.6,-992.9;2628.1,-1007.8;2629.1,-1007.5;2625.6,-992.7
BuildingSmooth_2_26311_1274_-9991|118.84|2628.9,-1006.6;2629.1,-1007.5;2637.9,-1005.5;2637.6,-1004.5
BuildingSmooth_11_15093_1444_4093|124.89|1511.5,398.9;1512.0,398.1;1513.7,399.1;1513.1,400.0
BuildingSmooth_11_15093_1444_4093|124.89|1505.3,411.9;1513.7,399.1;1514.5,399.7;1506.1,412.5
BuildingSmooth_11_15093_1444_4093|124.89|1518.3,420.5;1519.0,415.0;1508.5,413.7;1507.8,419.2
BuildingSmooth_11_15093_1444_4093|124.89|1496.6,417.9;1497.3,412.3;1508.5,413.7;1507.8,419.2
BuildingSmooth_11_15093_1444_4093|124.89|1521.9,394.2;1525.4,397.9;1508.5,413.7;1505.0,410.0
BuildingSmooth_11_15093_1444_4093|124.89|1504.6,410.3;1511.9,399.2;1512.7,399.7;1505.4,410.8
BuildingSmooth_11_15093_1444_4093|124.89|1502.8,410.3;1511.2,397.5;1512.0,398.1;1503.6,410.8
BuildingSmooth_11_15093_1444_4093|124.89|1507.5,404.9;1508.1,404.0;1509.8,405.1;1509.2,406.0
BuildingSmooth_11_15093_1444_4093|124.89|1503.6,410.8;1504.2,410.0;1505.8,411.1;1505.3,411.9
BuildingSmooth_11_15093_1444_4093|124.89|1496.6,417.9;1491.2,412.1;1515.1,389.7;1520.5,395.5
BuildingSmooth_11_15093_1444_4093|124.89|1496.6,417.9;1495.5,426.9;1512.4,429.0;1513.5,419.9
BuildingSmooth_11_15093_1444_4093|124.89|1518.3,420.5;1517.2,429.6;1512.4,429.0;1513.5,419.9
BuildingSmooth_11_15093_1444_4093|124.89|1521.9,394.2;1516.5,388.4;1515.1,389.7;1520.5,395.5
BuildingSmooth_11_15093_1444_4093|124.89|1496.6,417.9;1500.1,421.6;1508.5,413.7;1505.0,410.0
BuildingSourceSlice_fbx_4_-1838_1130_-8696|91.57|-141.2,-869.2;-155.1,-838.2;-226.3,-870.0;-212.4,-901.1
BuildingSourceSlice_orph_-2682_404|134.36|-2723.2,325.5;-2719.3,328.9;-2678.9,298.5;-2578.9,433.1;-2683.8,510.7;-2786.3,372.2
BuildingSmooth_5_2594_1405_11882_Body02|80.78|254.7,1215.3;253.7,1215.6;246.6,1193.7;247.5,1193.4
BuildingSmooth_5_2594_1405_11882_Body02|80.78|227.8,1208.3;246.1,1202.2;232.0,1159.4;213.7,1165.4
BuildingSmooth_5_2594_1405_11882_Body02|80.78|242.2,1169.6;248.6,1167.0;280.5,1245.1;274.2,1247.8
BuildingSmooth_5_2594_1405_11882_Body02|80.78|247.9,1217.5;247.0,1217.8;239.8,1196.0;240.7,1195.6
BuildingSmooth_5_2594_1405_11882_Body02|80.78|232.0,1159.4;225.3,1159.8;227.8,1208.3;234.5,1207.9
BuildingSmooth_5_2594_1405_11882_Body02|80.78|257.1,1202.9;244.5,1207.1;244.2,1206.1;256.8,1202.0
BuildingSmooth_5_2594_1405_11882_Body02|80.78|227.8,1208.3;209.4,1214.3;207.4,1208.2;225.7,1202.1
BuildingSmooth_5_2594_1405_11882_Body02|80.78|242.2,1169.6;268.3,1249.2;280.5,1245.1;254.4,1165.6
BuildingSmooth_5_2594_1405_11882_Body02|80.78|261.5,1213.1;260.5,1213.4;253.3,1191.5;254.3,1191.2
BuildingSmooth_5_2594_1405_11882_Body02|80.78|213.7,1165.4;195.3,1171.5;207.4,1208.2;225.7,1202.1
BuildingSmooth_5_2594_1405_11882_Body02|80.78|235.8,1232.7;245.4,1232.2;242.2,1169.6;232.6,1170.1
BuildingSmooth_5_2594_1405_11882_Body02|80.78|276.4,1253.3;282.8,1250.7;280.5,1245.1;274.2,1247.8
BuildingSmooth_5_2594_1405_11882_Body02|80.78|242.2,1169.6;224.8,1176.8;256.1,1253.2;273.5,1246.1
BuildingSmooth_5_2594_1405_11882_Body02|80.78|256.1,1253.2;239.6,1255.9;235.8,1232.7;252.2,1230.0
BuildingSmooth_5_2594_1405_11882_Body02|80.78|242.2,1169.6;225.8,1172.4;235.8,1232.7;252.2,1230.0
BuildingSmooth_5_2594_1405_11882_Body02|80.78|261.8,1214.0;247.3,1218.8;247.0,1217.8;261.5,1213.1
BuildingSmooth_5_2594_1405_11882_Body02|80.78|235.8,1232.7;229.0,1233.1;227.8,1208.3;234.5,1207.9
BuildingSmooth_5_2594_1405_11882_Body02|80.78|254.3,1191.2;239.8,1196.0;239.5,1195.0;254.0,1190.2
BuildingSmooth_5_2594_1405_11882_Body02|80.78|232.0,1159.4;241.6,1158.9;242.2,1169.6;232.6,1170.1
BuildingSmooth_5_2594_1405_11882_Body02|80.78|276.4,1253.3;259.0,1260.4;256.1,1253.2;273.5,1246.1
BuildingSourceSlice_orph_-2418_1321|141.66|-2421.3,1292.0;-2391.6,1328.6;-2416.1,1348.5;-2445.8,1311.9;-2425.5,1301.0;-2428.9,1297.0
BuildingSourceSlice_fbx_2_26899_1351_-8321|117.56|2679.6,-808.5;2675.5,-854.8;2702.9,-855.9;2705.0,-810.5
BuildingSourceSlice_orph_1132_2253|117.08|980.8,2147.8;971.5,2099.8;1166.8,2061.6;1176.2,2109.5;1147.7,2115.1;1149.4,2125.1;1159.4,2123.2;1173.8,2200.7;1163.9,2202.5;1165.5,2210.8;1208.6,2202.4;1214.7,2233.8;1232.4,2230.3;1236.3,2249.3;1230.3,2250.4;1240.2,2300.6;1241.3,2300.4;1251.8,2335.8;1247.3,2336.6;1259.7,2399.3;1166.0,2417.5;1165.5,2415.3;1053.8,2437.2;1052.8,2432.2;1034.8,2435.6;1027.6,2398.2;1045.5,2394.7;1043.7,2385.7;1159.7,2363.0;1141.9,2265.9;1024.3,2288.9;1014.7,2240.3;1104.3,2222.8;1102.7,2213.9;1093.7,2215.6;1079.2,2138.1;1088.3,2136.4;1086.5,2127.1
BuildingSourceSlice_fbx_11_22041_1807_577|129.59|2210.0,50.0;2234.6,48.1;2234.1,42.0;2242.5,42.9;2242.5,46.6;2234.7,50.6;2237.3,81.3;2205.0,84.0;2203.1,61.0;2210.8,60.3
BuildingSourceSlice_orph_1804_-1548|144.95|1825.1,-1550.7;1810.9,-1528.4;1782.9,-1546.1;1797.1,-1568.5
BuildingSourceSlice_fbx_1_-28009_1926_13126|137.89|-2823.3,1285.5;-2810.3,1274.7;-2813.4,1270.3;-2799.9,1270.4;-2800.8,1278.1;-2795.0,1285.4;-2800.8,1290.0;-2794.9,1297.4;-2795.4,1301.4;-2798.4,1304.5;-2811.6,1298.7
BuildingSourceSlice_part_-1488_-1110|62.09|-1487.6,-1079.0;-1519.9,-1101.5;-1501.9,-1134.0;-1497.7,-1131.1;-1491.1,-1144.2;-1469.6,-1127.0;-1469.0,-1127.8;-1454.6,-1119.1;-1482.8,-1077.5;-1486.8,-1080.2
BuildingSourceSlice_orph_1654_506|123.69|1679.0,504.6;1661.3,530.3;1629.4,508.3;1647.1,482.6
BuildingSourceSlice_fbx_4_-3080_1806_-17894|110.83|-356.4,-1746.2;-354.9,-1747.4;-343.9,-1746.8;-321.2,-1876.9;-319.7,-1877.6;-278.9,-1869.9;-278.1,-1861.8;-299.4,-1750.2;-253.0,-1711.1;-254.7,-1698.7;-305.8,-1699.0;-363.1,-1707.5;-354.9,-1746.0
BuildingSourceSlice_fbx_5_3750_1693_7298|68.07|412.4,765.7;409.9,765.6;409.8,767.0;408.9,764.5;407.6,775.3;405.4,776.2;402.1,797.6;320.2,783.3;332.0,661.9;401.3,669.0;401.9,663.4;429.8,666.4;423.0,710.6;419.7,710.2
BuildingSourceSlice_fbx_9_-15603_1695_4366|98.02|-1530.4,428.0;-1589.1,364.9;-1588.3,364.0;-1555.6,364.0;-1533.0,381.7;-1533.0,422.6;-1526.6,422.8
BuildingSourceSlice_fbx_9_-15603_1695_4366|98.02|-1483.4,479.0;-1505.4,500.6;-1507.0,500.6;-1511.5,496.2;-1522.8,507.2;-1531.4,498.6;-1532.3,499.4;-1561.6,468.8;-1569.0,478.3;-1637.2,429.3;-1590.9,365.8;-1536.1,424.2;-1495.9,464.6;-1496.9,465.5
BuildingSourceSlice_fbx_7_13714_1235_22367|100.94|1409.1,2243.6;1338.1,2261.6;1333.7,2244.3;1338.3,2234.0;1385.1,2222.2;1383.6,2216.2;1401.0,2211.8
BuildingSourceSlice_fbx_11_21993_1655_1347|127.17|2212.0,151.7;2212.3,154.3;2210.7,155.3;2188.9,154.1;2188.2,146.7;2190.6,145.0;2188.0,145.2;2188.2,141.9;2182.1,141.4;2181.0,125.4;2215.1,122.3;2217.2,141.1;2221.0,140.8;2221.9,151.0
BuildingSourceSlice_fbx_6_14361_1718_-13482|142.12|1454.1,-1349.1;1426.6,-1340.2;1419.3,-1362.8;1446.8,-1371.6
BuildingSourceSlice_fbx_6_14361_1718_-13482|142.12|1453.6,-1345.3;1455.1,-1344.2;1453.7,-1343.7;1456.8,-1333.6;1427.8,-1324.8;1423.8,-1335.7
BuildingSourceSlice_fbx_5_2275_1245_8390|67.89|252.8,835.7;250.4,841.7;262.8,853.0;266.8,863.2;264.0,866.9;263.6,876.3;260.2,880.3;250.7,877.2;247.9,881.3;238.7,881.3;234.5,879.7;233.0,881.3;218.2,881.3;185.3,867.6;193.8,848.5;182.2,843.4;181.9,834.9;204.2,783.4;252.5,831.9;251.4,834.3
BuildingSourceSlice_fbx_9_-10325_1104_5470|90.90|-1001.3,493.4;-1000.0,492.8;-987.0,523.8;-987.0,600.3;-993.1,601.4;-1041.9,493.1;-1013.5,480.1;-1006.7,480.1
BuildingSourceSlice_fbx_9_-10325_1104_5470|90.90|-1021.2,606.4;-1070.5,493.9;-1044.7,487.5;-994.6,600.7
BuildingSourceSlice_fbx_9_-10325_1104_5470|90.90|-1055.6,613.9;-1072.1,613.7;-1077.5,609.3;-1078.1,538.3;-1056.9,528.9;-1070.4,498.0;-1069.5,497.5;-1021.8,607.0
BuildingSourceSlice_fbx_6_10863_1852_-11369|129.86|1075.2,-1089.2;1043.8,-1167.7;1072.5,-1179.1;1074.6,-1173.8;1099.6,-1184.6;1128.8,-1109.7
BuildingSourceSlice_fbx_6_10863_1852_-11369|129.86|1071.6,-1084.0;1071.1,-1085.0;1058.8,-1081.7;1042.3,-1081.9;1036.9,-1086.3;1036.3,-1129.6;1043.3,-1135.3;1046.4,-1155.2;1055.4,-1132.9;1074.6,-1085.3
BuildingSourceSlice_orph_985_-711|136.52|1006.1,-764.7;1036.2,-686.6;972.7,-661.5;966.2,-656.2;934.9,-738.2
BuildingSourceSlice_orph_-682_-1545|112.66|-706.8,-1520.5;-708.7,-1520.9;-690.8,-1593.0;-656.3,-1584.4;-657.7,-1578.7;-651.4,-1577.1;-667.8,-1510.9;-674.1,-1512.5;-678.2,-1495.6;-711.0,-1503.8
BuildingSourceSlice_orph_745_-212|82.67|733.7,-190.9;722.2,-218.8;757.2,-233.2;768.7,-205.3
BuildingSourceSlice_orph_2236_-2400|147.31|2248.1,-2471.1;2254.9,-2466.0;2260.8,-2473.8;2300.3,-2444.1;2294.2,-2436.0;2300.8,-2431.1;2294.3,-2422.6;2295.8,-2421.4;2255.2,-2366.9;2253.4,-2368.3;2252.7,-2367.5;2218.5,-2322.8;2165.6,-2363.1;2200.4,-2408.7;2199.1,-2409.6
BuildingSourceSlice_orph_1088_-441|122.63|1061.4,-518.4;1084.5,-528.0;1093.1,-507.8;1099.6,-510.5;1090.0,-533.2;1109.5,-541.3;1117.2,-527.5;1189.6,-355.9;1102.6,-319.7;1102.0,-321.1;1089.3,-315.9;1081.3,-318.4;986.6,-547.7;989.3,-556.8;1035.6,-577.8
BuildingSourceSlice_orph_1962_1927|79.77|1932.0,1924.4;1947.4,1912.0;1950.3,1912.3;1972.0,1895.3;1975.0,1899.3;1973.5,1900.6;1994.6,1926.1;1986.9,1916.9;1979.7,1922.8;1987.2,1932.6;1972.7,1943.7;1973.7,1945.3;1957.8,1958.3
BuildingSourceSlice_orph_1438_339|119.79|1410.7,338.4;1416.4,332.3;1421.3,321.4;1432.1,326.2;1431.7,327.1;1464.6,340.3;1457.8,355.7
BuildingSourceSlice_orph_1184_-1264|129.22|1124.6,-1283.2;1126.0,-1278.7;1128.9,-1279.7;1138.0,-1250.3;1160.9,-1255.3;1279.9,-1294.9;1281.3,-1290.4;1201.2,-1267.1;1203.0,-1261.4;1136.3,-1240.4;1123.0,-1282.7
BuildingSourceSlice_orph_1846_-900|147.24|1841.6,-940.0;1842.1,-937.1;1853.7,-931.6;1916.1,-899.9;1880.4,-918.0;1862.0,-880.9;1864.8,-879.8;1855.3,-861.3;1827.4,-875.4;1828.6,-877.6;1809.9,-885.8
BuildingSourceSlice_fbx_1_-22305_2082_8798|141.45|-2272.1,876.7;-2225.7,839.4;-2218.0,848.2;-2212.2,844.0;-2188.9,873.3;-2247.8,920.4;-2271.3,890.8;-2266.3,884.6
BuildingSourceSlice_fbx_10_-19222_1582_-1802|93.74|-1890.5,-130.7;-1947.8,-127.8;-1953.0,-229.3;-1896.2,-232.7;-1895.1,-231.3
BuildingSourceSlice_fbx_12_16769_1789_-12415|146.70|1655.6,-1273.8;1677.7,-1280.2;1698.2,-1209.2;1676.2,-1202.9
BuildingSourceSlice_fbx_10_-26519_1362_-2847|114.30|-2610.7,-296.5;-2635.5,-244.9;-2693.2,-272.5;-2668.4,-324.1
BuildingSourceSlice_orph_1336_-1457|140.10|1333.8,-1428.2;1318.0,-1477.8;1339.7,-1484.4;1354.6,-1437.9
BuildingSourceSlice_fbx_12_20273_1608_-14463|147.85|2044.0,-1400.6;1969.6,-1449.6;1969.5,-1451.5;1999.2,-1492.0;2085.4,-1433.8;2085.5,-1432.0;2078.0,-1421.1;2076.2,-1422.4;2063.6,-1405.2
BuildingSmooth_7_11143_1523_22494|117.08|1182.8,2414.1;1169.3,2416.7;1158.4,2361.1;1171.9,2358.5
BuildingSmooth_7_11143_1523_22494|117.08|1122.0,2180.4;1125.3,2185.2;1165.7,2158.1;1162.5,2153.3
BuildingSmooth_7_11143_1523_22494|117.08|1131.1,2100.4;1131.3,2101.3;1019.4,2125.9;1019.2,2124.9
BuildingSmooth_7_11143_1523_22494|117.08|1110.3,2124.6;1098.8,2131.9;1117.4,2161.1;1128.9,2153.8
BuildingSmooth_7_11143_1523_22494|117.08|1128.7,2084.8;1132.3,2101.1;1131.3,2101.3;1127.8,2085.0
BuildingSmooth_7_11143_1523_22494|117.08|1124.7,2121.7;1156.0,2143.6;1178.7,2111.2;1147.4,2089.3
BuildingSmooth_7_11143_1523_22494|117.08|1134.8,2177.9;1122.8,2175.8;1122.0,2180.4;1134.0,2182.5
BuildingSmooth_7_11143_1523_22494|117.08|1153.8,2265.7;1140.3,2268.4;1158.4,2361.1;1171.9,2358.5
BuildingSmooth_7_11143_1523_22494|117.08|1158.4,2361.1;1144.7,2361.8;1140.3,2268.4;1153.9,2267.7
BuildingSmooth_7_11143_1523_22494|117.08|1085.3,2167.4;1090.9,2151.7;1117.4,2161.1;1111.9,2176.8
BuildingSmooth_7_11143_1523_22494|117.08|1131.8,2158.3;1120.3,2165.7;1117.4,2161.1;1128.9,2153.8
BuildingSmooth_7_11143_1523_22494|117.08|1128.2,2216.0;1141.7,2218.4;1142.6,2213.2;1129.1,2210.8
BuildingSmooth_7_11143_1523_22494|117.08|1128.2,2216.0;1116.2,2213.9;1122.0,2180.4;1134.0,2182.5
BuildingSmooth_7_11143_1523_22494|117.08|1085.3,2167.4;1079.6,2183.4;1089.1,2186.8;1094.8,2170.7
BuildingSmooth_7_11143_1523_22494|117.08|1134.8,2177.9;1148.3,2180.2;1142.6,2213.2;1129.1,2210.8
BuildingSmooth_7_11143_1523_22494|117.08|1110.3,2124.6;1121.8,2117.2;1124.7,2121.7;1113.2,2129.1
BuildingSmooth_7_11143_1523_22494|117.08|1122.0,2180.4;1116.3,2196.4;1089.1,2186.8;1094.8,2170.7
BuildingSmooth_7_11143_1523_22494|117.08|1168.5,2059.2;1175.1,2065.1;1124.7,2121.7;1118.1,2115.8
BuildingSmooth_7_11143_1523_22494|117.08|1122.0,2180.4;1127.6,2164.7;1117.4,2161.1;1111.9,2176.8
BuildingSmooth_7_11143_1523_22494|117.08|1131.8,2158.3;1143.4,2151.0;1124.7,2121.7;1113.2,2129.1
BuildingSmooth_7_11143_1523_22494|117.08|1153.8,2265.7;1140.2,2266.4;1140.3,2268.4;1153.9,2267.7
BuildingSmooth_7_11143_1523_22494|117.08|1122.0,2180.4;1114.9,2169.7;1131.8,2158.3;1139.0,2169.0
BuildingSmooth_7_11143_1523_22494|117.08|1122.0,2180.4;1111.0,2175.5;1117.4,2161.1;1128.4,2166.0
BuildingSmooth_7_11143_1523_22494|117.08|1127.8,2085.0;1128.0,2086.0;1016.0,2110.5;1015.8,2109.5
BuildingSmooth_7_11143_1523_22494|117.08|1164.5,2151.9;1167.8,2156.8;1165.7,2158.1;1162.5,2153.3
BuildingSmooth_7_11143_1523_22494|117.08|1129.4,2092.7;1129.7,2093.6;1017.7,2118.2;1017.5,2117.2
BuildingSmooth_7_11143_1523_22494|117.08|1134.8,2177.9;1141.6,2188.4;1168.3,2171.4;1161.6,2160.8
BuildingSmooth_7_11143_1523_22494|117.08|1168.5,2059.2;1146.2,2012.9;969.0,2098.1;991.3,2144.4
BuildingSmooth_7_11143_1523_22494|117.08|1165.7,2158.1;1172.5,2168.7;1168.3,2171.4;1161.6,2160.8
BuildingSmooth_7_11143_1523_22494|117.08|979.2,2150.2;993.8,2180.6;1110.3,2124.6;1095.7,2094.2
BuildingSmooth_7_11143_1523_22494|117.08|1168.5,2059.2;1183.1,2089.5;1110.3,2124.6;1095.7,2094.2
BuildingSmooth_7_11143_1523_22494|117.08|1164.5,2151.9;1157.3,2141.2;1131.8,2158.3;1139.0,2169.0
BuildingSmooth_7_11143_1523_22494|117.08|979.2,2150.2;956.9,2103.9;969.0,2098.1;991.3,2144.4
BuildingSmooth_7_11143_1523_22494|117.08|1131.8,2158.3;1120.8,2153.4;1117.4,2161.1;1128.4,2166.0
BuildingSmooth_7_11143_1523_22494|117.08|1041.2,2384.0;1050.9,2338.3;1158.4,2361.1;1148.7,2406.8
BuildingSmooth_7_11143_1523_22494|117.08|1110.3,2124.6;1116.9,2130.5;1124.7,2121.7;1118.1,2115.8
BuildingSmooth_7_11143_1523_22494|117.08|1182.8,2414.1;1192.5,2368.4;1158.4,2361.1;1148.7,2406.8
BuildingSmooth_7_11143_1523_22494|117.08|1153.8,2265.7;1142.0,2271.8;1140.3,2268.4;1152.0,2262.3
BuildingSmooth_7_11143_1523_22494|117.08|1142.6,2213.2;1123.7,2250.5;1153.8,2265.7;1172.7,2228.5
BuildingSmooth_7_11143_1523_22494|117.08|1168.5,2059.2;1199.8,2081.0;1178.7,2111.2;1147.4,2089.3
BuildingSmooth_7_11143_1523_22494|117.08|1128.2,2216.0;1116.4,2222.1;1140.3,2268.4;1152.0,2262.3
BuildingSmooth_7_11143_1523_22494|117.08|1142.6,2213.2;1161.7,2175.4;1210.2,2199.9;1191.0,2237.8
BuildingSmooth_7_11143_1523_22494|117.08|1220.5,2252.7;1239.7,2214.9;1210.2,2199.9;1191.0,2237.8
BuildingSmooth_7_11143_1523_22494|117.08|1012.3,2238.7;1001.2,2286.4;1022.6,2291.4;1033.7,2243.6
BuildingSmooth_7_11143_1523_22494|117.08|1153.8,2265.7;1166.3,2259.3;1142.6,2213.2;1130.0,2219.6
BuildingSmooth_7_11143_1523_22494|117.08|1128.2,2216.0;1140.7,2209.5;1142.6,2213.2;1130.0,2219.6
BuildingSmooth_7_11143_1523_22494|117.08|1012.3,2238.7;1023.2,2191.6;1128.2,2216.0;1117.2,2263.0
BuildingSmooth_7_11143_1523_22494|117.08|1041.2,2384.0;1030.4,2435.0;1052.1,2439.6;1062.9,2388.6
BuildingSmooth_7_11143_1523_22494|117.08|1140.3,2268.4;1151.2,2221.3;1128.2,2216.0;1117.2,2263.0
BuildingSmooth_7_11143_1523_22494|117.08|1182.8,2414.1;1172.0,2465.1;1052.1,2439.6;1062.9,2388.6
BuildingSmooth_7_11143_1523_22494|117.08|1220.5,2252.7;1201.6,2290.0;1153.8,2265.7;1172.7,2228.5
BuildingSmooth_7_11143_1523_22494|117.08|1140.3,2268.4;1129.2,2316.1;1022.6,2291.4;1033.7,2243.6
BuildingSmooth_7_11143_1523_22494|117.08|1165.7,2158.1;1167.3,2161.3;1134.8,2177.9;1133.2,2174.7
BuildingSmooth_7_11143_1523_22494|117.08|1072.5,2098.1;1075.6,2112.5;1074.7,2112.8;1071.5,2098.3
BuildingSmooth_7_11143_1523_22494|117.08|1015.8,2109.5;1019.4,2125.9;1018.4,2126.1;1014.8,2109.8
BuildingSmooth_7_11143_1523_22494|117.08|1122.0,2180.4;1123.7,2183.6;1134.8,2177.9;1133.2,2174.7
BuildingSourceSlice_fbx_10_-21283_894_-8081|72.48|-2152.4,-815.2;-2134.9,-832.4;-2104.2,-801.1;-2121.7,-783.9
BuildingSourceSlice_orph_-112_-961|102.23|-71.7,-975.4;-74.2,-969.0;-66.2,-965.9;-84.9,-918.1;-93.1,-921.3;-93.6,-919.9;-161.1,-950.4;-134.7,-1007.7
BuildingSourceSlice_fbx_1_-20603_1764_12797|139.10|-2053.5,1248.6;-2029.0,1280.0;-2067.8,1310.2;-2092.2,1278.9
BuildingSourceSlice_fbx_1_-25220_1631_8268|137.79|-2531.6,844.6;-2546.5,824.4;-2548.4,825.4;-2517.9,804.1;-2495.6,833.0;-2513.8,846.0;-2517.1,841.4;-2525.1,847.1
BuildingSourceSlice_fbx_4_-8362_1478_-17090|101.39|-881.6,-1699.2;-873.8,-1732.9;-790.9,-1713.8;-796.8,-1687.8;-798.8,-1688.2;-800.4,-1680.7
BuildingSourceSlice_fbx_15_-24463_794_-17721|57.61|-2478.1,-1775.8;-2478.0,-1793.4;-2466.7,-1801.5;-2439.4,-1801.4;-2435.6,-1796.2;-2473.2,-1769.1
BuildingSourceSlice_fbx_15_-24463_794_-17721|57.61|-2470.7,-1767.6;-2434.2,-1794.0;-2421.8,-1776.8;-2458.2,-1750.3
BuildingSourceSlice_fbx_15_-24463_794_-17721|57.61|-2414.5,-1767.9;-2414.5,-1754.8;-2417.6,-1747.5;-2419.0,-1746.5;-2456.3,-1747.4;-2457.6,-1749.1;-2420.4,-1775.7
BuildingSourceSlice_orph_-178_477|68.88|-161.3,490.4;-199.3,493.6;-186.8,461.4;-164.4,458.1
BuildingSourceSlice_orph_2113_-2226|140.73|2130.4,-2229.9;2126.9,-2225.3;2132.0,-2211.3;2123.3,-2198.7;2118.4,-2204.6;2107.0,-2212.9;2099.0,-2215.1;2097.6,-2211.8;2101.9,-2231.7;2090.8,-2240.8;2099.1,-2252.7;2095.3,-2255.9
BuildingSourceSlice_fbx_8_-2458_1306_22250|72.96|-197.6,2218.7;-201.8,2226.1;-277.5,2188.0;-278.2,2186.1;-274.9,2185.3;-255.8,2193.1;-251.3,2185.3;-233.6,2185.3;-203.4,2197.0;-202.9,2199.4;-196.7,2202.7;-196.3,2204.3;-203.4,2201.2;-209.2,2212.8
BuildingSourceSlice_fbx_8_-2458_1306_22250|72.96|-282.2,2194.9;-280.7,2193.6;-205.4,2230.9;-226.9,2257.4;-287.7,2225.4
BuildingSourceSlice_fbx_8_-2458_1306_22250|72.96|-289.2,2227.4;-226.6,2259.7;-234.3,2264.9;-254.2,2264.9;-292.6,2252.1
BuildingSourceSlice_fbx_11_19695_1255_6427|102.38|1948.8,661.7;1944.6,640.5;1990.9,623.7;1994.2,649.5;1991.2,655.5
BuildingSmooth_9_-5360_2704_9072|259.39|-527.8,936.8;-545.6,937.6;-545.6,936.6;-527.8,935.8
BuildingSmooth_9_-5360_2704_9072|259.39|-562.8,930.1;-574.3,952.8;-561.5,959.3;-550.0,936.6
BuildingSmooth_9_-5360_2704_9072|259.39|-509.8,957.0;-521.3,979.7;-561.5,959.3;-550.0,936.6
BuildingSmooth_9_-5360_2704_9072|259.39|-535.7,949.1;-536.7,949.2;-537.2,937.2;-536.2,937.1
BuildingSmooth_9_-5360_2704_9072|259.39|-544.1,949.5;-545.1,949.5;-545.6,937.6;-544.6,937.5
BuildingSmooth_9_-5360_2704_9072|259.39|-527.3,948.8;-528.3,948.8;-528.8,936.8;-527.8,936.8
BuildingSmooth_9_-5360_2704_9072|259.39|-527.2,949.8;-545.0,950.5;-545.1,949.5;-527.3,948.8
BuildingSmooth_9_-5360_2704_9072|259.39|-562.8,930.1;-561.5,959.3;-509.8,957.0;-511.1,927.8
BuildingSmooth_9_-5360_2704_9072|259.39|-528.5,943.3;-544.3,944.0;-544.3,943.0;-528.6,942.3
BuildingSourceSlice_fbx_9_-15426_1926_6851|111.27|-1551.2,694.5;-1548.0,686.7;-1540.6,686.7;-1539.2,691.7;-1541.6,692.7;-1540.5,696.3;-1527.0,693.3;-1527.0,706.7;-1549.0,711.5;-1547.4,718.4;-1558.2,707.0;-1558.2,698.3;-1553.0,696.9;-1555.0,687.4
BuildingSourceSlice_orph_628_1563|88.78|640.3,1548.4;639.6,1574.0;615.2,1580.0;620.0,1548.8
BuildingSourceSlice_orph_1407_2030|86.77|1397.3,2067.7;1392.1,2062.3;1368.9,2045.1;1392.8,2021.7;1388.1,2016.8;1414.8,1990.6;1444.8,2021.2
BuildingSourceSlice_fbx_4_-4323_1332_-17955|110.04|-423.7,-1744.8;-480.7,-1760.5;-461.9,-1822.6;-405.2,-1807.0
BuildingSourceSlice_fbx_13_-11742_1065_24984|75.77|-1134.6,2559.9;-1149.9,2589.8;-1261.6,2534.1;-1247.1,2503.9;-1248.2,2502.8;-1200.2,2406.2;-1196.3,2406.1;-1084.6,2461.8;-1133.0,2560.0
BuildingSourceSlice_fbx_11_15309_1434_9037|86.95|1502.9,856.8;1562.7,860.7;1559.0,916.1;1557.5,916.0;1555.6,944.9;1532.0,952.6;1534.7,908.7;1499.0,906.1;1502.5,854.8
BuildingSmooth_12_18076_1586_-14132|147.52|1803.9,-1408.1;1812.6,-1419.6;1813.4,-1419.0;1804.7,-1407.5
BuildingSmooth_12_18076_1586_-14132|147.52|1808.9,-1403.1;1818.8,-1416.2;1819.6,-1415.6;1809.7,-1402.5
BuildingSmooth_12_18076_1586_-14132|147.52|1797.7,-1411.5;1807.6,-1424.6;1808.4,-1424.0;1798.5,-1410.9
BuildingSmooth_12_18076_1586_-14132|147.52|1807.8,-1423.2;1808.4,-1424.0;1818.8,-1416.2;1818.2,-1415.4
BuildingSmooth_12_18076_1586_-14132|147.52|1803.1,-1417.1;1803.8,-1417.9;1814.1,-1410.1;1813.5,-1409.3
BuildingSmooth_12_18076_1586_-14132|147.52|1798.5,-1410.9;1799.1,-1411.7;1809.5,-1403.9;1808.9,-1403.1
BuildingSmooth_12_18076_1586_-14132|147.52|1805.9,-1385.6;1781.4,-1404.1;1809.2,-1440.9;1833.7,-1422.4
BuildingSourceSlice_fbx_16_13886_2197_-3801|128.36|1424.2,-359.0;1394.4,-339.4;1396.6,-336.2;1373.4,-325.4;1330.4,-391.6;1397.7,-434.8;1446.8,-360.5;1430.9,-350.1
BuildingSourceSlice_orph_439_-1563|119.34|463.4,-1556.9;420.4,-1537.5;413.0,-1555.4;426.5,-1559.4;419.8,-1574.8;452.8,-1589.0;460.2,-1571.8
BuildingSourceSlice_orph_514_-1952|99.59|462.8,-1918.2;445.3,-1909.2;437.3,-1924.6;436.0,-1923.0;429.2,-1935.5;518.4,-2022.7;521.4,-2016.9;525.8,-2021.3;527.3,-2018.3;526.4,-2017.8;558.1,-1954.0;588.6,-1969.3;608.6,-1930.7;532.5,-1911.4;524.8,-1911.3;519.0,-1922.8;488.9,-1907.3;484.9,-1915.2;468.6,-1906.8
BuildingSourceSlice_fbx_2_23058_1583_-7321|135.41|2305.6,-763.1;2328.7,-750.7;2321.4,-737.1;2323.0,-736.2;2307.1,-706.8;2283.0,-719.7
BuildingSourceSlice_orph_-1610_-445|70.78|-1633.5,-454.2;-1611.1,-475.0;-1612.7,-477.1;-1598.3,-475.5;-1596.7,-466.0;-1572.5,-448.8;-1596.4,-422.9;-1635.9,-420.8;-1641.6,-423.6;-1647.8,-429.5;-1634.2,-441.8
BuildingSourceSlice_part_-254_-1634|117.71|-259.6,-1586.3;-249.5,-1635.2;-243.8,-1634.1;-242.2,-1641.7;-262.6,-1645.9;-261.3,-1651.2;-279.3,-1655.3;-283.4,-1639.2;-310.8,-1645.3;-307.6,-1661.8;-280.0,-1655.7;-277.8,-1674.5;-232.7,-1670.3;-232.8,-1667.9;-215.0,-1667.9;-216.7,-1659.9;-215.4,-1659.7;-215.0,-1657.3;-215.8,-1657.8;-231.9,-1580.7
BuildingSourceSlice_part_-254_-1634|117.71|-318.7,-1598.7;-317.0,-1606.2;-301.1,-1602.7;-299.0,-1612.5;-288.8,-1610.3;-292.6,-1592.9
BuildingSourceSlice_orph_2579_-907|118.61|2590.9,-922.0;2583.6,-889.0;2567.6,-892.6;2574.9,-925.6
BuildingSourceSlice_fbx_5_8719_1395_8896|72.61|834.0,892.8;834.0,888.0;836.6,882.4;838.7,883.5;841.1,874.0;848.1,865.1;857.1,858.9;865.4,857.6;875.3,859.6;883.4,863.1;892.4,871.5;893.4,869.3;911.7,877.3;891.8,921.8;842.9,899.9;843.9,897.8
BuildingSourceSlice_fbx_12_23609_2109_-12412|137.62|2336.5,-1235.3;2337.1,-1236.3;2332.9,-1238.7;2342.2,-1255.0;2369.1,-1254.9;2376.7,-1249.3;2378.7,-1250.2;2383.7,-1246.9;2383.8,-1236.9;2371.2,-1214.7
BuildingSourceSlice_fbx_9_-3592_1064_6205|60.74|-369.6,598.3;-348.7,597.2;-349.8,643.8;-364.4,643.8
BuildingSourceSlice_fbx_9_-3592_1064_6205|60.74|-347.6,594.8;-331.4,595.1;-332.6,656.0;-348.9,655.7
BuildingSourceSlice_fbx_4_-11862_1453_-15882|80.92|-1205.1,-1627.3;-1191.9,-1634.4;-1235.8,-1608.0;-1235.8,-1609.9;-1211.0,-1624.4;-1216.9,-1634.4;-1209.2,-1634.4
BuildingSourceSlice_fbx_4_-11862_1453_-15882|80.92|-1175.3,-1606.2;-1189.0,-1583.2;-1217.1,-1583.2;-1223.9,-1585.9;-1232.8,-1600.7;-1177.5,-1633.0;-1175.3,-1628.6
BuildingSourceSlice_fbx_16_5563_1862_-5537|93.66|595.2,-607.0;619.0,-540.5;604.9,-534.5;605.4,-533.4;524.9,-500.5;520.6,-510.9;515.3,-508.6;493.8,-565.1
BuildingSourceSlice_orph_1582_1503|78.76|1531.1,1478.4;1531.1,1487.5;1533.0,1491.4;1536.9,1493.3;1556.1,1493.3;1554.1,1484.8;1555.0,1485.4;1576.5,1469.0;1565.3,1453.7;1566.5,1453.0;1627.7,1537.4;1614.2,1546.3;1598.2,1524.8;1583.6,1519.4;1586.1,1517.2;1557.1,1503.5;1556.9,1506.8;1519.0,1487.4
BuildingSourceSlice_fbx_16_13294_1839_-3533|120.18|1307.5,-351.0;1294.2,-376.3;1326.3,-396.1;1336.2,-376.0;1364.5,-330.2;1332.6,-310.4;1307.1,-349.4
BuildingSourceSlice_orph_1833_-1587|144.04|1810.2,-1573.2;1805.5,-1577.0;1836.9,-1614.0;1862.6,-1591.3;1846.0,-1576.2;1833.3,-1578.7;1824.4,-1574.0;1828.2,-1557.9;1815.9,-1568.1;1813.3,-1563.8;1802.4,-1573.4
BuildingSourceSlice_orph_-2466_1350|141.55|-2505.0,1349.5;-2460.0,1311.4;-2423.3,1354.7;-2436.3,1365.1;-2445.1,1355.7;-2463.7,1372.0;-2458.7,1378.3;-2471.6,1388.5;-2479.4,1378.6;-2481.8,1379.9
BuildingSourceSlice_fbx_10_-14468_1416_-4279|65.22|-1449.5,-391.0;-1457.6,-382.6;-1482.9,-382.6;-1490.8,-390.2;-1490.8,-418.0;-1482.2,-426.9;-1480.7,-425.7;-1475.6,-430.5;-1423.8,-485.8;-1389.0,-452.7;-1448.5,-390.1
BuildingSourceSlice_fbx_10_-14468_1416_-4279|65.22|-1385.7,-447.7;-1383.8,-411.3;-1404.3,-389.2;-1414.7,-398.9;-1418.5,-394.8;-1428.8,-404.4;-1387.3,-449.1
BuildingSourceSlice_fbx_2_22377_1727_-4838|141.61|2254.7,-494.3;2252.4,-494.6;2251.3,-499.6;2250.0,-494.4;2247.9,-493.9;2243.4,-501.0;2235.2,-493.7;2216.1,-494.1;2214.2,-498.1;2215.6,-498.7;2213.1,-512.9;2249.4,-520.3
BuildingSourceSlice_fbx_2_22377_1727_-4838|141.61|2222.6,-463.9;2218.7,-463.6;2216.5,-474.2;2217.9,-475.8;2222.2,-477.8;2230.9,-477.8;2233.2,-474.3;2246.6,-477.0;2249.9,-465.0;2252.4,-465.5;2250.8,-477.1;2258.0,-477.8;2262.7,-454.8;2260.7,-454.3;2260.3,-455.8;2226.0,-447.6
BuildingSourceSlice_fbx_1_-29843_1860_6924|129.98|-2976.4,648.2;-3029.2,686.3;-3037.2,675.3;-3037.1,653.6;-3019.9,641.2;-3012.0,641.3;-3009.1,644.8;-3003.7,641.2;-2991.1,641.2;-2984.5,643.1
BuildingSourceSlice_fbx_1_-29843_1860_6924|129.98|-2964.0,657.8;-2948.4,646.7;-2931.6,670.3;-2931.8,682.1;-2941.0,688.9;-2937.6,694.1
BuildingSourceSlice_fbx_1_-29843_1860_6924|129.98|-2971.7,648.9;-2939.2,694.0;-2997.1,735.7;-3029.6,690.5
BuildingSourceSlice_fbx_1_-29843_1860_6924|129.98|-3026.4,697.5;-3001.2,731.5;-3012.3,739.6;-3037.4,705.7
BuildingSmooth_5_6237_1025_8726|70.17|636.0,867.1;627.1,885.7;626.2,885.3;635.1,866.6
BuildingSmooth_5_6237_1025_8726|70.17|634.4,877.2;634.0,878.1;627.7,875.1;628.1,874.2
BuildingSmooth_5_6237_1025_8726|70.17|622.4,835.7;614.2,840.5;617.5,845.9;625.6,841.1
BuildingSmooth_5_6237_1025_8726|70.17|654.3,850.7;649.4,861.1;632.9,853.3;637.7,842.9
BuildingSmooth_5_6237_1025_8726|70.17|622.4,835.7;617.5,846.1;632.9,853.3;637.7,842.9
BuildingSmooth_5_6237_1025_8726|70.17|626.2,909.6;631.9,897.6;615.4,889.8;609.7,901.8
BuildingSmooth_5_6237_1025_8726|70.17|593.0,894.0;598.7,881.9;615.4,889.8;609.7,901.8
BuildingSmooth_5_6237_1025_8726|70.17|632.8,864.4;623.0,884.9;622.1,884.5;631.9,864.0
BuildingSmooth_5_6237_1025_8726|70.17|632.9,853.3;624.7,858.1;617.5,845.9;625.6,841.1
BuildingSmooth_5_6237_1025_8726|70.17|640.0,867.9;630.2,888.4;629.3,887.9;639.1,867.5
BuildingSmooth_5_6237_1025_8726|70.17|639.1,867.5;638.7,868.4;632.4,865.3;632.8,864.4
BuildingSmooth_5_6237_1025_8726|70.17|593.0,894.0;591.1,883.3;598.8,881.9;600.8,892.5
BuildingSmooth_5_6237_1025_8726|70.17|654.3,850.7;644.8,841.3;632.9,853.3;642.3,862.8
BuildingSmooth_5_6237_1025_8726|70.17|629.8,887.0;629.3,887.9;623.0,884.9;623.4,884.0
BuildingSmooth_5_6237_1025_8726|70.17|626.2,909.6;609.7,901.7;615.4,889.8;631.9,897.7
BuildingSmooth_5_6237_1025_8726|70.17|615.4,889.8;605.9,880.4;632.9,853.3;642.3,862.8
BuildingSmooth_5_6237_1025_8726|70.17|654.3,850.7;637.8,842.9;615.4,889.8;631.9,897.7
BuildingSmooth_5_6237_1025_8726|70.17|615.4,889.8;613.4,879.2;598.8,881.9;600.8,892.5
BuildingSourceSlice_fbx_11_22464_1468_1309|126.52|2225.2,138.8;2234.3,138.0;2231.3,102.7;2263.3,99.8;2267.6,158.0;2227.4,161.9
BuildingSourceSlice_fbx_16_4653_1225_-3292|80.96|477.7,-360.9;493.2,-318.9;494.4,-319.5;503.9,-296.6;473.6,-283.0;474.2,-282.1;458.1,-276.1;437.1,-327.8
BuildingSourceSlice_orph_1483_-1506|145.64|1481.0,-1536.3;1485.7,-1525.7;1501.1,-1532.2;1511.7,-1491.2;1466.2,-1476.2;1458.4,-1501.7;1466.2,-1504.3;1458.3,-1529.0
BuildingSourceSlice_fbx_2_20200_1643_-2752|144.05|2031.3,-249.4;2029.2,-248.2;2031.7,-241.4;2018.3,-235.3;2015.4,-241.6;2013.5,-241.0;2019.0,-229.6;2017.6,-229.0;1986.4,-294.2;2023.7,-311.9;2049.7,-258.0;2048.4,-257.4;2053.6,-246.3;2036.4,-238.9
BuildingSourceSlice_orph_1902_-355|142.45|1883.8,-424.9;1890.2,-394.9;1955.6,-411.3;1979.8,-316.1;1860.9,-286.6;1829.4,-411.5
BuildingSourceSlice_fbx_10_-24631_1652_-7220|93.29|-2553.3,-720.6;-2482.5,-810.2;-2372.9,-723.6;-2443.7,-634.0
BuildingSmooth_1_-20405_1967_13378_Residual_4b244121_Body01|138.69|-2053.8,1314.4;-2069.5,1335.2;-2049.2,1350.6;-2033.4,1329.8
BuildingSmooth_1_-20405_1967_13378_Residual_4b244121_Body01|138.69|-2049.2,1350.6;-2033.9,1337.3;-2053.8,1314.4;-2069.1,1327.7
BuildingSmooth_1_-20405_1967_13378_Residual_4b244121_Body01|138.69|-1975.4,1373.6;-1971.1,1371.1;-1971.6,1370.3;-1975.9,1372.9
BuildingSmooth_1_-20405_1967_13378_Residual_4b244121_Body01|138.69|-2053.8,1314.4;-2034.2,1288.4;-2020.4,1298.7;-2040.1,1324.7
BuildingSmooth_1_-20405_1967_13378_Residual_4b244121_Body01|138.69|-1975.4,1373.6;-1955.8,1347.6;-2020.4,1298.7;-2040.1,1324.7
BuildingSmooth_1_-20405_1967_13378_Residual_4b244121_Body01|138.69|-2020.4,1298.7;-2019.0,1297.7;-2010.5,1310.2;-2011.9,1311.2
BuildingSmooth_1_-20405_1967_13378_Residual_4b244121_Body01|138.69|-1971.6,1370.3;-1970.1,1369.3;-2010.5,1310.2;-2011.9,1311.2
BuildingSmooth_1_-20405_1967_13378_Residual_4b244121_Body01|138.69|-2020.2,1341.7;-2021.0,1342.3;-2031.4,1330.4;-2030.6,1329.7
BuildingSmooth_1_-20405_1967_13378_Residual_4b244121_Body01|138.69|-2009.5,1332.3;-2010.2,1332.9;-2020.6,1321.0;-2019.8,1320.3
BuildingSmooth_1_-20405_1967_13378_Residual_4b244121_Body01|138.69|-2019.8,1320.3;-2031.4,1330.4;-2032.0,1329.6;-2020.5,1319.6
BuildingSmooth_1_-20405_1967_13378_Residual_4b244121_Body01|138.69|-2008.8,1333.0;-2020.3,1343.1;-2021.0,1342.3;-2009.5,1332.3
BuildingSmooth_1_-20405_1967_13378_Residual_4b244121_Body01|138.69|-2015.1,1327.3;-2025.1,1336.1;-2025.8,1335.3;-2015.7,1326.6
BuildingSmooth_1_-20405_1967_13378_Residual_4b244121_Body01|138.69|-2014.8,1337.0;-2015.6,1337.6;-2026.0,1325.7;-2025.2,1325.0
BuildingSmooth_1_-20405_1967_13378_Residual_4b244121_Body01|138.69|-1975.4,1373.6;-1991.1,1394.4;-2049.2,1350.6;-2033.4,1329.8
BuildingSmooth_1_-20405_1967_13378_Residual_4b244121_Body01|138.69|-2020.4,1298.7;-2016.2,1296.2;-1971.6,1370.3;-1975.9,1372.9
BuildingSourceSlice_fbx_12_29978_1440_-12774|132.26|2987.1,-1297.2;3015.0,-1294.2;3009.2,-1256.3;2982.1,-1260.2
BuildingSourceSlice_part_-1236_88|73.47|-1248.0,88.3;-1251.6,77.1;-1250.3,76.6;-1261.4,44.9;-1232.3,41.6;-1211.8,101.8;-1212.7,102.1;-1210.1,109.7;-1211.2,110.1;-1207.9,120.2;-1243.7,132.8;-1257.8,91.8
BuildingSourceSlice_fbx_10_-20404_1031_-12735|60.90|-2036.6,-1304.5;-2060.1,-1282.9;-2076.3,-1300.7;-2075.1,-1305.7;-2070.3,-1308.9;-2040.8,-1309.1
BuildingSourceSlice_fbx_10_-20404_1031_-12735|60.90|-2046.1,-1247.3;-2044.7,-1249.0;-2067.3,-1272.5;-2036.8,-1301.2;-2012.1,-1274.4;-2044.5,-1245.5
BuildingSourceSlice_fbx_16_7403_1134_-3561|96.24|763.1,-355.2;724.5,-339.7;717.5,-357.0;756.1,-372.5
BuildingSourceSlice_fbx_5_8806_1056_1598|80.13|879.4,136.0;898.3,175.8;881.9,183.6;862.9,143.8
BuildingSourceSlice_fbx_16_6325_1151_-3783|91.06|626.9,-349.1;610.8,-384.1;625.8,-390.8;621.3,-400.1;639.3,-408.0;654.2,-373.2;647.6,-369.8;651.4,-359.1
BuildingSourceSlice_fbx_8_4437_1509_25872|128.59|433.0,2573.7;455.5,2574.7;454.3,2600.7;431.8,2599.7
BuildingSourceSlice_orph_-2987_374|126.98|-2996.7,351.1;-2970.2,386.7;-2981.1,394.4;-3001.3,365.6
BuildingSourceSlice_orph_2284_-203|134.93|2250.3,-205.1;2265.8,-205.8;2265.0,-216.0;2266.9,-216.3;2264.3,-225.3;2274.3,-226.2;2273.3,-217.0;2275.0,-217.2;2276.8,-195.2;2282.6,-195.7;2280.5,-226.2;2289.0,-224.4;2295.2,-224.9;2295.3,-217.5;2316.8,-219.6;2319.5,-189.9;2287.8,-187.1;2287.4,-191.6;2278.4,-190.8;2278.8,-185.8;2248.3,-183.1;2246.8,-224.2
BuildingSourceSlice_fbx_11_15243_1544_1243|122.13|1512.1,114.0;1512.7,112.6;1514.1,114.2;1506.4,132.5;1498.2,128.8;1506.3,111.5
BuildingSourceSlice_fbx_11_15243_1544_1243|122.13|1549.3,119.3;1536.9,127.3;1530.2,142.7;1512.6,135.2;1519.4,119.5;1516.0,104.9;1517.0,102.6;1550.3,116.8
BuildingSourceSlice_orph_2341_-571|133.87|2320.1,-587.8;2336.1,-588.9;2334.2,-598.3;2349.9,-599.2;2346.6,-589.7;2359.0,-590.7;2361.9,-550.4;2323.1,-547.5
BuildingSourceSlice_fbx_13_-12707_1443_19778|96.97|-1326.0,2018.4;-1331.5,1988.7;-1330.9,1986.9;-1338.5,1985.0;-1347.4,1953.7;-1353.8,1951.7;-1363.2,1921.0;-1350.2,1888.8;-1327.6,1897.8;-1318.9,1875.9;-1267.5,1896.7;-1276.3,1918.4;-1238.4,1933.7;-1238.4,1957.6;-1235.6,1958.4;-1235.1,1964.0;-1215.8,1972.4;-1221.5,1986.6;-1218.2,1988.5;-1219.7,1993.2;-1179.9,2008.8;-1178.3,2014.2;-1204.2,2075.7;-1226.3,2079.1;-1231.0,2079.6;-1236.3,2077.4;-1232.8,2068.5;-1271.1,2052.8;-1275.5,2043.2;-1271.5,2033.3;-1275.5,2031.5;-1276.1,2029.2;-1280.7,2029.1;-1292.8,2023.4;-1295.1,2028.8;-1299.0,2029.2
BuildingSmooth_3_-2030_1966_19859|184.38|-239.2,1985.0;-236.7,1975.3;-235.7,1975.5;-238.3,1985.2
BuildingSmooth_3_-2030_1966_19859|184.38|-235.1,1987.1;-232.1,1975.5;-231.1,1975.7;-234.1,1987.3
BuildingSmooth_3_-2030_1966_19859|184.38|-243.2,1966.5;-229.0,1960.2;-224.0,1971.5;-238.1,1977.8
BuildingSmooth_3_-2030_1966_19859|184.38|-242.9,1985.1;-242.6,1984.1;-234.9,1986.1;-235.1,1987.1
BuildingSmooth_3_-2030_1966_19859|184.38|-241.5,1979.7;-241.2,1978.8;-233.5,1980.8;-233.7,1981.8
BuildingSmooth_3_-2030_1966_19859|184.38|-230.2,1995.6;-216.1,1989.3;-224.0,1971.5;-238.1,1977.8
BuildingSmooth_3_-2030_1966_19859|184.38|-243.8,1984.8;-240.8,1973.2;-239.8,1973.4;-242.9,1985.1
BuildingSmooth_3_-2030_1966_19859|184.38|-240.1,1974.4;-239.8,1973.4;-232.1,1975.5;-232.3,1976.4
BuildingSmooth_3_-2030_1966_19859|184.38|-243.2,1966.5;-257.4,1972.8;-249.5,1990.6;-235.3,1984.2
BuildingSmooth_3_-2030_1966_19859|184.38|-230.2,1995.6;-244.4,2001.9;-249.5,1990.6;-235.3,1984.2
BuildingSourceSlice_orph_2284_-460|140.51|2287.3,-481.1;2284.3,-482.3;2298.3,-484.3;2303.1,-440.4;2270.9,-436.5;2268.5,-452.8;2266.5,-453.3;2265.9,-456.3;2264.8,-456.1;2261.7,-477.4
BuildingSourceSlice_fbx_12_21324_1771_-17123|150.22|2141.8,-1740.6;2131.1,-1725.0;2132.1,-1723.8;2176.6,-1694.0;2160.0,-1668.2;2086.9,-1715.3;2104.4,-1741.0;2104.9,-1742.5;2098.3,-1746.7;2104.7,-1756.7;2111.4,-1752.3;2115.9,-1756.5;2129.1,-1747.8;2131.1,-1748.0
BuildingSourceSlice_fbx_5_4780_858_4731|69.91|496.3,427.0;522.6,470.1;527.4,486.6;510.5,491.6;477.1,439.2
BuildingSourceSlice_fbx_5_4780_858_4731|69.91|476.4,439.6;509.8,491.8;459.4,506.5;446.1,458.9
BuildingSourceSlice_fbx_7_10787_1327_20377|108.27|1094.6,2019.7;1098.1,2050.9;1066.0,2055.8;1059.3,2025.6
BuildingSourceSlice_fbx_9_-17245_2238_6047|116.29|-1690.2,581.9;-1677.9,619.4;-1679.9,620.1;-1671.3,648.3;-1679.8,651.0;-1692.1,650.8;-1700.0,626.7;-1702.7,624.0;-1717.0,628.3;-1717.8,618.7;-1727.7,618.7;-1727.9,623.1;-1738.4,637.0;-1752.5,642.1;-1778.2,622.5;-1761.8,601.3;-1757.8,601.0;-1757.8,595.7;-1729.0,555.2;-1693.2,581.8
BuildingSourceSlice_fbx_4_-3676_1548_-15126|122.15|-350.0,-1486.3;-379.3,-1492.9;-377.8,-1503.4;-398.8,-1508.2;-391.7,-1539.2;-355.1,-1530.9;-353.5,-1531.0;-351.8,-1539.2;-336.3,-1536.0;-343.0,-1504.4;-344.9,-1503.8
BuildingSourceSlice_fbx_11_25215_1246_-190|118.05|2496.1,-34.5;2528.4,-36.9;2529.1,-26.5;2546.3,-27.0;2547.0,-4.1;2498.5,-1.1
BuildingSourceSlice_orph_-359_-1642|116.83|-405.9,-1646.7;-396.2,-1644.9;-391.7,-1665.1;-399.7,-1682.6;-349.0,-1671.0;-349.5,-1668.9;-311.7,-1660.7;-313.6,-1651.7;-310.9,-1651.3;-322.4,-1600.6;-348.0,-1607.2;-345.0,-1620.2;-349.9,-1621.3;-346.2,-1637.6;-356.0,-1639.7;-363.5,-1610.0;-407.0,-1619.1
BuildingSourceSlice_orph_-324_-1339|122.34|-363.2,-1340.1;-362.6,-1337.9;-355.1,-1375.1;-342.7,-1372.4;-343.4,-1367.2;-295.4,-1356.8;-305.2,-1311.6;-321.5,-1315.1;-322.8,-1309.1;-367.8,-1318.9
BuildingSourceSlice_orph_-324_-1339|122.34|-283.4,-1364.3;-271.7,-1360.6;-282.0,-1313.1;-289.0,-1314.6;-289.6,-1311.9;-294.5,-1312.9
BuildingSourceSlice_fbx_4_-10775_858_-3685|49.88|-1057.3,-360.6;-1062.8,-352.8;-1071.2,-348.0;-1081.2,-349.1;-1091.5,-354.1;-1098.9,-361.1;-1067.7,-388.9;-1060.9,-381.7;-1056.1,-371.3
BuildingSourceSlice_fbx_11_13082_1420_3795|107.77|1340.8,356.0;1323.0,370.4;1341.2,392.8;1320.2,419.4;1275.1,364.4;1301.0,343.4;1309.6,353.7;1327.7,339.5
BuildingSourceSlice_fbx_11_13082_1420_3795|107.77|1267.6,367.4;1272.1,364.2;1317.3,420.6;1311.9,426.9;1283.1,426.9;1267.6,404.7
BuildingSourceSlice_fbx_10_-15164_1080_-3554|71.34|-1551.0,-352.6;-1538.1,-342.0;-1518.7,-363.0;-1499.2,-344.9;-1515.9,-326.8;-1523.1,-333.5;-1522.0,-318.2;-1550.2,-318.7
BuildingSourceSlice_fbx_10_-15164_1080_-3554|71.34|-1488.9,-324.4;-1498.9,-318.2;-1507.3,-318.2;-1496.1,-330.8;-1498.8,-333.2;-1488.1,-343.5;-1479.0,-333.9;-1479.1,-323.0;-1482.5,-318.7
BuildingSourceSlice_fbx_10_-15197_1091_-8204|61.00|-1489.1,-804.7;-1497.7,-811.0;-1515.0,-787.5;-1556.7,-817.3;-1529.2,-852.9;-1512.1,-840.5;-1491.0,-822.7;-1488.0,-806.4
BuildingSourceSlice_fbx_6_12996_1590_-15317|139.33|1314.8,-1520.6;1293.8,-1513.6;1284.2,-1542.2;1305.2,-1549.2
BuildingSmooth_6_3313_1126_-19044_ResidualBody03|101.61|303.3,-1888.5;303.2,-1889.5;311.1,-1890.6;311.3,-1889.6
BuildingSmooth_6_3313_1126_-19044_ResidualBody03|101.61|306.7,-1890.0;304.8,-1903.1;305.8,-1903.3;307.6,-1890.1
BuildingSmooth_6_3313_1126_-19044_ResidualBody03|101.61|299.9,-1877.1;294.7,-1913.7;313.0,-1916.2;318.2,-1879.6
BuildingSmooth_6_3313_1126_-19044_ResidualBody03|101.61|311.3,-1889.6;309.1,-1904.7;310.1,-1904.9;312.2,-1889.7
BuildingSmooth_6_3313_1126_-19044_ResidualBody03|101.61|302.3,-1895.6;302.2,-1896.6;310.1,-1897.7;310.3,-1896.7
BuildingSmooth_6_3313_1126_-19044_ResidualBody03|101.61|301.3,-1902.6;301.2,-1903.6;309.1,-1904.7;309.3,-1903.8
BuildingSmooth_6_3313_1126_-19044_ResidualBody03|101.61|302.3,-1888.4;300.2,-1903.5;301.2,-1903.6;303.3,-1888.5
BuildingSourceSlice_fbx_11_18565_1260_8040|92.08|1847.9,820.7;1835.2,792.6;1868.3,787.4;1868.6,789.6;1877.8,794.9;1872.1,805.8;1861.3,814.9
BuildingSourceSlice_orph_-2577_1473|141.33|-2609.0,1429.1;-2598.1,1426.8;-2587.5,1429.7;-2579.7,1435.6;-2532.9,1494.1;-2575.3,1527.1;-2589.6,1508.2;-2578.2,1498.9;-2602.1,1466.1;-2603.5,1467.2;-2619.0,1447.0;-2621.3,1445.9;-2613.9,1433.1
BuildingSourceSlice_fbx_9_-16112_1824_11374|120.87|-1596.2,1121.3;-1597.2,1122.0;-1577.0,1152.9;-1610.8,1171.7;-1631.3,1139.9;-1644.7,1115.6;-1622.9,1103.3;-1614.0,1119.1;-1601.5,1112.5
BuildingSourceSlice_fbx_11_17725_1531_6011|111.65|1802.7,597.0;1791.7,624.7;1741.9,604.8;1753.0,577.1
BuildingSourceSlice_fbx_3_-1879_1343_13592|73.08|-163.2,1333.0;-176.6,1333.1;-162.1,1348.0;-162.3,1368.1;-179.5,1367.6;-178.4,1333.1;-182.8,1333.1;-184.9,1365.9;-179.7,1368.1;-179.4,1372.1;-162.6,1374.7;-163.6,1381.2;-168.4,1383.9;-180.1,1384.0;-232.0,1380.1;-228.4,1332.3;-233.1,1330.7;-162.1,1330.6
BuildingSmooth_12_22553_2069_-20782_Body01|200.58|2271.8,-2080.9;2257.4,-2062.4;2256.6,-2063.1;2271.0,-2081.5
BuildingSmooth_12_22553_2069_-20782_Body01|200.58|2257.2,-2063.8;2256.6,-2063.1;2241.4,-2074.9;2242.0,-2075.7
BuildingSmooth_12_22553_2069_-20782_Body01|200.58|2255.8,-2093.4;2241.4,-2074.9;2240.6,-2075.6;2255.0,-2094.0
BuildingSmooth_12_22553_2069_-20782_Body01|200.58|2298.7,-2085.6;2259.2,-2035.0;2213.4,-2070.8;2252.9,-2121.4
BuildingSmooth_12_22553_2069_-20782_Body01|200.58|2263.2,-2086.3;2250.0,-2069.5;2249.2,-2070.1;2262.4,-2087.0
BuildingSmooth_12_22553_2069_-20782_Body01|200.58|2264.1,-2072.7;2263.5,-2071.9;2248.3,-2083.8;2248.9,-2084.6
BuildingSmooth_12_22553_2069_-20782_Body01|200.58|2271.0,-2081.5;2270.4,-2080.7;2255.2,-2092.6;2255.8,-2093.4
BuildingSourceSlice_fbx_12_30121_2183_-13734|135.12|3032.5,-1325.0;3031.1,-1318.4;3022.6,-1318.4;3013.5,-1326.3;3013.9,-1327.9;2971.3,-1335.0;2977.3,-1372.2;2965.4,-1374.0;2964.3,-1375.3;2967.7,-1397.0;2969.0,-1398.2;2982.4,-1395.9;2981.9,-1385.9;2995.4,-1385.6;2996.0,-1391.0;3004.4,-1389.2;3006.1,-1393.0;3029.3,-1387.5;3035.6,-1431.8;3036.9,-1432.9;3049.7,-1430.1;3054.0,-1427.0;3061.3,-1413.6;3046.9,-1323.9;3045.6,-1322.8
BuildingSourceSlice_orph_1117_-749|140.10|1094.5,-752.7;1096.1,-753.3;1078.9,-794.8;1120.9,-812.2;1151.8,-736.1;1121.0,-723.3;1124.2,-712.6;1127.0,-713.7;1143.5,-674.2;1123.4,-666.1;1120.8,-672.7;1118.1,-671.5;1105.2,-708.5;1109.6,-698.1;1116.6,-700.8;1106.2,-728.8;1103.6,-727.6
BuildingSourceSlice_orph_1491_-689|144.14|1506.4,-721.5;1527.9,-699.2;1510.4,-685.6;1510.8,-684.5;1476.2,-654.8;1454.5,-680.3;1472.8,-696.1;1473.7,-695.0
BuildingSourceSlice_fbx_1_-21389_2191_11428|140.09|-2144.4,1205.7;-2155.3,1190.4;-2148.4,1186.7;-2149.6,1183.3;-2141.5,1177.5;-2128.1,1193.0;-2126.4,1193.5
BuildingSourceSlice_fbx_5_4841_1164_10573|70.90|471.2,1076.1;458.4,1056.8;467.4,1036.0;479.6,1042.7;481.7,1041.2;510.3,1053.9;511.1,1053.1;499.3,1079.8;487.0,1074.4;489.8,1076.8;487.8,1079.2;471.2,1077.9
BuildingSourceSlice_orph_2684_-776|116.84|2697.5,-756.8;2670.9,-756.8;2670.8,-795.4;2697.4,-795.4
BuildingSourceSlice_fbx_16_16790_1745_-6510|144.88|1658.1,-679.5;1661.2,-683.7;1693.3,-683.7;1719.7,-669.6;1719.7,-664.0;1712.2,-650.6
BuildingSourceSlice_fbx_16_16790_1745_-6510|144.88|1644.6,-652.9;1656.9,-677.5;1713.4,-649.0;1701.1,-624.5
BuildingSourceSlice_fbx_1_-27797_2006_2177|129.04|-2735.8,304.8;-2841.9,309.7;-2844.9,264.6;-2873.6,266.8;-2875.6,239.6;-2874.2,239.9;-2875.0,212.5;-2795.4,208.7;-2795.2,209.8;-2770.7,209.1;-2775.5,130.3;-2771.6,129.9;-2766.2,135.6;-2758.8,135.1;-2759.3,129.1;-2691.3,125.6;-2683.9,256.3;-2688.0,256.4;-2686.7,284.4;-2710.8,285.4;-2710.0,301.3;-2736.0,302.4
BuildingSourceSlice_fbx_5_11438_957_8188|80.96|1188.2,832.9;1111.9,846.6;1108.6,828.6;1103.8,829.4;1099.3,804.0;1181.4,791.8
BuildingSourceSlice_fbx_10_-27245_1459_-3221|114.62|-2692.5,-349.9;-2679.4,-344.0;-2688.8,-323.9;-2701.3,-329.9;-2702.1,-328.3;-2737.7,-346.3;-2736.7,-348.2;-2744.5,-352.6;-2737.6,-366.5;-2728.5,-369.1;-2693.1,-348.6
BuildingSourceSlice_fbx_10_-27245_1459_-3221|114.62|-2704.4,-300.3;-2712.9,-282.8;-2761.0,-306.5;-2759.7,-315.9;-2755.4,-314.4;-2750.9,-322.3
BuildingSourceSlice_fbx_16_5801_1092_-2190|80.19|553.6,-215.0;548.7,-226.2;585.0,-242.4;586.0,-239.9;598.1,-245.5;613.3,-209.8;573.2,-192.5
BuildingSourceSlice_orph_2347_-481|135.21|2327.0,-469.5;2328.6,-499.5;2364.8,-497.2;2366.6,-458.7
BuildingSourceSlice_fbx_10_-16794_1365_-5986|69.75|-1699.5,-599.7;-1681.8,-618.6;-1659.3,-597.6;-1677.1,-578.7
BuildingSourceSlice_fbx_6_7385_1554_-16491|125.15|722.2,-1655.6;726.8,-1658.8;725.3,-1666.5;736.3,-1671.1;738.4,-1666.2;739.8,-1666.7;740.7,-1664.4;743.9,-1665.7;744.8,-1668.2;757.4,-1637.1;733.5,-1627.5
BuildingSourceSlice_fbx_3_98_1418_20475|82.62|7.0,2012.0;59.5,2017.2;58.4,2028.4;60.7,2028.8;56.1,2082.9;-41.7,2074.4;-40.1,2013.4;6.4,2017.4
BuildingSourceSlice_orph_2402_-195|127.94|2400.5,-210.1;2394.2,-221.1;2410.5,-223.0;2415.5,-171.3;2404.8,-167.2;2404.3,-171.3;2396.9,-170.7;2394.0,-203.9;2355.9,-202.6
BuildingSourceSlice_fbx_5_10349_1095_6008|85.01|1062.1,613.7;1007.0,610.8;1007.6,589.1;1014.5,589.4;1014.6,587.9;1062.7,589.3
BuildingSourceSlice_orph_214_2071|97.32|114.5,2055.5;99.8,2054.2;104.3,2008.2;198.1,2017.5;197.4,2025.7;297.0,2034.8;291.2,2121.9;291.9,2137.2;166.6,2126.2;169.5,2056.3;115.7,2049.5;100.6,2052.6;100.6,2054.0
BuildingSourceSlice_fbx_10_-23632_1503_-6639|96.59|-2315.5,-654.5;-2332.8,-635.8;-2334.8,-634.5;-2336.0,-635.4;-2346.0,-622.7;-2352.8,-628.0;-2354.2,-627.2;-2368.9,-609.1;-2421.8,-650.7;-2367.1,-720.1;-2303.9,-670.0
BuildingSourceSlice_orph_-2983_578|127.72|-2984.0,545.7;-2956.1,587.0;-2954.3,585.7;-2947.9,594.4;-2964.1,606.2;-2975.0,591.9;-2989.7,602.8;-3015.4,568.0
BuildingSourceSlice_orph_1674_234|131.68|1650.9,236.0;1656.7,221.9;1664.7,206.1;1664.2,207.2;1683.5,213.9;1679.3,224.3;1699.6,232.5;1689.7,258.8;1649.8,242.4
BuildingSourceSlice_orph_-287_-1542|121.94|-340.7,-1500.7;-329.6,-1500.1;-313.1,-1505.3;-312.8,-1506.6;-310.7,-1506.2;-305.1,-1500.0;-299.9,-1502.0;-298.1,-1505.3;-298.0,-1511.7;-304.1,-1535.0;-332.2,-1540.8;-324.5,-1576.8;-274.7,-1566.1;-272.6,-1576.0;-280.9,-1577.8;-279.9,-1582.7;-240.3,-1574.3;-262.1,-1481.9;-255.8,-1521.0;-283.2,-1526.8;-291.8,-1486.2;-341.5,-1496.9
BuildingSourceSlice_fbx_8_746_1361_30074|105.50|91.1,2992.9;90.5,3023.2;58.1,3022.1;58.8,3001.2;69.3,2991.6
BuildingSourceSlice_orph_347_486|68.20|326.6,493.8;324.3,494.1;334.7,457.3;369.1,452.0;368.4,455.2;379.5,453.7;374.5,484.6;362.2,482.6;361.0,489.4;356.7,490.0;349.8,522.2;317.1,525.1
BuildingSourceSlice_fbx_6_5937_1189_-20135|97.45|582.9,-1971.1;558.8,-1959.1;523.2,-2033.4;554.2,-2049.6;553.2,-2051.7;542.5,-2047.1;540.7,-2048.8;571.5,-2073.9;586.8,-2074.1;589.2,-2069.1;592.4,-2067.1;600.6,-2050.5;611.8,-2055.3;620.3,-2038.4;634.7,-2044.9;643.0,-2027.4;655.3,-2033.3;659.2,-2024.7;656.6,-2023.4;664.7,-2006.4;653.0,-2001.1;652.9,-1998.4;619.6,-1982.2;618.2,-1982.8;614.6,-1990.2;598.0,-1982.6;591.4,-1995.1;575.7,-1987.4
BuildingSourceSlice_fbx_11_16173_1545_5638|120.88|1640.1,550.4;1612.3,591.8;1595.0,580.3;1598.9,574.4;1594.5,571.3;1618.3,535.8
BuildingSourceSlice_fbx_11_16173_1545_5638|120.88|1615.2,599.8;1624.5,586.4;1619.1,582.8;1640.9,551.3;1659.9,564.5;1629.0,609.3
BuildingSourceSlice_fbx_8_-1744_1028_32177|87.72|-157.2,3212.6;-160.3,3212.3;-162.0,3227.4;-172.1,3234.5;-192.7,3232.3;-189.3,3200.9;-156.2,3204.4
BuildingSmooth_11_20160_1820_2249_Body02|171.10|2008.7,232.4;2014.6,233.3;2013.3,242.2;2007.4,241.3
BuildingSmooth_11_20160_1820_2249_Body02|171.10|2013.3,242.2;2014.1,241.8;2011.2,235.8;2010.5,236.2
BuildingSmooth_11_20160_1820_2249_Body02|171.10|2006.5,247.3;2012.9,234.6;2008.7,232.4;2002.3,245.1
BuildingSmooth_11_20160_1820_2249_Body02|171.10|2006.5,235.4;2001.1,234.6;2001.2,233.6;2006.7,234.4
BuildingSmooth_11_20160_1820_2249_Body02|171.10|2005.1,237.9;2001.7,237.4;2001.8,236.4;2005.3,237.0
BuildingSmooth_11_20160_1820_2249_Body02|171.10|2008.7,232.4;2009.5,232.1;2011.2,235.8;2010.5,236.2
BuildingSmooth_11_20160_1820_2249_Body02|171.10|2001.4,239.2;2000.4,239.0;2001.1,234.6;2002.1,234.7
BuildingSmooth_11_20160_1820_2249_Body02|171.10|1998.0,243.0;2007.0,244.3;2008.7,232.4;1999.8,231.1
BuildingSmooth_11_20160_1820_2249_Body02|171.10|2013.3,242.2;2007.4,241.3;2006.5,247.3;2012.4,248.1
BuildingSmooth_11_20160_1820_2249_Body02|171.10|2006.5,247.3;2012.4,248.1;2013.3,242.2;2007.4,241.3
BuildingSmooth_11_20160_1820_2249_Body02|171.10|2005.7,240.8;2000.3,240.0;2000.4,239.0;2005.8,239.8
BuildingSmooth_11_20160_1820_2249_Body02|171.10|2003.6,239.5;2002.6,239.4;2003.3,234.9;2004.3,235.0
BuildingSmooth_11_20160_1820_2249_Body02|171.10|2005.8,239.8;2004.9,239.7;2005.5,235.2;2006.5,235.4
BuildingSmooth_11_20160_1820_2249_Body02|171.10|1998.0,243.0;2004.5,230.3;2008.7,232.4;2002.3,245.1
BuildingSourceSlice_orph_747_849|71.81|732.4,902.0;707.3,890.7;750.2,802.2;771.3,812.9;793.6,821.8;788.4,827.1;780.0,845.5;762.1,837.3
BuildingSourceSlice_orph_-2084_-764|74.06|-2064.2,-761.8;-2083.4,-743.5;-2104.2,-765.3;-2085.0,-783.6
BuildingSourceSlice_fbx_4_-3175_1426_-14733|123.56|-326.7,-1460.0;-347.8,-1472.7;-343.0,-1493.4;-287.2,-1481.8;-294.1,-1453.1
BuildingSourceSlice_fbx_13_-9676_1253_13288|89.37|-1013.8,1336.0;-1014.2,1330.7;-1016.8,1329.4;-1016.6,1293.1;-993.4,1292.7;-993.1,1336.0
BuildingSourceSlice_fbx_13_-9676_1253_13288|89.37|-944.8,1292.5;-939.3,1294.6;-929.9,1301.5;-927.7,1306.5;-926.0,1364.3;-1008.8,1365.3;-1009.0,1346.3;-990.7,1346.1;-990.9,1292.5
BuildingSourceSlice_fbx_1_-25157_2182_7267|138.83|-2515.2,750.2;-2538.5,768.3;-2564.2,733.6;-2498.6,685.5;-2472.9,719.9;-2478.8,724.6;-2467.0,741.4;-2480.5,751.0;-2487.7,740.8;-2507.3,754.6;-2501.4,763.9;-2502.8,767.0
BuildingSmooth_15_-25566_1458_-20286_Body01|56.15|-2570.2,-2024.6;-2518.2,-2085.2;-2545.1,-2108.3;-2597.1,-2047.7
BuildingSmooth_15_-25566_1458_-20286_Body01|56.15|-2629.8,-2064.1;-2576.0,-2017.9;-2570.2,-2024.6;-2624.1,-2070.8
BuildingSmooth_15_-25566_1458_-20286_Body01|56.15|-2570.2,-2024.6;-2624.1,-2070.8;-2629.8,-2064.1;-2576.0,-2017.9
BuildingSmooth_15_-25566_1458_-20286_Body01|56.15|-2570.2,-2024.6;-2562.5,-2022.3;-2538.4,-2102.5;-2546.2,-2104.8
BuildingSmooth_15_-25566_1458_-20286_Body01|56.15|-2545.1,-2108.3;-2537.4,-2106.0;-2538.4,-2102.5;-2546.2,-2104.8
BuildingSmooth_15_-25566_1458_-20286_Body01|56.15|-2624.1,-2070.8;-2572.0,-2131.4;-2545.1,-2108.3;-2597.1,-2047.7
BuildingSmooth_15_-25566_1458_-20286_Body01|56.15|-2573.0,-2060.7;-2584.6,-2070.6;-2584.0,-2071.4;-2572.4,-2061.4
BuildingSmooth_15_-25566_1458_-20286_Body01|56.15|-2584.8,-2046.9;-2596.4,-2056.9;-2595.8,-2057.7;-2584.2,-2047.7
BuildingSmooth_15_-25566_1458_-20286_Body01|56.15|-2584.2,-2047.7;-2584.9,-2048.4;-2573.8,-2061.3;-2573.0,-2060.7
BuildingSmooth_15_-25566_1458_-20286_Body01|56.15|-2589.6,-2052.4;-2590.3,-2053.0;-2579.2,-2066.0;-2578.4,-2065.3
BuildingSmooth_15_-25566_1458_-20286_Body01|56.15|-2579.7,-2054.5;-2589.7,-2063.1;-2589.1,-2063.9;-2579.0,-2055.2
BuildingSmooth_15_-25566_1458_-20286_Body01|56.15|-2595.0,-2057.0;-2595.8,-2057.7;-2584.6,-2070.6;-2583.8,-2070.0
BuildingSourceSlice_fbx_2_22763_1591_-4963|141.11|2284.7,-513.8;2285.7,-511.0;2295.2,-512.4;2299.0,-486.8;2258.6,-478.8;2253.4,-508.4;2256.6,-509.0;2257.4,-505.2;2260.6,-505.5;2260.7,-509.7
BuildingSourceSlice_fbx_1_-29618_1450_10877|133.73|-2981.0,1081.2;-2958.7,1067.6;-2942.6,1094.2;-2964.9,1107.7
BuildingSourceSlice_orph_-1294_-1787|79.45|-1281.5,-1761.2;-1304.9,-1745.9;-1333.8,-1790.2;-1278.0,-1826.8;-1254.8,-1791.4;-1285.0,-1766.5
BuildingSourceSlice_fbx_5_10693_1286_8392|77.25|1081.1,818.0;1082.7,823.2;1081.0,829.0;1083.1,829.8;1099.7,871.6;1038.5,843.5;1054.9,806.2
BuildingSourceSlice_fbx_7_13322_1340_24634|116.71|1314.6,2485.4;1306.2,2439.5;1307.9,2438.4;1309.3,2439.9;1338.0,2434.5;1355.4,2479.0;1327.3,2491.5;1326.1,2494.0;1323.6,2491.1;1322.0,2484.1
BuildingSourceSlice_fbx_12_24227_1919_-13339|136.20|2407.3,-1351.8;2409.6,-1353.5;2434.7,-1354.7;2448.5,-1339.8;2432.9,-1313.4;2396.9,-1334.3
BuildingSourceSlice_orph_1415_2617|114.20|1350.5,2543.8;1334.2,2496.3;1380.9,2478.2;1380.2,2476.4;1394.6,2472.3;1459.3,2637.8;1454.5,2639.6;1492.5,2738.7;1484.0,2742.0;1487.0,2750.4;1441.0,2768.2;1397.3,2656.6;1388.0,2660.1;1383.2,2647.9;1392.5,2644.3;1353.8,2542.8
BuildingSourceSlice_fbx_5_8264_1051_1313|77.36|802.4,132.0;842.0,113.0;850.5,130.6;810.9,149.6
BuildingSourceSlice_fbx_1_-20753_1691_5730|132.36|-2040.2,575.0;-2082.0,538.0;-2064.7,515.2;-2022.3,551.9
BuildingSourceSlice_fbx_1_-20753_1691_5730|132.36|-2039.1,579.1;-2048.5,590.3;-2061.0,580.0;-2080.5,603.5;-2111.8,577.3;-2085.0,542.5;-2068.6,556.9
BuildingSourceSlice_fbx_1_-20808_2078_10591|139.17|-2047.7,1084.9;-2050.8,1081.9;-2050.0,1086.1;-2064.0,1097.6;-2065.7,1097.6;-2115.9,1036.5;-2097.3,1020.7;-2095.5,1020.6;-2056.1,1070.4;-2053.2,1070.7;-2054.5,1073.0;-2045.6,1083.9
BuildingSmooth_5_2594_1405_11882_Body03|104.00|255.2,1219.2;254.3,1219.5;246.5,1195.7;247.4,1195.4
BuildingSmooth_5_2594_1405_11882_Body03|104.00|242.2,1169.6;266.3,1243.0;284.6,1237.0;260.5,1163.6
BuildingSmooth_5_2594_1405_11882_Body03|104.00|276.4,1253.3;260.8,1261.9;256.1,1253.2;271.7,1244.6
BuildingSmooth_5_2594_1405_11882_Body03|104.00|225.9,1161.4;210.3,1170.0;256.1,1253.2;271.7,1244.6
BuildingSmooth_5_2594_1405_11882_Body03|104.00|225.9,1161.4;232.1,1156.6;242.2,1169.6;236.0,1174.4
BuildingSmooth_5_2594_1405_11882_Body03|104.00|264.1,1203.6;251.5,1207.8;251.2,1206.8;263.8,1202.7
BuildingSmooth_5_2594_1405_11882_Body03|104.00|262.0,1217.0;261.1,1217.3;253.3,1193.5;254.2,1193.2
BuildingSmooth_5_2594_1405_11882_Body03|104.00|276.4,1253.3;289.6,1246.0;284.6,1237.0;271.5,1244.3
BuildingSmooth_5_2594_1405_11882_Body03|104.00|225.9,1161.4;239.1,1154.2;284.6,1237.0;271.5,1244.3
BuildingSmooth_5_2594_1405_11882_Body03|104.00|284.6,1237.0;290.8,1232.2;242.2,1169.6;236.0,1174.4
BuildingSmooth_5_2594_1405_11882_Body03|104.00|269.1,1215.7;254.6,1220.5;254.3,1219.5;268.8,1214.7
BuildingSmooth_5_2594_1405_11882_Body03|104.00|261.0,1190.9;246.5,1195.7;246.2,1194.8;260.7,1190.0
BuildingSmooth_5_2594_1405_11882_Body03|104.00|268.8,1214.7;267.9,1215.1;260.0,1191.3;261.0,1190.9
BuildingSourceSlice_fbx_12_29931_2019_-14496|137.00|3013.4,-1419.5;3008.0,-1419.3;3006.6,-1416.5;3007.6,-1414.3;3004.7,-1414.6;3003.6,-1407.3;2962.6,-1414.0;2974.6,-1491.8;3020.5,-1484.2;3020.8,-1447.8;3017.7,-1427.6;3015.0,-1427.9
BuildingSourceSlice_fbx_11_13997_1386_11807|83.67|1376.5,1187.0;1406.7,1157.5;1424.0,1174.4;1393.2,1205.5
BuildingSourceSlice_orph_-16_-1317|119.87|5.0,-1290.7;-10.9,-1311.0;-48.6,-1318.4;-45.7,-1333.1;-1.3,-1324.4;-3.0,-1315.5;12.4,-1313.3;9.8,-1299.4
BuildingSmooth_2_24060_1335_-8367|126.53|2392.8,-833.6;2389.6,-846.8;2402.4,-849.8;2405.5,-836.6
BuildingSmooth_2_24060_1335_-8367|126.53|2419.2,-839.8;2416.1,-853.0;2402.4,-849.8;2405.5,-836.6
BuildingSmooth_2_24060_1335_-8367|126.53|2411.7,-838.0;2404.0,-842.6;2404.5,-843.5;2412.2,-838.9
BuildingSmooth_2_24060_1335_-8367|126.53|2401.3,-836.1;2400.4,-836.6;2404.0,-842.6;2404.8,-842.1
BuildingSmooth_2_24060_1335_-8367|126.53|2392.8,-833.6;2395.9,-820.3;2409.5,-823.6;2406.4,-836.8
BuildingSmooth_2_24060_1335_-8367|126.53|2407.6,-831.1;2399.9,-835.7;2400.4,-836.6;2408.1,-832.0
BuildingSmooth_2_24060_1335_-8367|126.53|2419.2,-839.8;2422.3,-826.6;2409.5,-823.6;2406.4,-836.8
BuildingSmooth_2_24060_1335_-8367|126.53|2404.7,-834.0;2403.8,-834.5;2407.4,-840.5;2408.3,-840.0
BuildingSmooth_2_24060_1335_-8367|126.53|2408.1,-832.0;2407.3,-832.5;2410.8,-838.5;2411.7,-838.0
BuildingSmooth_2_24060_1335_-8367|126.53|2408.8,-835.1;2402.8,-838.6;2403.3,-839.5;2409.3,-835.9
BuildingSourceSlice_fbx_12_31092_2127_-13091|134.50|3098.5,-1351.6;3102.2,-1353.7;3103.8,-1353.3;3147.5,-1279.7;3147.2,-1277.9;3120.8,-1262.1;3104.9,-1264.9;3090.6,-1288.6;3076.6,-1278.8;3069.9,-1288.2;3075.8,-1292.4;3071.3,-1300.1;3080.2,-1306.6;3072.5,-1320.2;3078.5,-1347.3;3095.0,-1355.4
BuildingSourceSlice_orph_1803_-735|146.79|1826.4,-716.0;1774.0,-742.5;1779.6,-753.4;1831.9,-726.9
BuildingSourceSlice_orph_-1305_-1704|79.86|-1309.3,-1735.1;-1305.5,-1731.5;-1276.5,-1690.3;-1302.4,-1672.1;-1334.4,-1717.4
BuildingSmooth_4_-7109_1460_-14080_Residual_f99ec8ab_Body01|112.33|-656.7,-1453.4;-689.7,-1338.8;-760.9,-1359.3;-727.8,-1473.9
BuildingSmooth_4_-7109_1460_-14080_Residual_f99ec8ab_Body01|112.33|-702.0,-1383.5;-702.3,-1382.5;-725.8,-1389.3;-725.6,-1390.3
BuildingSmooth_4_-7109_1460_-14080_Residual_f99ec8ab_Body01|112.33|-688.7,-1426.0;-701.3,-1382.2;-702.3,-1382.5;-689.7,-1426.3
BuildingSmooth_4_-7109_1460_-14080_Residual_f99ec8ab_Body01|112.33|-713.2,-1433.1;-725.8,-1389.3;-726.8,-1389.6;-714.2,-1433.4
BuildingSmooth_4_-7109_1460_-14080_Residual_f99ec8ab_Body01|112.33|-689.7,-1426.3;-689.9,-1425.3;-713.5,-1432.1;-713.2,-1433.1
BuildingSmooth_4_-7109_1460_-14080_Residual_f99ec8ab_Body01|112.33|-701.2,-1428.6;-713.3,-1386.7;-714.3,-1387.0;-702.2,-1428.9
BuildingSmooth_4_-7109_1460_-14080_Residual_f99ec8ab_Body01|112.33|-695.8,-1404.9;-696.1,-1403.9;-719.7,-1410.7;-719.4,-1411.7
BuildingSmooth_10_-16793_886_-13524_ResidualBody02|62.34|-1700.0,-1345.8;-1714.8,-1356.2;-1697.5,-1380.8;-1682.7,-1370.5
BuildingSmooth_10_-16793_886_-13524_ResidualBody02|62.34|-1690.8,-1365.9;-1699.0,-1371.6;-1698.4,-1372.4;-1690.2,-1366.7
BuildingSmooth_10_-16793_886_-13524_ResidualBody02|62.34|-1699.0,-1354.2;-1707.2,-1359.9;-1706.6,-1360.7;-1698.5,-1355.0
BuildingSmooth_10_-16793_886_-13524_ResidualBody02|62.34|-1702.1,-1357.6;-1703.0,-1358.2;-1695.3,-1369.0;-1694.5,-1368.5
BuildingSmooth_10_-16793_886_-13524_ResidualBody02|62.34|-1705.8,-1360.2;-1706.6,-1360.7;-1699.0,-1371.6;-1698.2,-1371.0
BuildingSmooth_10_-16793_886_-13524_ResidualBody02|62.34|-1695.7,-1360.6;-1702.3,-1365.2;-1701.7,-1366.0;-1695.2,-1361.4
BuildingSmooth_10_-16793_886_-13524_ResidualBody02|62.34|-1698.5,-1355.0;-1699.3,-1355.6;-1691.6,-1366.4;-1690.8,-1365.9
BuildingSourceSlice_orph_1466_1412|77.80|1411.1,1439.3;1413.7,1428.6;1403.0,1416.2;1407.7,1401.6;1415.2,1396.5;1399.5,1379.0;1438.2,1346.6;1473.3,1388.8;1491.8,1373.4;1495.0,1377.1;1504.1,1369.6;1544.5,1418.3;1479.9,1471.8
BuildingSourceSlice_fbx_6_7549_1700_-16087|127.85|731.6,-1611.2;745.0,-1616.4;739.8,-1629.9;750.1,-1634.1;755.9,-1620.7;767.7,-1625.1;778.2,-1597.1;742.9,-1583.5
BuildingSourceSlice_fbx_3_3257_1654_18105|99.09|357.0,1814.0;354.8,1837.1;348.3,1837.0;347.6,1843.2;346.2,1844.4;294.2,1838.1;301.0,1777.0;313.1,1778.4;343.7,1808.1
BuildingSourceSlice_orph_2191_306|118.49|2174.8,295.3;2172.4,274.3;2202.5,271.6;2207.8,339.8;2180.3,342.3;2177.0,295.1
BuildingSourceSlice_orph_497_2665|128.84|506.6,2645.3;504.3,2686.6;486.6,2685.7;488.8,2644.3
BuildingSourceSlice_orph_-1666_1282|116.41|-1684.7,1291.3;-1683.3,1296.4;-1705.8,1272.6;-1678.0,1249.7;-1669.4,1259.5;-1665.0,1255.7;-1625.4,1285.6;-1624.2,1284.7;-1661.6,1317.9
BuildingSourceSlice_fbx_9_-15231_1720_9800|119.54|-1504.3,985.3;-1503.9,986.5;-1547.2,1000.8;-1555.4,977.8;-1497.5,959.3;-1490.7,980.9
BuildingSourceSlice_fbx_16_6172_1755_-5324|97.63|548.6,-496.7;627.8,-529.0;597.1,-606.8;653.5,-629.2;706.9,-492.7;624.9,-460.1;622.2,-466.6;621.2,-466.3;545.4,-435.7;527.5,-480.8;551.0,-490.2
BuildingSmooth_5_6819_1187_10146_ResidualBody01|70.89|714.7,1006.1;721.5,1009.5;709.1,1034.4;702.3,1031.1
BuildingSmooth_5_6819_1187_10146_ResidualBody01|70.89|699.0,1037.9;722.7,1029.9;714.7,1006.1;691.0,1014.1
BuildingSmooth_5_6819_1187_10146_ResidualBody01|70.89|714.7,1006.1;718.2,1006.8;717.0,1012.9;713.5,1012.2
BuildingSmooth_5_6819_1187_10146_ResidualBody01|70.89|709.1,1034.4;712.6,1035.1;717.0,1012.9;713.5,1012.2
BuildingSmooth_5_6819_1187_10146_ResidualBody01|70.89|706.8,1023.3;705.9,1023.7;703.1,1015.6;704.1,1015.3
BuildingSmooth_5_6819_1187_10146_ResidualBody01|70.89|703.5,1024.5;702.5,1024.8;699.8,1016.7;700.8,1016.4
BuildingSmooth_5_6819_1187_10146_ResidualBody01|70.89|704.1,1015.3;696.5,1017.8;696.2,1016.9;703.8,1014.3
BuildingSmooth_5_6819_1187_10146_ResidualBody01|70.89|707.1,1024.3;699.5,1026.8;699.2,1025.9;706.8,1023.3
BuildingSmooth_5_6819_1187_10146_ResidualBody01|70.89|699.0,1037.9;705.8,1041.3;709.1,1034.4;702.3,1031.1
BuildingSmooth_5_6819_1187_10146_ResidualBody01|70.89|704.7,1020.1;699.0,1022.0;698.7,1021.1;704.3,1019.1
BuildingSmooth_5_6819_1187_10146_ResidualBody01|70.89|700.2,1025.6;699.2,1025.9;696.5,1017.8;697.5,1017.5
BuildingSourceSlice_fbx_1_-30074_1576_4640|126.90|-2985.1,463.4;-3025.8,493.6;-3029.5,491.9;-3028.2,478.5;-3014.1,434.2;-3002.4,437.7
BuildingSourceSlice_fbx_9_-10178_2183_415|70.59|-991.7,37.2;-985.7,51.9;-1031.8,68.4;-1050.7,14.5;-1031.2,12.9
BuildingSourceSlice_fbx_12_26233_1481_-11615|122.56|2652.3,-1147.1;2630.1,-1133.1;2597.2,-1170.6;2614.0,-1190.0
BuildingSourceSlice_fbx_5_5747_1158_9643|69.97|541.5,982.1;563.9,927.9;607.7,946.5;596.9,973.0;595.5,972.6;584.3,998.1;544.8,981.9;544.2,983.3
BuildingSourceSlice_fbx_10_-22669_912_-12706|62.84|-2303.0,-1278.5;-2299.0,-1286.2;-2251.1,-1291.2;-2230.9,-1269.6;-2241.3,-1250.1
BuildingSourceSlice_fbx_10_-22669_912_-12706|62.84|-2302.9,-1277.7;-2243.3,-1250.1;-2247.3,-1242.6;-2248.6,-1244.2;-2247.0,-1247.6;-2262.1,-1242.6;-2268.3,-1242.7;-2279.5,-1262.1;-2289.2,-1242.7;-2298.7,-1242.7;-2309.7,-1248.0;-2310.5,-1261.7
BuildingSourceSlice_orph_263_-386|76.00|278.1,-376.2;258.3,-368.2;247.9,-396.7;267.7,-404.6
BuildingSourceSlice_fbx_5_9188_1404_11987|75.23|921.9,1226.5;894.2,1214.4;916.1,1170.9;943.3,1183.9
BuildingSourceSlice_fbx_4_-5122_1587_-15011|118.26|-505.2,-1448.7;-545.3,-1458.5;-526.1,-1553.5;-479.1,-1542.7;-491.6,-1478.3;-493.1,-1478.6;-493.6,-1477.2;-497.7,-1460.1;-502.3,-1459.9
BuildingSourceSlice_fbx_1_-26000_1633_10577|135.90|-2591.2,1034.2;-2575.0,1054.7;-2608.9,1081.5;-2625.1,1061.0
BuildingSourceSlice_orph_1963_-1492|147.08|1935.1,-1480.5;1964.3,-1518.8;1963.6,-1521.6;1990.0,-1501.9;1979.7,-1486.8;1978.8,-1487.6;1959.2,-1462.9;1933.4,-1481.7
BuildingSourceSlice_orph_1018_-650|136.69|1030.9,-678.6;1043.0,-646.8;1044.3,-647.4;1046.2,-642.6;1041.6,-640.7;1043.2,-636.4;1005.0,-620.0;988.3,-660.8
BuildingSmooth_9_-15506_2508_4473_Body01|235.75|-1546.9,512.3;-1623.2,433.9;-1574.0,386.1;-1497.7,464.6
BuildingSmooth_9_-15506_2508_4473_Body01|235.75|-1538.6,456.8;-1565.3,429.4;-1564.6,428.7;-1537.9,456.1
BuildingSmooth_9_-15506_2508_4473_Body01|235.75|-1555.4,473.1;-1582.1,445.7;-1581.3,445.0;-1554.7,472.4
BuildingSmooth_9_-15506_2508_4473_Body01|235.75|-1547.7,464.2;-1573.0,438.2;-1572.3,437.5;-1547.0,463.5
BuildingSmooth_9_-15506_2508_4473_Body01|235.75|-1567.7,459.1;-1568.4,458.3;-1552.3,442.7;-1551.6,443.4
BuildingSmooth_9_-15506_2508_4473_Body01|235.75|-1554.7,472.4;-1555.4,471.7;-1539.3,456.1;-1538.6,456.8
BuildingSmooth_9_-15506_2508_4473_Body01|235.75|-1580.7,445.7;-1581.3,445.0;-1565.3,429.4;-1564.6,430.1
BuildingSmooth_7_6118_982_13038|82.61|613.8,1304.7;594.0,1296.5;594.4,1295.6;614.2,1303.7
BuildingSmooth_7_6118_982_13038|82.61|602.3,1305.9;601.3,1305.5;605.9,1294.4;606.8,1294.8
BuildingSmooth_7_6118_982_13038|82.61|612.2,1311.1;590.6,1302.2;591.0,1301.3;612.6,1310.1
BuildingSmooth_7_6118_982_13038|82.61|640.5,1300.9;640.1,1325.2;630.6,1325.1;631.0,1300.7
BuildingSmooth_7_6118_982_13038|82.61|612.6,1310.1;611.7,1309.8;616.3,1298.7;617.2,1299.0
BuildingSmooth_7_6118_982_13038|82.61|568.8,1299.7;568.4,1324.1;630.6,1325.1;631.0,1300.7
BuildingSmooth_7_6118_982_13038|82.61|617.2,1299.0;595.5,1290.2;595.9,1289.2;617.6,1298.1
BuildingSmooth_7_6118_982_13038|82.61|568.8,1299.7;569.2,1275.4;578.7,1275.5;578.4,1299.9
BuildingSmooth_7_6118_982_13038|82.61|591.9,1301.6;591.0,1301.3;595.5,1290.2;596.5,1290.5
BuildingSmooth_7_6118_982_13038|82.61|640.5,1300.9;640.9,1276.5;578.7,1275.5;578.4,1299.9
BuildingSourceSlice_orph_-903_2368|68.78|-906.7,2334.6;-874.6,2350.4;-899.6,2401.3;-931.7,2385.5
BuildingSourceSlice_fbx_12_17121_1869_-13093|147.53|1705.7,-1328.5;1725.2,-1313.6;1746.6,-1316.9;1748.4,-1315.7;1751.7,-1304.4;1702.6,-1290.0;1702.2,-1291.1;1682.2,-1285.6;1679.3,-1295.5;1677.9,-1295.1;1674.1,-1308.6;1679.9,-1310.2;1677.6,-1318.4;1693.0,-1322.6;1692.4,-1324.6
BuildingSourceSlice_fbx_4_-5597_1525_-15065|119.41|-534.3,-1541.0;-552.8,-1463.4;-586.1,-1471.4;-567.6,-1549.0
BuildingSourceSlice_orph_-2237_1470|138.14|-2244.0,1449.2;-2240.6,1453.7;-2226.1,1442.5;-2205.5,1468.9;-2245.6,1499.7;-2260.6,1480.6;-2258.8,1479.2;-2267.4,1468.6
BuildingSourceSlice_fbx_1_-25683_1672_9021|143.21|-2604.3,882.3;-2586.8,868.9;-2559.8,868.9;-2550.0,873.3;-2597.2,909.8;-2604.3,900.7
BuildingSourceSlice_fbx_1_-25683_1672_9021|143.21|-2583.0,927.9;-2596.8,910.2;-2553.3,876.4;-2539.5,894.2
BuildingSourceSlice_orph_-2630_-571|102.59|-2643.6,-567.1;-2635.3,-584.7;-2616.6,-575.7;-2625.0,-558.2
BuildingSourceSlice_fbx_2_21737_1695_-6423|148.80|2141.3,-650.9;2157.1,-671.4;2206.1,-633.6;2190.3,-613.1
BuildingSourceSlice_fbx_7_5762_1235_15572|87.44|602.1,1585.8;551.4,1598.6;545.0,1577.0;543.0,1577.5;540.1,1576.0;535.9,1568.2;554.0,1515.3;563.2,1517.7;563.9,1519.6;615.9,1536.2;616.6,1537.5
BuildingSourceSlice_orph_795_-327|96.34|815.1,-321.3;785.0,-308.5;774.4,-333.2;804.6,-346.0
BuildingSourceSlice_fbx_11_19877_1505_2315|125.09|2004.2,214.2;1992.8,214.3;1995.6,266.6;1974.9,267.7;1971.2,196.4;1991.9,195.3;1991.9,198.1;2004.0,198.0
BuildingSourceSlice_orph_-1812_-262|87.07|-1820.7,-240.6;-1821.5,-257.8;-1826.6,-257.5;-1827.7,-281.0;-1800.6,-282.2;-1798.7,-241.6
BuildingSourceSlice_fbx_13_-10720_914_22550|77.89|-1100.1,2284.2;-1124.1,2272.5;-1117.3,2258.4;-1118.9,2257.6;-1097.0,2212.1;-1019.8,2250.3;-1041.1,2294.3;-1093.3,2270.0
BuildingSourceSlice_fbx_3_1290_1066_17340|81.98|154.0,1719.2;151.7,1752.3;103.9,1748.8;106.2,1715.7
BuildingSourceSlice_part_1305_2168|101.64|1263.0,2109.9;1284.5,2105.7;1293.9,2111.5;1296.8,2126.0;1305.4,2124.3;1301.3,2132.6;1304.3,2143.7;1312.7,2142.0;1310.2,2130.6;1322.3,2128.4;1324.0,2136.1;1321.9,2136.5;1326.5,2159.6;1328.2,2159.5;1329.2,2148.4;1343.5,2213.5;1294.4,2223.3;1277.2,2137.4;1268.8,2130.4;1267.1,2130.7
BuildingSmooth_4_-5886_1462_-12581_Body02|117.70|-543.5,-1267.4;-529.1,-1263.7;-539.0,-1225.5;-553.4,-1229.2
BuildingSmooth_4_-5886_1462_-12581_Body02|117.70|-545.1,-1249.1;-544.1,-1248.9;-547.5,-1236.0;-548.4,-1236.3
BuildingSmooth_4_-5886_1462_-12581_Body02|117.70|-545.7,-1243.0;-539.9,-1241.5;-540.1,-1240.5;-545.9,-1242.0
BuildingSmooth_4_-5886_1462_-12581_Body02|117.70|-541.7,-1248.3;-540.8,-1248.0;-544.1,-1235.2;-545.0,-1235.4
BuildingSmooth_4_-5886_1462_-12581_Body02|117.70|-544.9,-1250.1;-537.1,-1248.1;-537.4,-1247.1;-545.1,-1249.1
BuildingSmooth_4_-5886_1462_-12581_Body02|117.70|-548.4,-1236.3;-540.7,-1234.3;-540.9,-1233.3;-548.7,-1235.3
BuildingSmooth_4_-5886_1462_-12581_Body02|117.70|-538.3,-1247.4;-537.4,-1247.1;-540.7,-1234.3;-541.7,-1234.5
BuildingSourceSlice_orph_-2350_1330|141.33|-2421.8,1281.7;-2370.2,1239.3;-2327.2,1296.0;-2323.8,1292.8;-2320.6,1296.9;-2329.5,1304.6;-2296.8,1344.6;-2298.7,1346.2;-2312.7,1332.6;-2312.7,1339.6;-2308.4,1347.5;-2312.7,1353.7;-2311.3,1362.5;-2308.2,1364.6;-2296.6,1364.9;-2287.5,1357.7;-2274.1,1372.3;-2340.6,1421.9;-2351.0,1409.3;-2356.6,1413.7;-2373.0,1393.2;-2343.3,1369.7;-2386.9,1316.2;-2388.7,1317.7
BuildingSourceSlice_orph_1339_-586|142.37|1288.9,-581.1;1281.7,-589.1;1342.1,-642.4;1356.2,-626.0;1350.5,-621.2;1362.2,-608.1;1398.5,-638.7;1418.4,-615.4;1415.1,-612.6;1415.9,-611.6;1376.5,-576.6;1375.1,-578.1;1333.2,-540.3;1334.8,-538.3;1314.1,-520.3;1272.3,-566.8
BuildingSourceSlice_orph_-2094_-500|91.11|-2070.9,-507.2;-2065.4,-505.0;-2074.9,-483.5;-2082.7,-480.0;-2082.1,-478.0;-2115.2,-492.6;-2112.5,-497.6;-2121.7,-501.7;-2113.7,-522.1;-2076.4,-505.5
BuildingSourceSlice_orph_1831_502|125.00|1822.2,474.7;1822.5,461.9;1845.8,462.3;1844.0,536.6;1810.8,536.6
BuildingSourceSlice_fbx_1_-25603_1706_7806|137.79|-2590.2,776.3;-2555.7,750.6;-2530.0,785.1;-2564.6,810.8
BuildingSourceSlice_fbx_1_-25603_1706_7806|137.79|-2558.8,818.2;-2564.6,810.8;-2529.5,784.8;-2522.5,794.3;-2522.5,805.9;-2539.1,818.2
BuildingSourceSlice_fbx_8_5055_1456_26101|129.39|496.5,2594.1;516.1,2595.2;514.5,2626.1;494.8,2625.1
BuildingSmooth_5_2594_1405_11882_Body05|121.86|225.9,1161.4;231.7,1156.7;242.2,1169.6;236.5,1174.3
BuildingSmooth_5_2594_1405_11882_Body05|121.86|282.6,1230.9;288.4,1226.2;242.2,1169.6;236.5,1174.3
BuildingSmooth_5_2594_1405_11882_Body05|121.86|261.5,1213.5;260.6,1213.8;253.3,1191.5;254.2,1191.2
BuildingSmooth_5_2594_1405_11882_Body05|121.86|282.6,1230.9;256.5,1151.4;225.9,1161.4;252.0,1240.9
BuildingSmooth_5_2594_1405_11882_Body05|121.86|254.7,1215.7;253.8,1216.0;246.5,1193.7;247.4,1193.4
BuildingSmooth_5_2594_1405_11882_Body05|121.86|263.9,1200.9;251.2,1205.0;250.9,1204.1;263.5,1199.9
BuildingSmooth_5_2594_1405_11882_Body05|121.86|268.3,1211.2;267.4,1211.5;260.1,1189.3;261.0,1189.0
BuildingSmooth_5_2594_1405_11882_Body05|121.86|242.2,1169.6;264.3,1236.9;282.6,1230.9;260.5,1163.6
BuildingSmooth_5_2594_1405_11882_Body05|121.86|268.6,1212.2;254.1,1216.9;253.8,1216.0;268.3,1211.2
BuildingSmooth_5_2594_1405_11882_Body05|121.86|261.0,1189.0;246.5,1193.7;246.2,1192.8;260.7,1188.0
BuildingSourceSlice_fbx_15_-19433_987_-17007|63.78|-1931.3,-1667.2;-1975.6,-1695.0;-1951.3,-1734.5;-1935.1,-1724.5;-1939.4,-1717.5;-1910.7,-1699.7
BuildingSourceSlice_fbx_12_23851_2251_-12752|136.87|2379.7,-1304.2;2408.6,-1286.2;2407.4,-1284.3;2398.6,-1281.8;2399.0,-1280.0;2388.6,-1263.3;2389.2,-1258.0;2402.2,-1278.5;2410.6,-1273.6;2402.1,-1259.9;2395.0,-1264.2;2393.6,-1262.3;2404.5,-1255.8;2398.8,-1246.4;2359.7,-1269.6;2359.7,-1271.9
BuildingSourceSlice_orph_465_-124|74.65|453.9,-148.7;492.5,-120.8;479.1,-102.6;480.9,-101.3;448.3,-116.6;438.1,-123.8
BuildingSourceSlice_orph_1656_-1313|147.13|1656.5,-1274.1;1634.4,-1345.4;1656.3,-1352.2;1678.4,-1280.9
BuildingSourceSlice_part_422_-1208|124.43|383.4,-1220.7;460.5,-1218.7;459.9,-1195.2;382.8,-1197.2
BuildingSourceSlice_fbx_1_-27794_1613_6513|134.86|-2777.7,629.7;-2758.5,657.0;-2781.2,672.9;-2800.3,645.6
BuildingSourceSlice_fbx_7_12731_1084_19230|88.75|1216.9,1883.7;1217.3,1882.4;1237.1,1872.3;1328.5,1929.4;1328.6,1931.2;1303.4,1972.0;1303.8,1973.2;1301.9,1974.5
BuildingSourceSlice_fbx_16_6088_1053_-1169|76.02|620.0,-97.7;598.6,-97.3;586.3,-105.9;611.3,-136.4;631.3,-109.2
BuildingSourceSlice_orph_2240_-2217|144.19|2279.8,-2263.7;2278.7,-2262.4;2283.0,-2259.1;2212.3,-2165.6;2197.5,-2176.8;2271.3,-2270.1
BuildingSourceSlice_fbx_6_11690_1580_-8043|139.15|1169.9,-777.9;1151.4,-824.1;1168.1,-830.8;1186.6,-784.5
BuildingSourceSlice_fbx_7_11172_1488_15217|77.78|1122.3,1494.2;1130.7,1503.6;1139.5,1516.3;1139.3,1518.1;1136.3,1520.3;1140.4,1526.6;1145.0,1524.6;1149.9,1531.4;1149.5,1533.1;1138.5,1540.6;1142.7,1546.7;1141.9,1548.7;1106.6,1549.0;1092.6,1528.8;1093.3,1526.6;1084.6,1517.1;1085.2,1515.3;1119.6,1493.9
BuildingSourceSlice_fbx_16_14352_1848_-4149|139.01|1433.7,-454.7;1460.4,-471.6;1511.4,-391.4;1484.7,-374.5
BuildingSourceSlice_fbx_16_14352_1848_-4149|139.01|1428.9,-459.1;1472.4,-390.4;1441.5,-370.7;1397.9,-439.4
BuildingSmooth_12_20628_1599_-15099_Body01|147.56|2077.4,-1516.7;2064.8,-1525.4;2065.4,-1526.3;2078.0,-1517.6
BuildingSmooth_12_20628_1599_-15099_Body01|147.56|2074.3,-1514.0;2063.4,-1521.6;2064.0,-1522.4;2074.9,-1514.9
BuildingSmooth_12_20628_1599_-15099_Body01|147.56|2061.7,-1519.1;2060.9,-1519.7;2064.8,-1525.4;2065.7,-1524.9
BuildingSmooth_12_20628_1599_-15099_Body01|147.56|2079.4,-1501.4;2049.8,-1521.9;2058.9,-1535.0;2088.5,-1514.5
BuildingSmooth_12_20628_1599_-15099_Body01|147.56|2072.9,-1510.2;2060.3,-1518.9;2060.9,-1519.7;2073.4,-1511.0
BuildingSmooth_12_20628_1599_-15099_Body01|147.56|2067.6,-1515.1;2066.7,-1515.6;2070.7,-1521.4;2071.5,-1520.8
BuildingSmooth_12_20628_1599_-15099_Body01|147.56|2073.4,-1511.0;2072.6,-1511.6;2076.6,-1517.3;2077.4,-1516.7
BuildingSourceSlice_fbx_2_22811_2121_-10956|140.11|2283.6,-1135.7;2271.3,-1149.7;2272.5,-1150.6;2275.1,-1147.7;2303.8,-1133.3;2304.3,-1131.4;2348.1,-1109.3;2309.9,-1040.0;2213.2,-1093.9;2212.7,-1098.9;2214.1,-1099.1;2217.7,-1106.3;2226.1,-1097.0;2236.8,-1106.4;2228.6,-1115.6;2255.2,-1136.8;2268.1,-1122.1
BuildingSourceSlice_orph_-2818_-116|117.37|-2805.2,-88.6;-2806.4,-83.2;-2840.9,-100.5;-2855.5,-122.8;-2840.3,-152.0;-2793.1,-127.7;-2791.3,-131.4;-2777.5,-124.7;-2784.2,-111.1;-2782.5,-110.3;-2796.1,-83.9
BuildingSourceSlice_fbx_12_19034_2063_-12927|149.91|1895.9,-1319.6;1931.1,-1299.2;1935.7,-1281.8;1886.4,-1265.7;1870.6,-1277.1;1887.4,-1302.8;1883.6,-1315.4
BuildingSourceSlice_fbx_16_12515_1916_-4107|125.01|1281.0,-407.5;1239.7,-381.8;1222.0,-421.8;1250.9,-439.1
BuildingSourceSlice_fbx_2_23597_1502_-3708|136.23|2381.9,-354.9;2341.5,-351.2;2337.5,-387.5;2379.4,-390.5
BuildingSourceSlice_fbx_12_32050_1580_-11578|135.36|3223.7,-1157.4;3219.9,-1151.8;3189.5,-1151.0;3186.0,-1152.3;3188.9,-1171.8;3217.0,-1168.2
BuildingSourceSlice_orph_-2951_373|128.17|-2945.0,342.5;-2920.8,375.8;-2936.0,384.6;-2934.3,386.8;-2956.8,403.5;-2980.2,368.0
BuildingSourceSlice_fbx_5_3652_1090_5063|68.83|370.0,523.5;353.6,525.6;362.5,487.0;376.8,489.7
BuildingSourceSlice_orph_1725_-1480|146.21|1746.2,-1477.1;1735.1,-1461.2;1704.1,-1483.0;1715.3,-1498.9
BuildingSourceSlice_fbx_8_-240_1160_33448|93.86|-73.3,3316.6;-56.4,3299.9;-15.8,3316.7;23.8,3364.2;9.0,3377.7;8.2,3376.8;-6.6,3389.9
BuildingSourceSlice_fbx_1_-29703_1378_3390|127.90|-2994.0,351.6;-2981.1,313.9;-2968.0,311.0;-2946.6,340.7;-2982.9,367.0
BuildingSourceSlice_fbx_5_8983_1141_2829|81.68|926.3,286.7;884.5,307.5;886.2,306.6;872.1,277.2;912.1,258.1
BuildingSourceSlice_fbx_10_-17562_768_-7709|65.65|-1748.0,-792.0;-1735.8,-780.6;-1764.4,-749.9;-1776.5,-761.2
BuildingSourceSlice_fbx_10_-16429_1225_-1731|87.41|-1633.0,-142.5;-1650.1,-141.4;-1652.7,-203.7;-1648.3,-203.9;-1648.1,-202.2;-1639.0,-202.7;-1639.0,-204.5;-1636.4,-204.7
BuildingSourceSlice_fbx_11_13498_1209_9314|81.98|1378.0,916.9;1364.6,915.7;1366.4,948.3;1364.8,959.7;1355.7,961.6;1319.9,954.2;1318.3,952.7;1323.3,902.9;1360.8,902.6;1361.3,898.0;1381.4,898.6;1380.0,921.9;1378.9,921.9
BuildingSourceSlice_fbx_11_16037_1528_2008|130.00|1606.0,224.6;1597.9,221.3;1596.9,223.6;1585.0,218.7;1602.2,177.0;1622.2,185.2
BuildingSourceSlice_fbx_7_12754_1183_19891|93.09|1282.4,2004.3;1285.1,2008.3;1275.3,2015.6;1251.7,1988.3;1282.8,1962.8;1299.1,1982.2;1291.5,1996.0
BuildingSourceSlice_fbx_2_21547_1938_-6029|144.50|2159.8,-639.7;2167.8,-639.7;2175.8,-635.9;2184.4,-636.8;2185.4,-621.6
BuildingSourceSlice_fbx_2_21547_1938_-6029|144.50|2169.3,-577.1;2167.2,-574.2;2153.8,-585.2;2150.6,-580.9;2119.4,-604.3;2140.5,-634.1;2180.4,-604.2;2178.8,-602.1;2185.4,-597.5;2185.4,-583.8;2177.0,-571.7
BuildingSourceSlice_fbx_2_21547_1938_-6029|144.50|2130.5,-576.3;2111.6,-596.2;2111.6,-602.2;2136.4,-579.7;2138.7,-568.1;2132.1,-568.1
BuildingSourceSlice_orph_2137_-887|148.09|2066.3,-919.3;2090.2,-904.2;2091.9,-906.0;2104.7,-896.8;2110.7,-896.8;2113.0,-899.9;2097.3,-911.4;2115.0,-929.2;2178.2,-886.6;2177.4,-882.2;2186.3,-876.0;2185.0,-874.1;2195.5,-868.5;2178.6,-844.5;2158.5,-857.5;2153.6,-850.2;2059.4,-914.0;2070.6,-930.6;2074.8,-927.7
BuildingSourceSlice_fbx_5_7375_845_11366|72.52|726.8,1148.4;717.8,1129.3;723.5,1117.5;757.9,1134.1;747.1,1156.9
BuildingSourceSlice_fbx_4_-1322_1167_-8464|95.44|-121.9,-863.3;-112.5,-845.5;-122.4,-823.0;-151.8,-835.6;-137.0,-869.8
BuildingSourceSlice_orph_-1252_-1732|79.86|-1305.3,-1734.4;-1238.7,-1781.3;-1200.2,-1726.8;-1223.5,-1703.7;-1239.5,-1692.5;-1244.4,-1690.4;-1254.2,-1704.2;-1275.5,-1689.9;-1304.1,-1733.0;-1322.6,-1746.3
BuildingSourceSlice_fbx_10_-22944_852_-12222|67.54|-2275.3,-1197.5;-2290.2,-1205.3;-2292.6,-1203.8;-2306.9,-1210.7;-2308.6,-1211.9;-2307.8,-1213.5;-2326.2,-1220.1;-2314.1,-1247.8;-2262.2,-1224.2
BuildingSourceSlice_orph_-384_677|61.19|-370.3,644.8;-369.9,709.8;-397.8,710.0;-398.2,645.0
BuildingSourceSlice_fbx_11_14040_1352_3550|118.22|1416.9,369.2;1383.4,356.6;1399.2,340.7;1404.4,342.6;1404.9,341.4;1424.7,349.0
BuildingSourceSlice_part_-1239_2268|90.86|-1280.0,2267.3;-1276.3,2240.5;-1281.9,2237.8;-1277.5,2229.8;-1285.4,2225.3;-1280.1,2215.9;-1257.1,2226.4;-1257.4,2234.3;-1254.0,2234.7;-1252.7,2228.9;-1241.0,2233.6;-1247.2,2246.5;-1237.5,2250.8;-1233.0,2241.4;-1228.2,2243.8;-1230.2,2247.9;-1222.9,2251.1;-1220.0,2245.0;-1205.6,2252.9;-1187.0,2260.6;-1187.7,2262.1;-1182.8,2264.5;-1197.5,2295.2;-1202.5,2292.8;-1209.6,2307.6;-1218.4,2311.4;-1288.3,2280.0;-1289.4,2267.7
BuildingSmooth_16_4700_1032_-2156|78.01|468.3,-194.5;462.2,-200.4;486.5,-225.8;492.6,-219.9
BuildingSmooth_16_4700_1032_-2156|78.01|458.3,-210.7;466.9,-223.0;467.7,-222.4;459.1,-210.1
BuildingSmooth_16_4700_1032_-2156|78.01|495.6,-223.1;495.3,-223.4;468.3,-194.5;468.6,-194.2
BuildingSmooth_16_4700_1032_-2156|78.01|469.3,-237.8;470.9,-237.8;470.7,-229.4;469.1,-229.5
BuildingSmooth_16_4700_1032_-2156|78.01|466.6,-192.1;466.3,-192.4;468.3,-194.5;468.6,-194.2
BuildingSmooth_16_4700_1032_-2156|78.01|495.6,-223.1;490.7,-226.5;466.6,-192.1;471.5,-188.6
BuildingSmooth_16_4700_1032_-2156|78.01|486.5,-225.8;483.5,-227.5;480.6,-222.6;483.6,-220.8
BuildingSmooth_16_4700_1032_-2156|78.01|468.3,-194.5;488.9,-224.1;469.3,-237.8;448.7,-208.3
BuildingSmooth_16_4700_1032_-2156|78.01|468.3,-194.5;470.0,-194.5;470.7,-229.4;469.1,-229.5
BuildingSmooth_16_4700_1032_-2156|78.01|463.1,-215.9;463.7,-216.7;474.3,-209.2;473.8,-208.4
BuildingSmooth_16_4700_1032_-2156|78.01|469.8,-202.7;478.3,-215.0;479.2,-214.4;470.6,-202.1
BuildingSmooth_16_4700_1032_-2156|78.01|467.1,-221.6;467.7,-222.4;478.3,-215.0;477.8,-214.2
BuildingSmooth_16_4700_1032_-2156|78.01|495.6,-223.1;489.5,-228.9;486.5,-225.8;492.6,-219.9
BuildingSmooth_16_4700_1032_-2156|78.01|468.3,-194.5;465.3,-196.3;480.6,-222.6;483.6,-220.8
BuildingSmooth_16_4700_1032_-2156|78.01|470.7,-229.4;481.0,-228.7;480.6,-222.6;470.3,-223.3
BuildingSmooth_16_4700_1032_-2156|78.01|468.3,-194.5;478.6,-193.8;480.6,-222.6;470.3,-223.3
BuildingSmooth_16_4700_1032_-2156|78.01|464.6,-207.5;472.0,-218.2;472.9,-217.6;465.4,-206.9
BuildingSmooth_16_4700_1032_-2156|78.01|459.1,-210.1;459.7,-210.9;470.3,-203.5;469.8,-202.7
BuildingSourceSlice_fbx_1_-28776_1807_3160|128.79|-2841.1,316.7;-2864.8,333.8;-2866.6,331.3;-2869.0,331.7;-2869.7,332.5;-2867.4,338.9;-2869.2,343.7;-2873.7,346.3;-2878.7,345.4;-2881.8,341.6;-2883.1,342.5;-2883.1,340.7;-2879.2,337.5;-2900.4,308.5;-2865.4,282.9
BuildingSourceSlice_fbx_4_-10052_1149_-16017|94.46|-1014.5,-1623.3;-988.8,-1618.6;-995.9,-1580.2;-1021.6,-1584.9
BuildingSourceSlice_fbx_5_11986_1753_3594|98.32|1216.2,382.1;1184.9,401.8;1153.7,349.0;1197.5,317.0;1243.4,391.5;1231.9,399.5;1226.4,398.4
BuildingSourceSlice_fbx_6_8940_1492_-14231|121.32|909.6,-1422.2;895.7,-1410.2;877.8,-1431.7;878.6,-1444.4;885.3,-1449.5;888.3,-1445.9;890.1,-1447.5
BuildingSourceSlice_fbx_6_8940_1492_-14231|121.32|897.2,-1400.7;896.1,-1399.8;894.2,-1403.7;911.4,-1417.5;913.1,-1417.5;915.4,-1414.7;915.7,-1412.0;899.1,-1398.4
BuildingSourceSlice_orph_2150_-339|143.43|2159.9,-354.8;2173.7,-323.7;2156.2,-331.1;2123.5,-334.2;2115.0,-333.3
BuildingSourceSlice_fbx_14_5223_1224_-658|72.91|524.4,-99.7;543.3,-86.1;531.8,-65.2;540.1,-42.8;514.4,-31.9;501.3,-61.8
BuildingSourceSlice_fbx_8_6054_2084_21733|117.58|667.2,2189.5;668.8,2189.4;669.5,2211.7;667.9,2212.0;668.0,2216.7;647.5,2217.3;647.9,2230.4;546.6,2234.2;542.1,2116.2;643.4,2112.4;644.3,2134.3;665.7,2133.7
BuildingSmooth_13_-14742_1412_23003_ResidualBody06|146.29|-1494.4,2255.4;-1480.7,2265.7;-1481.3,2266.5;-1495.0,2256.2
BuildingSmooth_13_-14742_1412_23003_ResidualBody06|146.29|-1520.0,2265.3;-1508.6,2271.8;-1503.6,2263.0;-1515.0,2256.5
BuildingSmooth_13_-14742_1412_23003_ResidualBody06|146.29|-1473.5,2254.5;-1472.7,2255.1;-1480.7,2265.7;-1481.5,2265.1
BuildingSmooth_13_-14742_1412_23003_ResidualBody06|146.29|-1486.4,2244.8;-1485.6,2245.4;-1493.6,2256.0;-1494.4,2255.4
BuildingSmooth_13_-14742_1412_23003_ResidualBody06|146.29|-1485.8,2244.0;-1472.1,2254.3;-1472.7,2255.1;-1486.4,2244.8
BuildingSmooth_13_-14742_1412_23003_ResidualBody06|146.29|-1503.6,2263.0;-1513.0,2255.9;-1520.0,2265.3;-1510.6,2272.4
BuildingSmooth_13_-14742_1412_23003_ResidualBody06|146.29|-1454.3,2256.0;-1475.4,2284.1;-1503.6,2263.0;-1482.4,2234.8
BuildingSmooth_13_-14742_1412_23003_ResidualBody06|146.29|-1496.5,2224.2;-1517.7,2252.4;-1503.6,2263.0;-1482.4,2234.8
BuildingSmooth_13_-14742_1412_23003_ResidualBody06|146.29|-1503.6,2263.0;-1500.7,2283.5;-1480.1,2280.6;-1483.0,2260.1
BuildingSmooth_13_-14742_1412_23003_ResidualBody06|146.29|-1482.5,2293.5;-1487.2,2290.0;-1480.1,2280.6;-1475.4,2284.1
BuildingSmooth_13_-14742_1412_23003_ResidualBody06|146.29|-1479.9,2249.6;-1479.1,2250.2;-1487.1,2260.9;-1487.9,2260.3
BuildingSmooth_13_-14742_1412_23003_ResidualBody06|146.29|-1454.3,2256.0;-1458.9,2252.4;-1480.1,2280.6;-1475.4,2284.1
BuildingSmooth_13_-14742_1412_23003_ResidualBody06|146.29|-1496.5,2224.2;-1485.1,2230.7;-1503.6,2263.0;-1515.0,2256.5
BuildingSmooth_13_-14742_1412_23003_ResidualBody06|146.29|-1489.3,2250.3;-1477.2,2259.4;-1477.8,2260.2;-1489.9,2251.1
BuildingSmooth_13_-14742_1412_23003_ResidualBody06|146.29|-1454.3,2256.0;-1451.3,2276.5;-1480.1,2280.6;-1483.0,2260.1
BuildingSourceSlice_orph_26_-1766|109.51|10.5,-1773.3;10.6,-1793.6;47.8,-1793.5;47.6,-1740.5;1.6,-1743.4;1.5,-1773.3
BuildingSourceSlice_fbx_7_14174_1218_18457|80.13|1355.2,1861.2;1355.2,1848.7;1399.6,1816.2;1401.4,1818.6;1400.2,1820.7;1422.1,1803.6;1436.8,1825.2;1460.1,1808.4;1490.1,1850.5;1469.5,1870.7;1423.5,1904.9;1409.3,1885.8
BuildingSourceSlice_orph_-601_-1266|117.70|-649.6,-1251.9;-635.5,-1296.3;-598.8,-1286.7;-599.7,-1283.2;-528.1,-1264.6;-529.8,-1249.5;-585.5,-1264.5;-595.2,-1236.7
BuildingSourceSlice_fbx_11_18884_1256_5748|109.81|1895.1,572.4;1892.8,588.3;1891.9,586.9;1893.9,570.8;1890.0,562.2;1887.3,562.0;1888.6,595.6;1867.4,596.7;1857.4,600.7;1853.6,600.6;1853.8,558.7;1866.4,549.2;1898.3,547.8;1898.1,549.1;1923.2,551.5;1920.1,575.3
BuildingSourceSlice_fbx_11_18884_1256_5748|109.81|1892.0,598.5;1895.1,573.3;1913.7,575.2;1909.3,609.3;1894.3,609.3;1895.6,599.1
BuildingSourceSlice_orph_1761_-351|138.46|1771.0,-333.9;1739.7,-356.1;1745.0,-362.5;1759.1,-364.1;1781.3,-348.2
BuildingSourceSlice_fbx_1_-29159_1613_4184|130.10|-2920.2,377.5;-2907.6,395.0;-2943.0,420.5;-2955.6,403.0
BuildingSourceSlice_fbx_1_-29159_1613_4184|130.10|-2905.0,395.1;-2890.2,415.7;-2926.6,441.7;-2941.3,421.1
BuildingSourceSlice_fbx_1_-29159_1613_4184|130.10|-2879.6,441.4;-2911.5,464.4;-2927.2,442.9;-2890.4,416.4;-2877.9,433.5
BuildingSourceSlice_orph_-2179_1218|141.00|-2205.5,1220.8;-2184.6,1203.2;-2180.5,1208.3;-2173.3,1208.3;-2167.9,1203.8;-2167.6,1190.7;-2151.5,1210.3;-2159.3,1216.5;-2158.4,1217.6;-2188.6,1240.8
BuildingSourceSlice_fbx_1_-23554_2225_6668|139.48|-2425.7,629.3;-2370.6,588.1;-2285.1,703.6;-2341.8,745.9;-2419.7,639.5
BuildingSmooth_2_25850_1792_-7829|117.37|2538.7,-784.3;2547.0,-784.7;2550.9,-714.5;2542.7,-714.0
BuildingSmooth_2_25850_1792_-7829|117.37|2543.5,-699.0;2551.7,-699.5;2550.9,-714.5;2542.7,-714.0
BuildingSmooth_2_25850_1792_-7829|117.37|2552.3,-695.1;2560.9,-695.7;2559.9,-710.7;2551.2,-710.1
BuildingSmooth_2_25850_1792_-7829|117.37|2538.7,-784.3;2539.7,-784.3;2543.5,-699.0;2542.5,-699.0
BuildingSmooth_2_25850_1792_-7829|117.37|2572.3,-815.2;2613.5,-795.3;2613.1,-794.4;2571.8,-814.3
BuildingSmooth_2_25850_1792_-7829|117.37|2642.7,-772.2;2641.2,-758.8;2575.8,-766.4;2577.4,-779.8
BuildingSmooth_2_25850_1792_-7829|117.37|2598.7,-818.4;2599.6,-817.9;2586.7,-791.3;2585.8,-791.7
BuildingSmooth_2_25850_1792_-7829|117.37|2538.7,-784.3;2537.2,-770.9;2575.8,-766.4;2577.4,-779.8
BuildingSmooth_2_25850_1792_-7829|117.37|2642.7,-772.2;2647.6,-764.3;2652.5,-767.3;2647.6,-775.2
BuildingSmooth_2_25850_1792_-7829|117.37|2542.6,-697.2;2543.6,-697.3;2543.5,-699.0;2542.5,-699.0
BuildingSmooth_2_25850_1792_-7829|117.37|2552.3,-695.1;2543.8,-694.5;2543.5,-699.0;2552.0,-699.7
BuildingSmooth_2_25850_1792_-7829|117.37|2550.9,-714.5;2542.4,-713.9;2543.5,-699.0;2552.0,-699.7
BuildingSmooth_2_25850_1792_-7829|117.37|2650.0,-787.2;2649.6,-778.2;2538.7,-784.3;2539.2,-793.2
BuildingSmooth_2_25850_1792_-7829|117.37|2517.7,-794.4;2522.0,-767.0;2650.0,-787.2;2645.7,-814.6
BuildingSmooth_2_25850_1792_-7829|117.37|2660.0,-782.9;2660.1,-787.1;2650.0,-787.2;2650.0,-783.0
BuildingSmooth_2_25850_1792_-7829|117.37|2578.0,-829.4;2621.1,-808.7;2620.7,-807.8;2577.6,-828.5
BuildingSmooth_2_25850_1792_-7829|117.37|2564.7,-801.9;2607.8,-781.1;2607.4,-780.2;2564.3,-801.0
BuildingSmooth_2_25850_1792_-7829|117.37|2577.6,-828.5;2578.5,-828.1;2565.6,-801.4;2564.7,-801.9
BuildingSmooth_2_25850_1792_-7829|117.37|2619.8,-808.2;2620.7,-807.8;2607.8,-781.1;2606.9,-781.5
BuildingSmooth_2_25850_1792_-7829|117.37|2517.7,-794.4;2506.8,-863.2;2554.5,-870.7;2565.3,-801.9
BuildingSmooth_2_25850_1792_-7829|117.37|2664.7,-817.6;2653.9,-886.4;2554.5,-870.7;2565.3,-801.9
BuildingSmooth_2_25850_1792_-7829|117.37|2664.7,-817.6;2669.0,-790.2;2650.0,-787.2;2645.7,-814.6
BuildingSmooth_2_25850_1792_-7829|117.37|2660.0,-782.9;2664.9,-775.0;2652.5,-767.3;2647.6,-775.2
BuildingSmooth_2_25850_1792_-7829|117.37|2642.7,-772.2;2645.3,-742.8;2627.9,-741.3;2625.4,-770.7
BuildingSmooth_2_25850_1792_-7829|117.37|2538.7,-784.3;2502.2,-782.6;2505.3,-714.5;2541.8,-716.1
BuildingSmooth_2_25850_1792_-7829|117.37|2542.6,-697.2;2506.1,-695.6;2505.3,-714.5;2541.8,-716.1
BuildingSmooth_2_25850_1792_-7829|117.37|2575.8,-766.4;2578.4,-737.0;2627.9,-741.3;2625.4,-770.7
BuildingSmooth_2_25850_1792_-7829|117.37|2660.0,-782.9;2659.9,-772.0;2642.7,-772.2;2642.9,-783.1
BuildingSmooth_2_25850_1792_-7829|117.37|2538.7,-784.3;2538.6,-773.4;2642.7,-772.2;2642.9,-783.1
BuildingSmooth_2_25850_1792_-7829|117.37|2550.9,-714.5;2559.5,-715.1;2559.9,-710.7;2551.2,-710.1
BuildingSmooth_2_25850_1792_-7829|117.37|2550.9,-714.5;2583.9,-720.2;2575.8,-766.4;2542.8,-760.6
BuildingSmooth_2_25850_1792_-7829|117.37|2538.7,-784.3;2538.8,-788.4;2650.0,-787.2;2650.0,-783.0
BuildingSmooth_2_25850_1792_-7829|117.37|2517.7,-794.4;2517.2,-785.4;2538.7,-784.3;2539.2,-793.2
BuildingSmooth_2_25850_1792_-7829|117.37|2538.7,-784.3;2571.7,-790.0;2575.8,-766.4;2542.8,-760.6
BuildingSourceSlice_orph_1485_224|122.28|1479.2,208.7;1482.4,200.4;1511.2,211.5;1501.8,235.9;1498.4,234.6;1492.7,249.6;1460.0,237.0;1471.9,205.8
BuildingSourceSlice_part_298_2901|120.31|285.4,2921.6;270.2,2921.4;271.5,2875.3;325.0,2876.5;324.1,2930.3;314.8,2927.9;314.8,2926.7;285.3,2926.5
BuildingSourceSlice_fbx_1_-28474_1733_9306|131.77|-2848.5,928.6;-2872.1,922.8;-2824.7,892.6;-2820.2,892.7;-2815.3,899.0;-2815.3,932.4;-2818.9,940.9;-2834.2,950.8
BuildingSourceSlice_orph_-2803_885|131.53|-2825.3,880.5;-2801.2,862.8;-2781.6,889.6;-2805.6,907.2
BuildingSourceSlice_orph_445_-1298|125.70|406.0,-1315.6;443.4,-1310.3;443.3,-1324.9;467.5,-1320.1;467.7,-1321.5;481.9,-1319.0;479.6,-1302.2;471.7,-1303.3;469.9,-1290.4;483.4,-1288.4;481.4,-1273.6;475.4,-1274.4;475.2,-1273.0;401.6,-1283.8
BuildingSourceSlice_fbx_4_-4353_1130_-8788|92.46|-391.5,-893.0;-389.3,-877.8;-418.7,-833.6;-481.2,-905.6;-464.0,-924.0;-401.7,-903.9
BuildingSourceSlice_fbx_11_12796_1253_9180|80.28|1297.0,893.5;1280.0,943.8;1262.2,938.4;1277.8,892.2
BuildingSourceSlice_orph_2158_314|118.49|2138.7,278.8;2171.1,275.3;2175.5,305.0;2174.1,305.3;2178.0,349.4;2142.0,352.7;2140.3,334.0;2145.2,333.6;2142.6,304.8;2141.3,304.9;2140.0,297.7;2138.1,275.7
BuildingSourceSlice_fbx_1_-30202_1509_6126|128.68|-3048.7,639.8;-3045.2,587.3;-3025.0,572.9;-2992.0,618.8;-3038.9,652.2
BuildingSourceSlice_orph_-1296_-606|63.91|-1283.3,-630.6;-1271.3,-617.6;-1309.9,-582.2;-1320.5,-593.4
BuildingSourceSlice_fbx_11_23249_1483_-261|128.29|2339.7,-10.3;2307.6,-8.4;2305.5,-38.9;2342.8,-43.8;2345.4,-20.4
BuildingSourceSlice_fbx_8_-973_1049_26591|85.11|-55.2,2677.3;-56.7,2675.6;-150.3,2671.3;-148.9,2624.4;-49.4,2628.4;-43.3,2650.4;-43.8,2661.7;-45.6,2676.0;-55.0,2675.8
BuildingSourceSlice_fbx_11_14489_1176_9296|86.25|1440.1,964.4;1444.4,904.2;1431.1,903.5;1431.6,893.9;1466.6,896.4;1461.9,965.3
BuildingSourceSlice_orph_-112_3211|90.30|-98.6,3229.8;-130.3,3225.3;-125.7,3192.6;-94.0,3197.1
BuildingSourceSlice_fbx_5_4509_1005_9377|71.29|447.2,884.8;422.1,944.0;406.4,937.7;406.4,925.4;420.6,891.4;440.2,891.4;440.5,885.2;444.5,884.2
BuildingSourceSlice_fbx_5_4509_1005_9377|71.29|471.9,889.6;481.6,893.9;490.9,913.8;473.9,952.8;472.0,951.9;455.4,991.8;411.0,973.3;448.6,883.6
BuildingSourceSlice_orph_256_436|67.75|222.3,337.2;250.0,329.9;314.4,414.0;316.6,450.9;294.9,523.9;265.1,522.7;241.3,506.7;225.7,519.5;204.8,488.8;203.4,489.5;204.5,493.5;196.7,473.9
BuildingSmooth_1_-30547_1778_10109_ResidualBody01|131.93|-3051.1,1058.2;-3051.4,1057.2;-3035.4,1052.4;-3035.1,1053.3
BuildingSmooth_1_-30547_1778_10109_ResidualBody01|131.93|-3041.0,1064.5;-3043.6,1055.9;-3042.6,1055.6;-3040.0,1064.2
BuildingSmooth_1_-30547_1778_10109_ResidualBody01|131.93|-3049.7,1063.0;-3050.0,1062.0;-3033.9,1057.2;-3033.6,1058.1
BuildingSmooth_1_-30547_1778_10109_ResidualBody01|131.93|-3063.2,1077.0;-3069.1,1057.6;-3020.5,1042.8;-3014.6,1062.3
BuildingSmooth_1_-30547_1778_10109_ResidualBody01|131.93|-3049.2,1068.0;-3052.4,1057.5;-3051.4,1057.2;-3048.2,1067.8
BuildingSmooth_1_-30547_1778_10109_ResidualBody01|131.93|-3032.2,1062.9;-3035.4,1052.4;-3034.4,1052.1;-3031.2,1062.6
BuildingSmooth_1_-30547_1778_10109_ResidualBody01|131.93|-3048.2,1067.8;-3048.5,1066.8;-3032.5,1061.9;-3032.2,1062.9
BuildingSmooth_12_17445_1520_-16346|142.75|1765.1,-1622.6;1769.6,-1634.9;1736.0,-1647.1;1731.6,-1634.8
BuildingSmooth_12_17445_1520_-16346|142.75|1765.1,-1622.6;1733.7,-1649.0;1724.1,-1637.5;1755.5,-1611.1
BuildingSmooth_12_17445_1520_-16346|142.75|1724.1,-1637.5;1726.4,-1635.6;1747.6,-1660.8;1745.3,-1662.8
BuildingSmooth_12_17445_1520_-16346|142.75|1724.1,-1637.5;1728.5,-1649.8;1736.0,-1647.1;1731.6,-1634.8
BuildingSmooth_12_17445_1520_-16346|142.75|1724.1,-1637.5;1725.2,-1636.3;1736.0,-1647.1;1734.9,-1648.2
BuildingSmooth_12_17445_1520_-16346|142.75|1747.6,-1660.8;1748.7,-1659.7;1736.0,-1647.1;1734.9,-1648.2
BuildingSmooth_12_17445_1520_-16346|142.75|1724.1,-1637.5;1728.5,-1649.8;1736.0,-1647.1;1731.6,-1634.8
BuildingSmooth_12_17445_1520_-16346|142.75|1747.6,-1660.8;1748.7,-1659.7;1736.0,-1647.1;1734.9,-1648.2
BuildingSmooth_12_17445_1520_-16346|142.75|1724.1,-1637.5;1725.2,-1636.3;1736.0,-1647.1;1734.9,-1648.2
BuildingSmooth_12_17445_1520_-16346|142.75|1765.1,-1622.6;1733.7,-1649.0;1724.1,-1637.5;1755.5,-1611.1
BuildingSmooth_12_17445_1520_-16346|142.75|1765.1,-1622.6;1769.6,-1634.9;1736.0,-1647.1;1731.6,-1634.8
BuildingSmooth_12_17445_1520_-16346|142.75|1746.3,-1632.9;1747.1,-1632.2;1742.9,-1627.3;1742.1,-1627.9
BuildingSmooth_12_17445_1520_-16346|142.75|1736.6,-1632.5;1748.4,-1622.6;1747.8,-1621.9;1736.0,-1631.7
BuildingSmooth_12_17445_1520_-16346|142.75|1751.8,-1628.3;1752.6,-1627.6;1748.4,-1622.6;1747.6,-1623.3
BuildingSmooth_12_17445_1520_-16346|142.75|1740.8,-1637.5;1741.6,-1636.8;1737.4,-1631.9;1736.6,-1632.5
BuildingSmooth_12_17445_1520_-16346|142.75|1739.8,-1634.7;1750.0,-1626.2;1749.4,-1625.4;1739.2,-1634.0
BuildingSmooth_12_17445_1520_-16346|142.75|1724.1,-1637.5;1726.4,-1635.6;1747.6,-1660.8;1745.3,-1662.8
BuildingSmooth_12_17445_1520_-16346|142.75|1741.5,-1638.3;1753.2,-1628.4;1752.6,-1627.6;1740.8,-1637.5
BuildingSourceSlice_fbx_8_4378_1951_28447|125.88|409.1,2820.2;418.6,2820.3;422.8,2822.1;422.8,2815.0;471.5,2830.7;472.6,2829.5;455.4,2884.9;434.7,2877.6;435.5,2863.8;428.5,2861.7;425.1,2862.6;422.8,2870.5;420.0,2872.3;414.9,2872.6;403.8,2869.8;404.3,2868.2;401.5,2867.7;405.1,2851.3;400.4,2849.5
BuildingSourceSlice_fbx_4_-1547_1298_-9277|97.94|-180.4,-921.1;-166.0,-952.1;-128.8,-934.8;-143.2,-903.8
BuildingSourceSlice_orph_1236_871|80.47|1203.3,879.8;1216.7,851.3;1223.7,850.9;1236.9,827.0;1303.7,834.6;1297.1,889.3;1244.4,883.2;1238.9,889.2;1225.8,923.4;1150.1,887.5;1166.0,861.1
BuildingSourceSlice_fbx_16_6289_1039_-1309|77.32|639.2,-149.7;645.0,-135.9;639.4,-115.9;631.1,-112.0;612.9,-138.0
BuildingSourceSlice_fbx_9_-3402_1565_6269|60.14|-331.4,595.1;-332.6,659.1;-348.9,658.8;-347.6,594.8
BuildingSourceSlice_fbx_13_-8731_1156_23171|70.93|-851.8,2339.3;-850.3,2340.0;-855.7,2351.1;-868.8,2344.6;-872.0,2351.2;-907.4,2334.0;-903.6,2326.1;-906.4,2324.6;-898.8,2310.0;-896.2,2310.3;-885.5,2288.6;-874.4,2294.4;-872.9,2291.5;-866.2,2289.5;-863.6,2290.7;-860.0,2283.1;-838.8,2294.2;-852.7,2323.2;-845.0,2327.0
BuildingSourceSlice_fbx_15_-24041_939_-24092|61.61|-2351.2,-2465.1;-2335.1,-2455.8;-2341.0,-2444.4;-2329.0,-2429.2;-2346.6,-2415.2;-2353.2,-2422.5;-2356.1,-2416.2;-2372.6,-2424.5
BuildingSourceSlice_fbx_13_-10194_838_21677|76.09|-962.7,2162.2;-986.2,2210.7;-1075.9,2167.3;-1064.3,2143.2;-1051.4,2149.3;-1039.5,2124.7
BuildingSourceSlice_orph_-1837_1187|128.72|-1823.9,1180.5;-1827.1,1183.0;-1821.9,1190.5;-1829.5,1196.8;-1830.6,1195.5;-1838.8,1202.0;-1844.7,1196.7;-1846.1,1197.8;-1854.0,1187.6;-1829.4,1170.0
BuildingSourceSlice_fbx_5_3613_1038_3330|68.55|298.1,343.3;302.7,328.2;299.6,329.3;298.2,328.2;298.1,315.5;321.9,308.3;343.2,309.0;342.5,311.2;323.2,319.4;323.8,321.0;363.8,308.3;418.6,308.3;438.2,328.8;442.6,335.8;441.9,350.0;399.0,363.4;397.2,357.5;321.2,381.7;298.2,357.7
BuildingSourceSlice_fbx_7_21047_1080_22173|82.25|2096.8,2205.4;2084.9,2215.6;2077.7,2208.0;2081.4,2203.8;2073.3,2193.7;2074.9,2187.2;2078.7,2185.2;2089.8,2196.8;2086.5,2185.2;2092.4,2185.2;2094.5,2187.4;2097.4,2185.2;2114.7,2185.2;2117.9,2187.3;2116.8,2188.4;2129.8,2195.4;2135.1,2201.9;2136.0,2201.0;2113.7,2223.5
BuildingSourceSlice_fbx_11_25007_1449_266|118.72|2528.8,0.4;2532.2,48.6;2472.8,52.7;2469.5,4.5
BuildingSourceSlice_fbx_6_3212_1738_-11959|118.57|302.1,-1255.2;365.1,-1237.0;362.6,-1228.2;356.3,-1230.0;362.2,-1219.9;360.8,-1214.3;351.0,-1210.1;337.5,-1159.6;350.8,-1156.0;345.0,-1136.5;329.0,-1140.8;331.3,-1148.1;277.3,-1162.4
BuildingSourceSlice_fbx_11_14767_1631_2583|126.80|1486.7,273.4;1480.9,271.2;1481.5,269.8;1459.2,260.7;1466.3,243.3;1494.2,254.5
BuildingSourceSlice_fbx_4_-4553_1544_-16981|112.67|-484.0,-1745.7;-463.5,-1739.8;-465.6,-1732.1;-456.2,-1729.2;-452.4,-1743.1;-451.0,-1744.2;-407.6,-1731.9;-427.3,-1661.2;-433.1,-1662.7;-436.4,-1650.5;-476.0,-1661.4;-473.3,-1671.7;-481.7,-1673.9;-482.9,-1671.0;-503.1,-1676.6
BuildingSourceSlice_orph_2104_232|124.42|2090.1,242.8;2087.2,243.0;2085.0,214.9;2119.9,211.5;2122.5,249.3;2090.9,252.0
BuildingSourceSlice_fbx_1_-25408_1652_8057|137.89|-2564.6,810.8;-2529.4,784.8;-2517.0,801.8;-2552.3,826.6
BuildingSourceSlice_orph_154_-1568|119.09|173.1,-1598.0;173.0,-1538.0;135.8,-1538.1;135.9,-1598.1
BuildingSourceSlice_fbx_11_18081_1421_6419|106.46|1829.8,622.2;1828.7,662.4;1786.4,661.3;1787.1,635.4;1795.4,635.4;1795.7,621.4
BuildingSourceSlice_fbx_15_-16310_884_-21306|73.45|-1647.9,-2140.4;-1626.8,-2149.7;-1614.1,-2120.9;-1635.2,-2111.6
BuildingSourceSlice_fbx_16_11658_1306_-273|110.76|1111.2,30.6;1097.4,7.3;1117.3,-14.0;1220.0,-85.1;1234.1,-62.6;1129.2,10.6
BuildingSmooth_3_1668_1565_17063_Body01|146.61|153.7,1670.8;153.1,1678.7;152.1,1678.7;152.7,1670.7
BuildingSmooth_3_1668_1565_17063_Body01|146.61|157.1,1670.0;157.0,1671.0;149.4,1670.4;149.5,1669.4
BuildingSmooth_3_1668_1565_17063_Body01|146.61|149.5,1669.4;148.7,1679.4;147.7,1679.3;148.5,1669.3
BuildingSmooth_3_1668_1565_17063_Body01|146.61|143.0,1690.2;145.3,1695.1;153.8,1691.0;151.5,1686.2
BuildingSmooth_3_1668_1565_17063_Body01|146.61|169.3,1677.8;171.6,1682.6;153.8,1691.0;151.5,1686.2
BuildingSmooth_3_1668_1565_17063_Body01|146.61|156.4,1679.0;156.3,1680.0;148.7,1679.4;148.8,1678.4
BuildingSmooth_3_1668_1565_17063_Body01|146.61|158.0,1670.1;157.3,1680.1;156.3,1680.0;157.1,1670.0
BuildingSmooth_3_1668_1565_17063_Body01|146.61|170.1,1667.0;175.1,1672.8;169.3,1677.8;164.3,1672.0
BuildingSmooth_3_1668_1565_17063_Body01|146.61|143.0,1690.2;168.2,1692.2;170.1,1667.0;145.0,1665.1
BuildingSmooth_3_1668_1565_17063_Body01|146.61|143.0,1690.2;148.0,1696.0;169.3,1677.8;164.3,1672.0
BuildingSmooth_3_1668_1565_17063_Body01|146.61|156.7,1674.5;156.6,1675.5;149.0,1674.9;149.1,1673.9
BuildingSourceSlice_orph_-1507_1251|112.70|-1535.2,1184.7;-1514.8,1203.4;-1515.1,1205.2;-1427.6,1299.2;-1426.5,1297.8;-1410.5,1314.8;-1411.9,1330.1;-1426.7,1335.2;-1431.8,1332.9;-1572.2,1235.0;-1570.8,1233.0;-1589.6,1221.8;-1589.7,1200.7;-1544.0,1172.5;-1533.9,1182.8
BuildingSourceSlice_fbx_5_8131_1049_1127|76.86|841.4,111.7;801.8,130.6;801.2,129.3;793.1,133.2;784.7,115.6;832.0,92.2
BuildingSourceSlice_fbx_5_8131_1049_1127|76.86|810.8,149.7;802.4,132.0;842.0,113.0;850.5,130.6
BuildingSourceSlice_orph_1077_1659|82.50|1057.6,1676.6;1052.8,1668.9;1096.5,1641.9;1101.3,1649.6
BuildingSourceSlice_fbx_13_-7890_867_21803|67.88|-757.4,2198.8;-770.1,2223.8;-801.4,2207.1;-802.2,2204.8;-809.6,2200.3;-826.0,2193.8;-821.7,2181.3;-814.1,2181.6;-814.0,2171.4;-811.0,2171.3;-796.3,2144.2;-757.5,2164.0;-760.2,2170.7;-752.3,2176.4;-762.3,2196.3
BuildingSourceSlice_fbx_4_-692_1435_-6828|85.14|-37.0,-693.0;-63.6,-654.9;-101.3,-668.2;-86.7,-710.8
BuildingSmooth_13_-21021_1705_16847_Residual_62e52072_Body01|131.47|-2097.6,1724.1;-2095.8,1725.9;-2079.7,1709.7;-2081.5,1707.9
BuildingSmooth_13_-21021_1705_16847_Residual_62e52072_Body01|131.47|-2104.1,1712.6;-2105.1,1712.6;-2105.1,1707.6;-2104.1,1707.6
BuildingSmooth_13_-21021_1705_16847_Residual_62e52072_Body01|131.47|-2098.6,1712.6;-2099.6,1712.6;-2099.6,1707.6;-2098.6,1707.6
BuildingSmooth_13_-21021_1705_16847_Residual_62e52072_Body01|131.47|-2093.1,1713.6;-2105.1,1713.6;-2105.1,1712.6;-2093.1,1712.6
BuildingSmooth_13_-21021_1705_16847_Residual_62e52072_Body01|131.47|-2093.1,1707.6;-2105.1,1707.6;-2105.1,1706.6;-2093.1,1706.6
BuildingSmooth_13_-21021_1705_16847_Residual_62e52072_Body01|131.47|-2076.1,1702.6;-2074.3,1704.3;-2079.7,1709.7;-2081.5,1707.9
BuildingSmooth_13_-21021_1705_16847_Residual_62e52072_Body01|131.47|-2076.1,1702.6;-2086.9,1688.2;-2115.6,1709.8;-2104.8,1724.1
BuildingSmooth_13_-21021_1705_16847_Residual_62e52072_Body01|131.47|-2076.1,1702.6;-2074.7,1703.3;-2076.1,1706.1;-2077.6,1705.4
BuildingSmooth_13_-21021_1705_16847_Residual_62e52072_Body01|131.47|-2115.6,1709.8;-2076.1,1709.7;-2076.1,1702.6;-2115.6,1702.7
BuildingSmooth_13_-21021_1705_16847_Residual_62e52072_Body01|131.47|-2093.1,1712.6;-2094.1,1712.6;-2094.1,1707.6;-2093.1,1707.6
BuildingSmooth_13_-21021_1705_16847_Residual_62e52072_Body01|131.47|-2079.7,1709.7;-2078.3,1710.5;-2076.1,1706.1;-2077.6,1705.4
BuildingSmooth_13_-21021_1705_16847_Residual_62e52072_Body01|131.47|-2094.1,1710.6;-2104.1,1710.6;-2104.1,1709.6;-2094.1,1709.6
BuildingSmooth_13_-21021_1705_16847_Residual_62e52072_Body01|131.47|-2104.8,1724.1;-2102.2,1727.6;-2097.6,1724.1;-2100.2,1720.7
BuildingSmooth_13_-21021_1705_16847_Residual_62e52072_Body01|131.47|-2076.1,1702.6;-2073.5,1706.0;-2097.6,1724.1;-2100.2,1720.7
BuildingSourceSlice_orph_1541_499|123.52|1546.7,476.3;1559.6,485.1;1534.5,521.9;1521.6,513.1
BuildingSourceSlice_fbx_5_6405_1270_6447|71.77|633.0,617.0;671.4,666.1;667.5,669.7;608.4,642.7;606.2,637.9
BuildingSourceSlice_orph_963_1528|81.78|939.7,1516.3;938.5,1514.2;981.4,1490.0;1012.0,1543.9;1001.7,1550.0;994.9,1538.4;932.2,1560.4;916.5,1529.7
BuildingSourceSlice_fbx_9_-5479_1274_11886|69.41|-586.2,1178.5;-509.6,1175.8;-515.3,1198.2;-543.3,1198.5;-543.3,1199.8;-585.5,1201.8
BuildingSourceSlice_fbx_11_15146_1502_3277|127.26|1520.6,353.1;1492.3,341.1;1508.6,302.8;1536.9,314.8
BuildingSourceSlice_fbx_10_-16037_1057_-3213|79.61|-1587.3,-326.6;-1585.9,-302.0;-1619.4,-301.0;-1621.5,-340.9;-1603.3,-341.6
BuildingSourceSlice_orph_1787_-329|140.02|1784.0,-347.6;1788.1,-344.2;1808.0,-357.4;1814.3,-336.1;1771.2,-299.6;1758.5,-314.8
BuildingSourceSlice_orph_2383_-1171|135.02|2339.3,-1129.7;2337.9,-1130.5;2382.4,-1210.8;2373.6,-1216.0;2378.7,-1224.4;2395.9,-1218.6;2398.2,-1222.4;2414.8,-1208.0;2430.0,-1198.5;2384.1,-1131.2;2385.0,-1130.6;2378.0,-1119.8;2355.5,-1134.3;2346.3,-1118.0;2336.0,-1123.8
BuildingSourceSlice_fbx_1_-28057_1704_4152|131.64|-2840.6,420.2;-2790.5,383.4;-2770.8,410.2;-2820.9,447.0
BuildingSmooth_2_22782_1501_-4081|140.09|2285.6,-434.8;2270.0,-444.7;2257.2,-424.5;2272.8,-414.6
BuildingSmooth_2_22782_1501_-4081|140.09|2285.6,-434.8;2298.0,-426.9;2288.2,-411.4;2275.8,-419.3
BuildingSmooth_2_22782_1501_-4081|140.09|2257.2,-424.5;2254.8,-430.9;2256.4,-431.5;2258.7,-425.0
BuildingSmooth_2_22782_1501_-4081|140.09|2251.8,-381.5;2248.1,-387.8;2288.2,-411.4;2292.0,-405.1
BuildingSmooth_2_22782_1501_-4081|140.09|2251.8,-381.5;2236.2,-391.3;2257.2,-424.5;2272.8,-414.6
BuildingSmooth_2_22782_1501_-4081|140.09|2257.2,-424.5;2247.9,-425.6;2247.6,-423.5;2256.9,-422.3
BuildingSmooth_2_22782_1501_-4081|140.09|2262.7,-404.5;2275.9,-406.0;2276.0,-405.0;2262.8,-403.5
BuildingSmooth_2_22782_1501_-4081|140.09|2268.1,-411.3;2269.1,-411.4;2270.6,-398.2;2269.6,-398.1
BuildingSmooth_2_22782_1501_-4081|140.09|2275.2,-412.1;2276.2,-412.2;2277.7,-399.0;2276.7,-398.9
BuildingSmooth_2_22782_1501_-4081|140.09|2251.8,-381.5;2242.6,-382.6;2247.6,-423.5;2256.9,-422.3
BuildingSmooth_2_22782_1501_-4081|140.09|2251.8,-381.5;2264.3,-373.6;2288.2,-411.4;2275.8,-419.3
BuildingSmooth_2_22782_1501_-4081|140.09|2261.0,-410.5;2262.0,-410.6;2263.5,-397.4;2262.5,-397.3
BuildingSmooth_2_22782_1501_-4081|140.09|2262.5,-397.3;2277.7,-399.0;2277.8,-398.0;2262.6,-396.3
BuildingSmooth_2_22782_1501_-4081|140.09|2260.9,-411.5;2276.1,-413.2;2276.2,-412.2;2261.0,-410.5
BuildingSmooth_2_22782_1501_-4081|140.09|2306.5,-413.6;2318.1,-393.8;2308.8,-388.4;2297.2,-408.1
BuildingSmooth_2_22782_1501_-4081|140.09|2285.6,-434.8;2283.2,-441.2;2256.4,-431.5;2258.7,-425.0
BuildingSmooth_2_22782_1501_-4081|140.09|2306.5,-413.6;2302.8,-420.0;2288.2,-411.4;2292.0,-405.1
BuildingSmooth_2_22782_1501_-4081|140.09|2251.8,-381.5;2263.5,-361.7;2308.8,-388.4;2297.2,-408.1
BuildingSmooth_2_22782_1501_-4081|140.09|2285.6,-434.8;2270.0,-444.7;2257.2,-424.5;2272.8,-414.6
BuildingSmooth_2_22782_1501_-4081|140.09|2251.8,-381.5;2248.1,-387.8;2288.2,-411.4;2292.0,-405.1
BuildingSmooth_2_22782_1501_-4081|140.09|2285.6,-434.8;2283.2,-441.2;2256.4,-431.5;2258.7,-425.0
BuildingSmooth_2_22782_1501_-4081|140.09|2285.6,-434.8;2298.0,-426.9;2288.2,-411.4;2275.8,-419.3
BuildingSmooth_2_22782_1501_-4081|140.09|2251.8,-381.5;2236.2,-391.3;2257.2,-424.5;2272.8,-414.6
BuildingSmooth_2_22782_1501_-4081|140.09|2306.5,-413.6;2302.8,-420.0;2288.2,-411.4;2292.0,-405.1
BuildingSmooth_2_22782_1501_-4081|140.09|2257.2,-424.5;2254.8,-430.9;2256.4,-431.5;2258.7,-425.0
BuildingSmooth_2_22782_1501_-4081|140.09|2251.8,-381.5;2242.6,-382.6;2247.6,-423.5;2256.9,-422.3
BuildingSmooth_2_22782_1501_-4081|140.09|2251.8,-381.5;2264.3,-373.6;2288.2,-411.4;2275.8,-419.3
BuildingSmooth_2_22782_1501_-4081|140.09|2257.2,-424.5;2247.9,-425.6;2247.6,-423.5;2256.9,-422.3
BuildingSmooth_2_22782_1501_-4081|140.09|2306.5,-413.6;2318.1,-393.8;2308.8,-388.4;2297.2,-408.1
BuildingSmooth_2_22782_1501_-4081|140.09|2251.8,-381.5;2263.5,-361.7;2308.8,-388.4;2297.2,-408.1
BuildingSourceSlice_fbx_11_15066_1410_4780|123.62|1510.5,470.0;1517.3,460.5;1527.1,467.5;1507.2,495.5;1486.1,480.5;1499.2,462.0
BuildingSourceSlice_orph_1126_2031|105.84|1108.4,2016.7;1137.9,2011.5;1143.8,2044.6;1114.3,2049.9
BuildingSourceSlice_orph_-781_-1541|106.82|-769.9,-1532.6;-774.4,-1513.9;-802.6,-1520.6;-798.3,-1538.1;-794.7,-1537.3;-786.9,-1569.3;-760.5,-1563.1;-768.2,-1530.9
BuildingSourceSlice_fbx_6_14174_2241_-11556|136.69|1445.3,-1132.5;1405.7,-1121.0;1389.1,-1178.2;1428.7,-1189.7
BuildingSourceSlice_fbx_8_1796_1587_27741|111.58|206.6,2741.1;203.6,2817.6;202.1,2829.1;182.4,2828.3;182.5,2822.8;170.0,2822.3;170.2,2816.0;152.5,2815.2;156.3,2731.2;181.1,2731.2;194.6,2738.8;194.5,2740.2
BuildingSourceSlice_fbx_10_-25688_1278_-5691|100.32|-2568.2,-597.5;-2540.6,-576.8;-2567.9,-540.7;-2596.9,-559.5
BuildingSourceSlice_fbx_2_27120_1357_-9296|118.58|2730.6,-905.1;2693.8,-904.4;2693.5,-922.7;2702.8,-949.7;2705.2,-949.7;2705.1,-954.6;2715.0,-954.8;2715.1,-950.1;2729.7,-950.5
BuildingSourceSlice_fbx_5_5079_1395_11680|73.99|453.9,1171.1;459.7,1140.5;565.7,1155.5;540.4,1193.3
BuildingSourceSlice_fbx_8_-1944_1273_31646|86.62|-198.8,3196.3;-197.1,3196.3;-194.6,3172.2;-189.3,3171.1;-189.5,3172.4;-167.7,3174.5;-165.8,3166.5;-163.7,3171.1;-165.2,3197.7;-193.7,3195.1;-194.5,3203.9
BuildingSourceSlice_fbx_8_2291_1413_27755|115.17|210.3,2831.3;211.7,2752.6;213.4,2751.7;215.0,2719.4;220.0,2719.7;236.7,2726.3;248.2,2748.7;248.2,2752.4;245.9,2753.1;244.0,2822.9;234.7,2822.7;243.7,2829.8;241.7,2832.5
BuildingSourceSlice_orph_-293_3153|84.56|-300.1,3133.1;-289.4,3134.3;-289.4,3136.0;-283.7,3136.5;-285.0,3151.5;-283.2,3151.7;-284.2,3163.1;-285.4,3163.0;-286.0,3168.7;-288.8,3174.5;-293.4,3173.9;-302.7,3159.8
BuildingSourceSlice_fbx_2_22553_1654_-6522|139.35|2250.1,-627.7;2230.9,-646.7;2260.8,-676.7;2279.6,-658.9
BuildingSourceSlice_orph_1783_428|123.15|1796.7,424.1;1789.4,440.9;1769.1,432.1;1776.4,415.3
BuildingSourceSlice_orph_-968_-1558|95.84|-981.2,-1564.8;-991.3,-1568.6;-986.1,-1588.7;-987.5,-1589.2;-940.1,-1577.3;-950.9,-1547.4;-954.7,-1530.6;-961.7,-1526.9;-991.9,-1533.2
BuildingSourceSlice_fbx_1_-30378_1641_11097|134.72|-3063.8,1101.3;-3019.8,1089.2;-3011.8,1118.4;-3055.8,1130.4
BuildingSourceSlice_fbx_11_23837_1544_-453|127.89|2369.5,-24.6;2373.2,-60.6;2365.9,-65.6;2365.9,-67.6;2369.4,-71.2;2396.6,-73.9;2401.6,-19.8;2370.2,-16.7
BuildingSourceSlice_orph_1209_1303|74.59|1180.8,1317.7;1201.7,1272.7;1237.9,1289.1;1231.6,1302.4;1230.6,1301.9;1217.0,1333.9;1178.7,1316.9
BuildingSourceSlice_fbx_9_-12461_1678_8130|108.14|-1286.1,754.2;-1258.8,749.9;-1257.1,750.8;-1207.5,863.9;-1208.2,865.7;-1232.3,876.9
BuildingSourceSlice_fbx_9_-17508_1967_9698|133.97|-1725.8,993.1;-1730.4,994.3;-1729.6,997.5;-1759.5,1005.3;-1775.9,943.4;-1741.4,934.2
BuildingSourceSlice_fbx_7_15738_1046_14982|78.72|1531.6,1465.6;1537.9,1459.5;1539.0,1466.2;1560.2,1450.1;1574.4,1468.7;1553.4,1484.7;1554.8,1486.7;1555.5,1492.8;1537.0,1492.8;1533.4,1491.0;1531.6,1487.4;1531.6,1478.0;1536.9,1474.0
BuildingSourceSlice_orph_-93_2581|85.66|-104.0,2557.6;-103.6,2540.3;-76.3,2543.2;-82.2,2619.3;-111.7,2616.2
BuildingSourceSlice_fbx_5_7478_1140_8885|71.21|687.6,932.0;695.9,914.6;726.5,929.1;755.2,867.7;765.0,868.0;767.2,875.3;770.6,868.3;773.4,867.7;773.7,861.8;777.0,862.0;796.4,821.6;801.7,826.0;806.3,834.5;807.0,842.9;804.4,842.8;803.2,840.7;757.4,947.3;737.6,954.0;692.3,932.7;691.2,933.7
BuildingSourceSlice_fbx_5_7478_1140_8885|71.21|696.3,912.7;706.8,891.0;737.5,905.6;727.1,927.4
BuildingSourceSlice_orph_-1351_2217|99.70|-1341.5,2203.7;-1341.7,2230.5;-1360.1,2230.4;-1360.0,2203.6
BuildingSourceSlice_fbx_6_13451_1897_-16602|142.32|1278.2,-1702.8;1270.2,-1713.1;1255.3,-1728.9;1255.3,-1736.9;1282.1,-1758.5;1289.6,-1748.5;1310.2,-1746.9;1303.7,-1740.3;1301.3,-1695.6;1281.0,-1695.6;1277.3,-1702.5
BuildingSourceSlice_orph_851_2001|108.60|803.0,1932.6;886.3,1924.4;898.6,2047.5;889.8,2048.3;889.8,2063.8;901.7,2066.1;889.8,2069.4;889.8,2072.3;817.6,2079.7
BuildingSourceSlice_fbx_6_11749_1726_-7583|142.00|1199.6,-746.9;1164.5,-733.3;1150.3,-770.1;1185.3,-783.6
BuildingSourceSlice_orph_1924_-276|142.46|1973.3,-190.3;1767.7,-276.6;1816.1,-391.9;2021.7,-305.7
BuildingSourceSlice_orph_1636_-98|125.74|1610.7,-119.0;1590.6,-131.4;1593.1,-133.9;1657.3,-94.6;1653.9,-93.5;1668.6,-66.3;1644.5,-79.2;1647.5,-84.5;1623.1,-99.1;1625.8,-103.5;1608.0,-114.6
BuildingSmooth_6_2047_1581_-18188_Body02|107.28|189.6,-1804.6;189.5,-1805.6;198.5,-1806.3;198.5,-1805.3
BuildingSmooth_6_2047_1581_-18188_Body02|107.28|194.5,-1777.4;186.4,-1776.7;187.0,-1768.6;195.1,-1769.3
BuildingSmooth_6_2047_1581_-18188_Body02|107.28|187.0,-1768.6;191.2,-1767.3;194.5,-1777.4;190.3,-1778.7
BuildingSmooth_6_2047_1581_-18188_Body02|107.28|199.7,-1791.1;198.5,-1806.3;199.5,-1806.4;200.7,-1791.2
BuildingSmooth_6_2047_1581_-18188_Body02|107.28|203.3,-1818.9;207.4,-1817.5;194.5,-1777.4;190.3,-1778.7
BuildingSmooth_6_2047_1581_-18188_Body02|107.28|187.0,-1768.6;207.3,-1770.3;203.3,-1818.9;183.0,-1817.2
BuildingSmooth_6_2047_1581_-18188_Body02|107.28|189.8,-1790.3;188.5,-1805.5;189.5,-1805.6;190.8,-1790.4
BuildingSmooth_6_2047_1581_-18188_Body02|107.28|203.3,-1818.9;191.1,-1817.9;194.5,-1777.4;206.6,-1778.4
BuildingSmooth_6_2047_1581_-18188_Body02|107.28|190.8,-1790.4;190.7,-1791.4;199.6,-1792.1;199.7,-1791.1
BuildingSmooth_6_2047_1581_-18188_Body02|107.28|190.2,-1797.5;190.1,-1798.5;199.1,-1799.2;199.1,-1798.2
BuildingSmooth_6_2047_1581_-18188_Body02|107.28|194.7,-1791.7;193.6,-1804.9;194.6,-1805.0;195.7,-1791.8
BuildingSourceSlice_orph_-1362_2424|94.18|-1438.5,2416.5;-1435.7,2412.5;-1444.3,2405.9;-1425.1,2386.3;-1427.5,2384.6;-1413.7,2365.1;-1406.7,2370.1;-1400.9,2361.8;-1292.2,2421.1;-1282.3,2425.1;-1280.7,2422.9;-1282.4,2425.8;-1280.6,2426.5;-1325.1,2492.2;-1327.0,2489.5;-1331.4,2492.2;-1331.0,2491.3
BuildingSourceSlice_fbx_8_3412_1862_25673|125.58|383.0,2592.8;382.7,2596.7;373.2,2596.1;372.0,2609.3;361.4,2608.7;359.9,2610.9;295.0,2607.3;292.8,2605.5;299.1,2521.5;389.9,2529.4;384.5,2592.7
BuildingSourceSlice_orph_-1915_518|124.62|-1975.9,541.8;-1905.0,446.6;-1845.2,489.1;-1852.1,498.4;-1874.9,481.3;-1892.5,504.9;-1869.6,521.9;-1918.1,587.0
BuildingSourceSlice_part_1270_611|100.43|1243.9,618.8;1220.9,602.9;1245.7,567.1;1271.6,585.6;1265.4,584.1;1316.5,619.7;1307.3,629.2;1309.4,630.3;1307.9,631.8;1317.6,637.9;1307.4,653.0;1296.8,646.2;1294.1,649.7;1247.7,613.3
BuildingSourceSlice_part_1270_611|100.43|1243.9,619.8;1257.6,629.3;1252.3,636.9;1238.6,627.4
BuildingSourceSlice_orph_-2359_-189|111.98|-2393.3,-216.5;-2337.9,-218.5;-2337.0,-192.9;-2346.3,-185.1;-2306.8,-186.5;-2301.8,-167.6;-2393.5,-163.7;-2396.6,-212.0
BuildingSourceSlice_fbx_1_-27044_1730_8797|132.49|-2664.7,924.5;-2667.3,923.2;-2674.7,929.0;-2674.0,931.7;-2686.7,942.4;-2713.3,942.4;-2718.7,934.5;-2702.5,922.3;-2721.9,894.6;-2722.5,892.8;-2721.3,891.9;-2728.1,883.0;-2744.2,894.6;-2776.1,852.3;-2711.7,803.5;-2679.7,846.5;-2700.6,862.4;-2693.8,871.4;-2686.7,866.5;-2665.5,894.6;-2648.4,882.4;-2633.1,903.5
BuildingSourceSlice_orph_475_1214|75.42|448.5,1201.4;446.9,1201.0;447.9,1190.8;501.7,1202.4;497.0,1240.2;487.2,1237.9;487.3,1236.4;476.8,1234.7;471.3,1237.4;446.4,1210.5
BuildingSourceSlice_fbx_11_13836_1764_2153|112.04|1424.5,197.5;1373.6,148.9;1394.3,127.7;1451.5,182.8
BuildingSourceSlice_fbx_11_13836_1764_2153|112.04|1423.6,207.1;1431.6,199.1;1439.7,207.3;1441.2,213.4;1449.1,221.9;1366.6,273.3;1325.6,220.4;1318.2,213.2;1372.1,157.5
BuildingSourceSlice_fbx_11_13836_1764_2153|112.04|1298.4,227.0;1314.4,211.1;1338.8,239.6;1365.3,278.4;1346.9,291.0;1320.6,252.8
BuildingSourceSlice_fbx_5_1632_1054_7842|68.50|187.1,768.2;184.8,777.3;167.4,821.0;139.2,809.8;163.3,747.9
BuildingSourceSlice_fbx_10_-15372_930_-3319|74.04|-1552.5,-351.5;-1548.5,-352.4;-1522.8,-329.4;-1521.7,-313.1;-1550.1,-311.2
BuildingSourceSlice_fbx_9_-17166_1915_10650|126.55|-1710.8,1066.1;-1727.5,1014.8;-1708.7,1008.7;-1692.0,1060.0
BuildingSourceSlice_fbx_6_9476_1350_-14019|121.79|980.0,-1397.5;956.4,-1381.4;944.9,-1377.7;933.7,-1378.4;921.4,-1393.6;961.6,-1426.1;973.8,-1410.9
BuildingSourceSlice_orph_1307_504|107.58|1292.6,489.9;1294.7,491.5;1299.5,483.5;1292.2,478.2;1299.9,467.7;1338.2,496.8;1327.5,509.7;1331.9,512.9;1316.2,530.5;1308.2,537.4;1276.0,512.6
BuildingSourceSlice_orph_-616_-1740|107.11|-651.4,-1718.6;-650.2,-1723.8;-654.9,-1724.9;-643.8,-1772.1;-642.8,-1772.0;-640.6,-1780.9;-605.7,-1771.0;-606.2,-1768.8;-574.9,-1765.2;-591.5,-1698.4;-645.7,-1714.3;-645.0,-1717.1
BuildingSourceSlice_fbx_1_-31120_1678_7710|128.37|-3137.7,797.3;-3134.6,762.7;-3104.9,740.9;-3085.9,766.9;-3134.9,801.1
BuildingSourceSlice_fbx_12_17473_1616_-15264|145.45|1762.6,-1563.3;1775.6,-1548.4;1767.3,-1537.2;1776.1,-1529.7;1764.2,-1514.7;1768.2,-1511.1;1763.9,-1505.7;1750.5,-1491.6;1735.4,-1491.6;1718.9,-1505.5;1725.1,-1514.3;1723.7,-1515.9
BuildingSmooth_16_3684_1559_-2783_Body01|150.20|371.7,-294.7;372.4,-294.0;363.5,-283.9;362.7,-284.5
BuildingSmooth_16_3684_1559_-2783_Body01|150.20|381.2,-286.2;382.0,-285.5;373.0,-275.4;372.2,-276.1
BuildingSmooth_16_3684_1559_-2783_Body01|150.20|362.7,-284.5;382.5,-267.0;381.8,-266.2;362.0,-283.8
BuildingSmooth_16_3684_1559_-2783_Body01|150.20|368.3,-289.3;386.6,-273.1;385.9,-272.3;367.6,-288.6
BuildingSmooth_16_3684_1559_-2783_Body01|150.20|390.7,-277.8;391.5,-277.1;382.5,-267.0;381.7,-267.6
BuildingSmooth_16_3684_1559_-2783_Body01|150.20|372.4,-295.4;392.1,-277.8;391.5,-277.1;371.7,-294.7
BuildingSmooth_16_3684_1559_-2783_Body01|150.20|363.7,-320.5;419.6,-270.8;391.8,-239.5;335.9,-289.2
BuildingSourceSlice_fbx_15_-20284_811_-14690|60.66|-2036.8,-1486.8;-2012.3,-1471.7;-2008.4,-1467.4;-2011.3,-1466.3;-2025.1,-1453.6;-2026.8,-1453.5;-2046.4,-1475.6;-2038.0,-1484.3;-2038.9,-1484.9
BuildingSourceSlice_fbx_7_17636_1146_16499|78.65|1761.5,1701.6;1726.6,1651.8;1713.9,1660.7;1712.1,1660.4;1676.6,1623.9;1676.6,1621.9;1658.7,1594.8;1657.8,1572.0;1672.6,1551.9;1695.1,1536.3;1707.7,1532.2;1730.8,1537.7;1739.0,1545.2;1871.7,1734.3;1821.7,1769.4;1802.8,1742.9;1799.2,1745.4;1766.2,1698.4
BuildingSourceSlice_fbx_7_17636_1146_16499|78.65|1697.3,1686.5;1774.9,1776.5;1715.3,1776.9;1662.9,1716.2
BuildingSourceSlice_fbx_10_-21281_1170_-2244|103.36|-2127.1,-246.2;-2114.9,-262.3;-2088.4,-243.4;-2111.6,-193.8;-2123.7,-186.1;-2148.8,-203.0;-2154.7,-196.7;-2167.5,-205.6;-2136.8,-250.5;-2134.9,-251.0
BuildingSourceSlice_fbx_3_-6937_1582_24930|67.74|-723.4,2507.4;-720.6,2473.0;-666.2,2476.3;-667.0,2486.2;-664.1,2486.5;-666.1,2513.2
BuildingSourceSlice_orph_1550_219|127.95|1540.5,205.6;1565.8,216.6;1558.7,232.9;1533.4,221.9
BuildingSourceSlice_fbx_16_17664_1945_-6648|147.05|1789.4,-639.9;1733.3,-669.2;1744.0,-689.7;1800.0,-660.3
BuildingSourceSlice_fbx_16_17664_1945_-6648|147.05|1778.2,-640.0;1778.8,-637.9;1771.5,-632.4;1764.7,-632.5;1754.4,-637.1;1751.0,-632.6;1726.7,-644.6;1725.9,-660.3;1729.2,-664.4
BuildingSourceSlice_fbx_1_-28365_1622_3665|130.14|-2830.5,406.5;-2832.5,405.7;-2837.9,409.7;-2877.9,355.6;-2871.9,351.2;-2872.8,350.0;-2836.6,323.4;-2795.1,379.7
BuildingSourceSlice_fbx_11_12967_1268_3191|106.28|1281.6,318.1;1299.1,304.2;1311.8,320.1;1294.3,334.0
BuildingSourceSlice_orph_909_-1462|120.56|917.0,-1488.1;935.5,-1462.3;900.5,-1437.2;882.0,-1463.0
BuildingSourceSlice_fbx_7_10521_1293_14352|77.04|1074.0,1414.4;1075.9,1412.8;1091.8,1430.6;1032.5,1482.7;1021.3,1462.9;1030.6,1454.3;1029.2,1452.8;1035.2,1447.7;1012.3,1421.0;1050.9,1387.8
BuildingSourceSlice_fbx_1_-27580_1872_9386|132.28|-2779.1,976.7;-2776.6,974.9;-2806.1,936.6;-2790.4,924.5;-2803.8,907.1;-2767.3,879.6;-2753.9,897.3;-2752.9,896.4;-2710.0,953.1;-2746.3,980.4;-2742.3,985.7;-2757.7,997.5;-2766.5,986.0;-2770.1,988.7
BuildingSourceSlice_fbx_13_-10096_1464_13144|92.67|-1014.3,1330.7;-1026.2,1330.3;-1025.3,1293.2;-993.8,1292.7;-993.1,1335.6;-1014.2,1335.6
BuildingSourceSlice_part_-1451_-1446|62.16|-1507.5,-1487.0;-1506.1,-1485.1;-1452.6,-1524.9;-1440.4,-1537.5;-1365.5,-1432.8;-1471.6,-1355.3;-1491.3,-1383.9;-1509.2,-1422.3;-1518.8,-1451.7;-1511.9,-1451.7;-1527.0,-1473.5
BuildingSourceSlice_fbx_4_-11393_1017_-4367|52.73|-1185.8,-451.1;-1151.0,-482.9;-1133.4,-463.7;-1168.2,-431.8
BuildingSourceSlice_fbx_4_-11393_1017_-4367|52.73|-1167.4,-428.8;-1129.5,-464.1;-1111.3,-444.6;-1149.2,-409.3
BuildingSourceSlice_orph_-2633_-418|109.74|-2619.5,-394.8;-2659.5,-417.9;-2644.5,-441.4;-2605.6,-416.6
BuildingSourceSlice_orph_59_-1171|115.13|16.5,-1127.4;48.4,-1234.3;101.2,-1218.5;68.2,-1104.1
BuildingSourceSlice_orph_2648_-1652|138.64|2622.1,-1635.3;2611.5,-1642.9;2615.4,-1648.3;2604.0,-1657.0;2639.6,-1704.0;2638.4,-1704.8;2645.3,-1711.0;2660.8,-1716.9;2662.0,-1711.5;2647.3,-1698.1;2661.4,-1687.4;2659.7,-1685.3;2690.7,-1661.7;2671.7,-1632.0;2679.8,-1627.1;2673.8,-1598.7;2632.8,-1610.6;2636.1,-1610.6;2624.2,-1617.4;2619.1,-1629.6
BuildingSourceSlice_fbx_14_1280_975_2368|75.97|212.5,195.3;219.9,257.4;44.2,278.4;36.8,216.2
BuildingSourceSlice_fbx_15_-18619_1225_-16911|63.32|-1910.8,-1692.0;-1887.4,-1730.3;-1884.8,-1729.2;-1875.1,-1744.9;-1866.7,-1739.8;-1848.7,-1769.1;-1790.6,-1733.2;-1841.9,-1649.9
BuildingSourceSlice_fbx_15_-18619_1225_-16911|63.32|-1918.7,-1678.9;-1917.4,-1678.9;-1850.8,-1638.3;-1850.1,-1636.6;-1853.3,-1631.5;-1854.8,-1631.5;-1922.1,-1673.2
BuildingSourceSlice_orph_306_3032|121.06|354.8,3003.8;357.4,3003.8;357.4,3005.6;358.5,3005.6;358.3,3011.1;357.2,3011.1;356.2,3048.4;354.0,3052.0;354.0,3050.6;326.8,3074.6;328.1,3074.8;310.9,3075.4;312.4,3071.4;279.5,3068.7;279.8,3058.8;261.7,3058.3;261.9,3051.7;254.6,3051.7;255.1,2998.5;354.9,2999.7
BuildingSourceSlice_fbx_5_2193_1081_13199|80.91|244.5,1309.5;211.8,1346.1;194.1,1330.3;226.9,1293.7
BuildingSourceSlice_fbx_2_23920_1610_-3751|134.43|2401.0,-394.4;2404.2,-357.7;2383.2,-355.8;2379.9,-392.5
BuildingSmooth_4_-2285_1706_-17624_Residual_87ff2393_Body01|110.74|-182.6,-1804.4;-188.0,-1777.0;-215.5,-1782.4;-210.0,-1809.8
BuildingSmooth_4_-2285_1706_-17624_Residual_87ff2393_Body01|110.74|-189.6,-1799.7;-192.4,-1785.9;-193.4,-1786.1;-190.6,-1799.8
BuildingSmooth_4_-2285_1706_-17624_Residual_87ff2393_Body01|110.74|-193.2,-1787.1;-193.4,-1786.1;-205.1,-1788.5;-204.9,-1789.5
BuildingSmooth_4_-2285_1706_-17624_Residual_87ff2393_Body01|110.74|-191.9,-1793.5;-192.1,-1792.5;-203.8,-1794.8;-203.7,-1795.8
BuildingSmooth_4_-2285_1706_-17624_Residual_87ff2393_Body01|110.74|-202.4,-1802.2;-205.1,-1788.5;-206.1,-1788.7;-203.4,-1802.4
BuildingSmooth_4_-2285_1706_-17624_Residual_87ff2393_Body01|110.74|-196.2,-1799.9;-198.6,-1788.2;-199.5,-1788.4;-197.2,-1800.1
BuildingSmooth_4_-2285_1706_-17624_Residual_87ff2393_Body01|110.74|-190.6,-1799.8;-190.8,-1798.9;-202.6,-1801.2;-202.4,-1802.2
BuildingSourceSlice_fbx_3_-7027_898_23586|65.36|-658.3,2349.7;-658.0,2364.9;-659.4,2366.2;-741.3,2368.4;-741.8,2352.4;-659.6,2348.4
BuildingSmooth_8_-2197_765_28932|78.03|-213.4,2897.0;-214.4,2896.8;-213.8,2891.9;-212.8,2892.0
BuildingSmooth_8_-2197_765_28932|78.03|-214.2,2894.9;-226.1,2893.5;-226.0,2892.5;-214.0,2893.9
BuildingSmooth_8_-2197_765_28932|78.03|-205.8,2901.3;-235.1,2898.1;-233.6,2885.0;-204.4,2888.3
BuildingSmooth_8_-2197_765_28932|78.03|-219.8,2896.2;-220.8,2896.1;-220.3,2891.2;-219.3,2891.3
BuildingSmooth_8_-2197_765_28932|78.03|-226.3,2895.5;-227.3,2895.4;-226.7,2890.4;-225.7,2890.5
BuildingSmooth_8_-2197_765_28932|78.03|-212.8,2892.0;-226.7,2890.4;-226.6,2889.4;-212.7,2891.0
BuildingSmooth_8_-2197_765_28932|78.03|-213.5,2897.9;-227.4,2896.4;-227.3,2895.4;-213.4,2897.0
BuildingSourceSlice_fbx_8_1673_1443_28865|112.59|226.4,2844.5;244.9,2844.9;243.3,2927.8;229.3,2939.6;89.9,2937.2;90.4,2899.0;140.4,2899.7;141.0,2833.5;226.6,2833.8
BuildingSourceSlice_orph_1085_-1349|127.41|1054.2,-1386.9;1090.6,-1398.0;1099.2,-1370.0;1097.9,-1369.6;1116.2,-1310.3;1081.0,-1299.6
BuildingSourceSlice_fbx_10_-18152_1481_-4501|80.48|-1797.8,-463.0;-1789.0,-455.1;-1788.0,-456.1;-1785.9,-454.2;-1785.7,-450.6;-1815.6,-417.9;-1822.6,-417.8;-1852.5,-444.0;-1808.0,-492.6;-1787.8,-473.6
BuildingSourceSlice_orph_1688_-1698|141.52|1688.7,-1655.9;1642.8,-1687.5;1683.2,-1741.5;1727.8,-1708.1;1722.9,-1701.6;1725.9,-1699.3;1723.1,-1695.8;1732.3,-1688.7;1723.2,-1678.2;1714.6,-1684.9;1694.4,-1659.0;1695.1,-1660.2;1674.4,-1675.9;1671.8,-1672.9
BuildingSourceSlice_fbx_9_-16128_2013_4831|103.12|-1588.5,519.4;-1593.5,525.6;-1593.5,523.9;-1599.3,532.4;-1669.2,480.4;-1672.1,476.2;-1641.0,434.7;-1636.4,435.9;-1560.3,491.3;-1560.1,508.0;-1574.1,527.0
BuildingSmooth_12_19385_2210_-18450_Body01|140.13|1968.8,-1795.7;1969.4,-1796.5;1975.6,-1791.6;1975.0,-1790.8
BuildingSmooth_12_19385_2210_-18450_Body01|140.13|1973.4,-1780.7;1972.6,-1776.8;1960.9,-1779.1;1961.7,-1783.0
BuildingSmooth_12_19385_2210_-18450_Body01|140.13|1984.4,-1794.7;1987.5,-1785.3;1973.4,-1780.7;1970.3,-1790.1
BuildingSmooth_12_19385_2210_-18450_Body01|140.13|1971.3,-1799.0;1972.0,-1799.8;1978.2,-1794.9;1977.6,-1794.1
BuildingSmooth_12_19385_2210_-18450_Body01|140.13|1969.5,-1791.0;1974.1,-1796.8;1974.9,-1796.2;1970.3,-1790.4
BuildingSmooth_12_19385_2210_-18450_Body01|140.13|1972.4,-1787.5;1978.2,-1794.9;1979.0,-1794.3;1973.2,-1786.9
BuildingSmooth_12_19385_2210_-18450_Body01|140.13|1953.8,-1784.6;1956.9,-1775.2;1973.4,-1780.7;1970.3,-1790.1
BuildingSmooth_12_19385_2210_-18450_Body01|140.13|1965.4,-1793.0;1971.2,-1800.4;1972.0,-1799.8;1966.2,-1792.4
BuildingSmooth_12_19385_2210_-18450_Body01|140.13|1953.8,-1784.6;1967.9,-1773.6;1984.4,-1794.7;1970.3,-1805.7
BuildingSmooth_12_19385_2210_-18450_Body01|140.13|1953.8,-1784.6;1953.0,-1780.7;1960.9,-1779.1;1961.7,-1783.0
BuildingSmooth_12_19385_2210_-18450_Body01|140.13|1966.2,-1792.4;1966.8,-1793.2;1973.0,-1788.3;1972.4,-1787.5
BuildingSourceSlice_fbx_8_-1986_1323_21754|75.66|-217.4,2159.9;-174.5,2173.3;-173.5,2174.8;-176.5,2180.9;-179.5,2180.5;-182.5,2187.8;-181.9,2189.5;-183.3,2190.6;-223.2,2174.6;-223.8,2172.6
BuildingSmooth_13_-9042_836_22355|69.96|-912.7,2235.5;-897.4,2243.1;-897.9,2244.0;-913.2,2236.3
BuildingSmooth_13_-9042_836_22355|69.96|-921.4,2216.0;-934.9,2227.9;-930.1,2233.4;-916.6,2221.5
BuildingSmooth_13_-9042_836_22355|69.96|-902.4,2232.8;-901.5,2233.3;-904.6,2239.5;-905.5,2239.1
BuildingSmooth_13_-9042_836_22355|69.96|-909.6,2229.2;-908.7,2229.6;-911.8,2235.9;-912.7,2235.5
BuildingSmooth_13_-9042_836_22355|69.96|-895.2,2236.4;-894.3,2236.9;-897.4,2243.1;-898.3,2242.7
BuildingSmooth_13_-9042_836_22355|69.96|-909.1,2228.3;-893.9,2236.0;-894.3,2236.9;-909.6,2229.2
BuildingSmooth_13_-9042_836_22355|69.96|-921.4,2216.0;-907.8,2204.1;-878.2,2237.7;-891.8,2249.6
BuildingSmooth_13_-9042_836_22355|69.96|-886.9,2255.1;-900.5,2267.0;-930.1,2233.4;-916.6,2221.5
BuildingSmooth_13_-9042_836_22355|69.96|-886.9,2255.1;-873.4,2243.1;-878.2,2237.7;-891.8,2249.6
BuildingSmooth_13_-9042_836_22355|69.96|-910.0,2232.3;-896.5,2239.1;-897.0,2240.0;-910.5,2233.2
BuildingSourceSlice_fbx_1_-21923_1930_14282|138.29|-2137.2,1417.7;-2144.7,1422.6;-2144.0,1423.6;-2176.8,1448.1;-2196.4,1423.1;-2187.8,1415.0;-2188.6,1413.8;-2158.4,1390.5;-2130.8,1412.0;-2138.0,1416.6
BuildingSourceSlice_fbx_10_-24000_1159_-3427|108.29|-2342.9,-341.5;-2378.9,-290.0;-2456.6,-344.2;-2420.7,-395.8
BuildingSourceSlice_fbx_1_-29060_1581_6094|134.78|-2952.7,601.4;-2950.1,599.5;-2947.9,599.2;-2946.4,596.9;-2945.2,598.4;-2878.7,550.4;-2857.6,579.1;-2869.6,588.5;-2866.3,593.1;-2853.7,584.5;-2830.2,617.2;-2868.3,644.2;-2860.9,654.2;-2879.9,668.2;-2888.2,658.2;-2902.4,668.2;-2936.9,622.2;-2968.0,644.0;-2981.5,624.7;-2951.5,603.0
BuildingSourceSlice_fbx_1_-29060_1581_6094|134.78|-2908.3,668.2;-2916.2,668.0;-2951.3,641.5;-2954.2,637.5;-2938.2,626.2
BuildingSourceSlice_orph_2763_-1361|129.97|2782.4,-1380.6;2772.6,-1332.6;2742.3,-1338.6;2752.1,-1386.7;2763.3,-1384.5;2764.2,-1389.3;2778.4,-1386.4;2777.4,-1381.6
BuildingSourceSlice_fbx_1_-26110_2045_11582|137.29|-2569.7,1125.2;-2566.9,1143.8;-2565.4,1146.3;-2565.4,1171.1;-2570.4,1180.4;-2603.8,1137.7;-2574.0,1113.6
BuildingSourceSlice_fbx_1_-26110_2045_11582|137.29|-2602.5,1123.7;-2611.8,1131.1;-2571.5,1182.9;-2585.2,1193.6;-2587.6,1193.9;-2600.4,1202.4;-2633.6,1159.6;-2636.4,1161.2;-2650.6,1143.2;-2610.5,1113.5
BuildingSourceSlice_fbx_1_-26110_2045_11582|137.29|-2636.2,1165.0;-2632.0,1161.9;-2600.4,1202.4;-2606.9,1207.3;-2631.3,1207.2;-2650.9,1181.2;-2650.9,1162.5;-2649.0,1161.2
BuildingSourceSlice_fbx_11_21361_1456_3838|114.46|2173.6,408.9;2129.7,412.9;2127.6,411.4;2103.6,413.7;2098.5,360.4;2168.6,353.9
BuildingSourceSlice_orph_124_2097|92.82|141.2,2094.8;162.6,2098.7;163.5,2093.0;162.1,2104.9;153.0,2104.0;151.6,2113.6;160.4,2114.4;162.1,2105.1;160.6,2127.4;150.6,2126.5;150.7,2124.9;94.4,2120.5;99.9,2062.2;118.9,2062.4;118.8,2063.5;141.8,2065.5;135.3,2067.0;135.3,2089.8
BuildingSourceSlice_fbx_10_-16824_951_-11310|61.67|-1681.0,-1159.2;-1679.7,-1157.1;-1666.7,-1149.2;-1666.1,-1147.4;-1658.3,-1144.1;-1656.1,-1144.9;-1640.1,-1134.6;-1651.1,-1116.7;-1661.0,-1117.2;-1661.2,-1107.1;-1663.2,-1103.3;-1667.0,-1101.3;-1674.7,-1101.1;-1679.6,-1103.9;-1679.2,-1106.2;-1724.7,-1133.9;-1723.7,-1135.4
BuildingSourceSlice_fbx_4_-3990_1674_-14588|123.13|-440.3,-1474.3;-438.4,-1482.4;-432.0,-1497.0;-382.9,-1497.5;-391.1,-1462.7
BuildingSourceSlice_fbx_4_-3990_1674_-14588|123.13|-366.8,-1451.2;-371.9,-1429.6;-373.2,-1428.5;-444.6,-1445.3;-445.8,-1446.7;-439.9,-1472.1;-388.8,-1460.0;-382.2,-1490.0;-351.4,-1483.1;-358.8,-1449.3
BuildingSourceSlice_fbx_9_-8565_1531_8492|82.51|-903.7,908.1;-908.5,795.5;-897.9,795.0;-898.0,793.0;-795.5,788.6;-791.2,890.9;-792.2,894.9;-789.6,896.3;-789.3,905.0;-893.2,909.8;-893.4,908.0;-905.6,908.6
BuildingSourceSlice_orph_551_-175|77.65|541.6,-201.4;549.6,-211.5;564.9,-198.9;591.9,-160.7;590.7,-161.5;570.6,-133.5;506.1,-179.8;527.6,-209.2
BuildingSourceSlice_fbx_11_14468_1463_4344|120.98|1395.3,396.8;1436.8,413.1;1437.5,411.6;1455.5,418.9;1459.6,419.3;1504.0,450.0;1488.2,469.0;1455.0,445.5;1454.2,446.2;1440.0,436.4;1413.1,426.0;1412.8,427.6;1389.8,419.2
BuildingSourceSlice_fbx_16_10728_1859_-5602|136.10|1070.2,-535.2;1071.2,-532.8;1064.4,-530.0;1045.3,-576.3;1079.5,-590.5;1100.3,-540.9;1082.1,-533.3;1079.7,-539.1
BuildingSourceSlice_fbx_1_-26555_1588_10525|134.97|-2659.1,1083.0;-2685.8,1047.5;-2652.0,1022.1;-2625.3,1057.6
BuildingSourceSlice_orph_2405_-262|129.35|2421.6,-278.3;2421.5,-280.1;2424.0,-258.4;2423.6,-256.6;2422.2,-256.5;2422.9,-249.5;2408.8,-250.5;2410.1,-245.3;2390.5,-243.5;2390.5,-242.4;2386.8,-274.5
BuildingSourceSlice_fbx_5_8936_1197_1300|80.23|917.9,151.5;894.7,162.5;869.3,108.5;892.5,97.6
BuildingSourceSlice_fbx_5_8936_1197_1300|80.23|862.9,143.8;879.4,136.0;898.3,175.8;881.8,183.6
BuildingSourceSlice_fbx_15_-24610_808_-17918|57.41|-2457.3,-1810.4;-2485.8,-1787.8;-2493.9,-1798.1;-2493.8,-1815.2;-2485.2,-1822.0;-2477.9,-1821.9;-2474.3,-1817.5;-2468.7,-1821.8;-2466.3,-1821.9
BuildingSourceSlice_fbx_15_-24610_808_-17918|57.41|-2473.2,-1769.1;-2486.4,-1787.3;-2448.7,-1814.4;-2435.6,-1796.2
BuildingSourceSlice_fbx_15_-24610_808_-17918|57.41|-2470.6,-1767.6;-2434.2,-1793.9;-2428.1,-1785.3;-2428.3,-1772.3;-2439.4,-1764.2;-2444.7,-1770.0;-2456.3,-1761.7;-2466.1,-1761.6
BuildingSourceSlice_orph_-2149_-786|75.44|-2148.4,-804.6;-2131.1,-786.7;-2150.2,-768.2;-2167.5,-786.1
BuildingSourceSlice_fbx_4_-2814_1203_-9822|100.44|-302.0,-970.5;-309.4,-988.6;-304.5,-1008.6;-253.3,-986.7;-266.9,-955.8
BuildingSourceSlice_fbx_10_-18704_1429_-11070|65.31|-1850.2,-1113.4;-1874.9,-1086.6;-1890.6,-1100.6;-1865.4,-1127.0
BuildingSourceSlice_fbx_2_24597_1375_-7291|122.37|2485.5,-725.0;2477.5,-710.5;2475.8,-710.2;2433.8,-733.2;2442.3,-748.8
BuildingSourceSlice_fbx_14_-4902_753_-3377|51.69|-462.6,-361.0;-474.0,-387.6;-457.5,-387.6;-448.5,-367.4
BuildingSourceSlice_fbx_14_-4902_753_-3377|51.69|-536.5,-346.9;-483.7,-370.8;-440.4,-333.8;-435.6,-334.9;-435.6,-330.0;-467.0,-311.7;-471.9,-324.8;-516.8,-305.6
BuildingSourceSlice_orph_-1980_140|109.19|-1991.6,131.4;-1977.7,126.3;-1968.5,135.9;-1968.4,134.6;-1967.2,145.6;-1975.7,153.7;-1983.9,153.0;-1980.0,152.3;-1989.9,147.6
BuildingSourceSlice_fbx_1_-29025_1532_4404|131.40|-2904.9,395.1;-2890.2,415.7;-2926.6,441.7;-2941.3,421.1
BuildingSourceSlice_fbx_1_-29025_1532_4404|131.40|-2879.7,441.4;-2911.5,464.5;-2927.2,443.0;-2890.4,416.4;-2877.9,433.5
BuildingSourceSlice_fbx_2_20577_1726_-4337|144.88|2083.5,-406.5;2078.5,-406.7;2073.2,-412.6;2055.8,-406.6;2054.8,-407.8;2059.5,-409.6;2056.0,-418.8;2046.3,-415.5;2037.7,-438.7;2038.3,-440.9;2042.9,-442.5;2037.7,-456.3;2037.8,-473.3;2041.1,-478.8;2045.1,-480.0;2061.3,-478.9;2082.9,-419.0;2083.7,-419.5;2087.9,-408.5
BuildingSourceSlice_fbx_7_10493_1102_13448|75.77|1025.1,1363.6;1020.1,1342.4;1020.1,1336.0;1024.2,1319.9;1041.1,1326.6;1035.7,1337.7;1061.5,1348.0;1052.3,1373.9
BuildingSmooth_9_-17027_1540_11149|124.34|-1682.4,1099.1;-1673.2,1123.6;-1706.9,1136.2;-1716.1,1111.7
BuildingSmooth_9_-17027_1540_11149|124.34|-1706.9,1136.2;-1687.8,1148.8;-1670.5,1122.5;-1689.6,1109.9
BuildingSmooth_9_-17027_1540_11149|124.34|-1697.3,1112.1;-1696.3,1111.8;-1692.1,1123.0;-1693.1,1123.3
BuildingSmooth_9_-17027_1540_11149|124.34|-1690.6,1109.6;-1689.6,1109.2;-1685.4,1120.5;-1686.4,1120.8
BuildingSmooth_9_-17027_1540_11149|124.34|-1701.1,1119.4;-1688.7,1114.7;-1688.3,1115.7;-1700.7,1120.3
BuildingSmooth_9_-17027_1540_11149|124.34|-1699.7,1125.8;-1685.4,1120.5;-1685.1,1121.4;-1699.4,1126.8
BuildingSmooth_9_-17027_1540_11149|124.34|-1704.0,1114.6;-1703.0,1114.3;-1698.8,1125.5;-1699.7,1125.8
BuildingSmooth_9_-17027_1540_11149|124.34|-1704.3,1113.7;-1690.0,1108.3;-1689.6,1109.2;-1704.0,1114.6
BuildingSmooth_9_-17027_1540_11149|124.34|-1727.4,1115.9;-1718.2,1140.4;-1706.9,1136.2;-1716.1,1111.7
BuildingSmooth_9_-17027_1540_11149|124.34|-1682.4,1099.1;-1663.3,1111.7;-1670.5,1122.5;-1689.6,1109.9
BuildingSmooth_9_-17762_1766_10565_Residual_8943e5cb_Body01|129.64|-1796.9,1055.5;-1796.3,1056.3;-1797.9,1057.4;-1798.5,1056.6
BuildingSmooth_9_-17762_1766_10565_Residual_8943e5cb_Body01|129.64|-1806.5,1059.1;-1807.9,1061.5;-1783.6,1076.1;-1782.2,1073.8
BuildingSmooth_9_-17762_1766_10565_Residual_8943e5cb_Body01|129.64|-1783.6,1076.1;-1784.2,1076.9;-1804.8,1061.6;-1804.2,1060.8
BuildingSmooth_9_-17762_1766_10565_Residual_8943e5cb_Body01|129.64|-1800.1,1049.0;-1791.4,1061.6;-1792.2,1062.1;-1801.0,1049.6
BuildingSmooth_9_-17762_1766_10565_Residual_8943e5cb_Body01|129.64|-1808.5,1045.9;-1786.1,1077.8;-1781.2,1074.4;-1803.5,1042.4
BuildingSmooth_9_-17762_1766_10565_Residual_8943e5cb_Body01|129.64|-1781.2,1074.4;-1783.7,1076.7;-1809.2,1050.0;-1806.7,1047.7
BuildingSmooth_9_-17762_1766_10565_Residual_8943e5cb_Body01|129.64|-1781.2,1074.4;-1784.5,1078.2;-1806.5,1059.1;-1803.2,1055.3
BuildingSmooth_9_-17762_1766_10565_Residual_8943e5cb_Body01|129.64|-1809.2,1050.0;-1812.5,1053.9;-1806.5,1059.1;-1803.2,1055.3
BuildingSmooth_9_-17762_1766_10565_Residual_8943e5cb_Body01|129.64|-1808.5,1045.9;-1810.9,1048.2;-1809.2,1050.0;-1806.7,1047.7
BuildingSmooth_9_-17762_1766_10565_Residual_8943e5cb_Body01|129.64|-1781.2,1074.4;-1782.6,1076.7;-1783.6,1076.1;-1782.2,1073.8
BuildingSmooth_9_-17762_1766_10565_Residual_8943e5cb_Body01|129.64|-1806.5,1059.1;-1807.1,1059.9;-1804.8,1061.6;-1804.2,1060.8
BuildingSmooth_9_-17762_1766_10565_Residual_8943e5cb_Body01|129.64|-1800.8,1050.7;-1793.2,1061.6;-1794.0,1062.2;-1801.6,1051.3
BuildingSmooth_9_-17762_1766_10565_Residual_8943e5cb_Body01|129.64|-1792.8,1061.3;-1792.2,1062.1;-1793.8,1063.3;-1794.4,1062.5
BuildingSmooth_9_-17762_1766_10565_Residual_8943e5cb_Body01|129.64|-1801.0,1049.6;-1800.4,1050.4;-1802.0,1051.6;-1802.6,1050.7
BuildingSmooth_9_-17762_1766_10565_Residual_8943e5cb_Body01|129.64|-1802.6,1050.7;-1793.8,1063.3;-1794.7,1063.8;-1803.4,1051.3
BuildingSourceSlice_fbx_8_1630_1759_24378|116.33|189.4,2484.5;171.6,2483.5;171.7,2470.8;162.2,2470.0;161.0,2468.2;143.9,2468.5;142.5,2469.6;129.7,2468.2;135.5,2391.4;196.8,2396.4
BuildingSourceSlice_fbx_1_-29149_1829_1741|127.64|-2889.6,136.3;-2887.5,176.9;-2906.4,177.8;-2905.2,210.2;-2938.5,211.9;-2942.3,139.0
BuildingSourceSlice_orph_-2450_-2335|61.02|-2473.6,-2322.2;-2451.7,-2397.1;-2445.2,-2395.2;-2442.8,-2398.6;-2423.9,-2448.4;-2399.4,-2499.2;-2384.1,-2492.5;-2389.2,-2481.9;-2396.3,-2485.2;-2407.9,-2460.7;-2400.9,-2457.4;-2403.9,-2450.9;-2409.7,-2453.6;-2421.3,-2429.1;-2414.4,-2425.8;-2426.6,-2391.7;-2422.1,-2390.2;-2439.4,-2332.7;-2441.6,-2333.2;-2451.0,-2284.4;-2460.3,-2202.8;-2464.9,-2203.3;-2464.8,-2205.2;-2483.2,-2205.1;-2478.6,-2250.1;-2484.0,-2250.6
BuildingSourceSlice_fbx_9_-8748_1822_5279|75.30|-857.2,497.6;-866.2,471.1;-836.8,459.4;-828.7,459.4;-819.0,483.4
BuildingSourceSlice_fbx_9_-8748_1822_5279|75.30|-875.3,466.8;-865.1,501.8;-820.1,484.8;-815.1,486.1;-809.1,505.5;-800.7,525.3;-823.9,567.2;-922.5,588.8;-949.3,488.2
BuildingSourceSlice_fbx_13_-12676_1320_23442|90.13|-1246.5,2383.8;-1311.9,2350.4;-1293.1,2312.8;-1283.5,2317.7;-1279.8,2309.1;-1223.2,2337.4
BuildingSourceSlice_orph_2490_295|110.76|2470.3,324.8;2469.1,294.8;2473.8,294.6;2474.3,268.3;2513.5,268.7;2513.1,288.8;2511.0,288.8;2512.1,298.8;2504.0,298.7;2505.1,323.4
BuildingSourceSlice_fbx_10_-16108_1282_-2279|81.91|-1642.1,-244.7;-1581.8,-248.3;-1579.5,-210.3;-1639.8,-206.7
BuildingSmooth_16_15276_1653_-4614|145.37|1501.8,-459.8;1498.6,-482.7;1535.2,-487.7;1538.3,-464.8
BuildingSmooth_16_15276_1653_-4614|145.37|1531.0,-458.7;1530.3,-458.0;1523.1,-466.4;1523.9,-467.0
BuildingSmooth_16_15276_1653_-4614|145.37|1525.4,-453.9;1524.7,-453.2;1517.5,-461.6;1518.3,-462.2
BuildingSmooth_16_15276_1653_-4614|145.37|1553.6,-466.8;1557.2,-440.6;1516.6,-435.1;1513.0,-461.3
BuildingSmooth_16_15276_1653_-4614|145.37|1501.8,-459.8;1505.3,-433.5;1516.6,-435.1;1513.0,-461.3
BuildingSmooth_16_15276_1653_-4614|145.37|1532.6,-466.6;1522.2,-457.7;1521.5,-458.4;1531.9,-467.3
BuildingSmooth_16_15276_1653_-4614|145.37|1537.3,-462.7;1525.3,-452.5;1524.7,-453.2;1536.6,-463.4
BuildingSmooth_16_15276_1653_-4614|145.37|1553.6,-466.8;1550.5,-489.8;1535.2,-487.7;1538.3,-464.8
BuildingSmooth_16_15276_1653_-4614|145.37|1529.4,-471.8;1517.5,-461.6;1516.9,-462.3;1528.8,-472.5
BuildingSmooth_16_15276_1653_-4614|145.37|1536.6,-463.4;1535.8,-462.8;1528.7,-471.1;1529.4,-471.8
BuildingSourceSlice_fbx_6_14814_1899_-14025|144.40|1457.9,-1411.9;1448.5,-1441.0;1481.2,-1451.4;1501.8,-1387.9;1506.7,-1389.5;1514.4,-1365.5;1508.3,-1363.5;1508.0,-1364.7;1469.6,-1352.4;1470.2,-1350.5;1461.8,-1347.8;1456.1,-1369.0;1461.7,-1370.8;1463.1,-1373.8;1457.5,-1390.9
BuildingSourceSlice_fbx_1_-28882_1832_8295|130.64|-2894.3,815.5;-2894.3,810.9;-2882.6,803.2;-2885.2,799.2;-2891.5,803.4;-2901.8,788.2;-2886.4,777.7;-2843.4,840.3;-2856.3,849.2;-2859.8,849.3;-2860.2,851.8;-2903.4,880.9;-2931.5,839.9;-2931.4,836.4;-2901.2,815.5
BuildingSourceSlice_fbx_15_-19162_851_-19324|65.50|-1862.6,-1999.6;-1934.3,-1874.1;-1929.8,-1878.0;-1905.8,-1864.2;-1914.7,-1848.7;-1969.7,-1880.3;-1891.8,-2016.4
BuildingSourceSlice_fbx_15_-19162_851_-19324|65.50|-1861.0,-1934.9;-1898.9,-1866.3;-1926.0,-1880.8;-1888.1,-1950.0;-1873.4,-1948.4;-1873.5,-1946.1;-1865.8,-1942.8
BuildingSourceSlice_fbx_8_-4248_858_22809|60.56|-413.9,2252.8;-418.3,2310.2;-435.5,2308.9;-431.2,2251.5
BuildingSourceSlice_fbx_6_1388_1482_-15042|119.91|122.8,-1513.3;125.0,-1513.0;126.4,-1522.1;166.0,-1516.0;164.7,-1506.9;166.1,-1506.7;163.0,-1486.3;119.7,-1492.9
BuildingSourceSlice_part_107_160|66.82|144.2,136.0;144.3,137.2;201.0,128.3;205.1,162.8;15.8,192.4;7.0,157.7
BuildingSourceSlice_orph_700_194|76.26|699.6,213.8;686.0,180.6;700.6,174.6;714.1,207.9
BuildingSourceSlice_fbx_9_-10021_1662_7590|92.84|-1050.5,709.7;-962.0,691.7;-959.7,693.8;-953.8,801.0;-1023.6,826.6;-1027.6,817.0;-1032.5,796.8;-1045.7,737.7;-1044.5,736.7
BuildingSourceSlice_fbx_8_166_1182_27506|96.45|-8.0,2735.6;32.5,2735.7;33.0,2744.9;40.6,2744.8;41.2,2765.5;-7.7,2764.6
BuildingSmooth_1_-23863_1484_9089|140.03|-2402.0,908.2;-2403.0,895.1;-2383.6,893.7;-2382.7,906.8
BuildingSmooth_1_-23863_1484_9089|140.03|-2372.0,906.0;-2369.5,910.6;-2372.1,912.0;-2374.6,907.4
BuildingSmooth_1_-23863_1484_9089|140.03|-2393.3,917.4;-2390.8,922.0;-2372.1,912.0;-2374.6,907.4
BuildingSmooth_1_-23863_1484_9089|140.03|-2372.0,906.0;-2372.9,892.9;-2383.6,893.7;-2382.7,906.8
BuildingSmooth_1_-23863_1484_9089|140.03|-2402.0,908.2;-2401.3,918.0;-2393.3,917.4;-2394.0,907.6
BuildingSmooth_1_-23863_1484_9089|140.03|-2392.1,910.5;-2382.1,910.7;-2382.1,911.7;-2392.1,911.5
BuildingSmooth_1_-23863_1484_9089|140.03|-2383.0,906.7;-2382.0,906.7;-2382.1,910.7;-2383.1,910.7
BuildingSmooth_1_-23863_1484_9089|140.03|-2387.5,906.6;-2386.5,906.6;-2386.6,910.6;-2387.6,910.6
BuildingSmooth_1_-23863_1484_9089|140.03|-2381.2,914.8;-2379.6,921.9;-2387.4,923.6;-2389.0,916.5
BuildingSmooth_1_-23863_1484_9089|140.03|-2372.0,906.0;-2371.2,915.8;-2393.3,917.4;-2394.0,907.6
BuildingSmooth_1_-23863_1484_9089|140.03|-2391.9,905.5;-2382.0,905.7;-2382.0,906.7;-2392.0,906.5
BuildingSmooth_1_-23863_1484_9089|140.03|-2392.0,906.5;-2391.0,906.5;-2391.1,910.5;-2392.1,910.5
BuildingSmooth_1_-23863_1484_9089|140.03|-2391.0,908.0;-2383.0,908.2;-2383.0,909.2;-2391.0,909.0
BuildingSmooth_1_-23863_1484_9089|140.03|-2393.3,917.4;-2393.2,917.8;-2381.2,914.8;-2381.3,914.4
BuildingSmooth_1_-23863_1484_9089|140.03|-2372.1,912.0;-2372.0,912.4;-2381.2,914.8;-2381.3,914.4
BuildingSmooth_1_-23863_1484_9089|140.03|-2387.4,923.6;-2387.3,917.6;-2393.3,917.4;-2393.4,923.4
BuildingSmooth_1_-23863_1484_9089|140.03|-2393.3,917.4;-2391.7,924.5;-2387.4,923.6;-2389.0,916.5
BuildingSourceSlice_fbx_11_15557_1728_5285|124.08|1570.1,544.3;1565.7,547.8;1558.6,548.1;1547.0,544.4;1545.2,546.5;1541.2,544.8;1538.3,547.5;1535.2,545.3;1533.7,541.7;1533.6,524.2;1551.3,499.2;1587.0,523.2;1573.2,543.8
BuildingSourceSlice_fbx_4_-9952_834_-2980|57.73|-1021.7,-340.5;-1003.4,-329.2;-988.5,-316.6;-978.8,-304.8;-947.5,-283.3;-935.0,-271.6;-930.1,-264.3;-930.7,-258.4;-934.4,-254.0;-942.2,-251.1;-963.3,-254.3;-983.6,-261.0;-1000.0,-272.8;-1013.5,-286.4;-1033.6,-298.3;-1048.2,-310.8;-1058.1,-323.5;-1059.9,-331.7;-1056.5,-339.6;-1048.5,-345.0;-1037.7,-344.6
BuildingSourceSlice_fbx_1_-23236_2171_12331|141.74|-2299.1,1261.0;-2303.3,1255.9;-2312.4,1263.3;-2320.6,1253.4;-2339.4,1268.5;-2366.7,1234.5;-2320.0,1197.6;-2280.5,1245.7
BuildingSourceSlice_fbx_16_5282_965_-2427|81.23|507.1,-265.0;527.2,-273.9;549.3,-220.4;530.5,-211.8
BuildingSourceSlice_orph_-1486_1189|114.29|-1508.7,1161.4;-1470.5,1151.2;-1451.5,1217.5;-1456.4,1220.5;-1457.2,1219.4;-1466.6,1222.8;-1465.2,1229.0;-1477.2,1231.3;-1478.5,1226.0;-1488.5,1228.6;-1493.1,1210.9;-1501.6,1212.7;-1507.4,1197.3;-1533.2,1175.2
BuildingSourceSlice_fbx_5_11881_1212_4274|96.67|1218.9,429.6;1183.8,450.6;1178.3,442.2;1166.9,448.8;1157.0,432.4;1190.2,413.7;1190.2,412.4;1204.3,404.5
BuildingSmooth_11_15015_1554_1694_Body01|123.05|1518.3,170.7;1497.9,175.7;1498.6,178.6;1519.0,173.6
BuildingSmooth_11_15015_1554_1694_Body01|123.05|1515.4,183.8;1514.8,185.7;1505.9,183.0;1506.5,181.0
BuildingSmooth_11_15015_1554_1694_Body01|123.05|1498.6,178.6;1498.0,180.6;1505.9,183.0;1506.5,181.0
BuildingSmooth_11_15015_1554_1694_Body01|123.05|1515.4,183.8;1515.3,184.7;1512.5,184.5;1512.5,183.5
BuildingSmooth_11_15015_1554_1694_Body01|123.05|1498.6,178.6;1500.1,184.5;1517.6,180.1;1516.1,174.3
BuildingSmooth_11_15015_1554_1694_Body01|123.05|1519.0,173.6;1520.5,179.4;1517.6,180.1;1516.1,174.3
BuildingSmooth_11_15015_1554_1694_Body01|123.05|1498.6,178.6;1498.3,182.4;1515.4,183.8;1515.7,180.0
BuildingSmooth_11_15015_1554_1694_Body01|123.05|1517.6,180.1;1517.3,183.9;1515.4,183.8;1515.7,180.0
BuildingSmooth_11_15015_1554_1694_Body01|123.05|1498.6,178.6;1519.0,173.6;1518.3,170.7;1497.9,175.7
BuildingSmooth_11_15015_1554_1694_Body01|123.05|1512.6,174.7;1505.8,176.3;1505.6,175.4;1512.4,173.7
BuildingSmooth_11_15015_1554_1694_Body01|123.05|1510.4,178.3;1509.4,178.5;1508.7,175.6;1509.7,175.4
BuildingSmooth_11_15015_1554_1694_Body01|123.05|1507.5,179.0;1506.5,179.3;1505.8,176.3;1506.8,176.1
BuildingSmooth_11_15015_1554_1694_Body01|123.05|1512.1,176.8;1507.3,178.0;1507.0,177.1;1511.9,175.9
BuildingSmooth_11_15015_1554_1694_Body01|123.05|1505.9,183.0;1505.8,184.0;1512.5,184.5;1512.5,183.5
BuildingSmooth_11_15015_1554_1694_Body01|123.05|1513.6,178.5;1506.8,180.2;1506.5,179.3;1513.3,177.6
BuildingSmooth_11_15015_1554_1694_Body01|123.05|1513.3,177.6;1512.4,177.8;1511.6,174.9;1512.6,174.7
BuildingSmooth_11_15015_1554_1694_Body01|123.05|1498.6,178.6;1498.0,180.6;1505.9,183.0;1506.5,181.0
BuildingSmooth_11_15015_1554_1694_Body01|123.05|1515.4,183.8;1514.8,185.7;1505.9,183.0;1506.5,181.0
BuildingSmooth_11_15015_1554_1694_Body01|123.05|1517.6,180.1;1517.3,183.9;1515.4,183.8;1515.7,180.0
BuildingSmooth_11_15015_1554_1694_Body01|123.05|1498.6,178.6;1519.0,173.6;1518.3,170.7;1497.9,175.7
BuildingSmooth_11_15015_1554_1694_Body01|123.05|1498.6,178.6;1500.1,184.5;1517.6,180.1;1516.1,174.3
BuildingSmooth_11_15015_1554_1694_Body01|123.05|1515.4,183.8;1515.3,184.7;1512.5,184.5;1512.5,183.5
BuildingSmooth_11_15015_1554_1694_Body01|123.05|1505.9,183.0;1505.8,184.0;1512.5,184.5;1512.5,183.5
BuildingSmooth_11_15015_1554_1694_Body01|123.05|1498.6,178.6;1498.3,182.4;1515.4,183.8;1515.7,180.0
BuildingSmooth_11_15015_1554_1694_Body01|123.05|1518.3,170.7;1497.9,175.7;1498.6,178.6;1519.0,173.6
BuildingSmooth_11_15015_1554_1694_Body01|123.05|1519.0,173.6;1520.5,179.4;1517.6,180.1;1516.1,174.3
BuildingSmooth_1_-19913_2806_5999|266.05|-1984.2,617.7;-1984.1,617.6;-1984.7,617.1;-1984.9,617.2
BuildingSmooth_1_-19913_2806_5999|266.05|-1984.2,617.7;-1984.9,617.2;-1984.7,617.1;-1984.1,617.6
BuildingSmooth_1_-19913_2806_5999|266.05|-2010.1,596.0;-2010.0,595.8;-1984.7,617.1;-1984.9,617.2
BuildingSmooth_1_-19913_2806_5999|266.05|-1996.8,588.7;-1986.8,597.0;-1987.5,597.8;-1997.4,589.4
BuildingSmooth_1_-19913_2806_5999|266.05|-1980.1,597.5;-1980.8,611.8;-1991.6,611.3;-1990.9,597.0
BuildingSmooth_1_-19913_2806_5999|266.05|-1988.2,597.1;-1987.5,597.8;-1992.6,603.9;-1993.4,603.3
BuildingSmooth_1_-19913_2806_5999|266.05|-1984.7,617.1;-1984.7,617.0;-1991.6,611.3;-1991.7,611.3
BuildingSmooth_1_-19913_2806_5999|266.05|-1997.4,589.4;-1996.7,590.1;-2001.8,596.2;-2002.6,595.6
BuildingSmooth_1_-19913_2806_5999|266.05|-1998.9,592.8;-1990.5,599.8;-1991.1,600.6;-1999.6,593.5
BuildingSmooth_1_-19913_2806_5999|266.05|-2010.1,596.0;-2010.1,596.0;-1991.6,611.3;-1991.7,611.3
BuildingSmooth_1_-19913_2806_5999|266.05|-1992.8,593.3;-1992.1,593.9;-1997.2,600.1;-1998.0,599.4
BuildingSmooth_1_-19913_2806_5999|266.05|-2002.6,595.6;-1992.6,603.9;-1993.3,604.7;-2003.2,596.3
BuildingSmooth_1_-19913_2806_5999|266.05|-1972.5,603.8;-1973.2,603.3;-1984.7,617.1;-1984.1,617.6
BuildingSmooth_1_-19913_2806_5999|266.05|-2010.1,596.0;-2010.8,610.3;-1991.6,611.3;-1990.9,597.0
BuildingSmooth_1_-19913_2806_5999|266.05|-2010.1,596.0;-1991.8,611.4;-1980.1,597.5;-1998.4,582.1
BuildingSmooth_2_27317_1505_-8353_Body01|118.30|2752.2,-830.1;2751.1,-843.4;2752.1,-843.4;2753.2,-830.2
BuildingSmooth_2_27317_1505_-8353_Body01|118.30|2755.4,-829.4;2754.1,-844.6;2755.1,-844.7;2756.4,-829.5
BuildingSmooth_2_27317_1505_-8353_Body01|118.30|2749.1,-843.2;2749.0,-844.2;2754.1,-844.6;2754.2,-843.6
BuildingSmooth_2_27317_1505_-8353_Body01|118.30|2750.3,-829.0;2750.2,-830.0;2755.3,-830.4;2755.4,-829.4
BuildingSmooth_2_27317_1505_-8353_Body01|118.30|2749.7,-836.1;2749.6,-837.1;2754.7,-837.5;2754.8,-836.5
BuildingSmooth_2_27317_1505_-8353_Body01|118.30|2747.5,-819.8;2744.7,-852.7;2756.9,-853.7;2759.6,-820.8
BuildingSmooth_2_27317_1505_-8353_Body01|118.30|2749.3,-828.9;2748.0,-844.1;2749.0,-844.2;2750.3,-829.0
BuildingSourceSlice_fbx_4_-857_1869_-15812|119.35|-155.7,-1637.1;-0.0,-1605.7;-11.5,-1525.2;-171.3,-1559.6
BuildingSourceSlice_orph_103_906|69.50|-28.5,948.6;7.0,779.7;5.1,776.6;157.5,819.6;151.5,837.1;175.3,844.2;168.1,865.0;233.8,891.2;231.2,897.9;257.6,909.5;214.9,1010.1;202.6,1016.0;103.1,994.7;102.8,996.4;-11.5,972.9
BuildingSourceSlice_orph_-1358_2261|99.56|-1366.6,2274.9;-1366.5,2246.9;-1348.5,2246.9;-1348.6,2274.9
BuildingSourceSlice_orph_-2190_-824|73.78|-2208.1,-819.9;-2185.1,-841.6;-2172.8,-828.6;-2195.8,-806.8
BuildingSmooth_13_-10975_1263_19810_ResidualBody02|83.42|-1092.0,1954.6;-1073.6,1963.7;-1074.0,1964.6;-1092.5,1955.5
BuildingSmooth_13_-10975_1263_19810_ResidualBody02|83.42|-1060.9,1988.2;-1051.5,1969.1;-1105.7,1942.4;-1115.2,1961.5
BuildingSmooth_13_-10975_1263_19810_ResidualBody02|83.42|-1096.5,1963.6;-1078.0,1972.7;-1078.4,1973.6;-1096.9,1964.5
BuildingSmooth_13_-10975_1263_19810_ResidualBody02|83.42|-1083.7,1959.8;-1082.8,1960.3;-1086.8,1968.4;-1087.7,1967.9
BuildingSmooth_13_-10975_1263_19810_ResidualBody02|83.42|-1093.3,1959.5;-1076.7,1967.8;-1077.1,1968.7;-1093.8,1960.4
BuildingSmooth_13_-10975_1263_19810_ResidualBody02|83.42|-1074.9,1964.2;-1074.0,1964.6;-1078.0,1972.7;-1078.9,1972.2
BuildingSmooth_13_-10975_1263_19810_ResidualBody02|83.42|-1060.9,1988.2;-1045.0,1972.6;-1053.1,1964.3;-1069.0,1979.9
BuildingSmooth_13_-10975_1263_19810_ResidualBody02|83.42|-1092.5,1955.5;-1091.6,1956.0;-1095.6,1964.0;-1096.5,1963.6
BuildingSmooth_13_-10975_1263_19810_ResidualBody02|83.42|-1105.7,1942.4;-1089.8,1926.8;-1053.1,1964.3;-1069.0,1979.9
BuildingSourceSlice_fbx_1_-21847_1728_13925|139.16|-2215.5,1398.8;-2173.5,1366.2;-2153.8,1382.8;-2167.9,1393.9;-2167.0,1395.0;-2175.1,1401.1;-2176.0,1400.1;-2200.1,1418.7
BuildingSourceSlice_fbx_7_19165_1126_19946|79.71|1953.3,1993.4;1917.1,2032.0;1882.3,1997.0;1881.6,1997.7;1879.6,1995.8;1916.1,1956.9
BuildingSourceSlice_orph_2392_-474|132.51|2369.6,-495.1;2415.9,-493.9;2414.9,-452.6;2368.5,-453.8
BuildingSourceSlice_fbx_7_13803_1591_17345|78.97|1436.8,1682.1;1438.1,1683.3;1442.4,1711.5;1442.2,1746.1;1436.1,1750.6;1404.9,1704.8
BuildingSourceSlice_fbx_7_13803_1591_17345|78.97|1374.0,1768.3;1390.2,1792.1;1374.6,1803.0;1345.7,1761.5;1346.1,1759.8;1354.6,1753.1;1319.0,1702.3;1371.6,1667.2;1441.5,1761.3;1426.6,1772.2;1406.0,1744.1;1373.9,1767.2
BuildingSourceSlice_fbx_3_-105_1271_19021|80.36|-32.1,1914.2;-39.6,1913.1;-39.4,1896.9;-20.3,1878.1;-18.7,1874.6;0.2,1875.0;0.4,1878.2;1.8,1878.9;17.9,1879.8;18.4,1928.0;-32.1,1929.3
BuildingSourceSlice_fbx_7_6334_1029_15227|86.60|622.2,1544.7;618.1,1542.6;627.8,1514.3;628.6,1508.0;627.5,1507.4;629.4,1504.0;638.6,1505.7;643.3,1505.0;646.2,1506.7;643.5,1511.7;646.0,1541.3;641.0,1541.8;640.0,1544.5
BuildingSourceSlice_fbx_16_12823_1942_-3231|143.16|1283.5,-360.2;1286.8,-354.9;1296.9,-361.2;1327.5,-312.4;1308.3,-300.5;1302.9,-302.2;1275.4,-284.9;1260.1,-309.1;1258.1,-307.8;1236.9,-330.9
BuildingSourceSlice_orph_-1_2626|95.10|-36.6,2605.8;-57.8,2558.5;31.0,2567.3;41.5,2693.4;-7.4,2691.0;-7.1,2694.5;-29.0,2693.2;-31.9,2668.6;-27.3,2668.4
BuildingSourceSlice_fbx_10_-22085_1042_-12253|63.18|-2233.6,-1229.9;-2219.2,-1254.7;-2183.5,-1215.0;-2189.1,-1209.4;-2190.6,-1212.0;-2195.8,-1207.4;-2193.9,-1205.2;-2204.3,-1196.0
BuildingSmooth_15_-18509_934_-15069_Residual_2816b0af_Body01|63.02|-1830.6,-1550.2;-1806.6,-1490.5;-1872.2,-1464.2;-1896.1,-1523.8
BuildingSmooth_15_-18509_934_-15069_Residual_2816b0af_Body01|63.02|-1844.6,-1522.7;-1844.2,-1521.7;-1866.0,-1513.0;-1866.4,-1513.9
BuildingSmooth_15_-18509_934_-15069_Residual_2816b0af_Body01|63.02|-1843.7,-1523.0;-1834.9,-1501.3;-1835.9,-1500.9;-1844.6,-1522.7
BuildingSmooth_15_-18509_934_-15069_Residual_2816b0af_Body01|63.02|-1840.4,-1512.3;-1840.0,-1511.3;-1861.8,-1502.6;-1862.2,-1503.5
BuildingSmooth_15_-18509_934_-15069_Residual_2816b0af_Body01|63.02|-1866.4,-1513.9;-1857.7,-1492.2;-1858.6,-1491.8;-1867.3,-1513.5
BuildingSmooth_15_-18509_934_-15069_Residual_2816b0af_Body01|63.02|-1836.2,-1501.9;-1835.9,-1500.9;-1857.7,-1492.2;-1858.0,-1493.1
BuildingSmooth_15_-18509_934_-15069_Residual_2816b0af_Body01|63.02|-1854.6,-1517.5;-1846.7,-1497.7;-1847.6,-1497.3;-1855.6,-1517.2
BuildingSourceSlice_fbx_3_3395_1464_17443|98.89|277.6,1752.6;327.9,1699.0;342.5,1712.5;296.7,1761.1
BuildingSourceSlice_fbx_3_3395_1464_17443|98.89|304.7,1758.2;345.4,1715.4;374.2,1749.6;319.6,1773.1
BuildingSourceSlice_fbx_5_9055_971_2138|84.17|904.4,236.0;886.9,202.0;906.6,191.8;924.1,225.8
BuildingSourceSlice_fbx_9_-13844_1376_9862|113.25|-1359.1,1005.3;-1385.4,1014.7;-1403.1,966.9;-1408.8,968.9;-1409.7,967.3;-1377.5,955.7
BuildingSourceSlice_fbx_9_-12162_2326_6048|85.39|-1327.8,623.4;-1294.9,616.5;-1300.8,584.2;-1298.9,584.1;-1297.9,586.5;-1271.3,581.1;-1271.8,578.4;-1116.9,546.9;-1102.3,618.8;-1318.2,662.7;-1319.3,657.2;-1322.6,657.9;-1327.8,635.1
BuildingSourceSlice_orph_-2934_535|128.76|-2951.9,575.1;-2976.2,541.1;-2927.1,505.8;-2930.4,501.2;-2919.5,493.1;-2891.7,531.7
BuildingSmooth_15_-18443_1400_-23559_ResidualBody03|144.82|-1841.7,-2346.4;-1852.2,-2359.8;-1851.4,-2360.5;-1840.9,-2347.0
BuildingSmooth_15_-18443_1400_-23559_ResidualBody03|144.82|-1834.6,-2328.4;-1827.5,-2334.0;-1866.6,-2384.0;-1873.7,-2378.5
BuildingSmooth_15_-18443_1400_-23559_ResidualBody03|144.82|-1851.8,-2379.7;-1868.9,-2362.6;-1834.6,-2328.4;-1817.6,-2345.6
BuildingSmooth_15_-18443_1400_-23559_ResidualBody03|144.82|-1866.6,-2384.0;-1857.3,-2389.3;-1851.8,-2379.7;-1861.1,-2374.4
BuildingSmooth_15_-18443_1400_-23559_ResidualBody03|144.82|-1850.8,-2359.7;-1851.4,-2360.5;-1842.7,-2367.2;-1842.1,-2366.4
BuildingSmooth_15_-18443_1400_-23559_ResidualBody03|144.82|-1832.2,-2353.7;-1842.7,-2367.2;-1841.9,-2367.8;-1831.4,-2354.4
BuildingSmooth_15_-18443_1400_-23559_ResidualBody03|144.82|-1840.9,-2347.0;-1841.5,-2347.8;-1832.8,-2354.5;-1832.2,-2353.7
BuildingSmooth_15_-18443_1400_-23559_ResidualBody03|144.82|-1834.6,-2328.4;-1825.4,-2333.7;-1851.8,-2379.7;-1861.1,-2374.4
BuildingSmooth_15_-18443_1400_-23559_ResidualBody03|144.82|-1837.5,-2350.8;-1846.8,-2362.7;-1846.0,-2363.4;-1836.7,-2351.5
BuildingSmooth_15_-18443_1400_-23559_ResidualBody03|144.82|-1845.8,-2353.3;-1846.4,-2354.1;-1837.8,-2360.9;-1837.1,-2360.1
BuildingSmooth_15_-18443_1400_-23559_ResidualBody03|144.82|-1851.8,-2379.7;-1822.3,-2341.9;-1817.6,-2345.6;-1847.1,-2383.4
BuildingSourceSlice_fbx_7_21776_1173_21253|80.85|2228.2,2118.8;2183.9,2166.8;2181.6,2167.3;2138.9,2139.1;2134.8,2143.5;2127.0,2136.6;2182.4,2076.1
BuildingSourceSlice_fbx_9_-5506_1345_12202|70.71|-585.5,1201.7;-525.3,1199.2;-523.7,1238.5;-583.9,1241.0
BuildingSmooth_10_-26967_1303_-4267|110.83|-2694.0,-419.5;-2703.6,-424.8;-2703.1,-425.7;-2693.5,-420.4
BuildingSmooth_10_-26967_1303_-4267|110.83|-2691.1,-412.2;-2678.3,-417.1;-2682.3,-427.3;-2695.0,-422.4
BuildingSmooth_10_-26967_1303_-4267|110.83|-2702.3,-425.2;-2703.1,-425.7;-2700.2,-431.0;-2699.4,-430.5
BuildingSmooth_10_-26967_1303_-4267|110.83|-2690.6,-425.6;-2700.2,-431.0;-2699.8,-431.8;-2690.1,-426.5
BuildingSmooth_10_-26967_1303_-4267|110.83|-2693.5,-420.4;-2694.4,-420.9;-2691.5,-426.1;-2690.6,-425.6
BuildingSmooth_10_-26967_1303_-4267|110.83|-2691.1,-412.2;-2704.8,-406.9;-2711.1,-423.3;-2697.4,-428.6
BuildingSmooth_10_-26967_1303_-4267|110.83|-2702.3,-441.1;-2689.5,-446.1;-2682.3,-427.3;-2695.0,-422.4
BuildingSmooth_10_-26967_1303_-4267|110.83|-2697.9,-422.8;-2698.8,-423.3;-2695.9,-428.5;-2695.0,-428.1
BuildingSmooth_10_-26967_1303_-4267|110.83|-2702.3,-441.1;-2716.0,-435.8;-2711.1,-423.3;-2697.4,-428.6
BuildingSmooth_10_-26967_1303_-4267|110.83|-2693.2,-423.1;-2701.1,-427.4;-2700.6,-428.3;-2692.7,-423.9
BuildingSourceSlice_fbx_10_-13960_1116_-10322|62.25|-1387.1,-973.7;-1424.9,-997.8;-1448.1,-1014.8;-1398.6,-1086.6;-1379.4,-1089.1;-1345.5,-1040.2;-1349.5,-1031.1
BuildingSourceSlice_fbx_12_21331_1637_-22699|142.54|2098.3,-2260.9;2099.2,-2260.3;2134.3,-2306.1;2167.9,-2280.6;2131.7,-2232.4;2097.1,-2259.3
BuildingSourceSlice_fbx_10_-20068_1245_-4730|87.64|-2045.5,-455.6;-2045.5,-460.6;-2042.7,-469.6;-2013.2,-502.0;-2011.0,-499.9;-1996.5,-515.5;-1967.4,-489.1;-2021.2,-430.4;-2038.0,-445.7
BuildingSourceSlice_fbx_16_4505_1001_-2306|77.96|467.1,-245.7;442.2,-209.9;433.9,-215.3;434.0,-236.8;464.7,-251.0
BuildingSourceSlice_fbx_10_-16921_1257_-9424|60.80|-1679.1,-909.6;-1686.3,-915.3;-1689.5,-915.3;-1725.1,-943.7;-1725.6,-945.3;-1702.2,-975.0;-1663.3,-943.9;-1664.3,-942.6;-1658.1,-937.6;-1661.3,-930.6
BuildingSourceSlice_fbx_9_-16344_2040_8988|125.87|-1673.0,843.6;-1667.0,840.8;-1637.2,834.0;-1595.8,952.2;-1630.9,963.7
BuildingSourceSlice_orph_-200_3160|86.60|-227.9,3125.6;-153.5,3133.9;-163.2,3183.5;-166.1,3165.6;-168.1,3174.0;-195.1,3171.7;-199.7,3195.8;-195.1,3203.8;-234.0,3200.2;-235.4,3151.9;-228.1,3145.3
BuildingSourceSlice_orph_-1886_1368|126.66|-1890.6,1387.9;-1906.9,1366.3;-1890.5,1355.6;-1891.5,1354.5;-1882.5,1347.8;-1869.0,1363.2;-1871.3,1364.8;-1869.3,1373.8;-1876.6,1377.6;-1876.9,1376.7
BuildingSourceSlice_fbx_11_22140_1555_-170|133.77|2205.0,0.2;2202.4,-32.3;2222.6,-33.9;2225.2,-1.5
BuildingSourceSlice_fbx_4_-12036_1126_-5036|56.23|-1214.1,-478.9;-1229.0,-494.9;-1193.3,-527.9;-1178.4,-511.9
BuildingSourceSlice_fbx_4_-12036_1126_-5036|56.23|-1204.9,-484.6;-1180.2,-507.8;-1171.0,-497.9;-1171.0,-494.3;-1193.9,-472.8
BuildingSourceSlice_fbx_2_23566_1637_-8454|131.01|2359.8,-834.7;2366.9,-831.3;2364.4,-826.3;2357.7,-829.6;2356.7,-828.3;2343.8,-835.5;2355.2,-859.8;2367.5,-854.6;2368.3,-852.4
BuildingSourceSlice_orph_2524_284|110.45|2512.6,319.0;2521.8,275.1;2520.2,251.2;2531.9,248.2;2532.8,277.6;2521.9,321.7
BuildingSourceSlice_fbx_12_21679_1782_-17979|146.34|2149.4,-1827.3;2145.5,-1831.3;2156.8,-1847.4;2170.4,-1847.6;2175.3,-1844.3;2177.5,-1847.4;2180.7,-1847.6;2209.7,-1826.8;2210.0,-1788.5;2192.2,-1763.0;2147.9,-1763.0;2133.9,-1772.4;2133.6,-1793.8;2138.2,-1805.8;2138.6,-1817.5;2135.9,-1814.0;2133.9,-1814.3;2133.6,-1823.4;2136.7,-1831.7;2147.2,-1825.1
BuildingSourceSlice_fbx_11_23292_1198_4958|107.42|2357.7,492.6;2328.0,514.6;2301.0,481.2;2344.6,476.9
BuildingSourceSlice_fbx_11_23292_1198_4958|107.42|2304.2,522.1;2293.2,508.4;2293.6,482.2;2300.2,481.5;2327.3,515.1;2318.6,522.1
BuildingSourceSlice_orph_-2225_-280|106.61|-2281.1,-352.8;-2136.9,-253.0;-2142.7,-246.9;-2170.7,-206.4;-2313.5,-305.5
BuildingSmooth_14_-6048_754_-3195_Body01|49.69|-620.1,-295.3;-634.2,-324.5;-633.3,-324.9;-619.2,-295.7
BuildingSmooth_14_-6048_754_-3195_Body01|49.69|-623.9,-294.6;-637.1,-322.0;-636.2,-322.4;-623.0,-295.0
BuildingSmooth_14_-6048_754_-3195_Body01|49.69|-626.8,-292.1;-640.9,-321.2;-640.0,-321.7;-625.9,-292.5
BuildingSmooth_14_-6048_754_-3195_Body01|49.69|-625.9,-292.5;-626.4,-293.4;-620.5,-296.2;-620.1,-295.3
BuildingSmooth_14_-6048_754_-3195_Body01|49.69|-639.6,-320.8;-640.0,-321.7;-634.2,-324.5;-633.7,-323.6
BuildingSmooth_14_-6048_754_-3195_Body01|49.69|-617.3,-264.8;-656.2,-345.6;-641.6,-352.7;-602.6,-271.9
BuildingSmooth_14_-6048_754_-3195_Body01|49.69|-632.7,-306.6;-633.2,-307.5;-627.3,-310.3;-626.9,-309.4
BuildingSourceSlice_fbx_15_-18420_1465_-18989|65.00|-1822.0,-1912.5;-1814.1,-1893.5;-1815.5,-1877.4;-1823.2,-1864.6;-1859.9,-1885.7;-1858.4,-1888.7;-1869.9,-1895.0;-1848.8,-1933.2;-1827.3,-1921.1
BuildingSourceSlice_orph_1679_-1542|145.02|1676.1,-1598.3;1717.5,-1565.2;1715.2,-1562.3;1732.8,-1548.5;1684.1,-1486.7;1624.1,-1533.2;1656.4,-1570.0;1655.1,-1571.1
BuildingSourceSlice_fbx_11_18558_1616_3775|122.17|1881.0,373.7;1879.0,398.4;1853.7,387.9;1853.7,386.6;1848.7,384.7;1843.4,377.8;1838.0,376.7;1836.7,380.3;1830.6,378.1;1838.6,356.9
BuildingSourceSlice_fbx_4_-9932_1319_-18296|95.85|-1008.5,-1800.8;-1010.3,-1793.0;-1042.5,-1803.6;-1019.6,-1875.1;-1009.7,-1871.9;-1008.7,-1873.7;-990.2,-1867.7;-988.3,-1873.7;-967.9,-1867.3;-965.9,-1873.4;-944.0,-1866.2;-948.9,-1851.3;-947.7,-1850.9;-962.3,-1805.8;-963.8,-1805.5;-969.6,-1788.0
BuildingSourceSlice_fbx_5_7230_1628_3336|77.42|761.9,405.8;720.4,419.6;697.8,365.0;696.0,366.0;653.8,260.0;700.9,241.6;711.9,270.3;733.0,261.6;747.8,293.5;781.9,279.4;793.7,305.6;735.5,341.7
BuildingSourceSlice_fbx_12_20828_1653_-17300|146.52|2079.3,-1744.7;2097.8,-1732.4;2086.4,-1715.4;2067.9,-1727.7
BuildingSourceSlice_fbx_11_24043_1446_2163|118.02|2415.6,232.7;2395.3,234.1;2393.0,199.9;2413.3,198.6
BuildingSourceSlice_fbx_5_4386_913_4836|71.64|431.8,456.0;444.0,453.0;457.6,503.9;419.5,514.3
BuildingSourceSlice_fbx_1_-23798_1731_14239|140.37|-2384.7,1453.2;-2406.6,1425.3;-2406.6,1418.3;-2401.5,1414.3;-2402.4,1413.1;-2378.6,1394.7;-2349.7,1430.0;-2373.5,1448.2;-2375.8,1446.5
BuildingSourceSlice_fbx_5_3336_1396_9763|68.99|369.8,891.5;377.2,894.1;366.1,920.0;350.1,913.7;358.2,891.5
BuildingSourceSlice_fbx_5_3336_1396_9763|68.99|380.9,892.8;380.1,895.8;412.1,908.9;399.9,938.8;414.3,944.7;414.3,958.0;369.4,1061.0;254.4,1029.7;255.8,1026.7;266.1,1018.2;259.8,1017.8;260.4,1016.4;247.9,1015.7;276.7,943.1;332.7,965.6;333.2,968.3;395.0,993.8;396.1,991.2;334.2,963.9;352.2,921.8;348.6,919.9;350.8,914.5;366.8,921.0;379.2,891.6
BuildingSourceSlice_orph_2030_1982|80.10|1995.3,1990.3;2045.9,1952.5;2054.4,1960.1;2062.2,1970.0;2033.6,2000.7;2031.7,1998.9;2018.8,2012.3
BuildingSmooth_5_2594_1405_11882_Body01|80.78|295.4,1170.7;294.5,1171.0;289.8,1156.7;290.7,1156.4
BuildingSmooth_5_2594_1405_11882_Body01|80.78|274.9,1145.3;276.9,1151.5;313.6,1139.4;311.6,1133.3
BuildingSmooth_5_2594_1405_11882_Body01|80.78|292.1,1171.8;291.2,1172.1;286.5,1157.8;287.4,1157.5
BuildingSmooth_5_2594_1405_11882_Body01|80.78|292.3,1164.3;286.6,1166.2;286.3,1165.3;292.0,1163.4
BuildingSmooth_5_2594_1405_11882_Body01|80.78|313.6,1139.4;314.9,1147.8;303.4,1149.5;302.1,1141.2
BuildingSmooth_5_2594_1405_11882_Body01|80.78|274.9,1145.3;276.2,1153.7;303.4,1149.5;302.1,1141.2
BuildingSmooth_5_2594_1405_11882_Body01|80.78|303.2,1190.3;321.7,1178.6;303.4,1149.5;284.9,1161.2
BuildingSmooth_5_2594_1405_11882_Body01|80.78|274.9,1145.3;293.4,1133.7;303.4,1149.5;284.9,1161.2
BuildingSmooth_5_2594_1405_11882_Body01|80.78|274.9,1145.3;287.1,1141.3;303.2,1190.3;290.9,1194.3
BuildingSmooth_5_2594_1405_11882_Body01|80.78|288.8,1172.9;287.8,1173.2;283.1,1158.9;284.1,1158.6
BuildingSmooth_5_2594_1405_11882_Body01|80.78|295.8,1171.7;288.2,1174.2;287.8,1173.2;295.4,1170.7
BuildingSmooth_5_2594_1405_11882_Body01|80.78|290.7,1156.4;283.1,1158.9;282.8,1157.9;290.4,1155.4
BuildingSmooth_5_2594_1405_11882_Body01|80.78|293.0,1200.4;305.2,1196.4;303.2,1190.3;290.9,1194.3
BuildingSourceSlice_fbx_5_7276_1064_1259|74.02|752.8,124.9;718.2,142.0;712.4,142.7;703.2,120.4;723.8,108.1;747.3,113.3
BuildingSourceSlice_fbx_15_-19167_1123_-15452|61.72|-1885.6,-1548.4;-1905.8,-1518.2;-1921.1,-1527.7;-1925.7,-1520.0;-1927.4,-1519.6;-1947.8,-1533.4;-1922.8,-1572.4
BuildingSourceSlice_orph_-1755_1246|122.61|-1810.1,1248.8;-1794.5,1235.9;-1785.4,1247.0;-1788.8,1236.1;-1736.7,1197.4;-1711.7,1226.9;-1715.3,1229.8;-1701.3,1231.0;-1709.6,1237.7;-1704.0,1241.0;-1771.4,1295.9;-1786.3,1282.3;-1789.5,1275.4;-1785.5,1271.9;-1801.1,1256.1;-1804.3,1258.7
BuildingSourceSlice_orph_1366_548|125.05|1321.7,535.5;1329.1,525.3;1336.8,530.8;1341.5,524.3;1333.6,517.8;1344.1,504.0;1402.4,545.3;1396.6,550.9;1408.2,559.2;1399.6,567.5;1401.3,568.7;1384.7,591.8;1362.7,573.9;1331.0,552.4;1330.9,540.5;1327.1,535.9
BuildingSourceSlice_fbx_7_6940_1770_19640|106.96|715.7,1926.5;717.1,2001.0;671.9,2001.8;670.6,1927.3
BuildingSmooth_13_-16944_5925_18365_Body01|583.01|-1665.2,1894.0;-1667.5,1899.2;-1657.0,1903.7;-1654.8,1898.5
BuildingSmooth_13_-16944_5925_18365_Body01|583.01|-1665.2,1894.0;-1654.8,1898.5;-1657.0,1903.7;-1667.5,1899.2
BuildingSmooth_13_-16944_5925_18365_Body01|583.01|-1672.0,1909.7;-1669.8,1904.4;-1685.5,1897.7;-1687.7,1902.9
BuildingSmooth_13_-16944_5925_18365_Body01|583.01|-1672.0,1909.7;-1661.5,1914.2;-1657.0,1903.7;-1667.5,1899.2
BuildingSmooth_13_-16944_5925_18365_Body01|583.01|-1685.5,1897.7;-1682.9,1911.7;-1672.0,1909.7;-1674.6,1895.7
BuildingSmooth_13_-16944_5925_18365_Body01|583.01|-1665.2,1894.0;-1662.7,1908.0;-1672.0,1909.7;-1674.6,1895.7
BuildingSmooth_13_-16944_5925_18365_Body01|583.01|-1671.6,1902.2;-1677.1,1899.9;-1676.7,1898.9;-1671.2,1901.3
BuildingSmooth_13_-16944_5925_18365_Body01|583.01|-1665.2,1894.0;-1667.5,1899.2;-1657.0,1903.7;-1654.8,1898.5
BuildingSmooth_13_-16944_5925_18365_Body01|583.01|-1673.6,1906.8;-1679.1,1904.5;-1678.7,1903.5;-1673.2,1905.9
BuildingSmooth_13_-16944_5925_18365_Body01|583.01|-1672.0,1909.7;-1661.5,1914.2;-1657.0,1903.7;-1667.5,1899.2
BuildingSmooth_13_-16944_5925_18365_Body01|583.01|-1677.8,1903.9;-1678.7,1903.5;-1677.1,1899.9;-1676.2,1900.3
BuildingSmooth_13_-16944_5925_18365_Body01|583.01|-1675.5,1904.9;-1676.4,1904.5;-1674.8,1900.8;-1673.9,1901.2
BuildingSmooth_13_-16944_5925_18365_Body01|583.01|-1673.2,1905.9;-1674.1,1905.5;-1672.5,1901.8;-1671.6,1902.2
BuildingSmooth_13_-16944_5925_18365_Body01|583.01|-1665.2,1894.0;-1654.8,1898.5;-1657.0,1903.7;-1667.5,1899.2
BuildingSmooth_13_-16944_5925_18365_Body01|583.01|-1685.5,1897.7;-1682.9,1911.7;-1672.0,1909.7;-1674.6,1895.7
BuildingSmooth_13_-16944_5925_18365_Body01|583.01|-1672.0,1909.7;-1669.8,1904.4;-1685.5,1897.7;-1687.7,1902.9
BuildingSmooth_13_-16944_5925_18365_Body01|583.01|-1673.5,1904.1;-1677.2,1902.6;-1676.8,1901.6;-1673.1,1903.2
BuildingSmooth_13_-16944_5925_18365_Body01|583.01|-1665.2,1894.0;-1662.7,1908.0;-1672.0,1909.7;-1674.6,1895.7
BuildingSourceSlice_fbx_4_-4153_1778_-9367|96.21|-390.7,-950.5;-389.3,-956.7;-365.4,-951.3;-374.9,-909.0;-465.2,-929.7;-457.4,-962.1;-406.1,-949.8;-402.8,-964.4;-392.0,-961.9;-394.4,-951.4
BuildingSourceSlice_orph_-803_-1565|104.78|-783.8,-1585.2;-794.4,-1538.3;-823.1,-1544.8;-812.5,-1591.7
BuildingSourceSlice_orph_-157_858|66.44|-186.8,826.4;-116.9,841.4;-130.5,901.2;-133.3,900.7;-132.3,899.3;-141.0,885.1;-136.3,865.4;-155.7,861.0;-157.5,859.0;-159.5,861.2;-173.5,858.7;-173.5,877.5;-163.9,879.2;-166.2,888.7;-192.0,889.5
BuildingSourceSlice_fbx_9_-11111_1400_12277|98.53|-1183.9,1254.6;-1197.8,1202.6;-1024.8,1201.0;-1024.4,1252.5
BuildingSourceSlice_fbx_9_-5363_1224_10691|67.84|-486.9,1078.4;-589.7,1082.5;-589.8,1063.6;-482.8,1055.8
BuildingSmooth_1_-27610_2139_12718_ResidualBody01|136.67|-2775.7,1280.2;-2787.4,1272.8;-2795.8,1286.0;-2784.1,1293.4
BuildingSmooth_1_-27610_2139_12718_ResidualBody01|136.67|-2775.7,1280.2;-2776.0,1286.8;-2795.8,1286.0;-2795.5,1279.4
BuildingSmooth_1_-27610_2139_12718_ResidualBody01|136.67|-2808.7,1278.9;-2809.0,1285.5;-2795.8,1286.0;-2795.5,1279.4
BuildingSmooth_1_-27610_2139_12718_ResidualBody01|136.67|-2781.0,1286.9;-2781.2,1287.9;-2787.1,1286.8;-2786.9,1285.8
BuildingSmooth_1_-27610_2139_12718_ResidualBody01|136.67|-2789.2,1301.5;-2800.9,1294.1;-2795.8,1286.0;-2784.1,1293.4
BuildingSmooth_1_-27610_2139_12718_ResidualBody01|136.67|-2775.7,1280.2;-2784.9,1278.5;-2789.2,1301.5;-2780.0,1303.2
BuildingSmooth_1_-27610_2139_12718_ResidualBody01|136.67|-2808.7,1278.9;-2776.6,1284.8;-2775.7,1280.2;-2807.8,1274.3
BuildingSmooth_1_-27610_2139_12718_ResidualBody01|136.67|-2781.8,1290.8;-2781.9,1291.8;-2787.8,1290.7;-2787.7,1289.7
BuildingSmooth_1_-27610_2139_12718_ResidualBody01|136.67|-2786.2,1281.9;-2787.8,1290.7;-2788.8,1290.5;-2787.2,1281.7
BuildingSmooth_1_-27610_2139_12718_ResidualBody01|136.67|-2782.9,1283.5;-2784.2,1290.4;-2785.2,1290.2;-2783.9,1283.3
BuildingSmooth_1_-27610_2139_12718_ResidualBody01|136.67|-2779.3,1283.1;-2781.0,1292.0;-2781.9,1291.8;-2780.3,1283.0
BuildingSmooth_1_-27610_2139_12718_ResidualBody01|136.67|-2780.3,1283.0;-2780.5,1283.9;-2786.4,1282.8;-2786.2,1281.9
BuildingSourceSlice_orph_604_-1450|124.59|601.7,-1472.2;613.4,-1451.7;616.9,-1453.7;624.5,-1440.4;603.9,-1428.6;584.6,-1462.5
BuildingSourceSlice_fbx_7_15814_1403_13861|79.71|1609.2,1346.8;1626.9,1371.1;1592.8,1397.4;1586.4,1389.5;1580.8,1393.7;1584.3,1401.7;1552.9,1425.3;1535.8,1401.8;1588.1,1363.8
BuildingSourceSlice_orph_-689_-1048|104.02|-641.8,-1021.3;-667.7,-995.4;-735.7,-1063.1;-698.1,-1100.8;-670.2,-1073.1;-682.0,-1061.3
BuildingSourceSlice_fbx_4_-4130_1622_-13699|123.22|-470.4,-1364.1;-460.1,-1409.8;-355.4,-1386.2;-365.1,-1340.1;-409.2,-1349.7;-413.8,-1329.5;-439.4,-1335.1;-434.9,-1356.4
BuildingSmooth_16_14526_1328_-1877_Body01|124.44|1444.9,-203.2;1469.5,-181.2;1468.8,-180.4;1444.3,-202.4
BuildingSmooth_16_14526_1328_-1877_Body01|124.44|1456.2,-191.8;1456.9,-191.1;1451.7,-185.2;1450.9,-185.9
BuildingSmooth_16_14526_1328_-1877_Body01|124.44|1444.3,-202.4;1445.0,-201.8;1439.8,-195.9;1439.0,-196.6
BuildingSmooth_16_14526_1328_-1877_Body01|124.44|1468.1,-181.1;1468.8,-180.4;1463.6,-174.5;1462.8,-175.2
BuildingSmooth_16_14526_1328_-1877_Body01|124.44|1439.0,-196.6;1463.6,-174.5;1462.9,-173.8;1438.3,-195.8
BuildingSmooth_16_14526_1328_-1877_Body01|124.44|1425.8,-225.6;1493.9,-164.6;1481.0,-150.3;1413.0,-211.3
BuildingSmooth_16_14526_1328_-1877_Body01|124.44|1442.7,-199.2;1465.8,-178.5;1465.1,-177.8;1442.1,-198.4
BuildingSourceSlice_orph_2286_-676|137.10|2286.7,-655.3;2264.5,-675.8;2285.7,-695.5;2306.3,-678.8
BuildingSmooth_3_3646_1786_19755_ResidualBody01|95.81|307.8,1949.1;308.8,1949.3;303.2,1974.8;302.2,1974.6
BuildingSmooth_3_3646_1786_19755_ResidualBody01|95.81|313.0,2005.5;285.3,2012.5;281.8,1998.7;309.5,1991.7
BuildingSmooth_3_3646_1786_19755_ResidualBody01|95.81|295.2,1973.0;310.2,1976.3;310.0,1977.3;295.0,1974.0
BuildingSmooth_3_3646_1786_19755_ResidualBody01|95.81|291.1,1919.1;263.4,1926.1;281.8,1998.7;309.5,1991.7
BuildingSmooth_3_3646_1786_19755_ResidualBody01|95.81|291.1,1919.1;274.0,1997.0;313.0,2005.5;330.0,1927.6
BuildingSmooth_3_3646_1786_19755_ResidualBody01|95.81|299.1,1960.0;312.1,1962.8;311.9,1963.8;298.9,1961.0
BuildingSmooth_3_3646_1786_19755_ResidualBody01|95.81|301.0,1946.5;316.0,1949.8;315.8,1950.8;300.8,1947.5
BuildingSmooth_3_3646_1786_19755_ResidualBody01|95.81|300.8,1947.5;301.8,1947.7;296.2,1973.3;295.2,1973.0
BuildingSmooth_3_3646_1786_19755_ResidualBody01|95.81|314.8,1950.6;315.8,1950.8;310.2,1976.3;309.2,1976.1
BuildingSmooth_12_24742_1757_-12154|130.66|2472.0,-1201.6;2462.4,-1203.1;2463.0,-1207.1;2472.7,-1205.6
BuildingSmooth_12_24742_1757_-12154|130.66|2476.3,-1229.0;2485.9,-1227.6;2485.3,-1223.6;2475.7,-1225.1
BuildingSmooth_12_24742_1757_-12154|130.66|2478.7,-1219.4;2472.5,-1209.1;2471.6,-1209.7;2477.8,-1219.9
BuildingSmooth_12_24742_1757_-12154|130.66|2472.0,-1201.6;2481.7,-1200.2;2485.3,-1223.6;2475.7,-1225.1
BuildingSmooth_12_24742_1757_-12154|130.66|2475.3,-1221.5;2469.1,-1211.2;2468.2,-1211.7;2474.4,-1222.0
BuildingSmooth_12_24742_1757_-12154|130.66|2472.1,-1210.5;2471.6,-1209.7;2469.1,-1211.2;2469.6,-1212.1
BuildingSmooth_12_24742_1757_-12154|130.66|2477.8,-1219.9;2477.3,-1219.1;2474.8,-1220.6;2475.3,-1221.5
BuildingSmooth_12_24742_1757_-12154|130.66|2476.5,-1219.6;2471.3,-1211.0;2470.4,-1211.5;2475.6,-1220.1
BuildingSmooth_12_24742_1757_-12154|130.66|2475.0,-1215.2;2474.5,-1214.4;2471.9,-1215.9;2472.4,-1216.8
BuildingSmooth_12_24742_1757_-12154|130.66|2476.3,-1229.0;2466.6,-1230.5;2463.0,-1207.1;2472.7,-1205.6
BuildingSourceSlice_fbx_7_18969_1102_18442|79.26|1949.8,1846.5;1889.3,1890.8;1843.9,1848.2;1915.6,1797.6
BuildingSourceSlice_orph_-5_-785|90.54|-28.5,-859.7;2.4,-848.5;1.3,-845.4;23.9,-836.7;24.7,-838.8;54.9,-827.2;47.9,-809.1;66.2,-802.4;53.0,-767.7;-0.5,-715.3;-73.7,-743.3
BuildingSourceSlice_orph_-3015_291|126.78|-3037.8,263.5;-3034.0,254.4;-3012.1,253.1;-2995.3,274.4;-2997.0,279.4;-2991.3,281.4;-2995.9,295.8;-3002.1,293.6;-3011.8,321.1;-3009.6,322.1;-3012.7,329.8;-3013.0,324.9;-3037.5,319.7;-3026.1,292.0;-3021.3,286.1;-3016.5,275.5;-3010.3,275.4;-3010.5,265.3;-3020.7,260.8;-3036.8,261.8
BuildingSourceSlice_fbx_7_11682_1361_20290|103.58|1188.1,2033.3;1187.7,2034.6;1176.9,2036.2;1176.7,2038.0;1149.7,2041.6;1147.3,2027.6;1148.8,2027.0;1148.0,2020.1;1172.2,2016.1
BuildingSourceSlice_orph_-2153_-327|102.32|-2179.2,-340.9;-2187.9,-347.1;-2173.9,-366.5;-2168.5,-359.8;-2156.7,-376.3;-2126.1,-354.6;-2139.2,-341.5;-2116.0,-324.8;-2117.0,-323.4;-2110.8,-319.1;-2121.2,-304.4;-2108.8,-296.2;-2114.5,-288.1;-2143.6,-308.7;-2165.0,-278.4;-2187.4,-294.3;-2169.1,-318.9;-2188.7,-331.3
BuildingSourceSlice_orph_648_-270|84.93|638.2,-227.1;621.6,-264.8;624.6,-265.3;615.3,-283.0;626.9,-287.6;626.6,-288.6;634.4,-288.2;640.8,-291.9;635.7,-303.9;658.4,-314.5;657.8,-313.7;677.8,-267.4;666.8,-264.2;674.3,-245.4;651.4,-234.8;654.4,-233.0
BuildingSourceSlice_orph_2354_-528|133.90|2348.4,-535.9;2353.5,-543.0;2364.5,-544.1;2367.2,-515.6;2341.7,-513.0;2339.4,-541.9
BuildingSourceSlice_fbx_13_-9402_841_23074|72.47|-926.1,2282.3;-904.6,2293.1;-904.6,2295.3;-911.7,2309.2;-951.2,2289.4;-950.2,2287.7
BuildingSourceSlice_fbx_13_-9402_841_23074|72.47|-968.2,2306.6;-959.6,2289.1;-912.1,2312.9;-918.6,2325.7;-947.9,2311.2;-959.2,2311.1
BuildingSourceSlice_orph_-1869_1133|131.49|-1898.9,1122.6;-1877.5,1106.3;-1858.1,1106.7;-1833.4,1135.8;-1832.6,1135.1;-1872.9,1167.5;-1903.2,1129.8;-1895.9,1124.5
BuildingSourceSlice_orph_1788_533|129.03|1764.7,530.8;1776.5,502.0;1811.5,516.0;1804.8,565.4;1760.6,547.6;1767.3,531.8
BuildingSourceSlice_fbx_15_-22048_1120_-17276|59.35|-2176.6,-1769.2;-2159.5,-1769.2;-2137.8,-1753.1;-2176.8,-1677.6;-2195.8,-1687.6;-2182.7,-1712.3;-2203.1,-1722.5;-2242.1,-1689.9;-2271.6,-1726.5;-2236.7,-1754.8;-2203.4,-1726.1
BuildingSourceSlice_fbx_15_-22048_1120_-17276|59.35|-2207.8,-1702.2;-2183.4,-1670.1;-2209.1,-1669.8;-2226.1,-1672.7;-2227.4,-1674.4;-2222.4,-1678.5;-2228.6,-1686.3
BuildingSourceSlice_fbx_16_17515_2181_-6381|146.35|1745.1,-632.4;1743.9,-633.0;1745.1,-635.4;1720.2,-648.2;1728.1,-664.3;1778.8,-639.4;1765.5,-612.1;1763.6,-611.9;1755.5,-618.3;1753.2,-613.6;1739.6,-620.9
BuildingSourceSlice_fbx_13_-18587_1436_13207|126.25|-1885.4,1298.0;-1878.8,1306.5;-1884.5,1310.8;-1891.0,1302.3
BuildingSourceSlice_fbx_13_-18587_1436_13207|126.25|-1876.6,1304.7;-1879.3,1299.7;-1883.3,1296.3;-1868.1,1284.3;-1826.3,1337.0;-1851.7,1357.0;-1884.7,1315.3;-1877.1,1308.8;-1871.3,1316.5;-1870.4,1316.0;-1875.2,1307.3;-1873.5,1306.0;-1875.4,1303.7
BuildingSourceSlice_orph_1359_-466|139.59|1360.9,-449.3;1341.7,-470.5;1356.8,-482.9;1376.1,-461.7
BuildingSmooth_1_-21321_1621_6288|135.79|-2146.5,633.4;-2147.2,632.7;-2143.8,629.0;-2143.1,629.7
BuildingSmooth_1_-21321_1621_6288|135.79|-2141.5,635.3;-2145.1,631.9;-2144.5,631.2;-2140.8,634.6
BuildingSmooth_1_-21321_1621_6288|135.79|-2142.1,637.5;-2142.8,636.8;-2139.4,633.1;-2138.7,633.8
BuildingSmooth_1_-21321_1621_6288|135.79|-2138.7,633.8;-2143.8,629.0;-2143.1,628.3;-2138.0,633.1
BuildingSmooth_1_-21321_1621_6288|135.79|-2152.4,632.7;-2152.5,642.9;-2141.2,643.1;-2141.0,632.9
BuildingSmooth_1_-21321_1621_6288|135.79|-2144.3,635.4;-2145.0,634.8;-2141.6,631.1;-2140.9,631.8
BuildingSmooth_1_-21321_1621_6288|135.79|-2132.8,633.1;-2132.9,643.3;-2141.2,643.1;-2141.0,632.9
BuildingSmooth_1_-21321_1621_6288|135.79|-2152.4,632.7;-2152.2,622.5;-2143.9,622.7;-2144.1,632.9
BuildingSmooth_1_-21321_1621_6288|135.79|-2132.8,633.1;-2132.6,622.9;-2143.9,622.7;-2144.1,632.9
BuildingSmooth_1_-21321_1621_6288|135.79|-2142.8,638.2;-2147.9,633.4;-2147.2,632.7;-2142.1,637.5
BuildingSourceSlice_fbx_8_970_1297_22481|98.59|113.2,2261.5;79.7,2259.5;81.2,2235.2;114.7,2237.3
BuildingSourceSlice_fbx_6_14911_2011_-12211|141.45|1550.1,-1297.4;1559.9,-1264.5;1534.1,-1256.9;1518.3,-1309.4;1530.6,-1309.3
BuildingSourceSlice_fbx_6_14911_2011_-12211|141.45|1421.8,-1274.3;1516.1,-1300.5;1528.7,-1255.2;1528.2,-1253.5;1530.4,-1249.5;1534.3,-1251.8;1536.0,-1250.9;1559.9,-1169.7;1461.6,-1140.1
BuildingSourceSlice_fbx_1_-25364_1727_9922|137.19|-2531.5,933.0;-2507.2,933.0;-2497.2,946.7;-2517.4,961.3;-2535.1,935.7
BuildingSourceSlice_fbx_1_-25364_1727_9922|137.19|-2544.8,1044.0;-2592.2,979.6;-2539.3,940.5;-2520.9,965.2;-2498.7,949.6;-2480.8,973.4;-2529.5,1009.6;-2517.6,1024.4
BuildingSourceSlice_fbx_1_-25364_1727_9922|137.19|-2492.8,1006.9;-2517.6,1024.4;-2527.8,1009.9;-2502.9,992.4
BuildingSourceSlice_fbx_1_-25364_1727_9922|137.19|-2591.3,1029.6;-2597.8,1034.8;-2599.7,1032.6;-2599.6,1019.6;-2586.3,998.1;-2598.1,999.8;-2599.5,999.0;-2599.7,990.6;-2592.7,985.2;-2549.6,1041.2;-2563.1,1051.5;-2573.4,1051.5;-2591.7,1027.4
BuildingSourceSlice_fbx_3_3605_1584_17772|102.39|362.7,1754.6;321.0,1771.2;309.1,1759.8;323.8,1744.1;333.0,1752.1;337.0,1743.2;355.2,1747.9
BuildingSourceSlice_fbx_3_3605_1584_17772|102.39|375.0,1752.2;404.8,1800.2;340.9,1803.6;337.9,1798.3;314.2,1778.4;363.9,1755.7
BuildingSourceSlice_orph_-2454_478|135.67|-2439.8,527.6;-2497.8,449.9;-2468.1,427.8;-2410.2,505.6
BuildingSourceSlice_orph_518_-346|83.75|514.5,-396.7;521.1,-382.7;537.9,-389.6;544.3,-374.1;538.0,-371.4;553.8,-329.2;550.7,-331.3;557.5,-315.9;507.8,-294.6;476.8,-366.4
BuildingSourceSlice_orph_2017_182|127.34|1982.9,178.5;1982.9,169.4;1991.5,169.1;1991.5,168.2;2049.4,172.0;2044.8,197.3;1997.9,194.5;1990.3,192.9;1990.8,183.4
BuildingSourceSlice_fbx_3_-6927_1585_25205|68.34|-667.5,2532.1;-719.5,2527.7;-718.0,2508.8;-665.9,2513.2
BuildingSourceSlice_fbx_9_-19089_2644_5168|246.44|-1852.0,499.1;-1868.9,521.8;-1891.8,504.7;-1874.8,482.0
BuildingSourceSlice_orph_-1370_2218|99.82|-1361.5,2201.0;-1361.7,2234.6;-1379.2,2234.5;-1379.0,2200.9
BuildingSourceSlice_fbx_13_-8396_851_21476|68.98|-820.0,2171.2;-835.1,2163.6;-844.4,2181.9;-876.4,2165.7;-848.8,2111.2;-801.7,2135.1
BuildingSourceSlice_fbx_5_6536_999_1785|74.02|635.5,183.4;640.4,166.4;656.1,157.7;667.1,180.4;668.9,179.7;671.8,185.6;642.6,200.1
BuildingSourceSlice_fbx_1_-23616_1898_9701|141.19|-2316.8,978.7;-2331.4,990.0;-2373.5,936.1;-2358.9,924.7
BuildingSourceSlice_fbx_1_-23616_1898_9701|141.19|-2332.1,989.7;-2349.7,1003.4;-2390.8,950.5;-2373.3,936.8
BuildingSourceSlice_fbx_1_-23616_1898_9701|141.19|-2391.2,953.0;-2350.7,1004.4;-2366.2,1016.9;-2406.2,964.7
BuildingSourceSlice_fbx_12_18949_1642_-16857|141.63|1840.9,-1661.7;1910.4,-1742.6;1948.8,-1709.7;1879.3,-1628.7
BuildingSourceSlice_fbx_9_-14283_1450_11853|112.44|-1388.9,1222.3;-1444.3,1236.7;-1463.8,1162.6;-1434.6,1154.4;-1406.7,1154.8
BuildingSourceSlice_fbx_4_-2128_1636_-11433|110.65|-279.0,-1102.9;-282.9,-1112.0;-273.3,-1137.0;-278.6,-1139.0;-268.7,-1163.4;-274.6,-1165.7;-265.5,-1187.0;-196.4,-1195.3;-167.6,-1183.8;-169.6,-1178.7;-142.7,-1167.1;-152.3,-1144.4;-151.0,-1142.1;-183.2,-1064.4
BuildingSourceSlice_part_1613_-745|142.22|1583.0,-762.7;1582.3,-763.5;1675.1,-790.2;1683.6,-778.8;1651.1,-738.7;1647.2,-735.4;1645.1,-737.0;1633.3,-726.3;1629.4,-730.7;1604.6,-712.2;1607.2,-707.4;1586.1,-689.5;1570.2,-705.9;1571.4,-706.9;1568.3,-710.9;1569.0,-711.7;1550.0,-735.9
BuildingSourceSlice_fbx_13_-7573_1314_27027|69.10|-719.2,2734.9;-726.2,2738.7;-733.7,2738.8;-811.9,2711.7;-808.0,2705.1;-798.8,2675.9;-792.4,2676.4;-781.1,2680.3;-776.1,2665.9;-702.7,2691.3
BuildingSourceSlice_fbx_5_11282_987_7301|83.27|1083.6,745.4;1081.1,728.8;1172.6,715.0;1175.1,731.6
BuildingSourceSlice_orph_-494_-1811|108.73|-475.5,-1790.8;-525.3,-1805.1;-519.1,-1826.9;-486.3,-1817.0;-483.1,-1829.2;-466.6,-1824.8
BuildingSourceSlice_orph_402_486|70.44|384.6,455.2;393.6,456.7;393.3,458.7;406.8,458.7;407.2,457.0;417.5,458.8;420.6,440.8;422.2,440.8;420.0,454.5;427.1,455.6;429.5,439.9;432.0,440.3;418.1,514.7;374.9,520.1;379.6,493.6;378.1,493.4
BuildingSourceSlice_fbx_5_9038_959_3082|81.57|915.0,293.8;922.1,307.8;892.7,322.6;885.6,308.5
BuildingSourceSlice_fbx_9_-8613_1065_4515|74.00|-870.3,468.5;-875.1,455.5;-892.8,460.2;-894.6,458.8;-893.6,457.3;-835.5,433.7;-826.8,454.3;-867.1,469.3
BuildingSourceSlice_fbx_10_-15078_1390_-11837|63.68|-1508.1,-1134.3;-1551.2,-1163.3;-1546.5,-1170.7;-1547.4,-1171.2;-1513.5,-1220.0;-1514.3,-1222.5;-1508.7,-1231.4;-1504.8,-1231.4;-1467.3,-1206.5;-1472.2,-1199.3;-1471.0,-1198.5;-1471.7,-1197.4;-1465.8,-1193.6;-1501.6,-1141.1;-1502.9,-1141.9
BuildingSourceSlice_fbx_14_-476_841_791|69.07|-151.4,110.7;-177.8,50.0;-165.5,38.4;-88.0,5.2;51.2,32.3;82.6,142.4;25.6,153.0;9.0,89.9;0.5,78.7;-84.7,65.5;-129.4,84.7
BuildingSourceSlice_fbx_8_4615_1957_24725|128.94|433.5,2454.4;482.5,2459.9;482.0,2476.8;487.2,2477.6;492.6,2490.7;432.6,2485.6;430.4,2485.4
BuildingSourceSlice_fbx_5_7459_1095_1453|75.58|767.9,147.2;734.6,164.5;723.7,143.5;757.0,126.2
BuildingSourceSlice_orph_-799_249|67.90|-690.1,221.1;-892.1,319.5;-906.5,278.2;-707.6,179.8
BuildingSmooth_16_12107_1894_-5017_Residual_d1067269_Body01|136.75|1222.8,-533.1;1225.8,-538.8;1233.7,-534.5;1230.6,-528.9
BuildingSmooth_16_12107_1894_-5017_Residual_d1067269_Body01|136.75|1242.8,-510.2;1249.7,-516.2;1245.7,-520.8;1238.8,-514.8
BuildingSmooth_16_12107_1894_-5017_Residual_d1067269_Body01|136.75|1222.8,-533.1;1229.7,-539.1;1245.7,-520.8;1238.8,-514.8
BuildingSmooth_16_12107_1894_-5017_Residual_d1067269_Body01|136.75|1245.7,-520.8;1248.8,-526.4;1233.7,-534.5;1230.6,-528.9
BuildingSmooth_16_12107_1894_-5017_Residual_d1067269_Body01|136.75|1222.4,-503.4;1221.6,-502.7;1212.9,-512.7;1213.7,-513.4
BuildingSmooth_16_12107_1894_-5017_Residual_d1067269_Body01|136.75|1242.8,-510.2;1222.8,-533.1;1176.9,-493.0;1196.9,-470.1
BuildingSmooth_16_12107_1894_-5017_Residual_d1067269_Body01|136.75|1217.6,-507.4;1202.5,-494.2;1201.9,-495.0;1216.9,-508.1
BuildingSmooth_16_12107_1894_-5017_Residual_d1067269_Body01|136.75|1214.5,-496.5;1213.7,-495.8;1205.0,-505.8;1205.7,-506.5
BuildingSmooth_16_12107_1894_-5017_Residual_d1067269_Body01|136.75|1206.6,-489.6;1205.8,-488.9;1197.1,-498.9;1197.8,-499.6
BuildingSmooth_16_12107_1894_-5017_Residual_d1067269_Body01|136.75|1176.9,-493.0;1196.9,-470.1;1242.8,-510.2;1222.8,-533.1
BuildingSmooth_16_12107_1894_-5017_Residual_d1067269_Body01|136.75|1213.7,-513.4;1197.1,-498.9;1196.4,-499.7;1213.0,-514.2
BuildingSmooth_16_12107_1894_-5017_Residual_d1067269_Body01|136.75|1223.0,-502.6;1206.5,-488.2;1205.8,-488.9;1222.4,-503.4
BuildingSourceSlice_fbx_10_-18508_992_-10893|59.31|-1849.2,-1114.1;-1846.9,-1112.2;-1842.3,-1117.3;-1822.5,-1099.6;-1857.4,-1060.9;-1878.6,-1081.5
BuildingSmooth_1_-30547_2467_10113_Body01|238.60|-3047.3,1064.7;-3047.6,1063.8;-3035.0,1059.7;-3034.7,1060.7
BuildingSmooth_1_-30547_2467_10113_Body01|238.60|-3048.3,1065.0;-3050.1,1059.3;-3049.1,1059.0;-3047.3,1064.7
BuildingSmooth_1_-30547_2467_10113_Body01|238.60|-3048.8,1060.0;-3049.1,1059.0;-3036.5,1055.0;-3036.2,1055.9
BuildingSmooth_1_-30547_2467_10113_Body01|238.60|-3057.7,1059.6;-3058.7,1058.3;-3036.9,1042.4;-3035.9,1043.6
BuildingSmooth_1_-30547_2467_10113_Body01|238.60|-3054.7,1069.2;-3061.2,1064.0;-3057.7,1059.6;-3051.2,1064.8
BuildingSmooth_1_-30547_2467_10113_Body01|238.60|-3032.1,1040.8;-3033.0,1039.5;-3036.9,1042.4;-3035.9,1043.6
BuildingSmooth_1_-30547_2467_10113_Body01|238.60|-3032.1,1040.8;-3060.8,1050.0;-3054.7,1069.2;-3025.9,1060.0
BuildingSmooth_1_-30547_2467_10113_Body01|238.60|-3032.1,1040.8;-3038.6,1035.6;-3057.7,1059.6;-3051.2,1064.8
BuildingSmooth_1_-30547_2467_10113_Body01|238.60|-3041.8,1061.9;-3043.0,1058.1;-3042.0,1057.8;-3040.8,1061.6
BuildingSmooth_1_-30547_2467_10113_Body01|238.60|-3048.1,1062.4;-3048.4,1061.4;-3035.7,1057.3;-3035.4,1058.3
BuildingSmooth_1_-30547_2467_10113_Body01|238.60|-3034.7,1060.7;-3036.5,1055.0;-3035.5,1054.7;-3033.7,1060.4
BuildingSourceSlice_fbx_11_22175_1521_2029|123.28|2255.3,239.8;2185.2,246.3;2181.7,208.8;2203.0,208.8;2203.0,184.5;2208.1,183.0;2203.1,178.3;2203.2,169.2;2248.0,164.3
BuildingSourceSlice_orph_840_-1690|112.09|829.6,-1704.6;824.0,-1703.5;815.0,-1725.2;837.0,-1726.9;845.3,-1710.5;859.4,-1649.2;843.4,-1646.3
BuildingSourceSlice_orph_-452_670|62.53|-419.5,600.0;-413.6,629.8;-409.2,672.5;-420.6,743.3;-432.1,743.3;-432.3,741.9;-468.3,745.7;-481.7,732.5;-499.4,610.2
BuildingSourceSlice_fbx_4_-4123_1455_-14876|122.73|-436.3,-1491.1;-442.7,-1492.6;-437.8,-1512.5;-382.3,-1499.6;-391.0,-1462.6;-440.3,-1474.3
BuildingSourceSlice_fbx_11_16883_1544_6249|122.14|1716.7,608.8;1690.2,648.6;1697.4,650.8;1693.3,656.7;1688.2,651.4;1683.5,657.0;1659.8,640.5;1693.7,592.6
BuildingSourceSlice_orph_1148_39|89.12|1154.3,3.4;1172.8,24.9;1143.3,71.6;1121.9,55.6
BuildingSourceSlice_fbx_10_-25798_1548_-3492|110.55|-2586.8,-325.4;-2581.8,-334.8;-2604.2,-347.8;-2609.9,-338.9;-2636.8,-354.6;-2609.2,-401.4;-2526.1,-352.3;-2529.9,-344.9;-2524.3,-341.2;-2531.8,-328.4;-2522.3,-322.7;-2538.1,-296.8
BuildingSourceSlice_orph_2072_-1818|142.83|2079.3,-1838.4;2074.2,-1843.5;2090.5,-1831.4;2064.1,-1796.7;2053.7,-1804.5
BuildingSourceSlice_orph_671_1019|70.89|653.9,1017.3;648.6,1022.1;664.8,985.3;664.3,986.6;698.0,999.7;678.7,1051.1;685.9,1055.2;644.4,1038.4
BuildingSourceSlice_orph_-1863_2006|112.27|-1876.3,1995.4;-1867.9,1983.0;-1849.9,1996.9;-1847.0,1993.3;-1836.4,2001.5;-1838.2,2003.7;-1840.6,2003.9;-1861.9,2029.8;-1888.5,2008.0
BuildingSourceSlice_orph_834_-1134|127.85|808.9,-1121.0;825.7,-1141.2;837.9,-1132.3;854.2,-1150.7;842.8,-1162.3;862.4,-1143.7;853.6,-1134.3;791.8,-1112.1
BuildingSourceSlice_fbx_4_-6698_1323_-17569|105.31|-691.0,-1743.0;-680.6,-1786.2;-644.8,-1778.1;-656.8,-1726.8;-694.8,-1735.7
BuildingSourceSlice_fbx_9_-10097_1616_9366|94.17|-1022.3,886.6;-965.2,871.4;-959.8,893.6;-956.5,892.9;-952.4,966.2;-962.1,982.4;-1035.4,1001.8;-1067.0,882.8;-1026.2,872.0
BuildingSmooth_1_-29025_1918_12884_Body01|136.12|-2865.4,1288.0;-2865.2,1289.0;-2869.5,1289.6;-2869.6,1288.6
BuildingSmooth_1_-29025_1918_12884_Body01|136.12|-2863.1,1297.8;-2857.2,1298.5;-2856.1,1288.5;-2862.0,1287.9
BuildingSmooth_1_-29025_1918_12884_Body01|136.12|-2864.9,1291.5;-2864.8,1292.5;-2869.0,1293.0;-2869.1,1292.1
BuildingSmooth_1_-29025_1918_12884_Body01|136.12|-2871.3,1299.0;-2859.0,1297.3;-2861.3,1280.9;-2873.6,1282.6
BuildingSmooth_1_-29025_1918_12884_Body01|136.12|-2861.3,1280.9;-2855.3,1281.5;-2856.1,1288.5;-2862.0,1287.9
BuildingSmooth_1_-29025_1918_12884_Body01|136.12|-2871.3,1299.0;-2865.6,1302.2;-2863.1,1297.8;-2868.9,1294.6
BuildingSmooth_1_-29025_1918_12884_Body01|136.12|-2861.3,1280.9;-2855.5,1284.1;-2863.1,1297.8;-2868.9,1294.6
BuildingSmooth_1_-29025_1918_12884_Body01|136.12|-2870.1,1285.1;-2869.0,1293.0;-2870.0,1293.2;-2871.1,1285.3
BuildingSmooth_1_-29025_1918_12884_Body01|136.12|-2864.8,1284.4;-2863.8,1292.3;-2864.8,1292.5;-2865.8,1284.5
BuildingSmooth_1_-29025_1918_12884_Body01|136.12|-2856.1,1288.5;-2854.5,1287.5;-2856.6,1284.4;-2858.2,1285.5
BuildingSmooth_1_-29025_1918_12884_Body01|136.12|-2861.3,1280.9;-2859.8,1279.8;-2856.6,1284.4;-2858.2,1285.5
BuildingSmooth_1_-29025_1918_12884_Body01|136.12|-2865.8,1284.5;-2865.7,1285.5;-2869.9,1286.1;-2870.1,1285.1
BuildingSmooth_1_-29025_1918_12884_Body01|136.12|-2867.3,1285.8;-2866.5,1291.7;-2867.5,1291.8;-2868.3,1285.9
BuildingSmooth_15_-26803_1093_-20075_Body01|55.61|-2700.5,-1995.6;-2702.0,-1994.3;-2697.7,-1989.4;-2696.2,-1990.7
BuildingSmooth_15_-26803_1093_-20075_Body01|55.61|-2688.4,-1981.9;-2689.9,-1980.6;-2697.7,-1989.4;-2696.2,-1990.7
BuildingSmooth_15_-26803_1093_-20075_Body01|55.61|-2684.9,-2006.7;-2693.1,-1996.7;-2693.9,-1997.3;-2685.7,-2007.4
BuildingSmooth_15_-26803_1093_-20075_Body01|55.61|-2677.9,-2001.1;-2686.1,-1991.0;-2686.9,-1991.6;-2678.7,-2001.7
BuildingSmooth_15_-26803_1093_-20075_Body01|55.61|-2686.3,-1992.4;-2686.9,-1991.6;-2693.1,-1996.7;-2692.5,-1997.4
BuildingSmooth_15_-26803_1093_-20075_Body01|55.61|-2682.5,-1997.0;-2683.1,-1996.3;-2689.3,-2001.3;-2688.7,-2002.1
BuildingSmooth_15_-26803_1093_-20075_Body01|55.61|-2682.0,-2003.1;-2689.0,-1994.6;-2689.8,-1995.2;-2682.8,-2003.8
BuildingSmooth_15_-26803_1093_-20075_Body01|55.61|-2678.7,-2001.7;-2679.3,-2000.9;-2685.5,-2006.0;-2684.9,-2006.7
BuildingSmooth_15_-26803_1093_-20075_Body01|55.61|-2685.3,-2014.2;-2702.4,-1993.2;-2688.4,-1981.9;-2671.4,-2002.8
BuildingSmooth_15_-26803_1093_-20075_Body01|55.61|-2688.4,-1981.9;-2701.7,-1983.1;-2700.5,-1995.6;-2687.2,-1994.3
BuildingSmooth_15_-26803_1093_-20075_Body01|55.61|-2685.3,-2014.2;-2698.6,-2015.4;-2700.5,-1995.6;-2687.2,-1994.3
BuildingSourceSlice_fbx_11_23004_1300_5053|107.02|2334.8,502.0;2329.6,513.4;2328.1,514.6;2300.9,481.2;2334.0,478.2
BuildingSourceSlice_fbx_11_23004_1300_5053|107.02|2327.3,515.1;2309.9,529.2;2273.8,484.3;2300.3,481.6
BuildingSourceSlice_fbx_11_23004_1300_5053|107.02|2308.3,528.8;2306.5,530.3;2290.1,536.6;2272.8,536.6;2269.9,535.5;2266.0,514.4;2266.1,506.6;2281.2,494.9
BuildingSourceSlice_orph_-2270_-216|109.71|-2281.9,-255.4;-2228.4,-219.3;-2257.6,-176.1;-2311.1,-212.2
BuildingSourceSlice_part_1962_726|95.74|1936.0,702.5;1939.3,703.0;1938.9,693.4;1956.0,692.6;1956.0,691.2;1988.0,685.5;1989.3,735.4;1992.9,746.9;1937.3,771.9
BuildingSourceSlice_fbx_6_13867_1657_-14761|143.40|1403.5,-1473.8;1400.3,-1472.8;1406.2,-1454.0;1384.5,-1447.1;1378.6,-1465.9;1377.0,-1465.4;1367.1,-1496.7;1393.6,-1505.1
BuildingSourceSlice_orph_786_-985|132.01|779.9,-1059.4;784.8,-1046.8;787.1,-1047.7;802.5,-1009.1;808.6,-1011.4;839.2,-933.1;785.0,-912.2;734.2,-1041.8
BuildingSourceSlice_fbx_4_-9986_1598_-16851|95.29|-989.3,-1703.6;-989.3,-1698.2;-972.1,-1698.2;-968.0,-1696.5;-965.3,-1691.4;-965.6,-1659.3;-984.0,-1664.4;-986.7,-1656.0;-1003.7,-1660.8;-1004.2,-1659.5;-1010.9,-1660.2;-1013.7,-1652.5;-1049.6,-1663.9;-1049.9,-1669.3;-1034.0,-1717.8
BuildingSourceSlice_orph_1532_-257|124.78|1529.4,-274.7;1555.3,-256.7;1556.1,-257.9;1558.5,-256.1;1556.6,-255.9;1539.9,-235.5;1540.7,-234.7;1504.2,-261.7;1513.6,-269.6;1530.1,-275.7
BuildingSourceSlice_fbx_13_-9325_965_23589|69.54|-959.0,2364.1;-958.9,2357.6;-954.0,2356.3;-957.5,2340.7;-949.9,2325.1;-931.3,2333.2;-948.8,2368.8
BuildingSourceSlice_fbx_13_-9325_965_23589|69.54|-951.7,2377.3;-930.4,2332.3;-928.5,2333.9;-913.5,2337.3;-935.8,2385.5
BuildingSourceSlice_fbx_7_9466_1362_20118|108.88|984.1,2053.5;982.8,2054.5;916.1,2058.8;915.1,2057.4;909.2,1969.4;978.7,1964.0
BuildingSourceSlice_orph_1683_-155|129.08|1670.6,-256.3;1692.2,-238.7;1665.9,-203.3;1721.7,-163.8;1725.5,-168.8;1764.7,-141.7;1743.4,-112.8;1756.4,-103.9;1739.1,-78.9;1736.8,-78.3;1729.6,-83.3;1727.7,-80.2;1600.1,-154.8
BuildingSourceSlice_fbx_7_6778_979_14037|80.79|686.5,1432.1;658.0,1425.9;669.1,1375.3;697.6,1381.6
BuildingSourceSlice_orph_-230_1868|70.65|-256.5,1817.0;-202.9,1832.8;-204.2,1907.4;-202.5,1904.4;-202.9,1921.8;-203.0,1920.9;-213.6,1920.9;-213.5,1915.8;-254.6,1902.8;-256.6,1904.8
BuildingSourceSlice_fbx_8_2186_1394_26545|116.07|250.9,2681.3;236.4,2689.8;182.2,2684.8;187.4,2619.2;231.0,2622.4;231.3,2619.9;246.7,2621.3;255.0,2631.6
BuildingSourceSlice_orph_1161_512|95.96|1170.0,493.2;1191.4,486.3;1196.1,506.1;1185.7,526.1;1143.3,535.9;1125.6,514.8;1122.5,502.0
BuildingSourceSlice_fbx_1_-30119_1454_6547|129.48|-3047.3,661.0;-2994.6,623.0;-2976.4,648.2;-3029.1,686.3
BuildingSourceSlice_fbx_5_4988_971_10206|72.98|485.4,989.3;530.4,1008.3;512.1,1051.8;467.1,1032.8
BuildingSourceSlice_fbx_1_-30987_1633_6353|127.15|-3072.0,649.7;-3127.9,644.4;-3125.6,620.8;-3069.7,626.2
BuildingSourceSlice_orph_1869_-1513|146.09|1859.3,-1509.3;1844.4,-1519.7;1858.4,-1539.7;1894.8,-1514.3;1875.0,-1484.7;1853.0,-1500.2
BuildingSourceSlice_orph_2401_178|119.57|2417.9,163.4;2418.3,177.9;2403.7,178.3;2406.6,197.5;2390.8,198.8;2387.9,164.6;2403.7,163.5;2402.8,164.6
BuildingSourceSlice_fbx_7_18954_975_20990|81.54|1898.2,2067.2;1927.5,2097.9;1893.4,2131.0;1863.2,2099.9;1896.6,2067.1
BuildingSourceSlice_orph_-960_1600|80.81|-985.5,1597.7;-979.3,1582.1;-975.0,1585.7;-938.3,1600.4;-933.2,1600.5;-939.4,1616.1
BuildingSourceSlice_fbx_6_17183_1767_-7136|145.04|1746.8,-713.9;1736.5,-695.1;1689.9,-719.8;1696.6,-732.1;1708.5,-727.2;1709.3,-728.5;1710.4,-727.9;1711.0,-731.5
BuildingSourceSlice_orph_-606_-1164|113.12|-660.0,-1196.6;-658.0,-1202.9;-700.2,-1216.2;-687.1,-1257.7;-527.2,-1211.5;-572.1,-1066.5;-583.7,-1061.0;-658.1,-1084.4;-625.1,-1185.7
BuildingSourceSlice_orph_1905_675|100.41|1912.7,708.2;1895.7,708.0;1897.7,674.3;1896.1,674.3;1896.6,641.5;1913.5,641.7
BuildingSmooth_2_19308_1989_-6623_ResidualBody02|149.15|1952.8,-655.5;1911.7,-677.2;1917.9,-689.1;1959.0,-667.4
BuildingSmooth_2_19308_1989_-6623_ResidualBody02|149.15|1941.0,-664.5;1925.7,-672.6;1926.2,-673.5;1941.5,-665.4
BuildingSmooth_2_19308_1989_-6623_ResidualBody02|149.15|1927.1,-673.0;1926.2,-673.5;1928.5,-677.9;1929.4,-677.4
BuildingSmooth_2_19308_1989_-6623_ResidualBody02|149.15|1943.8,-669.8;1928.5,-677.9;1929.0,-678.8;1944.3,-670.7
BuildingSmooth_2_19308_1989_-6623_ResidualBody02|149.15|1934.3,-669.2;1933.4,-669.7;1935.7,-674.1;1936.6,-673.6
BuildingSmooth_2_19308_1989_-6623_ResidualBody02|149.15|1941.5,-667.7;1928.0,-674.8;1928.5,-675.7;1942.0,-668.5
BuildingSmooth_2_19308_1989_-6623_ResidualBody02|149.15|1941.5,-665.4;1940.6,-665.9;1942.9,-670.3;1943.8,-669.8
BuildingSourceSlice_fbx_15_-23438_1101_-16239|57.59|-2361.7,-1687.6;-2291.6,-1586.6;-2296.0,-1583.0;-2295.2,-1581.7;-2299.1,-1577.0;-2323.7,-1559.9;-2395.8,-1664.5
BuildingSourceSlice_orph_-1847_-805|64.30|-1853.5,-886.6;-1801.3,-837.9;-1769.6,-811.7;-1772.1,-807.2;-1773.2,-808.1;-1773.6,-804.3;-1770.1,-803.2;-1845.8,-723.2;-1920.1,-793.2;-1899.2,-815.9;-1909.4,-825.3
BuildingSourceSlice_orph_2044_409|114.15|2027.6,407.8;2027.9,398.7;2020.3,395.9;2027.9,394.5;2027.9,380.5;2017.8,381.1;2062.3,377.7;2067.3,432.5;2022.4,437.4;2022.4,440.4;2021.4,440.5;2019.8,408.5
BuildingSourceSlice_orph_1750_805|93.66|1681.2,783.5;1682.5,783.3;1680.4,770.2;1789.4,753.1;1788.6,748.3;1807.7,745.3;1810.4,763.0;1822.2,761.5;1825.7,789.6;1794.1,793.0;1812.2,832.7;1714.9,875.3;1700.5,842.5;1701.8,841.9;1688.8,809.3;1687.8,815.0
BuildingSourceSlice_orph_576_-1847|104.22|560.5,-1818.5;549.3,-1844.0;544.2,-1841.4;528.5,-1874.8;554.3,-1886.9;569.0,-1854.2;578.8,-1859.9;581.6,-1853.9;598.4,-1861.6;603.6,-1848.9;621.9,-1858.7;631.6,-1838.3;576.2,-1815.2;573.3,-1824.5
BuildingSourceSlice_fbx_1_-25026_1671_8552|137.09|-2525.6,856.6;-2494.4,833.7;-2479.6,853.9;-2510.8,876.7
BuildingSourceSlice_orph_2052_2145|80.57|2029.0,2162.4;2032.3,2158.8;2018.3,2146.0;2051.9,2109.1;2087.8,2142.1;2049.5,2180.8
BuildingSmooth_1_-23980_1840_7519_Body01|140.42|-2399.0,769.5;-2399.8,770.1;-2413.9,751.0;-2413.1,750.4
BuildingSmooth_1_-23980_1840_7519_Body01|140.42|-2389.7,762.7;-2390.5,763.3;-2404.6,744.1;-2403.8,743.5
BuildingSmooth_1_-23980_1840_7519_Body01|140.42|-2391.6,705.2;-2445.7,745.2;-2403.7,802.2;-2349.5,762.3
BuildingSmooth_1_-23980_1840_7519_Body01|140.42|-2403.7,802.2;-2349.5,762.3;-2391.6,705.2;-2445.7,745.2
BuildingSmooth_1_-23980_1840_7519_Body01|140.42|-2387.9,747.2;-2405.8,760.4;-2406.3,759.6;-2388.5,746.4
BuildingSmooth_1_-23980_1840_7519_Body01|140.42|-2406.4,703.0;-2407.3,701.5;-2425.6,712.8;-2424.7,714.3
BuildingSmooth_1_-23980_1840_7519_Body01|140.42|-2380.4,755.8;-2381.2,756.4;-2395.3,737.2;-2394.5,736.6
BuildingSmooth_1_-23980_1840_7519_Body01|140.42|-2391.6,705.2;-2394.3,698.2;-2406.4,703.0;-2403.7,710.0
BuildingSmooth_1_-23980_1840_7519_Body01|140.42|-2391.6,705.2;-2400.0,693.8;-2442.7,725.4;-2434.3,736.8
BuildingSmooth_1_-23980_1840_7519_Body01|140.42|-2442.7,725.4;-2443.7,723.9;-2425.6,712.8;-2424.7,714.3
BuildingSmooth_1_-23980_1840_7519_Body01|140.42|-2442.7,725.4;-2445.5,718.4;-2406.4,703.0;-2403.7,710.0
BuildingSmooth_1_-23980_1840_7519_Body01|140.42|-2445.7,745.2;-2454.2,733.8;-2442.7,725.4;-2434.3,736.8
BuildingSmooth_1_-23980_1840_7519_Body01|140.42|-2394.5,736.6;-2413.9,751.0;-2414.5,750.2;-2395.1,735.8
BuildingSmooth_1_-23980_1840_7519_Body01|140.42|-2379.8,756.6;-2399.2,770.9;-2399.8,770.1;-2380.4,755.8
BuildingSourceSlice_fbx_12_27376_1321_-12064|122.67|2731.8,-1180.2;2718.2,-1225.0;2743.4,-1232.6;2757.0,-1187.8
BuildingSourceSlice_fbx_9_-7984_1121_10407|81.45|-812.5,1042.9;-814.0,1005.4;-753.0,1005.6;-749.7,1009.3;-749.2,1014.0;-765.9,1035.9;-750.2,1035.9;-749.1,1038.1;-750.5,1039.4
BuildingSourceSlice_fbx_9_-7984_1121_10407|81.45|-840.2,1013.0;-814.0,1012.2;-812.9,1047.4;-762.5,1045.3;-761.4,1065.0;-837.9,1069.2
BuildingSourceSlice_orph_2675_-943|118.29|2698.5,-954.6;2688.7,-921.0;2652.1,-931.7;2661.9,-965.3
BuildingSourceSlice_fbx_8_-56_1195_21610|85.39|41.6,2149.4;35.4,2179.7;22.1,2177.0;22.4,2175.7;-52.7,2160.8;-48.9,2142.3;26.3,2156.4;28.4,2146.7
BuildingSourceSlice_fbx_11_14674_1384_832|117.21|1506.9,77.1;1475.1,121.4;1427.9,88.2;1448.3,59.1;1449.4,60.0;1460.7,45.1
BuildingSourceSlice_fbx_7_20204_967_21140|80.15|1999.0,2123.0;2007.9,2113.4;2020.2,2113.7;2024.1,2117.6;2024.4,2129.4;2012.3,2142.6;1993.8,2125.4
BuildingSourceSlice_fbx_7_12317_1073_19349|93.72|1255.3,1934.6;1228.3,1958.2;1208.2,1935.2;1235.1,1911.6
BuildingSourceSlice_fbx_11_15341_1549_2606|126.63|1537.9,224.6;1562.9,235.1;1554.3,255.7;1524.6,243.2;1532.5,224.6
BuildingSourceSlice_fbx_11_15341_1549_2606|126.63|1546.3,278.5;1531.7,272.2;1531.0,273.8;1512.7,266.0;1522.6,242.7;1555.5,256.8
BuildingSourceSlice_fbx_10_-19275_1104_-7111|69.40|-1916.6,-681.1;-1898.9,-664.9;-1912.5,-650.0;-1935.6,-650.0;-1947.6,-661.0;-1946.4,-662.1;-1987.3,-699.4;-1985.7,-701.3;-1989.5,-704.8;-1916.3,-783.6;-1865.4,-736.5
BuildingSourceSlice_fbx_4_-4578_1475_-12718|119.55|-418.0,-1318.3;-439.9,-1204.4;-497.6,-1216.1;-475.7,-1329.8;-470.1,-1328.7;-467.9,-1339.1;-447.8,-1335.0;-449.6,-1324.6
BuildingSourceSlice_orph_-1610_-835|67.86|-1657.0,-873.6;-1586.3,-822.9;-1582.7,-827.9;-1564.4,-814.5;-1574.1,-800.3;-1663.9,-866.9
BuildingSourceSlice_orph_2117_300|119.92|2103.8,284.4;2114.8,284.0;2115.3,285.7;2134.6,284.1;2136.9,314.2;2106.7,316.6;2106.5,305.4;2095.8,306.3;2094.7,292.6
BuildingSourceSlice_fbx_16_3877_1215_-3336|79.34|463.9,-394.4;471.8,-397.4;476.1,-387.1;468.2,-384.0;475.8,-363.2;438.4,-332.3;334.7,-291.5;306.5,-310.5;299.6,-327.6;309.5,-331.6;308.4,-334.9;463.2,-396.3
BuildingSourceSlice_orph_-3032_1130|135.42|-3055.0,1131.9;-3011.8,1118.9;-3008.7,1128.4;-3051.8,1141.9
BuildingSourceSlice_fbx_4_-2399_1279_-9629|99.94|-250.3,-986.4;-223.7,-975.0;-224.4,-973.5;-215.9,-969.8;-228.8,-939.4;-263.9,-954.5
BuildingSourceSlice_fbx_1_-20369_1726_13926|137.76|-2014.4,1370.9;-2032.1,1383.9;-2029.0,1387.7;-2012.7,1374.6;-1993.4,1398.3;-2029.4,1426.7;-2041.1,1426.7;-2053.5,1418.1;-2037.2,1406.1;-2042.3,1399.9;-2052.4,1408.1;-2056.4,1403.1;-2062.2,1407.5;-2080.4,1393.4;-2027.8,1354.4
BuildingSourceSlice_fbx_5_8611_1294_1222|79.98|857.8,139.6;845.0,115.0;864.4,104.9;877.2,129.4
BuildingSourceSlice_fbx_3_-1884_1451_14275|73.68|-139.8,1445.9;-140.8,1446.5;-233.5,1435.3;-233.4,1433.4;-235.7,1432.9;-234.8,1425.3;-232.8,1424.2;-231.6,1410.8;-235.9,1410.2;-235.8,1407.2;-141.2,1419.4
BuildingSourceSlice_fbx_11_16255_1520_2085|130.50|1607.3,222.5;1622.6,185.4;1633.8,190.0;1632.5,193.1;1643.8,197.7;1629.7,231.7
BuildingSmooth_11_19247_1509_-1245|138.01|1912.8,-130.1;1907.4,-118.5;1922.2,-111.6;1927.6,-123.1
BuildingSmooth_11_19247_1509_-1245|138.01|1936.6,-118.9;1942.0,-130.4;1927.3,-137.4;1921.9,-125.8
BuildingSmooth_11_19247_1509_-1245|138.01|1922.9,-129.0;1923.8,-129.4;1927.9,-121.4;1927.0,-120.9
BuildingSmooth_11_19247_1509_-1245|138.01|1919.3,-128.3;1926.5,-131.9;1926.9,-131.0;1919.8,-127.4
BuildingSmooth_11_19247_1509_-1245|138.01|1923.8,-119.4;1931.0,-123.0;1931.4,-122.1;1924.3,-118.5
BuildingSmooth_11_19247_1509_-1245|138.01|1926.0,-130.6;1926.9,-131.0;1931.0,-123.0;1930.1,-122.5
BuildingSmooth_11_19247_1509_-1245|138.01|1936.6,-118.9;1931.2,-107.3;1922.2,-111.6;1927.6,-123.1
BuildingSmooth_11_19247_1509_-1245|138.01|1919.8,-127.4;1920.7,-127.8;1924.7,-119.8;1923.8,-119.4
BuildingSmooth_11_19247_1509_-1245|138.01|1922.5,-124.3;1927.8,-127.0;1928.3,-126.1;1922.9,-123.4
BuildingSmooth_11_19247_1509_-1245|138.01|1912.8,-130.1;1918.2,-141.6;1927.3,-137.4;1921.9,-125.8
BuildingSourceSlice_fbx_9_-10827_1669_9438|99.07|-1072.1,871.6;-1039.8,1003.0;-1091.3,1015.6;-1093.2,1007.8;-1094.4,1008.1;-1125.1,885.0
BuildingSourceSlice_fbx_13_-20630_1924_16565|131.06|-2020.9,1670.8;-2022.1,1669.8;-2058.0,1701.2;-2106.8,1644.1;-2098.3,1637.1;-2099.3,1635.0;-2076.5,1615.8;-2073.0,1619.8;-2067.4,1616.1;-2069.2,1613.1;-2067.6,1611.7;-2019.2,1669.4
BuildingSourceSlice_fbx_6_14117_1668_-14847|143.90|1413.5,-1511.1;1428.3,-1464.0;1410.0,-1458.2;1395.1,-1505.3
BuildingSmooth_12_22772_1811_-16766_ResidualBody01|148.29|2236.4,-1658.1;2237.0,-1658.9;2244.8,-1654.1;2244.2,-1653.2
BuildingSmooth_12_22772_1811_-16766_ResidualBody01|148.29|2244.2,-1653.2;2250.1,-1662.7;2251.0,-1662.2;2245.1,-1652.7
BuildingSmooth_12_22772_1811_-16766_ResidualBody01|148.29|2235.6,-1658.6;2241.5,-1668.1;2242.3,-1667.6;2236.4,-1658.1
BuildingSmooth_12_22772_1811_-16766_ResidualBody01|148.29|2239.1,-1662.4;2239.7,-1663.2;2247.4,-1658.4;2246.9,-1657.5
BuildingSmooth_12_22772_1811_-16766_ResidualBody01|148.29|2229.3,-1657.1;2240.0,-1674.4;2257.3,-1663.7;2246.5,-1646.4
BuildingSmooth_12_22772_1811_-16766_ResidualBody01|148.29|2240.4,-1656.8;2245.3,-1664.6;2246.1,-1664.0;2241.3,-1656.2
BuildingSmooth_12_22772_1811_-16766_ResidualBody01|148.29|2241.8,-1666.7;2242.3,-1667.6;2250.1,-1662.7;2249.6,-1661.9
BuildingSourceSlice_fbx_2_24756_1361_-5713|125.02|2494.2,-596.2;2493.0,-545.6;2457.2,-546.4;2458.3,-597.0
BuildingSourceSlice_fbx_1_-28625_1888_1714|127.80|-2885.9,135.7;-2841.8,134.0;-2839.1,206.8;-2883.2,208.5
BuildingSourceSlice_orph_604_-188|80.21|613.8,-208.3;625.8,-182.4;592.4,-168.2;581.3,-192.0
BuildingSmooth_2_22786_1570_-9261|139.06|2263.8,-925.3;2263.1,-938.1;2270.5,-938.5;2271.2,-925.7
BuildingSmooth_2_22786_1570_-9261|139.06|2282.9,-921.8;2282.0,-922.3;2284.2,-926.8;2285.1,-926.3
BuildingSmooth_2_22786_1570_-9261|139.06|2282.4,-920.9;2271.7,-926.4;2272.2,-927.3;2282.9,-921.8
BuildingSmooth_2_22786_1570_-9261|139.06|2263.8,-925.3;2264.5,-912.5;2286.6,-913.8;2285.9,-926.5
BuildingSmooth_2_22786_1570_-9261|139.06|2293.3,-927.0;2294.0,-914.2;2286.6,-913.8;2285.9,-926.5
BuildingSmooth_2_22786_1570_-9261|139.06|2282.9,-924.1;2274.0,-928.6;2274.4,-929.5;2283.3,-925.0
BuildingSmooth_2_22786_1570_-9261|139.06|2285.1,-926.3;2274.4,-931.7;2274.9,-932.6;2285.6,-927.2
BuildingSmooth_2_22786_1570_-9261|139.06|2278.0,-924.3;2277.1,-924.8;2279.3,-929.2;2280.2,-928.8
BuildingSmooth_2_22786_1570_-9261|139.06|2273.1,-926.8;2272.2,-927.3;2274.4,-931.7;2275.3,-931.3
BuildingSmooth_2_22786_1570_-9261|139.06|2293.3,-927.0;2292.6,-939.7;2270.5,-938.5;2271.2,-925.7
BuildingSourceSlice_fbx_6_7735_1253_-17864|106.57|772.3,-1736.6;766.9,-1748.2;760.7,-1745.2;746.3,-1755.7;742.3,-1763.9;750.6,-1768.0;740.2,-1790.6;735.8,-1788.7;727.2,-1808.2;731.4,-1809.9;730.7,-1811.9;784.5,-1836.2;819.8,-1758.2
BuildingSourceSlice_orph_1303_925|80.70|1300.4,951.3;1281.6,945.2;1297.8,893.8;1321.9,895.4;1321.2,904.1;1316.1,907.5;1315.4,926.2;1312.9,936.1;1316.5,940.4;1312.8,942.3;1314.9,951.2;1313.8,955.3;1299.3,955.1
BuildingSourceSlice_fbx_4_-10613_1216_-15105|88.27|-1058.3,-1535.4;-1040.9,-1511.0;-1042.1,-1510.1;-1037.6,-1503.8;-1063.2,-1485.7;-1085.0,-1516.3
BuildingSourceSlice_orph_-2807_686|132.92|-2840.8,681.6;-2844.5,676.4;-2824.7,662.6;-2821.1,667.7;-2799.6,652.5;-2777.2,685.0;-2776.0,684.2;-2775.2,685.3;-2775.8,687.4;-2769.1,697.6;-2777.1,703.3;-2779.7,699.7;-2814.2,718.7;-2841.8,682.3
BuildingSourceSlice_orph_1194_806|97.57|1214.0,828.6;1189.8,832.7;1179.4,770.5;1186.5,769.5
BuildingSourceSlice_fbx_13_-10639_1665_13442|94.50|-1083.3,1306.3;-1083.3,1297.2;-1029.9,1297.1;-1028.6,1342.5;-1017.6,1342.3;-1017.4,1373.1;-1028.1,1373.3;-1028.5,1390.6;-1110.1,1358.8;-1089.9,1306.4
BuildingSourceSlice_fbx_16_9158_2824_-6527|130.34|983.3,-601.7;906.1,-570.4;898.7,-572.4;891.3,-577.4;846.7,-690.2;847.5,-701.4;853.9,-707.8;930.0,-737.6
BuildingSourceSlice_fbx_10_-21279_975_-7625|75.31|-2105.2,-759.7;-2126.2,-739.8;-2150.5,-765.3;-2129.4,-785.2
BuildingSourceSlice_fbx_7_13023_928_15047|76.74|1339.1,1466.3;1346.3,1476.0;1353.5,1506.1;1352.6,1516.4;1351.0,1516.2;1315.7,1476.2;1328.1,1464.1;1334.0,1470.8
BuildingSourceSlice_fbx_7_13023_928_15047|76.74|1295.7,1459.2;1346.0,1518.7;1308.9,1550.1;1258.6,1490.6
BuildingSourceSlice_part_61_2280|96.25|25.4,2251.2;30.9,2249.6;30.8,2251.0;69.1,2254.4;69.9,2271.9;110.5,2276.4;107.5,2304.1;18.8,2296.8;20.6,2295.3
BuildingSourceSlice_fbx_13_-25350_1667_15400|140.41|-2582.4,1539.1;-2530.1,1496.9;-2487.6,1549.3;-2529.5,1583.2;-2551.5,1577.3
BuildingSourceSlice_orph_1860_2048|79.30|1893.9,2050.1;1860.6,2082.0;1826.4,2046.2;1859.6,2014.4
BuildingSmooth_3_-274_936_19365|79.86|-40.8,1942.6;-36.0,1953.2;-14.2,1943.2;-19.0,1932.6
BuildingSmooth_3_-274_936_19365|79.86|-21.6,1938.0;-22.6,1938.0;-22.5,1934.0;-21.5,1934.0
BuildingSmooth_3_-274_936_19365|79.86|-21.6,1939.0;-34.6,1938.8;-34.6,1937.8;-21.6,1938.0
BuildingSmooth_3_-274_936_19365|79.86|-33.6,1937.8;-34.6,1937.8;-34.5,1933.8;-33.5,1933.8
BuildingSmooth_3_-274_936_19365|79.86|-21.5,1934.0;-34.5,1933.8;-34.4,1932.8;-21.4,1933.0
BuildingSmooth_3_-274_936_19365|79.86|-27.6,1937.9;-28.6,1937.9;-28.5,1933.9;-27.5,1933.9
BuildingSmooth_3_-274_936_19365|79.86|-22.5,1936.5;-33.5,1936.3;-33.5,1935.3;-22.5,1935.5
BuildingSmooth_3_-274_936_19365|79.86|-13.9,1930.3;-9.1,1940.9;-14.2,1943.2;-19.0,1932.6
BuildingSmooth_3_-274_936_19365|79.86|-13.9,1930.3;-18.7,1919.7;-40.6,1929.7;-35.7,1940.3
BuildingSmooth_3_-274_936_19365|79.86|-40.8,1942.6;-45.7,1932.1;-40.6,1929.7;-35.7,1940.3
BuildingSourceSlice_fbx_6_938_1526_-12598|116.95|75.1,-1300.1;131.2,-1283.6;112.6,-1220.3;56.5,-1236.8
BuildingSourceSlice_fbx_7_17652_905_18109|78.04|1786.9,1787.7;1790.0,1810.1;1751.1,1834.0;1740.4,1816.6
BuildingSmooth_8_3979_2120_30223_Body01|200.00|388.9,3013.6;405.3,3013.7;405.3,3014.7;388.9,3014.6
BuildingSmooth_8_3979_2120_30223_Body01|200.00|388.7,3029.7;405.1,3029.8;405.1,3030.8;388.7,3030.7
BuildingSmooth_8_3979_2120_30223_Body01|200.00|404.3,3014.7;405.3,3014.7;405.1,3029.8;404.1,3029.8
BuildingSmooth_8_3979_2120_30223_Body01|200.00|389.8,3021.6;404.2,3021.8;404.2,3022.8;389.8,3022.6
BuildingSmooth_8_3979_2120_30223_Body01|200.00|396.6,3014.7;397.6,3014.7;397.4,3029.8;396.4,3029.8
BuildingSmooth_8_3979_2120_30223_Body01|200.00|375.2,2999.0;420.6,2999.4;420.1,3045.8;374.8,3045.4
BuildingSmooth_8_3979_2120_30223_Body01|200.00|388.9,3014.6;389.9,3014.6;389.7,3029.7;388.7,3029.7
BuildingSourceSlice_fbx_1_-29273_1439_8143|129.81|-2957.2,819.1;-2912.6,787.9;-2897.4,809.5;-2942.1,840.7
BuildingSourceSlice_fbx_10_-15302_1200_-2143|76.16|-1513.7,-195.4;-1544.8,-193.9;-1535.3,-195.0;-1537.3,-233.8;-1515.7,-234.8
BuildingSourceSlice_orph_-388_2554|69.16|-362.2,2649.9;-437.2,2644.8;-419.2,2480.1;-337.3,2445.9
BuildingSourceSlice_fbx_7_15962_920_15961|78.33|1603.6,1585.1;1636.8,1625.6;1620.0,1641.2;1555.5,1563.2;1569.8,1550.9
BuildingSourceSlice_orph_-1821_2035|108.45|-1817.9,2055.0;-1837.3,2039.5;-1835.6,2037.4;-1840.5,2033.5;-1827.3,2017.5;-1822.1,2021.5;-1819.3,2018.3;-1799.9,2033.8
BuildingSourceSlice_orph_1637_-1489|144.84|1670.2,-1467.3;1666.3,-1462.5;1604.1,-1511.4;1608.0,-1516.3
BuildingSourceSlice_orph_1927_-1606|144.32|1913.8,-1589.5;1918.1,-1596.2;1906.5,-1603.7;1921.0,-1629.7;1948.1,-1611.4;1933.3,-1586.3;1931.7,-1587.3;1927.4,-1580.6
BuildingSourceSlice_fbx_5_10240_1018_6504|80.75|1050.8,671.8;998.6,675.6;990.0,625.1;1051.7,625.6
BuildingSmooth_6_2047_1581_-18188_Body01|106.45|211.8,-1806.8;211.8,-1807.8;216.7,-1808.2;216.8,-1807.2
BuildingSmooth_6_2047_1581_-18188_Body01|106.45|223.5,-1820.6;228.4,-1817.8;220.8,-1804.0;215.9,-1806.8
BuildingSmooth_6_2047_1581_-18188_Body01|106.45|211.2,-1814.9;211.1,-1815.9;216.1,-1816.3;216.2,-1815.3
BuildingSmooth_6_2047_1581_-18188_Body01|106.45|211.5,-1810.8;211.4,-1811.8;216.4,-1812.3;216.5,-1811.3
BuildingSmooth_6_2047_1581_-18188_Body01|106.45|209.3,-1794.9;214.2,-1792.2;220.8,-1804.0;215.9,-1806.8
BuildingSmooth_6_2047_1581_-18188_Body01|106.45|209.3,-1794.9;225.5,-1796.3;223.5,-1820.6;207.3,-1819.2
BuildingSmooth_6_2047_1581_-18188_Body01|106.45|213.8,-1807.9;213.2,-1815.1;214.2,-1815.2;214.8,-1808.0
BuildingSmooth_6_2047_1581_-18188_Body01|106.45|216.8,-1807.2;216.1,-1816.3;217.1,-1816.4;217.8,-1807.3
BuildingSmooth_6_2047_1581_-18188_Body01|106.45|210.8,-1806.7;210.1,-1815.8;211.1,-1815.9;211.8,-1806.8
BuildingSmooth_1_-30547_2467_10113_Body02|238.60|-3049.9,987.6;-3050.3,986.7;-3044.0,984.7;-3043.7,985.6
BuildingSmooth_1_-30547_2467_10113_Body02|238.60|-3048.6,995.1;-3051.2,987.0;-3050.3,986.7;-3047.6,994.8
BuildingSmooth_1_-30547_2467_10113_Body02|238.60|-3047.6,994.8;-3047.9,993.9;-3041.7,991.9;-3041.4,992.8
BuildingSmooth_1_-30547_2467_10113_Body02|238.60|-3050.7,999.3;-3055.3,984.9;-3041.0,980.3;-3036.3,994.6
BuildingSmooth_1_-30547_2467_10113_Body02|238.60|-3041.4,992.8;-3044.0,984.7;-3043.1,984.4;-3040.5,992.5
BuildingSmooth_1_-30547_2467_10113_Body02|238.60|-3048.8,991.2;-3049.1,990.3;-3042.9,988.3;-3042.6,989.2
BuildingSmooth_1_-30547_2467_10113_Body02|238.60|-3045.3,993.0;-3047.3,986.8;-3046.4,986.5;-3044.4,992.7
BuildingSmooth_14_-6819_752_-938_Body01|59.75|-715.2,-70.5;-716.1,-70.1;-721.0,-79.8;-720.1,-80.3
BuildingSmooth_14_-6819_752_-938_Body01|59.75|-775.7,-44.2;-771.4,-35.5;-614.8,-113.1;-619.1,-121.8
BuildingSmooth_14_-6819_752_-938_Body01|59.75|-662.3,-96.8;-663.2,-96.3;-668.0,-106.1;-667.1,-106.5
BuildingSmooth_14_-6819_752_-938_Body01|59.75|-661.8,-95.9;-715.7,-69.2;-716.1,-70.1;-662.3,-96.8
BuildingSmooth_14_-6819_752_-938_Body01|59.75|-614.8,-113.1;-611.6,-105.7;-745.3,-48.4;-748.5,-55.9
BuildingSmooth_14_-6819_752_-938_Body01|59.75|-775.7,-44.2;-783.0,-57.3;-697.4,-104.7;-690.1,-91.6
BuildingSmooth_14_-6819_752_-938_Body01|59.75|-588.6,-147.8;-595.9,-160.9;-697.4,-104.7;-690.1,-91.6
BuildingSmooth_14_-6819_752_-938_Body01|59.75|-584.3,-139.1;-580.0,-130.4;-614.8,-113.1;-619.1,-121.8
BuildingSmooth_14_-6819_752_-938_Body01|59.75|-588.6,-147.8;-780.0,-52.9;-775.7,-44.2;-584.3,-139.1
BuildingSmooth_14_-6819_752_-938_Body01|59.75|-667.1,-106.5;-721.0,-79.8;-721.4,-80.7;-667.5,-107.4
BuildingSmooth_14_-6819_752_-938_Body01|59.75|-775.7,-44.2;-688.7,-87.3;-697.4,-104.7;-784.4,-61.6
BuildingSmooth_14_-6819_752_-938_Body01|59.75|-775.7,-44.2;-772.5,-36.8;-745.3,-48.4;-748.5,-55.9
BuildingSmooth_14_-6819_752_-938_Body01|59.75|-688.8,-83.6;-689.7,-83.2;-694.5,-92.9;-693.6,-93.4
BuildingSmooth_14_-6819_752_-938_Body01|59.75|-665.4,-100.7;-717.4,-74.9;-717.9,-75.8;-665.8,-101.6
BuildingSmooth_1_-28341_2122_8002_Body01|204.55|-2830.7,787.3;-2821.8,800.2;-2822.6,800.8;-2831.5,787.9
BuildingSmooth_1_-28341_2122_8002_Body01|204.55|-2823.2,800.0;-2822.6,800.8;-2836.7,810.6;-2837.3,809.7
BuildingSmooth_1_-28341_2122_8002_Body01|204.55|-2827.3,793.9;-2826.8,794.8;-2840.9,804.5;-2841.5,803.7
BuildingSmooth_1_-28341_2122_8002_Body01|204.55|-2831.5,787.9;-2830.9,788.7;-2845.1,798.5;-2845.7,797.6
BuildingSmooth_1_-28341_2122_8002_Body01|204.55|-2845.7,797.6;-2836.7,810.6;-2837.6,811.1;-2846.5,798.2
BuildingSmooth_1_-28341_2122_8002_Body01|204.55|-2837.6,793.3;-2829.8,804.6;-2830.6,805.1;-2838.4,793.9
BuildingSmooth_1_-28341_2122_8002_Body01|204.55|-2824.6,767.2;-2800.0,802.9;-2843.6,832.9;-2868.2,797.2
BuildingSourceSlice_orph_-2179_-435|99.04|-2149.1,-436.2;-2172.3,-405.3;-2209.8,-433.5;-2186.6,-464.4
BuildingSourceSlice_fbx_7_20670_1007_20284|80.28|2053.3,2061.4;2035.4,2045.1;2080.8,1995.4;2098.6,2011.6
BuildingSourceSlice_orph_2227_-594|141.08|2206.8,-621.3;2205.9,-622.2;2212.9,-631.1;2244.2,-598.1;2241.9,-595.2;2258.0,-582.0;2245.2,-569.5;2229.3,-559.8;2210.6,-593.5;2212.2,-594.5;2200.5,-616.4
BuildingSourceSlice_fbx_10_-18580_1424_-4152|88.68|-1890.7,-389.5;-1899.3,-398.0;-1855.2,-443.9;-1817.4,-409.7;-1837.9,-386.6;-1840.0,-388.5
BuildingSourceSlice_fbx_1_-30103_1932_11545|134.02|-3026.6,1136.0;-3005.8,1136.9;-2990.7,1132.3;-2981.5,1158.5;-2986.3,1159.9;-2985.6,1162.5;-3031.5,1176.7;-3039.2,1150.3;-3034.7,1148.9;-3037.7,1139.4
BuildingSourceSlice_fbx_12_19640_1587_-15926|145.32|1963.7,-1614.2;1982.7,-1614.2;1988.0,-1611.2;1986.2,-1600.0;1988.0,-1598.7;1960.4,-1557.7;1936.2,-1573.6
BuildingSourceSlice_fbx_8_3114_1752_28040|120.45|279.4,2823.5;280.4,2764.9;292.1,2764.6;293.6,2761.5;315.7,2760.7;318.6,2760.8;318.5,2764.3;349.1,2765.4;346.8,2847.9;274.0,2846.4;273.8,2824.6
BuildingSourceSlice_orph_-2163_400|126.58|-2323.6,417.6;-2314.4,405.6;-2322.8,399.9;-2274.9,335.1;-2272.7,336.8;-2259.1,318.4;-2235.7,335.7;-2221.2,315.9;-2198.1,333.0;-2181.2,310.0;-2159.6,325.9;-2087.3,226.2;-2021.2,275.0;-1976.6,305.7;-1977.6,307.1;-1964.0,317.3;-1979.9,338.6;-1993.5,328.5;-1994.5,329.9;-1999.1,326.5;-2043.2,386.2;-2045.7,381.8;-2061.1,398.4;-2055.2,402.7;-2162.9,549.1;-2180.2,536.3;-2184.3,545.4;-2179.6,546.2;-2203.5,578.3;-2298.3,508.0;-2275.0,479.5;-2319.5,447.4;-2294.7,419.2;-2300.6,415.1;-2310.4,427.8
BuildingSourceSlice_fbx_6_1145_1488_-13331|117.83|151.1,-1361.1;131.3,-1290.1;77.8,-1305.1;96.7,-1375.2;98.4,-1376.2
BuildingSourceSlice_fbx_8_623_1512_29097|103.15|70.4,2934.4;39.1,2933.6;37.3,2930.0;38.3,2885.2;83.7,2885.7;83.8,2887.3;88.3,2887.4;87.1,2923.2;76.8,2922.7
BuildingSourceSlice_fbx_6_4255_1119_-19034|102.11|405.7,-1909.7;412.8,-1909.7;413.3,-1917.8;430.8,-1926.5;449.4,-1889.2;444.1,-1885.4;444.1,-1875.4;425.5,-1866.1;424.3,-1867.9;400.9,-1855.9
BuildingSourceSlice_fbx_2_27230_1605_-6304|116.49|2684.2,-660.3;2750.3,-662.6;2751.0,-640.5;2760.6,-640.8;2761.9,-604.1;2691.5,-601.8;2691.0,-619.3;2685.5,-619.2
BuildingSourceSlice_fbx_1_-27196_2130_12461|137.06|-2714.8,1268.7;-2713.4,1259.2;-2707.3,1257.0;-2695.9,1262.5;-2678.2,1259.9;-2677.3,1268.0;-2700.3,1287.3
BuildingSourceSlice_fbx_11_20451_1261_6209|103.64|2025.3,647.7;1997.1,651.6;1989.8,598.2;2064.7,588.6;2077.3,588.1;2082.9,634.6;2098.3,633.0;2100.0,648.9;2053.6,654.7;2052.1,646.1;2044.5,646.9;2043.5,640.8;2024.6,643.1
BuildingSmooth_6_1756_1484_-14972|124.35|178.6,-1496.5;178.4,-1495.5;170.5,-1496.8;170.7,-1497.8
BuildingSmooth_6_1756_1484_-14972|124.35|180.6,-1502.8;178.3,-1489.0;177.4,-1489.1;179.6,-1503.0
BuildingSmooth_6_1756_1484_-14972|124.35|183.2,-1481.6;168.5,-1474.4;163.5,-1484.8;178.2,-1491.9
BuildingSmooth_6_1756_1484_-14972|124.35|168.0,-1512.9;182.8,-1520.1;187.8,-1509.7;173.0,-1502.6
BuildingSmooth_6_1756_1484_-14972|124.35|179.6,-1503.0;179.4,-1502.0;171.5,-1503.2;171.7,-1504.2
BuildingSmooth_6_1756_1484_-14972|124.35|177.5,-1490.1;177.4,-1489.1;169.5,-1490.4;169.6,-1491.4
BuildingSmooth_6_1756_1484_-14972|124.35|168.0,-1512.9;153.3,-1505.8;163.5,-1484.8;178.2,-1491.9
BuildingSmooth_6_1756_1484_-14972|124.35|176.0,-1502.5;174.1,-1490.7;173.1,-1490.8;175.0,-1502.7
BuildingSmooth_6_1756_1484_-14972|124.35|171.7,-1504.2;169.5,-1490.4;168.5,-1490.6;170.7,-1504.4
BuildingSmooth_6_1756_1484_-14972|124.35|183.2,-1481.6;198.0,-1488.7;187.8,-1509.7;173.0,-1502.6
BuildingSourceSlice_fbx_4_-10383_1241_-15663|91.86|-1059.6,-1583.5;-1029.8,-1584.4;-1027.9,-1581.7;-1018.4,-1578.6;-1010.6,-1567.9;-1038.2,-1547.7;-1065.9,-1584.9
BuildingSourceSlice_fbx_10_-16233_894_-8903|60.95|-1629.4,-870.5;-1640.2,-878.9;-1617.2,-910.2;-1606.8,-902.0
BuildingSourceSlice_orph_1844_-1733|140.08|1819.3,-1697.8;1798.4,-1715.9;1857.1,-1784.8;1864.4,-1778.8;1870.7,-1760.1;1887.6,-1746.9;1853.5,-1706.3;1854.5,-1705.4;1847.6,-1696.7;1856.1,-1690.3;1850.0,-1682.6;1851.3,-1681.4;1824.6,-1703.6
BuildingSmooth_12_30160_1395_-12228_Body02|131.02|3020.6,-1206.6;3019.4,-1200.6;3018.4,-1200.8;3019.6,-1206.8
BuildingSmooth_12_30160_1395_-12228_Body02|131.02|3019.6,-1206.8;3019.4,-1205.8;3009.6,-1207.8;3009.8,-1208.8
BuildingSmooth_12_30160_1395_-12228_Body02|131.02|3018.6,-1201.8;3018.4,-1200.8;3008.6,-1202.8;3008.8,-1203.8
BuildingSmooth_12_30160_1395_-12228_Body02|131.02|3015.0,-1206.7;3014.2,-1202.7;3013.2,-1202.9;3014.0,-1206.9
BuildingSmooth_12_30160_1395_-12228_Body02|131.02|3009.8,-1208.8;3008.6,-1202.8;3007.6,-1203.0;3008.8,-1209.0
BuildingSmooth_12_30160_1395_-12228_Body02|131.02|3025.9,-1207.6;3023.9,-1197.7;2998.9,-1202.7;3000.9,-1212.6
BuildingSmooth_12_30160_1395_-12228_Body02|131.02|3019.1,-1204.3;3018.9,-1203.3;3009.1,-1205.3;3009.3,-1206.3
BuildingSourceSlice_fbx_6_14051_1599_-12044|137.10|1426.3,-1189.6;1396.2,-1180.2;1383.9,-1219.2;1414.0,-1228.6
BuildingSourceSlice_fbx_8_-2594_1168_22517|73.06|-247.4,2274.8;-292.5,2251.5;-289.2,2227.4;-226.8,2259.6
BuildingSourceSlice_fbx_8_982_1389_22128|96.78|82.0,2192.4;117.5,2195.3;114.4,2233.4;78.9,2230.5
BuildingSourceSlice_fbx_4_-9800_1256_-14973|93.76|-996.1,-1527.6;-990.6,-1531.1;-953.7,-1522.5;-966.6,-1465.3;-977.5,-1463.4;-1006.4,-1502.9;-998.1,-1519.8
BuildingSourceSlice_fbx_8_-1992_952_26769|76.29|-158.1,2672.0;-159.3,2684.7;-239.5,2677.3;-238.4,2664.6
BuildingSourceSlice_fbx_8_-1992_952_26769|76.29|-239.8,2681.4;-238.6,2680.8;-160.1,2690.0;-161.5,2692.2;-240.5,2687.9
BuildingSourceSlice_orph_-2777_1170|135.35|-2805.4,1161.1;-2811.2,1162.5;-2782.4,1138.2;-2774.3,1141.4;-2775.0,1140.4;-2743.1,1177.2;-2741.8,1191.6;-2758.3,1199.2;-2764.7,1192.0;-2765.6,1192.6;-2774.5,1181.0;-2788.8,1191.9;-2794.3,1184.7;-2800.0,1189.6;-2814.9,1168.7
BuildingSourceSlice_orph_241_-38|70.92|178.4,28.7;174.0,30.5;141.0,-35.0;310.5,-106.4;338.8,-39.9;203.2,16.0;204.0,17.7;177.4,26.9
BuildingSourceSlice_part_1555_-624|143.80|1525.4,-606.6;1554.7,-627.9;1550.1,-639.1;1540.5,-652.4;1551.7,-661.9;1561.0,-650.7;1563.7,-654.0;1562.8,-654.8;1564.0,-657.6;1566.3,-654.7;1567.8,-655.8;1568.8,-654.6;1567.4,-653.4;1584.4,-632.7;1582.2,-634.6;1551.9,-591.6;1535.1,-591.3
BuildingSourceSlice_fbx_8_747_1133_21891|92.56|116.4,2186.3;116.1,2188.8;80.7,2186.6;63.7,2230.8;26.0,2227.7;42.6,2180.7;46.0,2181.0;49.0,2147.5;118.3,2152.9;114.9,2186.1
BuildingSourceSlice_fbx_15_-18263_842_-15933|62.64|-1853.7,-1590.2;-1847.8,-1600.3;-1860.5,-1608.0;-1842.3,-1639.0;-1812.4,-1621.3;-1826.9,-1595.4;-1792.1,-1574.4;-1809.5,-1547.7
BuildingSourceSlice_orph_1429_1507|77.32|1400.6,1492.0;1398.4,1491.0;1412.8,1479.7;1475.2,1508.8;1470.1,1509.5;1470.1,1510.5;1475.0,1511.4;1418.6,1536.6;1410.1,1518.6;1404.8,1520.9;1393.8,1497.0
BuildingSourceSlice_orph_2816_-1611|139.00|2823.6,-1590.3;2799.1,-1598.8;2805.0,-1630.4;2834.7,-1622.3;2830.3,-1606.0
BuildingSourceSlice_orph_770_-270|88.94|787.6,-244.2;780.0,-241.4;751.7,-294.7;759.8,-298.0;776.7,-270.3
BuildingSourceSlice_fbx_10_-19425_1272_-8782|63.98|-1961.0,-798.1;-1962.9,-799.9;-1961.8,-801.4;-2017.3,-855.3;-2020.4,-854.6;-2021.7,-855.8;-1924.2,-958.5;-1863.3,-900.6
BuildingSourceSlice_fbx_11_20930_1648_791|130.48|2137.6,40.3;2137.8,43.4;2144.3,42.8;2149.3,98.2;2141.4,99.0;2141.5,105.8;2044.9,117.7;2036.2,50.7
BuildingSourceSlice_fbx_1_-23301_2178_8465|140.98|-2282.5,840.4;-2269.2,858.4;-2269.3,861.1;-2303.2,887.5;-2308.5,880.5;-2345.1,907.4;-2346.8,907.4;-2355.4,895.8;-2356.9,895.5;-2390.2,849.6;-2392.3,838.5;-2322.9,784.8;-2281.7,839.9
BuildingSourceSlice_fbx_15_-25132_1217_-18575|56.58|-2519.1,-1829.6;-2540.9,-1852.3;-2511.6,-1885.5;-2485.8,-1858.2
BuildingSourceSlice_orph_-1601_1027|123.17|-1589.3,974.5;-1564.8,1047.7;-1567.7,1048.6;-1560.7,1070.4;-1577.4,1075.8;-1575.0,1082.8;-1580.0,1084.5;-1580.7,1066.9;-1604.5,1074.0;-1614.6,1063.9;-1620.1,1065.0;-1643.7,992.6
BuildingSourceSlice_orph_-1424_2227|103.08|-1468.7,2216.6;-1480.2,2207.9;-1480.3,2196.8;-1442.4,2196.6;-1442.3,2212.8;-1430.8,2213.7;-1430.9,2199.9;-1415.9,2199.8;-1415.9,2215.1;-1384.6,2214.5;-1388.5,2268.9;-1401.5,2268.9;-1401.2,2261.9;-1412.4,2261.9;-1423.7,2250.3;-1423.7,2247.6;-1434.8,2240.4;-1443.3,2240.4;-1443.4,2232.5;-1462.8,2221.0;-1468.6,2221.0
BuildingSourceSlice_fbx_3_-6993_1347_24088|65.99|-657.9,2395.8;-657.1,2418.5;-672.5,2419.1;-672.4,2420.5;-740.7,2422.9;-740.6,2398.4;-685.6,2395.7
BuildingSourceSlice_orph_1566_-421|139.52|1564.1,-455.0;1599.1,-411.1;1597.6,-410.9;1599.8,-407.5;1597.2,-391.9;1588.2,-384.8;1592.1,-380.4;1591.1,-374.7;1583.2,-373.9;1534.1,-429.4;1535.7,-430.7;1526.3,-441.6;1554.1,-465.4
BuildingSourceSlice_orph_-922_2275|72.52|-949.1,2260.5;-934.4,2267.9;-930.4,2259.7;-896.7,2277.4;-904.1,2292.2;-952.8,2267.9
BuildingSourceSlice_fbx_8_5360_1535_27681|128.69|540.5,2793.0;513.0,2784.9;519.2,2743.3;552.1,2743.9;559.0,2775.6
BuildingSourceSlice_fbx_15_-17616_900_-21996|75.04|-1768.0,-2225.0;-1737.9,-2220.4;-1763.7,-2174.9;-1785.3,-2196.9
BuildingSourceSlice_fbx_15_-17616_900_-21996|75.04|-1737.3,-2220.3;-1731.0,-2219.7;-1730.4,-2201.7;-1739.6,-2183.4;-1749.2,-2176.1;-1755.6,-2180.2;-1753.5,-2184.5;-1755.0,-2185.2;-1754.1,-2190.7
BuildingSourceSlice_orph_-1872_-2349|80.24|-1847.9,-2301.9;-1905.9,-2377.4;-1886.7,-2389.7;-1868.9,-2369.8;-1873.8,-2366.1;-1840.9,-2322.8;-1847.7,-2317.9;-1840.3,-2307.5
BuildingSourceSlice_fbx_3_-2448_885_19224|81.60|-224.4,1942.3;-269.6,1933.5;-266.3,1903.4;-264.6,1902.5;-220.2,1920.2
BuildingSourceSlice_orph_2193_-271|144.61|2183.6,-282.3;2197.3,-285.0;2195.5,-292.5;2208.0,-294.6;2214.0,-262.2;2189.9,-256.7;2193.3,-251.1;2181.1,-246.3;2169.9,-274.5;2184.0,-280.1
BuildingSourceSlice_fbx_8_4018_1640_22101|117.50|359.0,2176.6;445.6,2185.5;455.7,2197.7;457.7,2229.4;457.7,2231.3;456.2,2231.3;457.2,2243.6;353.8,2234.7
BuildingSourceSlice_fbx_3_2680_1435_17943|87.45|289.5,1833.0;287.2,1832.8;286.1,1842.9;241.2,1837.9;242.2,1829.0;240.6,1828.9;247.0,1745.6;295.4,1763.7;291.9,1796.2;290.0,1797.4;288.2,1830.5;289.8,1831.5
BuildingSourceSlice_fbx_13_-18919_1411_20357|111.22|-1867.4,2025.5;-1868.5,2026.9;-1862.7,2031.5;-1862.7,2039.5;-1865.1,2044.6;-1884.9,2069.5;-1898.3,2058.8;-1897.6,2057.9;-1925.0,2037.6;-1896.9,2002.1
BuildingSourceSlice_fbx_10_-16280_1351_-6282|65.49|-1619.6,-666.9;-1591.0,-639.3;-1595.9,-634.2;-1593.5,-631.1;-1633.6,-589.5;-1664.8,-620.2
BuildingSourceSlice_fbx_9_-16556_1738_5184|107.03|-1673.2,549.9;-1706.9,524.6;-1675.2,481.5;-1604.6,533.1;-1607.6,536.7;-1615.2,541.1;-1642.4,551.7;-1660.0,555.0
BuildingSourceSlice_fbx_1_-25514_1755_11173|138.79|-2517.2,1139.0;-2538.0,1155.8;-2573.0,1112.5;-2572.1,1111.7;-2583.2,1097.4;-2583.1,1092.3;-2573.6,1084.9;-2560.8,1084.9
BuildingSourceSlice_fbx_1_-25514_1755_11173|138.79|-2538.6,1156.8;-2546.8,1163.3;-2554.1,1163.1;-2559.6,1156.3;-2575.7,1159.1;-2583.2,1150.0;-2582.9,1121.3;-2574.1,1113.3;-2549.5,1144.9;-2548.5,1144.2
BuildingSourceSlice_fbx_2_25514_1426_-9781|120.41|2534.2,-1002.0;2548.8,-1004.9;2563.1,-1004.9;2583.7,-992.3;2575.6,-976.7;2533.0,-1000.1
BuildingSourceSlice_fbx_2_25514_1426_-9781|120.41|2571.2,-958.8;2524.7,-978.3;2532.0,-997.4;2576.9,-975.5;2577.7,-974.0
BuildingSourceSlice_fbx_2_25514_1426_-9781|120.41|2555.7,-951.3;2535.2,-958.1;2534.6,-956.6;2518.8,-962.7;2523.9,-976.0;2559.5,-961.1
BuildingSourceSlice_fbx_8_3870_1903_22656|120.15|459.9,2248.8;461.6,2294.1;314.2,2282.1;316.3,2265.2;312.4,2264.9;314.9,2237.0
BuildingSourceSlice_orph_115_-1590|118.73|134.0,-1621.6;131.0,-1621.0;131.2,-1610.3;133.5,-1610.7;117.1,-1550.3;113.0,-1553.3;102.4,-1550.1;101.5,-1612.2;100.3,-1620.7
BuildingSourceSlice_fbx_13_-9493_876_23468|69.84|-949.5,2324.4;-931.3,2333.3;-948.9,2369.3;-967.1,2360.3
BuildingSourceSlice_fbx_15_-26129_917_-19454|56.34|-2642.3,-1941.0;-2610.3,-1975.0;-2583.6,-1949.9;-2615.6,-1915.9
BuildingSourceSlice_fbx_3_2032_1292_16259|86.89|229.0,1669.2;208.6,1649.5;242.2,1614.8;262.6,1634.5
BuildingSourceSlice_fbx_16_7018_1383_-4192|99.62|681.7,-390.3;665.0,-428.0;668.8,-432.7;667.5,-436.2;673.6,-444.8;709.8,-459.6;738.6,-390.9;707.6,-378.8;704.0,-379.9;701.1,-386.6;689.8,-382.4;686.1,-391.5
BuildingSourceSlice_fbx_10_-13463_1146_-6580|58.40|-1319.7,-667.4;-1355.4,-632.3;-1373.8,-649.0;-1336.8,-684.6
BuildingSourceSlice_fbx_3_1886_1342_19453|88.97|256.2,1992.6;248.8,1992.7;248.4,1996.3;246.9,1997.4;113.0,1980.9;113.3,1970.8;109.6,1969.5;109.5,1957.3;104.8,1956.4;101.8,1953.3;102.2,1900.4;103.9,1896.2;111.3,1891.7;113.3,1891.9;281.8,1911.7;274.4,1970.7;270.3,1970.6;267.7,1990.3;258.3,1989.1
BuildingSourceSlice_fbx_6_15355_1730_-14173|145.81|1518.5,-1472.8;1533.8,-1476.0;1487.6,-1462.8;1487.6,-1470.2;1499.0,-1479.9;1515.9,-1479.9
BuildingSourceSlice_fbx_6_15355_1730_-14173|145.81|1513.0,-1406.5;1496.2,-1456.8;1548.5,-1473.3;1563.9,-1424.9;1563.9,-1412.7;1542.9,-1406.5
BuildingSourceSlice_fbx_4_-1054_1425_-18286|107.19|-100.4,-1848.8;-99.6,-1853.3;-69.8,-1848.6;-70.6,-1843.8;-69.5,-1843.5;-76.8,-1804.4;-141.4,-1816.1;-137.8,-1837.6;-125.2,-1853.0
BuildingSmooth_5_10133_2300_2639_Body01|225.79|1007.7,268.4;1007.3,267.5;1019.0,261.4;1019.5,262.3
BuildingSmooth_5_10133_2300_2639_Body01|225.79|1017.9,274.6;1008.0,255.7;1008.9,255.2;1018.8,274.1
BuildingSmooth_5_10133_2300_2639_Body01|225.79|1014.1,300.7;984.1,243.4;1012.4,228.6;1042.4,285.8
BuildingSmooth_5_10133_2300_2639_Body01|225.79|1012.9,278.3;1012.5,277.5;1024.2,271.3;1024.7,272.2
BuildingSmooth_5_10133_2300_2639_Body01|225.79|1024.7,272.2;1013.8,251.5;1014.7,251.0;1025.6,271.7
BuildingSmooth_5_10133_2300_2639_Body01|225.79|1002.5,258.5;1002.1,257.6;1013.8,251.5;1014.3,252.3
BuildingSmooth_5_10133_2300_2639_Body01|225.79|1012.0,278.8;1001.2,258.1;1002.1,257.6;1012.9,278.3
BuildingSourceSlice_fbx_11_19095_1486_3990|118.54|1884.9,373.7;1938.6,379.0;1934.1,424.3;1880.4,419.0
BuildingSourceSlice_fbx_3_3968_1570_18314|93.74|385.2,1816.9;387.1,1805.1;408.9,1805.0;418.7,1823.1;393.5,1856.9;372.2,1853.5;374.0,1840.3;374.5,1814.8
BuildingSourceSlice_fbx_16_12593_1713_-5840|142.47|1237.4,-584.6;1241.6,-588.1;1236.5,-594.0;1243.7,-600.1;1244.9,-599.2;1256.2,-609.1;1282.6,-579.9;1258.9,-560.9;1256.1,-563.9;1250.5,-559.0;1235.9,-575.1;1241.5,-580.0
BuildingSourceSlice_orph_1617_842|91.83|1593.0,845.7;1592.2,830.3;1640.7,823.5;1643.8,852.6;1591.8,859.8
BuildingSourceSlice_fbx_11_21199_1441_1940|126.19|2159.4,205.8;2083.4,213.0;2080.4,182.2;2156.4,175.0
BuildingSourceSlice_orph_-2231_-1058|71.12|-2250.5,-1048.0;-2239.9,-1059.3;-2239.1,-1058.7;-2222.0,-1078.5;-2210.1,-1067.4;-2214.0,-1065.0;-2227.5,-1050.7;-2238.5,-1036.8
BuildingSourceSlice_fbx_11_15918_1483_5443|122.08|1568.8,551.9;1590.4,520.0;1614.8,536.6;1593.3,568.5
BuildingSourceSlice_fbx_4_-2009_1297_-6788|82.73|-194.6,-646.6;-192.8,-645.8;-194.7,-641.5;-209.0,-636.6;-233.8,-647.8;-201.3,-721.1;-168.0,-706.3
BuildingSourceSlice_orph_-822_2677|68.45|-830.3,2646.1;-809.2,2651.9;-804.5,2638.4;-794.2,2642.0;-816.6,2712.7;-847.7,2702.9
BuildingSourceSlice_orph_1112_1990|103.32|1108.7,2020.7;1098.0,1961.6;1114.8,1958.5;1125.6,2017.6
BuildingSourceSlice_fbx_11_22721_1281_3799|112.21|2265.6,418.3;2263.1,390.9;2247.5,392.3;2243.4,346.0;2294.2,341.4;2300.8,415.1
BuildingSourceSlice_orph_-302_-1625|117.71|-310.7,-1644.7;-283.8,-1638.8;-289.9,-1611.0;-299.4,-1613.1;-301.5,-1603.3;-319.1,-1606.7
BuildingSourceSlice_fbx_5_11967_1416_11488|73.28|1230.0,1095.6;1251.6,1104.3;1251.6,1116.7;1176.5,1085.6;1246.2,1085.6;1250.9,1088.8;1251.6,1097.1;1231.4,1091.5
BuildingSourceSlice_fbx_5_11967_1416_11488|73.28|1251.6,1152.1;1251.6,1164.2;1147.7,1115.6;1154.7,1100.7;1239.0,1140.2
BuildingSourceSlice_fbx_9_-16915_1927_9175|129.17|-1650.1,921.4;-1681.1,929.7;-1702.8,849.8;-1675.6,843.3
BuildingSourceSlice_fbx_9_-16915_1927_9175|129.17|-1643.2,963.3;-1673.6,971.3;-1672.0,977.0;-1702.7,984.9;-1704.1,979.2;-1706.7,979.9;-1739.8,859.5;-1705.1,850.0;-1681.4,935.9;-1652.8,928.7
BuildingSourceSlice_fbx_9_-16915_1927_9175|129.17|-1720.6,993.6;-1762.6,866.7;-1740.3,860.6;-1704.8,988.8
BuildingSourceSlice_orph_628_875|70.17|593.0,894.0;598.6,882.4;615.4,889.8;632.9,853.3;617.5,845.9;622.4,835.7;654.3,850.7;653.4,852.7;654.4,853.2;626.7,909.8
BuildingSourceSlice_fbx_7_12979_1093_20731|96.54|1294.6,2102.6;1268.8,2079.1;1301.2,2043.6;1327.0,2067.1
BuildingSourceSlice_fbx_8_689_1513_26493|103.21|41.4,2590.6;65.8,2593.1;66.5,2597.4;79.5,2597.4;79.5,2604.6;87.6,2604.6;92.1,2671.8;100.1,2672.5;102.7,2703.4;46.2,2708.6;44.9,2695.1;46.7,2694.9;46.7,2691.2;45.8,2691.3;35.2,2591.3
BuildingSourceSlice_fbx_11_19810_1408_5559|111.94|1996.1,515.3;1996.7,519.2;2008.7,520.4;2016.7,594.0;1991.1,596.8;1989.0,577.6;1945.4,571.2;1951.8,515.4;1983.6,519.0;1985.3,517.0
BuildingSourceSlice_orph_2747_-918|118.98|2737.0,-902.9;2735.9,-932.7;2757.5,-933.5;2758.7,-903.8
BuildingSmooth_16_12901_1620_-4393_Body01|132.05|1307.3,-434.7;1282.5,-462.2;1262.5,-444.1;1287.3,-416.6
BuildingSmooth_16_12901_1620_-4393_Body01|132.05|1262.5,-444.1;1262.4,-444.2;1264.7,-446.1;1264.8,-446.0
BuildingSmooth_16_12901_1620_-4393_Body01|132.05|1307.3,-434.7;1311.7,-455.4;1283.2,-461.4;1278.9,-440.7
BuildingSmooth_16_12901_1620_-4393_Body01|132.05|1285.0,-428.5;1274.8,-439.8;1275.5,-440.5;1285.7,-429.1
BuildingSmooth_16_12901_1620_-4393_Body01|132.05|1285.7,-429.1;1285.1,-429.9;1294.3,-438.2;1295.0,-437.5
BuildingSmooth_16_12901_1620_-4393_Body01|132.05|1280.9,-434.4;1280.3,-435.2;1289.6,-443.6;1290.2,-442.8
BuildingSmooth_16_12901_1620_-4393_Body01|132.05|1283.2,-461.4;1283.2,-461.5;1264.7,-446.1;1264.8,-446.0
BuildingSmooth_16_12901_1620_-4393_Body01|132.05|1289.3,-433.7;1280.4,-443.6;1281.2,-444.3;1290.1,-434.4
BuildingSmooth_16_12901_1620_-4393_Body01|132.05|1295.0,-437.5;1284.8,-448.9;1285.5,-449.5;1295.8,-438.2
BuildingSmooth_16_12901_1620_-4393_Body01|132.05|1276.2,-439.8;1275.5,-440.5;1284.8,-448.9;1285.5,-448.1
BuildingSmooth_16_12901_1620_-4393_Body01|132.05|1262.5,-444.1;1266.9,-464.9;1283.2,-461.4;1278.9,-440.7
BuildingSourceSlice_fbx_10_-21907_990_-6337|87.09|-2142.2,-630.3;-2143.8,-619.5;-2153.8,-611.0;-2165.7,-612.4;-2195.3,-587.0;-2237.7,-631.6;-2184.2,-681.9;-2142.8,-638.1
BuildingSourceSlice_fbx_11_22094_1597_-530|134.14|2171.6,-65.2;2189.2,-66.3;2190.5,-64.6;2197.5,-65.1;2198.8,-67.0;2245.0,-70.7;2247.1,-41.3;2223.8,-39.3;2222.6,-47.9;2202.6,-48.0;2202.9,-37.5;2173.7,-35.4
BuildingSourceSlice_fbx_2_24690_1310_-5254|125.92|2445.8,-507.0;2447.9,-546.1;2492.1,-543.7;2490.0,-504.7
BuildingSourceSlice_fbx_3_543_954_17129|78.57|78.6,1736.8;29.7,1736.2;28.8,1689.2;79.7,1689.1
BuildingSourceSlice_fbx_10_-14483_1320_-7605|61.40|-1421.7,-764.2;-1453.6,-734.3;-1474.7,-756.8;-1442.8,-786.7
BuildingSourceSlice_fbx_5_4082_1039_10374|70.01|374.1,1066.4;398.1,1001.5;444.3,1020.1;429.2,1056.7;420.4,1066.9;406.4,1073.1
BuildingSourceSlice_fbx_4_-9610_1266_-16037|97.20|-982.5,-1621.4;-933.6,-1608.8;-939.5,-1586.0;-988.4,-1598.6
BuildingSourceSlice_fbx_3_-5616_1116_13841|70.84|-576.1,1364.2;-547.1,1363.3;-552.8,1404.1;-574.8,1404.4
BuildingSourceSlice_fbx_16_14385_1759_-5677|142.29|1462.4,-575.4;1427.2,-545.2;1414.7,-559.8;1449.8,-590.0
BuildingSourceSlice_fbx_8_1105_1731_30483|108.35|146.5,3052.3;148.4,3052.5;148.2,3058.4;165.2,3058.8;164.0,3107.4;94.2,3105.7;94.3,3102.9;60.2,3102.1;60.9,3071.5;55.5,3071.3;55.1,3065.7;56.2,3031.0;93.1,3032.0;93.1,2989.2;165.8,2989.3;165.2,3038.5;137.4,3038.2;137.2,3047.1;146.5,3047.1
BuildingSourceSlice_orph_2127_-386|144.15|2101.6,-397.2;2120.1,-401.7;2137.5,-411.2;2152.5,-372.7;2140.9,-368.6;2129.9,-370.3;2125.4,-369.3;2118.1,-361.3;2117.6,-358.0
BuildingSourceSlice_orph_-1322_2217|99.42|-1336.3,2198.7;-1307.8,2198.8;-1308.1,2235.5;-1336.6,2235.3
BuildingSourceSlice_orph_1895_-1548|145.46|1880.6,-1575.7;1887.4,-1575.3;1906.0,-1562.4;1907.4,-1565.5;1925.9,-1553.0;1900.2,-1516.0;1872.2,-1534.9;1880.6,-1547.4;1867.4,-1556.5
BuildingSourceSlice_orph_806_-1150|127.85|783.9,-1153.4;782.4,-1154.7;812.5,-1188.7;826.8,-1176.0;825.6,-1174.8;842.0,-1158.9;846.7,-1155.8;841.0,-1148.8;826.0,-1143.1;824.7,-1144.3;807.7,-1122.4;790.7,-1115.8;768.4,-1135.5
BuildingSourceSlice_orph_-2617_338|141.19|-2597.7,336.0;-2623.8,356.0;-2636.2,339.7;-2610.2,319.8
BuildingSourceSlice_fbx_3_3941_1441_15786|92.89|333.8,1579.0;394.6,1518.8;453.0,1577.8;392.2,1638.0
BuildingSourceSlice_fbx_9_-16658_1834_7272|118.78|-1654.4,708.4;-1647.7,737.3;-1677.7,745.7;-1685.8,717.1;-1665.4,711.4;-1662.7,720.8;-1658.8,720.3;-1663.0,712.3;-1662.3,710.5
BuildingSourceSlice_fbx_5_5506_1112_8582|69.33|595.9,831.2;594.5,834.3;587.9,831.3;590.6,818.9;601.6,821.9;601.2,832.3
BuildingSourceSlice_fbx_5_5506_1112_8582|69.33|511.3,842.5;517.8,827.9;516.0,827.1;530.3,813.4;550.0,813.4;559.1,817.7;560.1,813.4;574.2,813.4;579.4,815.1;577.0,826.1;583.6,829.3;571.2,855.8;578.2,859.6;582.6,850.1;595.6,856.2;590.9,866.4;589.4,865.7;579.4,887.5;518.2,859.7
BuildingSourceSlice_orph_1214_-1527|132.99|1200.7,-1507.1;1194.3,-1504.5;1186.0,-1537.4;1191.0,-1538.6;1194.4,-1524.2;1215.4,-1529.1;1212.0,-1543.6;1236.1,-1549.3;1241.3,-1528.8;1218.2,-1523.4;1221.6,-1512.3;1201.4,-1506.1
BuildingSourceSlice_fbx_1_-29400_1491_6749|133.68|-2918.4,687.9;-2954.2,637.5;-2938.3,626.1;-2902.4,676.5
BuildingSourceSlice_fbx_1_-29400_1491_6749|133.68|-2948.4,646.7;-2916.0,692.3;-2931.6,703.4;-2964.0,657.8
BuildingSourceSlice_fbx_11_23372_1525_2111|120.28|2311.8,196.1;2312.2,201.0;2329.5,199.7;2330.8,193.3;2346.9,192.0;2348.1,214.2;2348.0,213.3;2333.3,214.8;2333.5,216.4;2313.0,218.8
BuildingSourceSlice_fbx_8_-30_1914_28539|96.92|-33.9,2863.2;-34.0,2855.7;-6.3,2855.5;-5.9,2786.5;60.9,2786.5;61.3,2816.5;65.4,2816.6;66.4,2818.0;64.7,2829.6;63.1,2829.6;63.3,2879.5;61.9,2880.6;29.7,2880.9;28.3,2907.7;6.1,2908.2;4.1,2922.2;-50.6,2914.9;-50.4,2908.3;-68.5,2908.3;-69.2,2893.1;-61.6,2862.2
BuildingSourceSlice_fbx_10_-22796_816_-12501|63.54|-2303.0,-1278.5;-2302.1,-1280.4;-2285.6,-1284.8;-2244.6,-1284.6;-2239.0,-1278.0;-2239.0,-1254.4;-2241.3,-1250.1
BuildingSourceSlice_fbx_10_-22796_816_-12501|63.54|-2316.0,-1250.1;-2303.0,-1277.7;-2243.4,-1250.1;-2258.1,-1222.6
BuildingSourceSlice_fbx_10_-22796_816_-12501|63.54|-2314.1,-1247.8;-2262.2,-1224.2;-2267.5,-1215.7;-2290.6,-1215.7;-2304.7,-1223.3;-2305.0,-1215.9;-2314.1,-1215.7;-2321.8,-1218.4;-2323.6,-1226.9
BuildingSourceSlice_fbx_2_21930_2326_-7365|144.06|2238.0,-725.1;2220.8,-700.0;2219.1,-699.8;2148.0,-748.1;2165.8,-774.1
BuildingSourceSlice_fbx_10_-16108_1551_-12895|62.28|-1537.9,-1321.5;-1620.3,-1195.6;-1622.4,-1192.6;-1624.4,-1193.4;-1629.6,-1185.0;-1665.3,-1208.8;-1661.8,-1214.3;-1683.7,-1225.5;-1572.6,-1393.9
BuildingSourceSlice_orph_1904_750|95.07|1911.2,722.2;1910.7,778.7;1897.5,778.6;1898.0,722.1
BuildingSourceSlice_fbx_9_-13080_1470_12363|107.30|-1222.2,1248.3;-1368.2,1283.4;-1393.4,1241.5;-1390.6,1240.0;-1393.5,1227.8;-1235.2,1189.1
BuildingSmooth_11_21921_1742_4659_Body01|110.89|2167.6,437.9;2166.6,427.6;2167.6,427.5;2168.6,437.8
BuildingSmooth_11_21921_1742_4659_Body01|110.89|2176.9,436.9;2175.8,426.7;2176.8,426.5;2177.9,436.8
BuildingSmooth_11_21921_1742_4659_Body01|110.89|2172.2,436.4;2171.3,428.1;2172.3,428.0;2173.2,436.3
BuildingSmooth_11_21921_1742_4659_Body01|110.89|2168.2,433.1;2168.1,432.1;2176.3,431.3;2176.4,432.3
BuildingSmooth_11_21921_1742_4659_Body01|110.89|2167.7,428.5;2167.6,427.5;2175.8,426.7;2175.9,427.6
BuildingSmooth_11_21921_1742_4659_Body01|110.89|2168.6,437.8;2168.5,436.8;2176.8,435.9;2176.9,436.9
BuildingSmooth_11_21921_1742_4659_Body01|110.89|2163.9,442.4;2162.0,423.9;2180.5,422.0;2182.5,440.5
BuildingSmooth_10_-19893_677_-12145|59.26|-2010.4,-1205.4;-2015.0,-1214.4;-1975.8,-1234.2;-1971.2,-1225.2
BuildingSmooth_10_-19893_677_-12145|59.26|-1985.8,-1218.3;-1985.1,-1217.6;-1994.4,-1208.1;-1995.1,-1208.8
BuildingSmooth_10_-19893_677_-12145|59.26|-2010.4,-1205.4;-2003.9,-1192.6;-1999.8,-1194.7;-2006.2,-1207.5
BuildingSmooth_10_-19893_677_-12145|59.26|-1968.2,-1226.8;-1972.8,-1235.8;-1975.8,-1234.2;-1971.2,-1225.2
BuildingSmooth_10_-19893_677_-12145|59.26|-1968.2,-1226.8;-1961.7,-1214.0;-1999.8,-1194.7;-2006.2,-1207.5
BuildingSmooth_10_-19893_677_-12145|59.26|-1987.5,-1220.0;-1986.8,-1219.3;-1996.2,-1209.9;-1996.9,-1210.6
BuildingSmooth_10_-19893_677_-12145|59.26|-1984.0,-1216.5;-1983.3,-1215.8;-1992.6,-1206.4;-1993.3,-1207.1
BuildingSmooth_10_-19893_677_-12145|59.26|-1991.1,-1215.0;-1988.3,-1212.2;-1989.0,-1211.4;-1991.8,-1214.3
BuildingSmooth_10_-19893_677_-12145|59.26|-1996.9,-1210.6;-1992.6,-1206.4;-1993.3,-1205.7;-1997.6,-1209.9
BuildingSmooth_10_-19893_677_-12145|59.26|-1986.8,-1220.8;-1982.6,-1216.6;-1983.3,-1215.8;-1987.5,-1220.0
BuildingSourceSlice_fbx_1_-27031_1722_7170|136.46|-2728.8,732.1;-2738.1,720.8;-2732.5,685.6;-2712.6,672.8;-2708.2,679.2;-2698.9,672.6;-2668.1,716.7;-2668.5,718.9;-2677.6,725.6;-2671.5,734.7;-2671.9,736.8;-2707.2,761.3;-2727.6,731.3
BuildingSourceSlice_part_293_-1866|103.45|221.7,-1875.3;219.9,-1889.2;287.6,-1901.8;291.4,-1903.6;298.5,-1863.9;362.4,-1872.7;364.6,-1839.0;292.6,-1833.9;289.7,-1863.9;265.2,-1863.2;267.3,-1865.5;225.4,-1858.0;227.4,-1858.5;222.8,-1875.6
BuildingSourceSlice_part_-437_-998|101.31|-466.1,-1031.3;-398.2,-1019.4;-404.2,-979.0;-405.2,-979.1;-407.9,-963.7;-475.8,-975.6
BuildingSourceSlice_orph_207_3018|115.35|248.4,2994.3;250.2,3026.2;231.7,3026.5;231.7,3033.2;212.3,3033.6;212.3,3035.4;208.0,3034.5;208.1,3046.3;171.7,3046.6;170.9,2998.5
BuildingSourceSlice_fbx_7_21380_1156_20938|80.65|2121.5,2133.7;2099.5,2112.4;2104.6,2106.6;2104.5,2104.5;2152.0,2052.2;2177.9,2075.8;2130.4,2128.0;2129.6,2127.3
BuildingSourceSlice_orph_-417_470|57.82|-403.9,451.2;-396.7,472.9;-402.6,474.9;-401.0,479.7;-428.7,488.8;-436.9,462.1
BuildingSourceSlice_fbx_6_6748_1861_-15062|131.65|696.6,-1475.2;698.1,-1470.8;658.2,-1455.5;637.3,-1512.9;702.8,-1534.6;717.2,-1494.0;701.0,-1488.1;704.6,-1478.1
BuildingSourceSlice_fbx_16_5633_1097_-2474|80.29|577.8,-267.8;588.2,-245.2;548.8,-227.0;538.4,-249.7
BuildingSourceSlice_orph_1949_-25|134.26|1945.6,-5.0;1931.5,-34.5;1955.2,-45.7;1960.7,-30.8;1959.7,-22.5;1965.4,-8.9;1956.1,-4.8;1954.2,-9.1
BuildingSourceSlice_orph_2371_-1044|133.23|2345.5,-1027.4;2353.1,-1042.1;2343.9,-1047.5;2348.1,-1054.6;2357.2,-1049.3;2366.8,-1066.2;2368.3,-1065.4;2373.4,-1074.1;2398.8,-1059.2;2372.3,-1012.1
BuildingSourceSlice_fbx_5_8457_1639_3503|79.54|819.5,331.1;840.4,320.8;845.1,320.8;848.6,328.1;851.4,327.2;871.9,370.2;843.5,381.7
BuildingSourceSlice_fbx_9_-5415_1651_6539|65.27|-523.6,682.6;-527.0,683.7;-558.7,664.4;-530.5,621.8;-523.7,665.8;-526.0,665.8
BuildingSourceSlice_fbx_1_-26198_1616_10249|135.17|-2624.9,1001.3;-2598.9,1037.1;-2614.6,1048.5;-2640.6,1012.6
BuildingSourceSlice_fbx_4_-3961_1042_-8296|88.32|-394.1,-865.6;-373.2,-857.4;-385.7,-794.5;-394.9,-793.2;-419.1,-828.9
BuildingSmooth_5_6606_836_2020_Body01|75.01|660.0,197.3;661.0,197.2;661.3,206.2;660.3,206.2
BuildingSmooth_5_6606_836_2020_Body01|75.01|653.2,206.5;668.4,205.9;668.5,206.9;653.2,207.5
BuildingSmooth_5_6606_836_2020_Body01|75.01|667.1,197.0;668.1,196.9;668.4,205.9;667.4,206.0
BuildingSmooth_5_6606_836_2020_Body01|75.01|645.4,192.3;675.1,191.2;675.9,211.7;646.2,212.9
BuildingSmooth_5_6606_836_2020_Body01|75.01|654.0,201.5;667.2,201.0;667.3,202.0;654.0,202.5
BuildingSmooth_5_6606_836_2020_Body01|75.01|652.8,197.5;653.8,197.5;654.2,206.5;653.2,206.5
BuildingSmooth_5_6606_836_2020_Body01|75.01|652.8,196.5;668.1,195.9;668.1,196.9;652.8,197.5
BuildingSourceSlice_fbx_10_-20578_960_-7400|73.34|-2039.8,-733.5;-2057.1,-716.6;-2082.0,-742.2;-2064.6,-759.1
BuildingSmooth_2_24477_1426_-2821|126.82|2437.3,-266.5;2429.4,-259.4;2437.9,-250.0;2445.8,-257.1
BuildingSmooth_2_24477_1426_-2821|126.82|2451.7,-250.5;2459.7,-257.6;2451.2,-267.0;2443.3,-259.9
BuildingSmooth_2_24477_1426_-2821|126.82|2437.3,-266.5;2445.2,-273.7;2451.2,-267.0;2443.3,-259.9
BuildingSmooth_2_24477_1426_-2821|126.82|2451.7,-250.5;2443.8,-243.4;2437.9,-250.0;2445.8,-257.1
BuildingSmooth_2_24477_1426_-2821|126.82|2445.1,-254.8;2444.1,-254.7;2443.8,-261.7;2444.8,-261.7
BuildingSmooth_2_24477_1426_-2821|126.82|2447.6,-253.8;2441.6,-253.6;2441.6,-254.6;2447.6,-254.8
BuildingSmooth_2_24477_1426_-2821|126.82|2447.6,-254.8;2446.6,-254.8;2446.3,-261.8;2447.3,-261.8
BuildingSmooth_2_24477_1426_-2821|126.82|2442.6,-254.7;2441.6,-254.6;2441.3,-261.6;2442.3,-261.7
BuildingSmooth_2_24477_1426_-2821|126.82|2446.5,-257.8;2442.5,-257.7;2442.5,-258.7;2446.5,-258.8
BuildingSmooth_2_24477_1426_-2821|126.82|2447.3,-261.8;2441.3,-261.6;2441.3,-262.6;2447.3,-262.8
BuildingSourceSlice_fbx_16_15061_1714_291|121.31|1536.7,34.8;1523.7,55.5;1475.6,25.7;1490.9,2.6
BuildingSourceSlice_fbx_16_15061_1714_291|121.31|1472.2,26.5;1521.0,57.1;1508.9,77.4;1491.6,66.1;1492.3,65.1;1474.6,52.3;1460.0,44.1
BuildingSourceSlice_fbx_8_2345_1633_24222|120.23|271.3,2403.4;267.9,2446.6;197.4,2441.1;200.8,2398.0
BuildingSourceSlice_fbx_6_10587_1623_-15446|123.26|1051.7,-1449.5;1024.6,-1434.5;1023.2,-1435.0;985.8,-1500.7;985.0,-1500.2;982.6,-1504.3;976.5,-1523.2;977.8,-1543.1;986.2,-1560.2;992.7,-1567.7;994.4,-1566.0;1063.9,-1649.6;1066.8,-1649.8;1079.0,-1640.2;1087.4,-1649.7;1092.3,-1650.0;1102.2,-1632.1;1127.5,-1556.0;1126.9,-1554.4;1119.0,-1550.1;1133.2,-1527.2;1134.1,-1527.6;1147.6,-1503.4;1057.6,-1454.9
BuildingSourceSlice_fbx_12_27357_2242_-16476|138.55|2744.9,-1704.5;2787.8,-1687.1;2792.6,-1699.1;2795.1,-1698.1;2769.8,-1575.6;2676.2,-1594.9;2683.4,-1629.6;2695.6,-1627.1;2701.2,-1653.5;2707.9,-1656.8;2725.1,-1653.1;2739.4,-1719.6;2749.5,-1715.7
BuildingSourceSlice_orph_-858_-1602|101.53|-882.8,-1642.1;-878.1,-1663.6;-831.4,-1654.6;-833.6,-1643.6;-810.5,-1639.0;-831.8,-1541.3;-832.6,-1542.5;-903.0,-1558.6;-897.2,-1583.4;-900.0,-1584.0;-897.8,-1593.1;-899.3,-1592.6;-888.9,-1643.0
BuildingSourceSlice_fbx_11_14486_1192_8724|92.65|1422.6,848.9;1441.6,850.0;1441.3,858.1;1449.3,858.5;1449.7,851.2;1476.1,852.8;1474.6,896.0;1431.1,893.3;1432.4,872.1;1421.2,871.4
BuildingSmooth_9_-17762_1766_10565_ResidualBody04|152.82|-1802.8,1050.5;-1795.9,1060.3;-1796.7,1060.9;-1803.6,1051.0
BuildingSmooth_9_-17762_1766_10565_ResidualBody04|152.82|-1800.4,1048.7;-1793.5,1058.6;-1794.3,1059.1;-1801.2,1049.3
BuildingSmooth_9_-17762_1766_10565_ResidualBody04|152.82|-1783.6,1076.1;-1784.2,1076.5;-1788.8,1068.7;-1788.2,1068.4
BuildingSmooth_9_-17762_1766_10565_ResidualBody04|152.82|-1798.0,1053.8;-1797.4,1054.6;-1799.1,1055.8;-1799.7,1055.0
BuildingSmooth_9_-17762_1766_10565_ResidualBody04|152.82|-1803.5,1042.4;-1810.3,1046.2;-1804.0,1057.4;-1797.3,1053.6
BuildingSmooth_9_-17762_1766_10565_ResidualBody04|152.82|-1794.9,1058.3;-1794.3,1059.1;-1795.9,1060.3;-1796.5,1059.5
BuildingSmooth_9_-17762_1766_10565_ResidualBody04|152.82|-1804.0,1057.4;-1809.4,1057.2;-1809.2,1050.0;-1803.8,1050.2
BuildingSmooth_9_-17762_1766_10565_ResidualBody04|152.82|-1803.5,1042.4;-1804.1,1042.8;-1788.8,1068.7;-1788.2,1068.4
BuildingSmooth_9_-17762_1766_10565_ResidualBody04|152.82|-1788.8,1068.7;-1795.6,1072.5;-1804.0,1057.4;-1797.3,1053.6
BuildingSmooth_9_-17762_1766_10565_ResidualBody04|152.82|-1801.0,1050.4;-1795.3,1058.6;-1796.1,1059.2;-1801.8,1051.0
BuildingSmooth_9_-17762_1766_10565_ResidualBody04|152.82|-1788.8,1068.7;-1787.5,1066.4;-1804.0,1057.4;-1805.3,1059.8
BuildingSmooth_9_-17762_1766_10565_ResidualBody04|152.82|-1803.5,1042.4;-1806.0,1044.1;-1783.6,1076.1;-1781.2,1074.4
BuildingSmooth_9_-17762_1766_10565_ResidualBody04|152.82|-1801.2,1049.3;-1800.6,1050.1;-1802.2,1051.3;-1802.8,1050.5
BuildingSmooth_9_-17762_1766_10565_ResidualBody04|152.82|-1806.5,1059.1;-1805.2,1056.8;-1804.0,1057.4;-1805.3,1059.8
BuildingSmooth_9_-17762_1766_10565_ResidualBody04|152.82|-1803.5,1042.4;-1808.9,1042.3;-1809.2,1050.0;-1803.8,1050.2
BuildingSourceSlice_fbx_16_13694_1690_-4978|139.09|1361.6,-525.7;1403.4,-478.1;1379.6,-463.0;1340.9,-507.5
BuildingSourceSlice_orph_521_2716|133.85|498.0,2703.7;498.5,2692.1;520.0,2693.0;519.1,2695.4;523.9,2696.9;535.8,2697.3;543.6,2718.2;541.5,2740.9;507.1,2738.3;509.4,2737.0;506.6,2721.8;500.3,2720.9;500.7,2710.9
BuildingSourceSlice_orph_-318_-751|84.12|-358.5,-756.9;-353.9,-767.4;-351.3,-766.3;-350.3,-768.5;-357.6,-773.8;-350.6,-789.1;-348.0,-788.0;-343.3,-798.8;-319.7,-788.5;-324.7,-777.2;-319.0,-774.8;-314.9,-783.9;-299.4,-776.8;-292.0,-793.1;-251.9,-774.8;-261.1,-754.6;-300.9,-772.7;-302.0,-763.1;-284.2,-757.0;-310.9,-696.5;-355.4,-715.3;-350.1,-726.3;-361.9,-732.1;-358.2,-739.9;-360.4,-740.9;-354.2,-755.1
BuildingSourceSlice_orph_-2465_900|138.38|-2485.0,895.9;-2453.6,875.0;-2436.9,896.0;-2477.3,926.4;-2487.1,913.2
BuildingSourceSlice_orph_255_2199|109.63|229.2,2196.2;230.8,2186.5;220.9,2185.5;222.9,2162.3;262.9,2169.2;262.8,2170.7;279.5,2172.4;290.0,2181.6;286.0,2233.8;221.0,2226.9;223.4,2195.7
BuildingSourceSlice_orph_925_707|76.48|913.5,783.5;805.4,731.8;813.4,709.6;807.7,701.5;835.3,681.9;852.2,705.7;868.6,698.7;884.7,686.6;884.7,683.6;879.0,678.3;967.0,616.3;964.2,605.2;977.7,602.4;983.6,630.0;979.1,631.0;991.9,686.6;995.8,693.7;1045.7,679.5;1051.3,705.8;1039.6,708.2;1039.4,706.9;1001.3,716.3;1005.5,731.1;928.4,772.6
BuildingSourceSlice_fbx_7_18648_1164_17874|78.91|1899.6,1776.2;1886.9,1785.0;1899.2,1804.0;1848.3,1839.6;1821.0,1800.0;1826.8,1795.9;1815.6,1779.6;1815.6,1775.9;1834.3,1763.0;1854.3,1763.0;1854.7,1749.8;1874.6,1735.2;1900.7,1773.1
BuildingSourceSlice_orph_1736_189|131.94|1711.7,161.1;1716.1,152.0;1786.9,182.0;1766.8,229.1;1683.0,193.2;1699.1,155.7
BuildingSourceSlice_orph_2092_-2223|140.73|2096.4,-2253.9;2088.6,-2240.4;2100.0,-2231.1;2094.9,-2213.8;2106.0,-2204.5;2118.3,-2197.0;2115.1,-2192.9;2073.0,-2225.8
BuildingSourceSlice_fbx_13_-12617_1193_21757|94.99|-1276.2,2194.4;-1273.4,2140.8;-1269.9,2140.8;-1270.2,2136.2;-1262.3,2135.9;-1238.3,2148.9;-1238.6,2157.3;-1244.7,2157.4;-1254.9,2193.2;-1265.6,2215.4;-1274.8,2209.8;-1267.7,2194.4
BuildingSourceSlice_orph_-2801_1321|137.85|-2813.0,1298.7;-2798.2,1305.1;-2794.9,1301.6;-2794.5,1297.9;-2772.2,1326.4;-2800.3,1348.8;-2829.6,1310.7
BuildingSourceSlice_fbx_16_5962_1377_-4165|90.74|552.8,-425.3;570.4,-436.2;610.9,-453.0;613.8,-445.8;623.8,-449.9;639.7,-412.0;589.2,-391.0;571.6,-380.0
BuildingSourceSlice_fbx_5_6702_1179_8015|70.73|699.6,777.7;669.1,839.7;640.1,825.5;670.6,763.4
BuildingSourceSlice_orph_2257_50|130.79|2234.0,41.5;2232.6,24.2;2276.6,20.5;2281.0,79.5;2266.2,77.4;2265.8,73.9;2255.8,74.8;2256.1,78.0;2237.6,79.6;2235.2,50.9;2243.0,46.9;2243.0,42.5
BuildingSmooth_2_21499_1551_-2461|141.43|2154.4,-255.9;2154.8,-255.0;2139.6,-248.6;2139.2,-249.5
BuildingSmooth_2_21499_1551_-2461|141.43|2155.3,-256.3;2161.3,-242.2;2160.3,-241.8;2154.4,-255.9
BuildingSmooth_2_21499_1551_-2461|141.43|2159.9,-242.8;2160.3,-241.8;2145.1,-235.4;2144.7,-236.3
BuildingSmooth_2_21499_1551_-2461|141.43|2133.3,-216.7;2104.8,-232.7;2117.2,-254.7;2145.7,-238.7
BuildingSmooth_2_21499_1551_-2461|141.43|2157.2,-249.3;2157.6,-248.4;2142.4,-242.0;2142.0,-242.9
BuildingSmooth_2_21499_1551_-2461|141.43|2166.4,-275.5;2138.0,-291.5;2117.2,-254.7;2145.7,-238.7
BuildingSmooth_2_21499_1551_-2461|141.43|2147.6,-252.0;2152.8,-239.7;2151.9,-239.3;2146.7,-251.6
BuildingSmooth_2_21499_1551_-2461|141.43|2133.3,-216.7;2161.8,-200.6;2182.5,-237.5;2154.1,-253.5
BuildingSmooth_2_21499_1551_-2461|141.43|2139.2,-249.5;2145.1,-235.4;2144.2,-235.0;2138.3,-249.1
BuildingSmooth_2_21499_1551_-2461|141.43|2166.4,-275.5;2194.9,-259.5;2182.5,-237.5;2154.1,-253.5
BuildingSourceSlice_fbx_10_-16523_1336_-9095|60.91|-1629.1,-904.6;-1643.8,-885.6;-1675.4,-906.8;-1654.5,-934.5;-1633.6,-920.9;-1638.9,-912.9
BuildingSourceSlice_fbx_7_14368_1090_17157|81.07|1436.8,1682.0;1468.7,1726.8;1436.7,1751.4;1404.9,1704.8
BuildingSourceSlice_fbx_4_-11475_1400_-6755|53.44|-1186.5,-673.2;-1184.6,-673.0;-1128.1,-712.1;-1111.3,-689.5;-1111.8,-687.8;-1129.5,-675.4;-1123.1,-666.4;-1121.2,-665.9;-1121.2,-664.3;-1162.1,-635.6;-1187.1,-671.4
BuildingSourceSlice_fbx_5_11560_1531_3814|96.42|1182.8,399.4;1159.2,413.6;1128.9,363.3;1152.5,349.1
BuildingSourceSlice_orph_951_1956|104.97|927.4,1947.7;970.6,1945.1;978.2,1963.5;928.4,1966.2
BuildingSourceSlice_fbx_9_-7743_1379_12361|84.32|-762.9,1258.0;-763.4,1260.1;-795.2,1260.2;-795.7,1212.3;-763.4,1211.8;-763.2,1236.0;-752.9,1236.0;-752.7,1257.9
BuildingSourceSlice_fbx_5_9534_1445_12034|74.43|984.0,1184.5;955.9,1240.5;923.1,1226.9;954.4,1166.4;968.2,1173.4;964.2,1181.6;965.9,1182.4;969.3,1176.9
BuildingSourceSlice_fbx_5_6661_925_2176|75.32|666.6,233.0;653.4,227.8;647.5,214.5;674.6,202.3;684.7,224.8
BuildingSmooth_11_13097_1343_3390|112.12|1323.0,340.7;1321.3,353.3;1309.2,351.7;1310.8,339.1
BuildingSmooth_11_13097_1343_3390|112.12|1312.5,335.6;1313.1,336.4;1307.9,341.0;1307.2,340.3
BuildingSmooth_11_13097_1343_3390|112.12|1308.2,335.4;1312.9,340.6;1312.1,341.3;1307.5,336.0
BuildingSmooth_11_13097_1343_3390|112.12|1296.3,337.2;1298.0,324.7;1310.2,326.3;1308.5,338.8
BuildingSmooth_11_13097_1343_3390|112.12|1315.1,338.6;1315.8,339.4;1310.5,344.0;1309.9,343.3
BuildingSmooth_11_13097_1343_3390|112.12|1310.5,332.0;1316.5,338.7;1315.8,339.4;1309.8,332.6
BuildingSmooth_11_13097_1343_3390|112.12|1309.8,332.6;1310.5,333.4;1305.2,338.0;1304.6,337.3
BuildingSmooth_11_13097_1343_3390|112.12|1296.3,337.2;1294.7,349.7;1309.2,351.7;1310.8,339.1
BuildingSmooth_11_13097_1343_3390|112.12|1323.0,340.7;1324.7,328.2;1310.2,326.3;1308.5,338.8
BuildingSmooth_11_13097_1343_3390|112.12|1304.6,337.3;1310.5,344.0;1309.8,344.7;1303.8,337.9
BuildingSourceSlice_fbx_2_22027_1624_-3448|142.10|2217.0,-324.9;2202.8,-320.0;2189.6,-356.6;2190.7,-357.0;2188.5,-363.8;2204.8,-369.4;2207.5,-362.6;2210.7,-363.6
BuildingSourceSlice_orph_2427_377|108.46|2407.7,357.5;2402.8,334.1;2433.5,330.2;2437.9,367.7;2443.1,367.2;2446.2,405.6;2454.0,421.1;2440.0,430.8;2427.2,405.3;2409.8,406.6;2406.9,378.8;2424.8,375.4;2422.1,365.6;2408.6,367.0;2408.7,368.0;2404.7,364.4;2407.9,358.4;2404.7,358.0
BuildingSmooth_6_13565_1605_-15419_Body01|142.55|1367.7,-1529.9;1358.4,-1521.5;1352.5,-1528.1;1361.9,-1536.4
BuildingSmooth_6_13565_1605_-15419_Body01|142.55|1367.7,-1529.9;1367.8,-1529.3;1364.9,-1528.9;1364.8,-1529.5
BuildingSmooth_6_13565_1605_-15419_Body01|142.55|1361.1,-1540.7;1360.1,-1540.4;1356.1,-1553.1;1357.0,-1553.4
BuildingSmooth_6_13565_1605_-15419_Body01|142.55|1354.4,-1538.6;1353.5,-1538.3;1349.4,-1550.9;1350.4,-1551.2
BuildingSmooth_6_13565_1605_-15419_Body01|142.55|1358.3,-1546.3;1352.6,-1544.4;1352.3,-1545.4;1358.0,-1547.2
BuildingSmooth_6_13565_1605_-15419_Body01|142.55|1343.1,-1557.7;1333.7,-1549.4;1352.5,-1528.1;1361.9,-1536.4
BuildingSmooth_6_13565_1605_-15419_Body01|142.55|1343.1,-1557.7;1353.4,-1525.3;1367.7,-1529.9;1357.3,-1562.3
BuildingSmooth_6_13565_1605_-15419_Body01|142.55|1361.4,-1539.8;1353.8,-1537.3;1353.5,-1538.3;1361.1,-1540.7
BuildingSmooth_6_13565_1605_-15419_Body01|142.55|1357.0,-1553.4;1349.4,-1550.9;1349.1,-1551.9;1356.7,-1554.3
BuildingSmooth_6_13565_1605_-15419_Body01|142.55|1352.5,-1528.1;1352.6,-1527.5;1364.9,-1528.9;1364.8,-1529.5
BuildingSmooth_6_13565_1605_-15419_Body01|142.55|1357.8,-1539.7;1356.8,-1539.3;1352.8,-1552.0;1353.7,-1552.3
BuildingSourceSlice_fbx_16_13726_1775_-6469|142.64|1402.7,-644.4;1371.0,-617.6;1342.5,-648.3;1374.0,-676.2
BuildingSourceSlice_orph_920_86|79.98|907.5,19.7;912.4,30.2;923.1,25.3;962.3,108.9;945.4,117.5;957.4,143.1;925.2,158.2;885.2,73.3;892.9,69.7;880.0,42.1;876.8,43.6;873.1,35.8
BuildingSourceSlice_orph_59_-1470|121.39|66.4,-1527.1;63.8,-1515.2;81.9,-1511.2;89.5,-1515.3;81.8,-1480.2;89.7,-1478.7;85.5,-1455.7;76.0,-1457.5;74.2,-1448.6;83.8,-1446.8;79.3,-1422.6;25.1,-1432.5;36.4,-1492.5;44.3,-1491.0;52.9,-1530.1
BuildingSourceSlice_orph_2735_-836|118.30|2718.5,-815.9;2705.7,-815.1;2705.4,-820.6;2724.7,-821.7;2723.6,-854.0;2751.4,-856.4;2753.4,-825.3;2729.2,-823.2;2729.8,-812.4;2718.7,-811.7
BuildingSourceSlice_orph_2373_-736|129.39|2345.2,-750.2;2352.5,-745.6;2364.6,-764.2;2404.4,-738.6;2384.1,-707.8;2366.5,-720.4;2338.0,-738.6
BuildingSourceSlice_orph_2654_-1090|119.76|2634.0,-1103.1;2653.6,-1113.7;2674.1,-1075.9;2656.6,-1065.3;2645.0,-1082.8
BuildingSmooth_2_18639_1996_-8371|148.18|1869.2,-834.1;1856.3,-840.5;1856.8,-841.4;1869.7,-835.0
BuildingSmooth_2_18639_1996_-8371|148.18|1867.4,-828.2;1866.5,-828.6;1872.4,-840.5;1873.3,-840.1
BuildingSmooth_2_18639_1996_-8371|148.18|1892.1,-842.5;1887.3,-869.4;1850.7,-862.9;1855.6,-835.9
BuildingSmooth_2_18639_1996_-8371|148.18|1873.3,-840.1;1858.6,-847.4;1859.0,-848.3;1873.7,-841.0
BuildingSmooth_2_18639_1996_-8371|148.18|1892.1,-842.5;1896.9,-815.5;1877.0,-811.9;1872.1,-838.9
BuildingSmooth_2_18639_1996_-8371|148.18|1853.6,-835.0;1852.7,-835.5;1858.6,-847.4;1859.5,-846.9
BuildingSmooth_2_18639_1996_-8371|148.18|1867.0,-827.3;1852.3,-834.6;1852.7,-835.5;1867.4,-828.2
BuildingSmooth_2_18639_1996_-8371|148.18|1835.6,-832.4;1840.4,-805.4;1877.0,-811.9;1872.1,-838.9
BuildingSmooth_2_18639_1996_-8371|148.18|1860.5,-831.6;1859.6,-832.0;1865.5,-844.0;1866.4,-843.5
BuildingSmooth_2_18639_1996_-8371|148.18|1835.6,-832.4;1830.8,-859.3;1850.7,-862.9;1855.6,-835.9
BuildingSourceSlice_orph_717_2362|122.86|708.6,2374.8;700.4,2349.3;724.9,2342.5;728.3,2353.0;728.2,2363.1;732.4,2375.4;713.1,2382.8;710.2,2374.3
BuildingSmooth_9_-19067_1495_12403_Body01|130.95|-1895.1,1231.3;-1894.1,1231.4;-1894.5,1235.9;-1895.5,1235.8
BuildingSmooth_9_-19067_1495_12403_Body01|130.95|-1905.2,1232.1;-1895.2,1233.0;-1895.3,1234.0;-1905.3,1233.1
BuildingSmooth_9_-19067_1495_12403_Body01|130.95|-1910.6,1225.6;-1894.3,1245.2;-1887.8,1239.7;-1904.1,1220.2
BuildingSmooth_9_-19067_1495_12403_Body01|130.95|-1900.8,1217.5;-1884.5,1237.0;-1887.8,1239.7;-1904.1,1220.2
BuildingSmooth_9_-19067_1495_12403_Body01|130.95|-1905.9,1229.3;-1894.0,1230.4;-1894.1,1231.4;-1906.0,1230.3
BuildingSmooth_9_-19067_1495_12403_Body01|130.95|-1887.8,1239.7;-1886.7,1227.8;-1910.6,1225.6;-1911.7,1237.5
BuildingSmooth_9_-19067_1495_12403_Body01|130.95|-1906.4,1234.8;-1894.5,1235.9;-1894.6,1236.9;-1906.5,1235.8
BuildingSmooth_9_-19067_1495_12403_Body01|130.95|-1906.0,1230.3;-1905.0,1230.4;-1905.4,1234.9;-1906.4,1234.8
BuildingSmooth_9_-19067_1495_12403_Body01|130.95|-1900.8,1217.5;-1896.3,1214.8;-1887.0,1230.8;-1891.5,1233.4
BuildingSmooth_9_-19067_1495_12403_Body01|130.95|-1900.8,1217.5;-1898.2,1214.8;-1894.8,1218.0;-1897.4,1220.7
BuildingSmooth_9_-19067_1495_12403_Body01|130.95|-1887.0,1230.8;-1884.4,1228.1;-1894.8,1218.0;-1897.4,1220.7
BuildingSmooth_9_-19067_1495_12403_Body01|130.95|-1900.5,1230.8;-1899.5,1230.9;-1900.0,1235.4;-1900.9,1235.3
BuildingSmooth_9_-19067_1495_12403_Body01|130.95|-1887.8,1239.7;-1883.3,1237.1;-1887.0,1230.8;-1891.5,1233.4
BuildingSourceSlice_orph_584_230|73.53|577.4,197.7;587.7,216.7;604.3,256.0;592.5,262.7;562.4,206.2
BuildingSourceSlice_fbx_6_15381_1797_-12903|146.05|1534.1,-1256.8;1516.4,-1316.2;1542.2,-1323.9;1559.9,-1264.6
BuildingSourceSlice_fbx_2_24906_1326_-10101|123.84|2471.2,-1000.8;2482.4,-1030.5;2502.8,-1022.8;2502.4,-1020.6;2510.1,-1017.2;2500.6,-989.5
BuildingSourceSlice_fbx_12_24479_2054_-12671|133.42|2436.3,-1302.0;2454.1,-1327.4;2476.9,-1314.7;2498.5,-1293.2;2444.8,-1215.9;2439.9,-1219.4;2430.3,-1206.7;2397.2,-1231.9;2405.6,-1243.1;2401.7,-1245.9;2439.2,-1299.9
BuildingSourceSlice_fbx_13_-13161_1573_13406|105.37|-1321.7,1321.7;-1313.5,1317.5;-1283.1,1306.9;-1269.7,1312.2;-1299.3,1390.1;-1367.1,1362.0;-1370.8,1337.2;-1343.6,1321.0
BuildingSourceSlice_fbx_1_-19733_1505_13001|133.24|-1943.5,1292.8;-1989.7,1326.0;-2003.2,1307.2;-1956.9,1274.1
BuildingSourceSlice_fbx_12_21344_2224_-13581|149.71|2131.4,-1388.9;2158.5,-1388.9;2172.7,-1378.9;2172.8,-1367.8;2166.4,-1359.0;2128.8,-1385.3
BuildingSourceSlice_fbx_12_21344_2224_-13581|149.71|2114.7,-1381.2;2118.1,-1371.7;2137.7,-1378.1;2164.6,-1359.2;2151.5,-1345.6;2117.6,-1335.0;2115.6,-1344.5;2114.1,-1345.0;2103.6,-1377.8
BuildingSourceSlice_orph_300_-1578|187.13|294.4,-1575.9;287.8,-1575.4;286.7,-1588.6;309.9,-1590.4;311.9,-1565.8;295.3,-1564.0
BuildingSourceSlice_fbx_8_1085_1616_27843|105.61|125.0,2807.5;124.4,2823.2;114.6,2822.9;115.1,2807.2;100.6,2806.8;100.2,2819.8;90.3,2819.5;90.8,2806.5;80.7,2806.0;80.7,2798.8;70.3,2797.8;72.7,2745.5;146.8,2749.3;144.7,2801.1;134.2,2801.2;134.0,2807.7
BuildingSourceSlice_fbx_7_16357_4749_19216|430.50|1701.8,1898.6;1611.5,1987.2;1569.6,1944.6;1659.8,1856.0
BuildingSourceSlice_orph_-2219_-1045|71.40|-2238.4,-1035.8;-2227.1,-1050.4;-2211.5,-1066.0;-2212.1,-1065.3;-2198.6,-1052.6;-2225.7,-1023.8
BuildingSourceSlice_fbx_15_-16320_912_-20591|72.45|-1671.4,-2083.3;-1659.7,-2088.7;-1659.1,-2087.3;-1631.0,-2092.3;-1625.7,-2082.9;-1663.0,-2065.3
BuildingSourceSlice_fbx_15_-16320_912_-20591|72.45|-1598.4,-2084.7;-1583.6,-2051.8;-1663.2,-2033.5;-1679.5,-2057.2
BuildingSourceSlice_orph_197_-1669|114.47|205.5,-1645.6;181.5,-1648.9;187.3,-1691.9;215.0,-1688.1
BuildingSourceSlice_fbx_9_-15352_1447_9570|119.93|-1503.9,959.8;-1558.0,978.6;-1566.5,954.2;-1512.4,935.5
BuildingSourceSlice_fbx_3_-7066_1530_18987|68.50|-735.1,1916.1;-715.6,1856.1;-680.5,1871.9;-678.2,1928.7;-683.0,1941.2
BuildingSourceSlice_fbx_10_-24258_1311_-2318|111.58|-2422.6,-212.1;-2423.7,-209.7;-2443.7,-207.3;-2448.8,-256.3;-2406.4,-253.8;-2402.8,-212.3
BuildingSourceSlice_orph_2561_-911|118.65|2566.6,-892.7;2548.7,-896.7;2556.0,-929.7;2573.9,-925.7
BuildingSourceSlice_orph_1450_1579|78.41|1476.5,1604.0;1459.0,1614.1;1424.4,1554.6;1441.9,1544.5
BuildingSourceSlice_fbx_3_2807_1545_17047|92.89|229.8,1718.0;227.6,1718.0;227.3,1706.5;233.0,1700.7;227.2,1694.6;227.3,1677.7;250.8,1652.1;264.6,1651.6;277.3,1657.4;280.3,1653.1;286.6,1658.9
BuildingSourceSlice_fbx_3_2807_1545_17047|92.89|247.5,1701.0;287.0,1659.3;326.6,1696.8;275.9,1749.8;235.7,1730.0;237.2,1715.6;249.3,1702.6
BuildingSourceSlice_fbx_3_2807_1545_17047|92.89|334.3,1722.1;301.0,1757.7;289.2,1757.7;277.6,1752.5;327.9,1699.0;334.3,1705.6
BuildingSourceSlice_orph_2568_-608|118.97|2560.5,-559.1;2537.2,-646.0;2568.7,-654.5;2574.8,-631.7;2586.4,-635.3;2600.0,-590.7;2586.9,-586.7;2588.8,-579.8;2582.8,-578.2;2587.3,-565.7;2557.5,-558.3
BuildingSmooth_12_23023_2522_-23446_Body01|147.85|2320.0,-2378.5;2319.4,-2377.7;2309.0,-2385.9;2309.6,-2386.7
BuildingSmooth_12_23023_2522_-23446_Body01|147.85|2336.2,-2385.4;2336.6,-2394.6;2323.8,-2395.3;2323.3,-2386.1
BuildingSmooth_12_23023_2522_-23446_Body01|147.85|2316.9,-2374.5;2316.3,-2373.7;2305.9,-2382.0;2306.5,-2382.8
BuildingSmooth_12_23023_2522_-23446_Body01|147.85|2317.7,-2385.4;2312.1,-2378.3;2311.3,-2379.0;2316.9,-2386.0
BuildingSmooth_12_23023_2522_-23446_Body01|147.85|2312.7,-2390.6;2305.9,-2382.0;2305.1,-2382.6;2311.9,-2391.2
BuildingSmooth_12_23023_2522_-23446_Body01|147.85|2323.9,-2381.8;2317.1,-2373.1;2316.3,-2373.7;2323.1,-2382.4
BuildingSmooth_12_23023_2522_-23446_Body01|147.85|2290.8,-2387.6;2291.3,-2396.8;2323.8,-2395.3;2323.3,-2386.1
BuildingSmooth_12_23023_2522_-23446_Body01|147.85|2308.1,-2400.9;2307.3,-2401.9;2294.1,-2391.8;2294.9,-2390.7
BuildingSmooth_12_23023_2522_-23446_Body01|147.85|2290.8,-2387.6;2290.1,-2388.6;2294.1,-2391.8;2294.9,-2390.7
BuildingSmooth_12_23023_2522_-23446_Body01|147.85|2336.2,-2385.4;2307.2,-2408.3;2290.8,-2387.6;2319.8,-2364.7
BuildingSmooth_12_23023_2522_-23446_Body01|147.85|2323.1,-2382.4;2322.5,-2381.6;2312.1,-2389.8;2312.7,-2390.6
BuildingSmooth_12_23023_2522_-23446_Body01|147.85|2323.8,-2395.3;2321.7,-2404.1;2308.1,-2400.9;2310.1,-2392.1
BuildingSmooth_12_23023_2522_-23446_Body01|147.85|2290.8,-2387.6;2288.8,-2396.4;2308.1,-2400.9;2310.1,-2392.1
BuildingSmooth_8_3990_1682_30243_ResidualBody01|125.37|378.3,2995.1;375.4,2994.3;367.6,3020.1;370.5,3021.0
BuildingSmooth_8_3990_1682_30243_ResidualBody01|125.37|418.2,2997.7;380.8,2986.5;367.9,3029.6;405.3,3040.8
BuildingSmooth_8_3990_1682_30243_ResidualBody01|125.37|388.1,3008.9;383.7,3023.5;382.7,3023.3;387.1,3008.6
BuildingSmooth_8_3990_1682_30243_ResidualBody01|125.37|367.9,3029.6;364.8,3024.6;370.5,3021.0;373.7,3026.0
BuildingSmooth_8_3990_1682_30243_ResidualBody01|125.37|370.5,3021.0;361.8,3003.2;378.3,2995.1;387.0,3013.0
BuildingSmooth_8_3990_1682_30243_ResidualBody01|125.37|418.2,2997.7;409.5,2979.9;378.3,2995.1;387.0,3013.0
BuildingSmooth_8_3990_1682_30243_ResidualBody01|125.37|418.2,2997.7;415.0,2992.8;370.5,3021.0;373.7,3026.0
BuildingSmooth_8_3990_1682_30243_ResidualBody01|125.37|396.7,3026.4;396.4,3027.4;383.7,3023.5;384.0,3022.6
BuildingSmooth_8_3990_1682_30243_ResidualBody01|125.37|398.7,3019.6;398.5,3020.5;385.7,3016.7;386.0,3015.7
BuildingSmooth_8_3990_1682_30243_ResidualBody01|125.37|401.8,3013.0;397.4,3027.7;396.4,3027.4;400.8,3012.7
BuildingSmooth_8_3990_1682_30243_ResidualBody01|125.37|394.6,3011.9;390.8,3024.6;389.8,3024.4;393.7,3011.6
BuildingSmooth_8_3990_1682_30243_ResidualBody01|125.37|400.8,3012.7;400.5,3013.7;387.8,3009.9;388.1,3008.9
BuildingSmooth_1_-23323_1542_3558|127.84|-2341.6,365.6;-2337.1,373.0;-2334.1,371.2;-2338.7,363.8
BuildingSmooth_1_-23323_1542_3558|127.84|-2320.2,352.4;-2320.6,358.4;-2335.6,357.5;-2335.3,351.5
BuildingSmooth_1_-23323_1542_3558|127.84|-2320.2,352.4;-2315.6,359.8;-2334.1,371.2;-2338.7,363.8
BuildingSmooth_1_-23323_1542_3558|127.84|-2320.2,352.4;-2319.6,341.3;-2336.6,340.3;-2337.2,351.4
BuildingSmooth_1_-23323_1542_3558|127.84|-2330.5,356.5;-2326.9,351.7;-2326.1,352.3;-2329.7,357.1
BuildingSmooth_1_-23323_1542_3558|127.84|-2334.7,347.1;-2334.2,346.3;-2326.9,351.7;-2327.5,352.5
BuildingSmooth_1_-23323_1542_3558|127.84|-2341.6,365.6;-2343.6,362.4;-2335.6,357.5;-2333.7,360.7
BuildingSmooth_1_-23323_1542_3558|127.84|-2344.4,351.0;-2344.8,357.0;-2335.6,357.5;-2335.3,351.5
BuildingSmooth_1_-23323_1542_3558|127.84|-2320.2,352.4;-2322.2,349.2;-2335.6,357.5;-2333.7,360.7
BuildingSmooth_1_-23323_1542_3558|127.84|-2344.4,351.0;-2343.8,339.9;-2336.6,340.3;-2337.2,351.4
BuildingSmooth_1_-23323_1542_3558|127.84|-2333.9,352.7;-2331.5,349.5;-2330.7,350.1;-2333.1,353.3
BuildingSmooth_1_-23323_1542_3558|127.84|-2336.2,349.1;-2335.6,348.3;-2328.4,353.7;-2329.0,354.5
BuildingSmooth_1_-23323_1542_3558|127.84|-2338.5,350.5;-2335.0,345.7;-2334.2,346.3;-2337.7,351.1
BuildingSmooth_1_-23323_1542_3558|127.84|-2337.7,351.1;-2337.1,350.3;-2329.9,355.7;-2330.5,356.5
BuildingSourceSlice_fbx_4_-11628_1082_-17695|87.95|-1180.7,-1819.2;-1166.6,-1809.2;-1174.6,-1789.1;-1195.2,-1806.0;-1185.6,-1819.2
BuildingSourceSlice_fbx_4_-11628_1082_-17695|87.95|-1178.9,-1770.7;-1159.6,-1811.7;-1138.0,-1802.6;-1163.3,-1727.2;-1187.7,-1760.0
BuildingSourceSlice_fbx_12_29069_1738_-13112|130.78|2869.1,-1333.3;2863.4,-1334.0;2865.1,-1348.2;2949.4,-1338.4;2942.5,-1274.2;2910.9,-1277.9;2911.1,-1279.7;2901.2,-1280.8;2903.6,-1302.2;2905.0,-1302.1;2905.2,-1304.5;2906.7,-1304.3;2907.1,-1310.6;2868.6,-1314.2;2867.7,-1315.6;2870.4,-1331.6;2869.0,-1331.8
BuildingSmooth_11_20060_1799_1026_ResidualBody04|130.80|1975.1,70.1;1974.8,69.1;1984.9,66.2;1985.1,67.1
BuildingSmooth_11_20060_1799_1026_ResidualBody04|130.80|1976.0,77.0;1973.8,69.4;1974.8,69.1;1977.0,76.7
BuildingSmooth_11_20060_1799_1026_ResidualBody04|130.80|1981.3,74.4;1979.6,68.8;1980.6,68.5;1982.2,74.1
BuildingSmooth_11_20060_1799_1026_ResidualBody04|130.80|1976.0,73.4;1975.7,72.5;1985.8,69.5;1986.1,70.5
BuildingSmooth_11_20060_1799_1026_ResidualBody04|130.80|1977.0,76.7;1976.7,75.8;1986.8,72.8;1987.1,73.8
BuildingSmooth_11_20060_1799_1026_ResidualBody04|130.80|1987.1,73.8;1984.9,66.2;1985.8,65.9;1988.0,73.5
BuildingSmooth_11_20060_1799_1026_ResidualBody04|130.80|1971.8,81.3;1967.9,68.1;1990.0,61.6;1993.9,74.8
BuildingSourceSlice_fbx_1_-26470_1658_9494|133.80|-2643.1,975.4;-2671.4,939.5;-2650.8,923.2;-2622.5,959.1
BuildingSourceSlice_fbx_4_-2722_1697_-14610|124.06|-293.0,-1450.6;-286.4,-1481.7;-249.7,-1473.8;-256.3,-1442.7
BuildingSourceSlice_fbx_5_10490_1084_4937|92.25|1070.9,506.8;1025.8,508.2;1023.1,479.9;1074.9,478.8
BuildingSourceSlice_fbx_1_-22734_1841_8064|141.39|-2264.6,772.7;-2263.7,771.9;-2241.1,801.1;-2241.3,804.1;-2247.9,809.0;-2230.6,831.7;-2263.0,856.7;-2316.3,785.7;-2277.3,756.1
BuildingSourceSlice_fbx_9_-11594_1365_1411|70.72|-1200.5,125.1;-1196.5,123.7;-1199.7,114.4;-1183.9,108.6;-1182.9,111.4;-1174.5,108.3;-1172.8,109.0;-1172.8,104.5;-1144.7,94.2;-1134.4,124.9;-1135.3,125.2;-1120.5,162.7;-1122.7,162.8;-1124.6,158.6;-1170.0,175.6;-1166.6,185.8;-1167.5,186.6;-1168.0,185.2;-1175.6,187.9;-1176.9,184.3;-1176.1,168.2;-1174.6,167.7;-1180.6,153.3;-1180.6,144.2;-1193.8,144.2
BuildingSmooth_13_-13800_1212_23268_Body01|98.98|-1327.8,2301.6;-1330.9,2305.8;-1331.7,2305.2;-1328.6,2301.0
BuildingSmooth_13_-13800_1212_23268_Body01|98.98|-1310.4,2310.2;-1308.4,2305.6;-1347.0,2289.1;-1349.0,2293.7
BuildingSmooth_13_-13800_1212_23268_Body01|98.98|-1319.5,2310.6;-1320.1,2311.4;-1329.6,2304.1;-1329.0,2303.3
BuildingSmooth_13_-13800_1212_23268_Body01|98.98|-1347.0,2289.1;-1345.7,2286.8;-1327.1,2297.6;-1328.4,2299.8
BuildingSmooth_13_-13800_1212_23268_Body01|98.98|-1350.2,2293.2;-1348.2,2288.6;-1347.0,2289.1;-1349.0,2293.7
BuildingSmooth_13_-13800_1212_23268_Body01|98.98|-1310.4,2310.2;-1309.1,2308.0;-1327.1,2297.6;-1328.4,2299.8
BuildingSmooth_13_-13800_1212_23268_Body01|98.98|-1310.4,2310.2;-1343.8,2284.9;-1350.2,2293.2;-1316.8,2318.6
BuildingSmooth_13_-13800_1212_23268_Body01|98.98|-1317.4,2309.5;-1320.6,2313.7;-1321.4,2313.1;-1318.2,2308.9
BuildingSmooth_13_-13800_1212_23268_Body01|98.98|-1318.2,2308.9;-1318.8,2309.7;-1328.4,2302.4;-1327.8,2301.6
BuildingSmooth_13_-13800_1212_23268_Body01|98.98|-1320.8,2312.3;-1321.4,2313.1;-1330.9,2305.8;-1330.3,2305.0
BuildingSmooth_13_-13800_1212_23268_Body01|98.98|-1323.2,2306.4;-1325.1,2308.9;-1325.9,2308.3;-1324.0,2305.8
BuildingSourceSlice_fbx_8_1482_1473_25692|111.74|123.7,2544.2;133.0,2546.5;133.8,2548.1;184.1,2552.1;185.0,2553.5;183.0,2575.5;181.6,2576.3;180.2,2574.9;168.4,2574.2;166.8,2576.7;132.7,2574.0;113.1,2589.4;110.9,2589.3;114.4,2543.4
BuildingSourceSlice_fbx_1_-29713_1745_12893|135.82|-2978.2,1268.6;-2967.1,1268.6;-2962.7,1274.6;-2967.4,1278.0;-2952.0,1300.3;-2973.9,1315.4;-2990.6,1291.3;-2981.9,1285.3;-2988.4,1276.0
BuildingSourceSlice_fbx_10_-17312_1329_-2933|83.55|-1753.7,-246.4;-1754.7,-265.2;-1718.9,-267.1;-1717.9,-248.3
BuildingSourceSlice_fbx_15_-24327_949_-17525|58.61|-2465.1,-1759.9;-2465.1,-1771.8;-2448.8,-1783.5;-2426.7,-1783.4;-2422.0,-1776.8;-2458.2,-1750.3
BuildingSourceSlice_fbx_15_-24327_949_-17525|58.61|-2411.1,-1763.1;-2412.4,-1761.7;-2408.2,-1755.3;-2443.1,-1729.0;-2457.5,-1749.0;-2420.3,-1775.7
BuildingSourceSlice_fbx_15_-24327_949_-17525|58.61|-2400.4,-1744.1;-2400.4,-1731.5;-2414.9,-1721.6;-2415.8,-1722.8;-2439.4,-1726.2;-2440.6,-1727.9;-2405.1,-1751.6
BuildingSourceSlice_orph_1563_186|127.01|1565.5,198.2;1563.4,203.1;1548.8,197.0;1561.3,169.1;1575.5,174.2;1572.6,181.4;1574.3,182.1;1567.3,198.9
BuildingSourceSlice_fbx_13_-17741_1460_20829|106.91|-1719.5,2032.2;-1742.7,2062.2;-1744.2,2061.0;-1743.3,2059.8;-1755.7,2049.9;-1765.7,2062.6;-1753.3,2072.5;-1745.7,2063.6;-1743.8,2063.6;-1750.8,2072.7;-1750.0,2074.1;-1719.7,2098.1;-1724.6,2104.4;-1728.5,2101.2;-1739.4,2115.1;-1739.6,2117.9;-1744.3,2114.2;-1746.0,2116.7;-1736.6,2126.5;-1736.6,2129.9;-1755.1,2154.2;-1766.7,2154.2;-1828.9,2104.4;-1823.6,2097.5;-1824.7,2096.6;-1752.7,2006.8
BuildingSourceSlice_fbx_1_-25715_2068_11468|138.69|-2570.4,1180.4;-2603.8,1137.8;-2574.0,1113.6;-2538.6,1156.8
BuildingSourceSlice_fbx_13_-8604_1389_13378|81.88|-873.1,1305.9;-841.6,1304.5;-838.6,1369.8;-870.1,1371.2
BuildingSmooth_15_-16984_817_-20973_Body01|72.61|-1695.4,-2098.0;-1694.8,-2097.2;-1701.5,-2091.3;-1702.2,-2092.1
BuildingSmooth_15_-16984_817_-20973_Body01|72.61|-1699.4,-2104.0;-1689.3,-2092.5;-1690.0,-2091.9;-1700.1,-2103.4
BuildingSmooth_15_-16984_817_-20973_Body01|72.61|-1706.9,-2097.4;-1696.8,-2085.9;-1697.6,-2085.3;-1707.6,-2096.8
BuildingSmooth_15_-16984_817_-20973_Body01|72.61|-1702.4,-2077.9;-1701.4,-2074.0;-1683.2,-2078.8;-1684.2,-2082.7
BuildingSmooth_15_-16984_817_-20973_Body01|72.61|-1683.2,-2078.8;-1683.1,-2075.5;-1692.0,-2075.1;-1692.1,-2078.4
BuildingSmooth_15_-16984_817_-20973_Body01|72.61|-1702.4,-2077.9;-1702.3,-2074.6;-1692.0,-2075.1;-1692.1,-2078.4
BuildingSmooth_15_-16984_817_-20973_Body01|72.61|-1700.1,-2103.4;-1699.5,-2102.6;-1706.2,-2096.7;-1706.9,-2097.4
BuildingSmooth_15_-16984_817_-20973_Body01|72.61|-1720.2,-2098.2;-1694.5,-2068.9;-1676.4,-2084.7;-1702.2,-2114.0
BuildingSmooth_15_-16984_817_-20973_Body01|72.61|-1702.4,-2077.9;-1702.6,-2077.1;-1696.2,-2075.4;-1696.0,-2076.2
BuildingSmooth_15_-16984_817_-20973_Body01|72.61|-1676.4,-2084.7;-1675.4,-2080.8;-1683.2,-2078.8;-1684.2,-2082.7
BuildingSmooth_15_-16984_817_-20973_Body01|72.61|-1692.0,-2075.1;-1692.2,-2074.3;-1696.2,-2075.4;-1696.0,-2076.2
BuildingSmooth_15_-16984_817_-20973_Body01|72.61|-1676.4,-2084.7;-1680.6,-2071.2;-1702.4,-2077.9;-1698.2,-2091.4
BuildingSmooth_15_-16984_817_-20973_Body01|72.61|-1720.2,-2098.2;-1724.4,-2084.7;-1702.4,-2077.9;-1698.2,-2091.4
BuildingSmooth_15_-16984_817_-20973_Body01|72.61|-1690.7,-2092.6;-1690.0,-2091.9;-1696.8,-2085.9;-1697.5,-2086.7
BuildingSmooth_15_-16984_817_-20973_Body01|72.61|-1702.5,-2100.0;-1693.7,-2090.0;-1694.5,-2089.3;-1703.2,-2099.3
BuildingSourceSlice_fbx_7_14141_1451_20952|88.65|1430.5,2044.1;1449.4,2025.9;1486.3,2064.2;1466.6,2083.5;1465.2,2082.3;1459.7,2087.3;1457.5,2087.3;1457.5,2089.3;1451.5,2095.8;1376.0,2162.9;1374.2,2163.1;1343.4,2131.6;1343.2,2129.8;1377.6,2093.6;1429.3,2045.0;1437.2,2053.2;1438.3,2052.2
BuildingSourceSlice_orph_-2396_-2486|61.01|-2401.6,-2509.8;-2450.0,-2398.2;-2458.6,-2400.5;-2446.2,-2438.3;-2392.3,-2549.6;-2389.1,-2547.9;-2342.4,-2627.3;-2331.4,-2603.8;-2333.2,-2600.7;-2317.2,-2591.0;-2359.6,-2521.0;-2362.6,-2525.2;-2380.7,-2492.4;-2384.6,-2494.1;-2381.9,-2500.0
BuildingSourceSlice_orph_-2396_-2486|61.01|-2488.9,-2272.1;-2475.1,-2349.2;-2465.6,-2378.1;-2459.9,-2376.7;-2477.2,-2310.4;-2485.4,-2249.4;-2479.9,-2249.0;-2486.1,-2203.2;-2491.6,-2222.7
BuildingSourceSlice_orph_-2396_-2486|61.01|-2487.1,-2201.6;-2459.7,-2197.7;-2459.1,-2201.7;-2459.4,-2189.4;-2485.1,-2191.3
BuildingSmooth_3_-6795_1171_21917_ResidualBody05|116.43|-675.4,2179.5;-674.7,2194.8;-675.7,2194.8;-676.4,2179.5
BuildingSmooth_3_-6795_1171_21917_ResidualBody05|116.43|-669.8,2193.5;-669.7,2194.5;-674.7,2194.8;-674.8,2193.8
BuildingSmooth_3_-6795_1171_21917_ResidualBody05|116.43|-672.3,2180.4;-671.8,2193.6;-672.8,2193.7;-673.3,2180.4
BuildingSmooth_3_-6795_1171_21917_ResidualBody05|116.43|-667.3,2168.3;-685.3,2169.0;-683.9,2202.0;-665.9,2201.3
BuildingSmooth_3_-6795_1171_21917_ResidualBody05|116.43|-670.4,2179.3;-670.3,2180.3;-675.3,2180.5;-675.4,2179.5
BuildingSmooth_3_-6795_1171_21917_ResidualBody05|116.43|-667.3,2168.3;-675.5,2164.3;-679.2,2171.8;-671.0,2175.8
BuildingSmooth_3_-6795_1171_21917_ResidualBody05|116.43|-669.4,2179.2;-668.7,2194.5;-669.7,2194.5;-670.4,2179.3
BuildingSmooth_3_-6795_1171_21917_ResidualBody05|116.43|-683.9,2202.0;-692.1,2198.0;-679.2,2171.8;-671.0,2175.8
BuildingSmooth_3_-6795_1171_21917_ResidualBody05|116.43|-670.1,2186.4;-670.0,2187.4;-675.0,2187.6;-675.1,2186.6
BuildingSourceSlice_fbx_8_198_1208_33922|95.19|42.7,3381.8;19.8,3419.1;-3.0,3394.2;28.3,3365.3
BuildingSourceSlice_fbx_5_10168_1488_2707|90.07|1020.2,314.7;982.6,242.8;1013.4,226.6;1051.0,298.6
BuildingSourceSlice_fbx_5_10168_1488_2707|90.07|1019.4,315.4;999.4,325.4;973.5,272.6;991.9,263.2
BuildingSourceSlice_fbx_8_3023_1499_28616|120.08|278.8,2849.9;325.9,2850.2;325.8,2873.6;278.7,2873.3
BuildingSourceSlice_fbx_5_4909_1252_7312|69.02|435.1,755.5;417.1,746.6;434.1,654.4;459.4,666.3
BuildingSourceSlice_fbx_5_4909_1252_7312|69.02|436.1,761.5;463.1,668.5;545.8,706.0;504.2,794.0
BuildingSourceSlice_fbx_10_-20064_847_-7784|69.24|-2001.3,-786.7;-1998.0,-789.9;-1987.8,-779.1;-2006.4,-761.4;-2024.9,-780.9;-2009.7,-795.4
BuildingSourceSlice_fbx_13_-17279_1349_21675|106.75|-1734.2,2147.9;-1706.9,2169.5;-1721.5,2188.3;-1747.8,2165.4
BuildingSourceSlice_fbx_16_16264_1600_-5015|144.46|1609.2,-498.2;1628.0,-520.2;1643.9,-509.4;1622.9,-482.8
BuildingSourceSlice_fbx_8_5040_1482_27643|127.97|511.3,2782.0;498.2,2781.8;493.4,2778.6;492.2,2765.3;495.6,2747.8;504.1,2746.7;514.7,2753.1;515.3,2755.8;513.4,2755.9;513.1,2773.5
BuildingSourceSlice_fbx_13_-15575_1284_22257|106.16|-1499.3,2201.0;-1565.9,2289.0;-1616.1,2251.0;-1549.5,2163.1
BuildingSourceSlice_fbx_14_-7150_1431_-3426|64.85|-776.8,-296.0;-821.3,-329.6;-727.5,-426.3;-689.4,-391.7;-676.9,-376.2;-653.1,-321.0;-751.9,-258.8
BuildingSourceSlice_orph_354_-1910|101.61|343.4,-1897.4;341.3,-1897.1;340.0,-1907.5;343.5,-1907.9;337.5,-1929.4;348.5,-1937.7;361.4,-1939.5;369.1,-1884.6;345.6,-1881.6
BuildingSmooth_11_14890_1550_3921_Body02|123.46|1482.9,382.4;1489.4,381.8;1489.4,382.8;1483.0,383.4
BuildingSmooth_11_14890_1550_3921_Body02|123.46|1482.3,375.9;1488.8,375.3;1488.9,376.3;1482.4,376.9
BuildingSmooth_11_14890_1550_3921_Body02|123.46|1487.9,376.4;1488.9,376.3;1489.4,381.8;1488.4,381.9
BuildingSmooth_11_14890_1550_3921_Body02|123.46|1490.6,370.4;1485.7,366.3;1481.6,371.2;1486.5,375.3
BuildingSmooth_11_14890_1550_3921_Body02|123.46|1477.0,386.7;1472.1,382.6;1481.6,371.2;1486.5,375.3
BuildingSmooth_11_14890_1550_3921_Body02|123.46|1481.6,371.2;1479.5,370.5;1476.5,380.7;1478.6,381.3
BuildingSmooth_11_14890_1550_3921_Body02|123.46|1482.4,376.9;1483.4,376.8;1483.9,382.3;1482.9,382.4
BuildingSmooth_11_14890_1550_3921_Body02|123.46|1476.5,380.7;1475.7,380.3;1478.9,374.4;1479.6,374.8
BuildingSmooth_11_14890_1550_3921_Body02|123.46|1483.6,379.0;1488.1,378.6;1488.2,379.6;1483.7,380.0
BuildingSmooth_11_14890_1550_3921_Body02|123.46|1481.6,371.2;1480.9,370.8;1478.9,374.4;1479.6,374.8
BuildingSmooth_11_14890_1550_3921_Body02|123.46|1490.6,370.4;1475.6,371.7;1477.0,386.7;1491.9,385.3
BuildingSmooth_11_14890_1550_3921_Body02|123.46|1477.0,386.7;1474.9,386.0;1476.5,380.7;1478.6,381.3
BuildingSmooth_11_14890_1550_3921_Body02|123.46|1485.1,376.6;1486.1,376.6;1486.6,382.0;1485.6,382.1
BuildingSourceSlice_orph_460_3096|126.87|493.1,3033.7;515.8,3052.8;427.7,3157.9;404.9,3138.8
BuildingSourceSlice_orph_-1664_-2112|73.19|-1685.4,-2120.9;-1656.0,-2133.9;-1642.0,-2102.4;-1671.4,-2089.4
BuildingSourceSlice_fbx_4_-11505_1393_-18359|88.56|-1170.2,-1856.7;-1153.7,-1851.7;-1150.5,-1861.1;-1149.2,-1861.8;-1122.0,-1852.4;-1136.4,-1809.7;-1162.9,-1818.8;-1163.7,-1820.1;-1162.5,-1823.8;-1179.2,-1830.4
BuildingSourceSlice_fbx_8_-2753_1281_30833|83.61|-254.1,3057.4;-259.3,3112.9;-297.3,3109.4;-292.2,3053.9
BuildingSourceSlice_fbx_5_11406_1159_12634|73.81|1155.9,1325.2;1069.5,1285.0;1108.6,1201.3;1113.2,1197.3;1114.8,1196.8;1206.9,1239.7;1206.9,1252.1;1183.0,1303.3;1181.9,1301.9;1172.8,1325.2
BuildingSourceSlice_orph_-1298_-752|59.35|-1263.6,-752.9;-1294.5,-721.4;-1331.1,-757.4;-1308.3,-780.6
BuildingSourceSlice_fbx_11_18582_1711_1688|128.93|1942.3,265.5;1886.1,269.6;1882.5,272.5;1777.2,227.6;1778.7,212.4;1822.2,111.1;1886.2,140.6;1912.0,82.9;1925.4,82.9;1932.5,108.2;1922.4,126.6;1922.7,134.3;1938.1,122.3
BuildingSourceSlice_fbx_10_-16632_1092_-4677|73.44|-1643.0,-449.4;-1641.3,-447.8;-1652.8,-435.6;-1683.1,-463.9;-1658.9,-489.0;-1630.6,-462.7
BuildingSourceSlice_fbx_16_15471_2010_-386|122.01|1517.6,19.2;1491.4,1.1;1562.2,-102.4;1602.6,-73.4;1581.7,-42.7;1585.1,-40.4;1566.0,-11.9;1565.2,-12.4;1539.7,22.9;1534.4,25.2;1520.2,15.2
BuildingSourceSlice_orph_-1571_-1955|71.03|-1593.5,-1974.4;-1580.0,-1957.2;-1546.6,-1972.9;-1536.7,-1952.0;-1578.3,-1932.3;-1586.7,-1945.7;-1589.6,-1945.2;-1609.2,-1970.4
BuildingSourceSlice_fbx_4_-10490_1339_-16236|92.54|-1024.4,-1592.3;-1046.3,-1596.6;-1064.0,-1621.1;-1069.3,-1622.3;-1062.0,-1655.8;-1050.3,-1653.3;-1050.8,-1650.8;-1025.8,-1645.2;-1031.0,-1619.7;-1019.2,-1616.8
BuildingSourceSlice_fbx_5_9138_1357_3361|81.51|910.1,357.8;894.2,325.1;916.3,314.3;933.3,350.7
BuildingSourceSlice_orph_-1092_2410|73.98|-1118.1,2434.7;-1134.9,2426.3;-1112.5,2381.1;-1115.1,2379.8;-1108.8,2370.3;-1047.9,2401.6;-1053.8,2410.3;-1056.5,2409.0;-1078.9,2454.2;-1091.9,2447.7;-1092.7,2449.0;-1085.4,2433.1;-1103.4,2421.2;-1104.4,2423.1;-1109.6,2420.5;-1118.7,2436.1
BuildingSourceSlice_orph_625_-162|79.21|642.6,-162.4;613.3,-148.4;606.9,-161.9;636.3,-175.8
BuildingSourceSlice_part_354_2093|107.37|371.4,2041.7;387.0,2043.3;380.1,2112.2;378.7,2112.1;374.9,2148.6;324.6,2144.2;328.7,2097.7;325.3,2097.5;330.9,2038.2;371.2,2043.4
BuildingSourceSlice_fbx_7_7406_1689_19623|107.66|715.6,1926.1;748.7,1925.2;764.1,1939.8;765.6,1998.2;717.5,1999.4
BuildingSourceSlice_fbx_13_-16374_1681_13247|112.91|-1638.4,1357.7;-1649.6,1367.1;-1674.4,1339.3;-1675.9,1340.5;-1688.6,1325.8;-1673.1,1312.8;-1663.3,1324.1;-1636.2,1301.8;-1637.1,1300.7;-1615.6,1282.3;-1602.4,1289.7;-1593.8,1299.8;-1586.1,1315.5;-1636.8,1359.5
BuildingSourceSlice_fbx_13_-9126_867_22542|70.27|-924.7,2248.3;-936.9,2242.1;-934.1,2234.2;-887.2,2256.9;-895.9,2274.3;-929.4,2257.4
BuildingSourceSlice_fbx_5_10392_999_7275|79.21|1059.7,734.3;1017.5,743.0;1013.1,721.8;1055.4,713.1
BuildingSourceSlice_fbx_9_-8534_1095_10525|86.20|-867.2,1017.8;-842.7,1016.7;-839.7,1087.3;-864.2,1088.4
BuildingSourceSlice_orph_1255_-462|132.32|1217.2,-447.9;1221.6,-452.0;1237.4,-452.7;1240.4,-457.5;1240.4,-465.0;1236.3,-467.5;1255.9,-485.2;1259.5,-481.1;1271.3,-491.1;1287.3,-473.3;1280.9,-468.0;1283.8,-464.8;1260.5,-443.5;1253.9,-450.6;1232.1,-431.5
BuildingSourceSlice_fbx_6_3022_1552_-15277|118.62|264.7,-1532.7;264.1,-1528.5;254.3,-1530.2;257.1,-1547.5;266.9,-1547.9;266.7,-1546.5;350.1,-1534.8;348.1,-1520.9
BuildingSourceSlice_fbx_7_13553_1161_19711|87.22|1378.8,1963.4;1346.2,1997.8;1332.7,1985.0;1331.8,1972.8;1358.8,1944.3
BuildingSourceSlice_fbx_7_13553_1161_19711|87.22|1386.3,1958.1;1380.4,1997.3;1377.1,2000.7;1362.1,2005.2;1356.0,2005.3;1347.5,1997.2;1385.3,1957.2
BuildingSourceSlice_fbx_1_-30968_1694_5897|126.98|-3069.8,604.6;-3072.8,623.1;-3126.9,618.6;-3125.4,599.4
BuildingSmooth_2_19308_1989_-6623_Residual_8c5e16c5_Body01|149.15|1937.1,-651.8;1936.2,-652.2;1942.4,-664.0;1943.3,-663.5
BuildingSmooth_2_19308_1989_-6623_Residual_8c5e16c5_Body01|149.15|1939.1,-657.7;1925.1,-665.0;1925.6,-665.9;1939.5,-658.5
BuildingSmooth_2_19308_1989_-6623_Residual_8c5e16c5_Body01|149.15|1936.6,-650.9;1920.9,-659.2;1921.3,-660.1;1937.1,-651.8
BuildingSmooth_2_19308_1989_-6623_Residual_8c5e16c5_Body01|149.15|1922.2,-659.6;1921.3,-660.1;1927.6,-671.8;1928.4,-671.3
BuildingSmooth_2_19308_1989_-6623_Residual_8c5e16c5_Body01|149.15|1943.3,-663.5;1927.6,-671.8;1928.0,-672.7;1943.8,-664.4
BuildingSmooth_2_19308_1989_-6623_Residual_8c5e16c5_Body01|149.15|1945.6,-635.5;1901.9,-658.6;1917.9,-689.1;1961.7,-666.0
BuildingSmooth_2_19308_1989_-6623_Residual_8c5e16c5_Body01|149.15|1929.7,-655.7;1928.8,-656.1;1935.0,-667.9;1935.9,-667.4
BuildingSourceSlice_fbx_4_-11945_1079_-17824|85.46|-1195.6,-1759.2;-1215.3,-1781.9;-1197.1,-1805.7;-1174.3,-1787.2;-1183.4,-1773.0
BuildingSourceSlice_fbx_16_7714_2072_-5958|114.79|730.3,-506.8;680.8,-632.7;812.6,-684.5;862.1,-558.7
BuildingSourceSlice_orph_2689_-1092|119.26|2685.5,-1124.8;2708.7,-1061.8;2691.6,-1059.5;2668.6,-1119.6
BuildingSourceSlice_fbx_8_3834_1481_28272|123.73|352.3,2786.7;414.4,2788.6;391.0,2867.7;352.3,2853.0
BuildingSourceSlice_fbx_1_-28805_1669_11324|134.57|-2882.4,1154.8;-2887.9,1146.4;-2899.4,1151.5;-2909.5,1138.5;-2892.5,1122.3;-2894.4,1117.9;-2876.1,1103.6;-2850.1,1137.0;-2877.9,1159.0
BuildingSourceSlice_fbx_8_4472_1878_25029|127.74|398.1,2485.8;492.3,2492.3;498.8,2520.5;395.6,2512.4
BuildingSourceSlice_fbx_2_23775_1543_-5899|130.26|2369.7,-589.8;2369.9,-614.1;2376.1,-621.4;2381.5,-620.5;2394.6,-621.8;2401.4,-559.8;2380.4,-557.6;2379.8,-563.3;2377.4,-564.1;2374.4,-578.3
BuildingSourceSlice_fbx_8_2328_1607_22567|112.18|191.2,2230.4;278.3,2238.0;274.4,2283.1;187.3,2275.6
BuildingSourceSlice_fbx_5_4245_980_9119|72.99|422.1,944.0;401.8,935.9;425.8,879.7;428.1,881.3;447.0,885.5
BuildingSourceSlice_fbx_10_-15285_1392_-1718|76.66|-1514.9,-194.2;-1512.1,-150.4;-1541.7,-149.3;-1542.1,-163.0;-1544.0,-163.3;-1544.9,-193.2
BuildingSourceSlice_fbx_6_8036_1432_-16480|114.65|731.3,-1610.9;745.2,-1616.4;739.8,-1629.8;750.1,-1634.1;755.8,-1620.6;767.8,-1625.0;778.5,-1597.3;742.0,-1583.2
BuildingSourceSlice_fbx_7_14096_1381_12934|77.27|1415.0,1321.3;1402.7,1319.4;1396.1,1316.2;1378.7,1302.9;1410.2,1267.0;1420.4,1276.9;1427.3,1270.1;1436.8,1278.2;1459.2,1257.4;1460.9,1257.3;1463.4,1260.6;1463.4,1291.4;1433.9,1315.8;1427.0,1319.5
BuildingSourceSlice_fbx_3_-2367_866_15840|71.28|-260.0,1563.3;-211.1,1566.1;-213.4,1604.8;-261.1,1602.7;-262.6,1601.3
BuildingSourceSlice_fbx_5_6003_1424_7739|69.98|535.7,785.9;568.2,717.2;572.3,717.2;596.5,729.1;589.3,730.0;641.3,753.1;641.3,759.8;638.7,768.0;633.0,781.1;634.0,782.2;628.9,791.4;602.3,791.4;580.1,776.6;572.3,791.4;541.7,791.4;538.3,790.3
BuildingSourceSlice_fbx_6_5556_1614_-12898|134.14|581.0,-1265.1;542.8,-1257.9;530.3,-1317.6;549.4,-1321.6;578.0,-1279.3
BuildingSmooth_5_3444_2350_9889|228.11|297.1,973.3;294.6,957.9;304.0,956.4;306.4,971.8
BuildingSmooth_5_3444_2350_9889|228.11|297.1,973.3;299.6,988.7;325.0,984.6;322.5,969.2
BuildingSmooth_5_3444_2350_9889|228.11|331.8,967.7;334.3,983.1;325.0,984.6;322.5,969.2
BuildingSmooth_5_3444_2350_9889|228.11|331.8,967.7;329.4,952.4;304.0,956.4;306.4,971.8
BuildingSmooth_5_3444_2350_9889|228.11|322.0,969.4;308.1,963.7;308.5,962.8;322.4,968.5
BuildingSmooth_5_3444_2350_9889|228.11|297.1,973.3;299.6,988.7;325.0,984.6;322.5,969.2
BuildingSmooth_5_3444_2350_9889|228.11|331.8,967.7;329.4,952.4;304.0,956.4;306.4,971.8
BuildingSmooth_5_3444_2350_9889|228.11|297.1,973.3;294.6,957.9;304.0,956.4;306.4,971.8
BuildingSmooth_5_3444_2350_9889|228.11|306.0,971.5;305.1,971.2;308.1,963.7;309.0,964.1
BuildingSmooth_5_3444_2350_9889|228.11|318.6,977.7;304.7,972.1;305.1,971.2;319.0,976.8
BuildingSmooth_5_3444_2350_9889|228.11|331.8,967.7;334.3,983.1;325.0,984.6;322.5,969.2
BuildingSmooth_5_3444_2350_9889|228.11|312.5,974.2;311.6,973.8;314.6,966.4;315.5,966.8
BuildingSmooth_5_3444_2350_9889|228.11|319.4,973.2;307.3,968.3;307.7,967.4;319.7,972.3
BuildingSmooth_5_3444_2350_9889|228.11|319.0,976.8;318.1,976.4;321.1,969.0;322.0,969.4
BuildingSourceSlice_orph_-1700_-1837|65.50|-1717.1,-1814.5;-1724.3,-1830.5;-1722.3,-1831.4;-1727.5,-1837.3;-1717.4,-1841.9;-1735.1,-1879.8;-1719.3,-1887.1;-1705.1,-1856.5;-1690.8,-1863.2;-1678.2,-1836.2;-1670.9,-1839.6;-1660.1,-1816.5;-1701.7,-1797.2;-1711.2,-1817.5
BuildingSourceSlice_orph_2473_-131|124.33|2405.9,-109.2;2421.5,-111.1;2421.4,-112.2;2495.7,-119.9;2492.2,-159.1;2485.8,-158.6;2482.8,-192.5;2479.5,-192.8;2490.2,-194.0;2495.4,-157.3;2506.6,-112.6;2456.5,-108.1;2406.6,-105.6
BuildingSourceSlice_fbx_7_12558_1929_27171|125.27|1210.6,2812.9;1177.0,2614.2;1258.4,2600.5;1257.6,2595.8;1295.0,2589.6;1334.6,2824.2;1213.2,2844.6;1207.9,2813.4
BuildingSourceSlice_orph_3092_-1190|132.24|3074.7,-1166.7;3076.2,-1172.2;3077.6,-1171.9;3087.8,-1219.2;3108.6,-1214.7;3095.9,-1160.5
BuildingSourceSlice_fbx_3_1259_1483_17880|82.06|147.0,1753.0;146.6,1761.0;145.2,1762.2;142.6,1823.4;125.4,1822.7;125.3,1824.2;119.7,1823.8;106.7,1813.7;103.7,1800.8;105.9,1750.9
BuildingSourceSlice_fbx_5_9901_996_2192|86.61|971.9,216.9;997.6,202.4;1008.4,221.5;982.6,236.0
BuildingSourceSlice_fbx_4_-4654_1401_-10491|106.02|-477.6,-1060.8;-475.9,-1060.5;-468.3,-1089.3;-428.4,-1078.8;-436.2,-1049.1;-461.0,-1055.6;-472.8,-1008.8;-502.2,-1016.3;-492.9,-1054.1;-480.1,-1050.8
BuildingSourceSlice_orph_2380_-335|133.40|2400.0,-303.3;2365.5,-300.1;2359.3,-367.2;2393.9,-370.4
BuildingSourceSlice_fbx_7_7054_1310_14995|85.40|747.3,1508.9;757.2,1536.4;701.7,1558.8;684.8,1555.8;670.5,1547.2;666.0,1530.1;662.7,1502.4;655.2,1493.4;653.6,1480.7;657.6,1446.1;679.4,1451.3;682.1,1440.2;711.9,1447.8;727.7,1442.2;750.8,1507.7
BuildingSourceSlice_orph_-657_-1621|108.45|-485.4,-1631.2;-503.4,-1554.5;-669.4,-1595.6;-668.5,-1599.3;-706.7,-1608.9;-728.5,-1517.9;-768.2,-1527.5;-747.7,-1613.1;-806.2,-1627.1;-787.5,-1703.6
BuildingSourceSlice_fbx_5_4015_828_8875|68.69|387.2,871.3;423.5,880.5;413.4,903.8;379.5,890.6
BuildingSourceSlice_fbx_11_20938_1736_1475|128.57|2052.1,133.3;2051.9,131.5;2065.5,130.0;2069.7,169.8;2051.8,171.8;2053.7,133.2
BuildingSourceSlice_fbx_4_-10904_1766_-9267|58.46|-999.4,-914.7;-1108.5,-837.1;-1179.9,-937.5;-1070.8,-1015.1
BuildingSourceSlice_fbx_11_22797_1663_1963|122.41|2261.7,227.2;2258.6,227.0;2254.5,179.0;2255.1,164.6;2289.7,160.6;2292.1,185.1;2302.7,184.5;2306.3,221.9;2303.0,227.8;2265.8,232.2
BuildingSourceSlice_fbx_5_6256_872_2213|72.92|640.0,239.2;642.1,238.3;649.3,255.2;629.7,249.2;626.7,250.5;602.0,190.7;609.5,187.4;619.3,190.8
BuildingSourceSlice_fbx_11_14323_1927_4708|119.38|1415.2,464.4;1395.9,449.5;1408.1,432.5;1427.7,446.6
BuildingSourceSlice_fbx_5_6982_994_1511|75.42|719.1,158.8;691.1,172.4;677.3,144.1;704.5,129.8
BuildingSourceSlice_fbx_14_5466_942_-631|73.81|559.0,-74.3;555.3,-49.1;542.1,-43.1;534.1,-61.5;545.6,-83.2
BuildingSourceSlice_fbx_10_-16547_1172_-11690|62.28|-1639.6,-1137.1;-1640.7,-1139.3;-1688.0,-1170.8;-1670.9,-1198.4;-1671.2,-1200.3;-1669.7,-1201.1;-1635.6,-1183.2;-1618.9,-1171.2;-1625.8,-1160.8;-1624.6,-1160.1;-1638.3,-1137.5
BuildingSourceSlice_fbx_11_24236_1286_4256|106.63|2410.1,417.1;2410.3,409.7;2424.9,408.6;2439.0,434.2;2423.7,442.2
BuildingSourceSlice_fbx_14_3152_1038_-1459|73.16|295.5,-164.8;296.3,-165.7;319.6,-159.8;332.1,-130.9;331.4,-129.0;313.7,-121.7
BuildingSourceSlice_fbx_4_-340_1440_-6069|82.10|-58.8,-587.0;-25.6,-636.1;-9.2,-593.8;-48.8,-577.8
BuildingSourceSlice_orph_2490_178|128.14|2514.5,154.3;2517.6,196.7;2480.7,199.5;2481.8,203.5;2467.0,204.6;2462.8,158.1
BuildingSourceSlice_fbx_5_524_1416_12769|72.52|62.7,1331.9;-28.9,1242.0;-36.1,1222.3;39.9,1222.0;131.7,1244.1;141.0,1253.1
BuildingSourceSlice_fbx_2_21271_1879_-9957|148.03|2099.7,-1006.6;2095.2,-1009.4;2098.5,-1010.4;2098.9,-1012.1;2117.2,-1025.4;2165.7,-996.2;2147.3,-965.6;2088.3,-997.1;2090.8,-999.1;2093.2,-997.8;2099.8,-1004.4;2098.6,-1005.6
BuildingSourceSlice_fbx_13_-8721_896_23833|68.42|-873.8,2355.2;-852.3,2366.3;-857.5,2378.6;-857.2,2380.3;-851.5,2383.1;-864.0,2410.2;-893.9,2396.1
BuildingSourceSlice_orph_1580_456|126.22|1566.2,471.8;1531.2,447.1;1532.8,446.4;1553.0,415.1;1587.7,440.2;1588.3,439.3;1628.7,466.3;1607.7,496.4;1561.2,462.1
BuildingSourceSlice_orph_2522_-900|119.96|2542.7,-883.9;2540.2,-884.5;2539.0,-879.8;2496.9,-890.6;2504.5,-920.1;2546.6,-909.3;2544.9,-903.0;2547.1,-902.5
BuildingSourceSlice_fbx_10_-21608_885_-8433|71.76|-2185.5,-848.3;-2165.2,-868.1;-2136.1,-838.4;-2156.4,-818.5
BuildingSourceSlice_fbx_7_10901_1346_19559|104.05|1116.5,1961.9;1069.8,1972.3;1063.8,1946.0;1093.8,1939.7
BuildingSourceSlice_fbx_5_863_1697_7462|67.20|42.1,780.4;45.0,769.2;10.1,759.2;12.9,749.1;11.8,748.0;12.9,747.6;25.4,698.8;44.0,691.5;64.7,687.1;86.4,686.0;108.3,688.9;108.1,690.2;162.1,745.2;137.3,806.7
BuildingSourceSlice_orph_1455_-160|124.33|1480.8,-150.2;1467.7,-135.8;1430.1,-170.2;1443.3,-184.6
BuildingSourceSlice_fbx_8_4056_1436_25992|127.45|391.2,2576.7;422.6,2578.6;420.0,2621.7;388.6,2619.8
BuildingSmooth_15_-18443_1400_-23559_ResidualBody01|81.09|-1837.5,-2349.2;-1846.6,-2360.8;-1845.8,-2361.4;-1836.7,-2349.8
BuildingSmooth_15_-18443_1400_-23559_ResidualBody01|81.09|-1850.1,-2358.0;-1850.7,-2358.8;-1842.9,-2365.0;-1842.2,-2364.2
BuildingSmooth_15_-18443_1400_-23559_ResidualBody01|81.09|-1845.3,-2351.8;-1845.9,-2352.6;-1838.0,-2358.8;-1837.4,-2358.0
BuildingSmooth_15_-18443_1400_-23559_ResidualBody01|81.09|-1840.4,-2345.6;-1841.1,-2346.4;-1833.2,-2352.6;-1832.6,-2351.8
BuildingSmooth_15_-18443_1400_-23559_ResidualBody01|81.09|-1832.6,-2351.8;-1842.9,-2365.0;-1842.1,-2365.6;-1831.8,-2352.4
BuildingSmooth_15_-18443_1400_-23559_ResidualBody01|81.09|-1836.5,-2330.8;-1864.2,-2366.3;-1845.3,-2381.0;-1817.6,-2345.6
BuildingSmooth_15_-18443_1400_-23559_ResidualBody01|81.09|-1841.2,-2345.0;-1851.5,-2358.2;-1850.7,-2358.8;-1840.4,-2345.6
BuildingSourceSlice_fbx_11_16840_1513_8522|90.84|1687.7,887.3;1682.3,884.7;1680.5,879.1;1680.5,862.0;1675.0,861.9;1675.5,860.0;1661.9,820.4;1663.1,815.9;1682.0,815.3;1707.9,878.6
BuildingSourceSlice_fbx_2_25126_1356_-10570|124.19|2512.1,-1034.0;2484.2,-1050.7;2507.4,-1081.9;2519.1,-1074.3;2520.3,-1075.9;2523.8,-1074.8;2523.9,-1060.0;2519.3,-1053.3;2521.5,-1037.3;2519.7,-1034.8
BuildingSourceSlice_fbx_1_-20011_1906_12562|135.24|-2046.6,1244.9;-2041.5,1240.8;-2039.7,1241.2;-1997.9,1208.7;-1954.7,1264.4;-2004.6,1303.6;-2046.1,1250.5
BuildingSourceSlice_fbx_11_13318_1591_2509|111.54|1314.4,211.2;1338.8,239.6;1365.3,278.3;1346.9,291.0;1321.7,254.1;1298.4,227.1
BuildingSourceSlice_fbx_11_13318_1591_2509|111.54|1287.5,235.9;1297.9,227.2;1325.8,261.0;1333.1,271.5;1331.3,272.7;1347.1,294.2;1335.1,302.9;1319.2,281.3;1318.2,281.9;1286.6,243.5
BuildingSourceSlice_fbx_9_-7298_999_12483|80.72|-752.3,1236.1;-707.5,1236.2;-707.5,1260.8;-752.3,1260.7
BuildingSourceSlice_orph_1054_778|78.36|1057.1,770.5;1056.7,768.4;1071.1,765.3;1073.1,776.6;1059.1,780.7;1060.7,784.4;1041.5,792.5;1036.0,779.5
BuildingSourceSlice_orph_-733_1352|75.93|-706.3,1358.1;-759.3,1361.3;-760.3,1345.9;-707.3,1342.6
BuildingSourceSlice_fbx_5_3588_1113_8075|90.27|318.4,784.0;403.0,801.2;398.0,831.2;322.5,812.8;318.4,809.5;315.2,803.6;315.0,798.4
BuildingSourceSlice_orph_932_-1437|121.03|911.8,-1438.4;934.1,-1455.6;934.8,-1454.7;940.3,-1459.0;954.5,-1440.5;944.9,-1433.1;945.3,-1431.6;921.1,-1412.9;914.1,-1422.0;920.6,-1427.0
BuildingSmooth_6_7025_1448_-11750_Body01|129.06|716.7,-1192.8;710.0,-1198.8;674.0,-1158.6;680.7,-1152.6
BuildingSmooth_6_7025_1448_-11750_Body01|129.06|689.4,-1170.5;699.8,-1182.2;700.6,-1181.6;690.1,-1169.9
BuildingSmooth_6_7025_1448_-11750_Body01|129.06|690.5,-1179.3;691.2,-1180.1;694.9,-1176.8;694.3,-1176.0
BuildingSmooth_6_7025_1448_-11750_Body01|129.06|689.3,-1189.2;687.4,-1190.5;675.3,-1173.5;677.2,-1172.2
BuildingSmooth_6_7025_1448_-11750_Body01|129.06|673.5,-1167.1;669.9,-1171.7;709.3,-1202.6;713.0,-1198.0
BuildingSmooth_6_7025_1448_-11750_Body01|129.06|687.8,-1173.3;696.9,-1183.5;697.7,-1182.8;688.6,-1172.6
BuildingSmooth_6_7025_1448_-11750_Body01|129.06|713.8,-1198.6;717.7,-1193.6;716.7,-1192.8;712.8,-1197.8
BuildingSmooth_6_7025_1448_-11750_Body01|129.06|673.5,-1167.1;677.4,-1162.1;716.7,-1192.8;712.8,-1197.8
BuildingSmooth_6_7025_1448_-11750_Body01|129.06|685.6,-1173.9;686.3,-1174.6;690.0,-1171.3;689.4,-1170.5
BuildingSmooth_6_7025_1448_-11750_Body01|129.06|695.4,-1184.8;696.1,-1185.6;699.8,-1182.2;699.2,-1181.5
BuildingSmooth_6_7025_1448_-11750_Body01|129.06|684.9,-1174.5;695.4,-1186.2;696.1,-1185.6;685.6,-1173.9
BuildingSmooth_6_7025_1448_-11750_Body01|129.06|713.8,-1198.6;710.2,-1203.3;709.3,-1202.6;713.0,-1198.0
BuildingSmooth_6_7025_1448_-11750_Body01|129.06|673.5,-1167.1;671.6,-1168.4;675.3,-1173.5;677.2,-1172.2
BuildingSmooth_6_7025_1448_-11750_Body01|129.06|673.5,-1167.1;670.3,-1170.3;689.3,-1189.2;692.5,-1185.9
BuildingSmooth_6_7025_1448_-11750_Body01|129.06|716.7,-1192.8;712.4,-1198.2;673.5,-1167.1;677.9,-1161.7
BuildingSmooth_6_7025_1448_-11750_Body01|129.06|674.0,-1158.6;669.7,-1164.0;673.5,-1167.1;677.9,-1161.7
BuildingSmooth_6_7025_1448_-11750_Body01|129.06|709.3,-1202.6;706.1,-1205.9;689.3,-1189.2;692.5,-1185.9
BuildingSourceSlice_fbx_7_13443_1072_20991|94.28|1369.5,2086.2;1369.5,2098.6;1358.8,2109.3;1357.5,2108.0;1335.1,2128.4;1314.5,2106.7;1346.5,2073.4;1356.7,2073.4
BuildingSourceSlice_fbx_5_11237_1270_4018|91.21|1149.2,420.0;1119.8,434.9;1100.8,433.4;1097.1,384.8;1123.8,369.7
BuildingSourceSlice_orph_969_189|84.29|941.3,177.6;973.5,159.6;996.0,200.0;963.8,217.9
BuildingSourceSlice_orph_1629_4|125.73|1569.3,3.8;1588.0,15.1;1595.2,3.8;1592.8,2.4;1644.3,-78.7;1697.8,-46.5;1685.3,-27.0;1686.1,-26.5;1642.5,48.9;1649.1,53.3;1629.9,83.8;1550.3,32.8
BuildingSourceSlice_fbx_6_2651_1881_-10993|114.73|331.2,-1135.3;244.1,-1039.1;199.0,-1058.3;255.3,-1159.5
BuildingSourceSlice_fbx_1_-22480_2024_7548|140.66|-2281.1,745.1;-2257.1,725.9;-2236.7,727.6;-2214.9,755.1;-2250.5,783.5
BuildingSourceSlice_fbx_9_-7563_1247_8830|77.04|-725.9,898.6;-785.8,900.8;-787.1,867.5;-727.1,865.3
BuildingSourceSlice_orph_2624_-663|116.40|2558.7,-686.0;2567.5,-688.9;2570.5,-708.8;2600.5,-709.7;2600.6,-719.6;2627.8,-717.2;2656.5,-718.5;2656.6,-720.3;2662.8,-717.8;2667.8,-612.2;2629.2,-590.2;2605.8,-608.0;2602.5,-607.7;2586.5,-669.6;2565.7,-662.8
BuildingSourceSlice_fbx_11_15577_1600_6012|118.55|1558.7,576.6;1562.2,577.0;1565.1,573.4;1589.1,593.3;1582.5,601.3;1584.8,603.2;1578.1,611.4;1575.4,609.2;1556.9,631.2;1526.2,605.4;1544.5,583.1;1543.2,582.1;1552.1,571.2
BuildingSourceSlice_fbx_14_3562_1069_-60|70.95|340.5,18.4;323.7,-20.3;371.4,-41.1;388.1,-2.3;386.8,-1.6;388.6,2.6;383.3,17.7;356.5,29.0;350.5,14.8
BuildingSourceSlice_fbx_5_5254_1126_3942|70.96|504.2,386.6;529.8,372.6;546.6,400.6;521.2,415.8
BuildingSourceSlice_fbx_15_-26500_1293_-19771|55.74|-2685.7,-1979.2;-2656.3,-2012.3;-2614.4,-1975.1;-2643.7,-1942.0
BuildingSmooth_2_22934_1562_-2899_Body01|137.92|2281.2,-279.5;2280.2,-279.5;2279.1,-292.7;2280.1,-292.8
BuildingSmooth_2_22934_1562_-2899_Body01|137.92|2275.3,-279.0;2274.3,-279.0;2273.2,-292.2;2274.1,-292.3
BuildingSmooth_2_22934_1562_-2899_Body01|137.92|2278.2,-279.3;2277.3,-279.2;2276.1,-292.5;2277.1,-292.5
BuildingSmooth_2_22934_1562_-2899_Body01|137.92|2279.7,-285.6;2274.7,-285.2;2274.7,-286.2;2279.6,-286.6
BuildingSmooth_2_22934_1562_-2899_Body01|137.92|2272.6,-269.4;2263.1,-271.5;2269.8,-302.3;2279.3,-300.2
BuildingSmooth_2_22934_1562_-2899_Body01|137.92|2281.3,-309.3;2269.3,-308.3;2272.6,-269.4;2284.5,-270.4
BuildingSmooth_2_22934_1562_-2899_Body01|137.92|2269.8,-302.3;2268.4,-304.6;2275.3,-308.8;2276.7,-306.5
BuildingSmooth_2_22934_1562_-2899_Body01|137.92|2281.3,-309.3;2271.8,-311.4;2269.8,-302.3;2279.3,-300.2
BuildingSmooth_2_22934_1562_-2899_Body01|137.92|2281.3,-278.6;2274.3,-278.0;2274.3,-279.0;2281.2,-279.5
BuildingSmooth_2_22934_1562_-2899_Body01|137.92|2280.1,-292.8;2273.2,-292.2;2273.1,-293.2;2280.0,-293.8
BuildingSmooth_2_22934_1562_-2899_Body01|137.92|2281.3,-309.3;2279.9,-311.6;2275.3,-308.8;2276.7,-306.5
BuildingSourceSlice_fbx_1_-28528_1732_12398|135.72|-2850.9,1286.3;-2897.1,1225.3;-2854.6,1193.2;-2808.5,1254.3
BuildingSourceSlice_fbx_10_-21035_955_-7391|75.21|-2081.7,-739.2;-2104.4,-717.2;-2125.3,-738.9;-2102.6,-760.9
BuildingSourceSlice_orph_926_1040|71.95|938.0,1026.4;937.3,1028.0;959.2,1038.9;945.1,1069.8;911.2,1052.9;914.1,1046.9;902.5,1041.2;899.5,1047.1;891.0,1042.9;906.7,1011.1
BuildingSourceSlice_orph_988_-629|134.54|957.3,-626.9;1011.6,-649.2;1019.4,-630.2;965.1,-607.9
BuildingSourceSlice_fbx_11_18071_1672_2860|128.43|1778.7,285.7;1788.2,267.1;1824.7,282.0;1825.6,283.4;1814.9,309.5;1803.2,304.7;1804.4,302.0;1789.0,295.3;1787.7,298.4;1776.8,293.9;1780.0,286.3
BuildingSourceSlice_fbx_2_22069_1681_-8380|144.10|2182.8,-831.5;2200.0,-861.8;2231.0,-846.5;2212.5,-814.3
BuildingSourceSlice_fbx_9_-14349_1417_10528|118.20|-1450.0,1082.5;-1461.7,1051.1;-1461.0,1049.3;-1452.5,1034.1;-1424.7,1023.3;-1408.1,1066.9
BuildingSmooth_9_-14246_1985_11994_Body01|179.78|-1404.2,1179.4;-1397.5,1183.8;-1400.2,1188.0;-1406.9,1183.6
BuildingSmooth_9_-14246_1985_11994_Body01|179.78|-1424.4,1187.8;-1425.6,1185.2;-1424.7,1184.8;-1423.5,1187.4
BuildingSmooth_9_-14246_1985_11994_Body01|179.78|-1420.0,1199.4;-1428.4,1193.9;-1424.4,1187.8;-1416.0,1193.2
BuildingSmooth_9_-14246_1985_11994_Body01|179.78|-1407.2,1179.8;-1408.4,1177.2;-1424.7,1184.8;-1423.5,1187.4
BuildingSmooth_9_-14246_1985_11994_Body01|179.78|-1407.2,1179.8;-1415.5,1174.3;-1424.4,1187.8;-1416.0,1193.2
BuildingSmooth_9_-14246_1985_11994_Body01|179.78|-1407.2,1179.8;-1405.3,1181.0;-1417.0,1199.0;-1419.0,1197.7
BuildingSmooth_9_-14246_1985_11994_Body01|179.78|-1420.0,1199.4;-1418.1,1200.6;-1417.0,1199.0;-1419.0,1197.7
BuildingSmooth_9_-14246_1985_11994_Body01|179.78|-1417.0,1199.0;-1419.0,1197.7;-1407.2,1179.8;-1405.3,1181.0
BuildingSmooth_9_-14246_1985_11994_Body01|179.78|-1417.0,1199.0;-1414.1,1203.5;-1399.5,1194.0;-1402.4,1189.5
BuildingSmooth_9_-14246_1985_11994_Body01|179.78|-1407.3,1191.8;-1408.0,1185.9;-1407.0,1185.8;-1406.3,1191.7
BuildingSmooth_9_-14246_1985_11994_Body01|179.78|-1416.8,1187.9;-1416.9,1186.9;-1408.0,1185.9;-1407.9,1186.9
BuildingSmooth_9_-14246_1985_11994_Body01|179.78|-1417.0,1199.0;-1410.3,1203.4;-1400.2,1188.0;-1406.9,1183.6
BuildingSmooth_9_-14246_1985_11994_Body01|179.78|-1400.2,1188.0;-1397.3,1192.5;-1399.5,1194.0;-1402.4,1189.5
BuildingSmooth_9_-14246_1985_11994_Body01|179.78|-1417.2,1193.0;-1417.9,1187.0;-1416.9,1186.9;-1416.2,1192.9
BuildingSmooth_9_-14246_1985_11994_Body01|179.78|-1412.4,1191.4;-1412.8,1187.4;-1411.8,1187.3;-1411.4,1191.3
BuildingSmooth_9_-14246_1985_11994_Body01|179.78|-1416.5,1190.4;-1416.6,1189.4;-1407.7,1188.4;-1407.6,1189.4
BuildingSmooth_9_-14246_1985_11994_Body01|179.78|-1404.2,1179.4;-1406.1,1178.1;-1407.2,1179.8;-1405.3,1181.0
BuildingSmooth_9_-14246_1985_11994_Body01|179.78|-1416.2,1192.9;-1416.4,1191.9;-1407.4,1190.9;-1407.3,1191.8
BuildingSourceSlice_fbx_11_21400_1887_4674|175.94|2150.0,480.4;2129.5,482.2;2127.3,457.2;2133.4,456.7;2132.8,449.4;2144.2,449.4;2144.7,455.7;2147.8,455.4
BuildingSourceSlice_fbx_11_21562_1549_5255|105.51|2188.8,547.3;2128.6,553.8;2124.6,510.9;2126.8,509.9;2129.0,504.3;2133.6,502.1;2184.1,497.9
BuildingSourceSlice_fbx_9_-16752_1631_6946|117.52|-1654.6,704.4;-1687.8,713.6;-1695.8,684.8;-1662.6,675.6
BuildingSourceSlice_fbx_13_-18093_1776_15504|115.47|-1828.1,1563.3;-1830.1,1564.9;-1812.4,1588.2;-1812.7,1590.0;-1814.3,1590.3;-1852.6,1548.1;-1845.4,1542.3;-1845.9,1539.2;-1814.5,1514.7;-1814.5,1512.9;-1813.7,1512.2;-1812.1,1514.2;-1804.6,1508.1;-1773.1,1547.2;-1773.2,1562.2;-1806.2,1590.0
BuildingSourceSlice_orph_-1876_-266|89.93|-1839.3,-290.9;-1837.0,-245.0;-1912.5,-241.2;-1914.9,-287.0
BuildingSourceSlice_fbx_11_20198_1279_7051|97.77|1993.5,713.6;1995.5,682.8;2016.1,674.6;2021.4,674.6;2045.9,722.9;2017.6,736.8;2003.7,708.7
BuildingSmooth_4_-7109_1460_-14080_ResidualBody02|112.33|-697.7,-1419.2;-706.8,-1387.3;-707.8,-1387.6;-698.6,-1419.5
BuildingSmooth_4_-7109_1460_-14080_ResidualBody02|112.33|-670.3,-1441.9;-696.5,-1351.1;-758.1,-1368.8;-732.0,-1459.6
BuildingSmooth_4_-7109_1460_-14080_ResidualBody02|112.33|-703.1,-1404.0;-703.3,-1403.1;-723.6,-1408.9;-723.3,-1409.8
BuildingSmooth_4_-7109_1460_-14080_ResidualBody02|112.33|-707.5,-1388.6;-707.8,-1387.6;-728.0,-1393.4;-727.7,-1394.4
BuildingSmooth_4_-7109_1460_-14080_ResidualBody02|112.33|-708.5,-1421.3;-717.1,-1391.3;-718.1,-1391.6;-709.5,-1421.6
BuildingSmooth_4_-7109_1460_-14080_ResidualBody02|112.33|-698.6,-1419.5;-698.9,-1418.5;-719.1,-1424.3;-718.8,-1425.3
BuildingSmooth_4_-7109_1460_-14080_ResidualBody02|112.33|-718.8,-1425.3;-728.0,-1393.4;-729.0,-1393.7;-719.8,-1425.6
BuildingSourceSlice_fbx_1_-26536_1728_8053|134.61|-2651.2,766.0;-2639.1,765.1;-2629.8,769.8;-2607.3,800.4;-2667.7,845.5;-2699.9,801.9
BuildingSourceSlice_fbx_1_-26536_1728_8053|134.61|-2667.6,849.0;-2604.2,801.2;-2580.1,833.2;-2643.6,880.9
BuildingSourceSlice_fbx_6_13794_1633_-15515|143.60|1372.9,-1534.1;1363.1,-1561.2;1386.9,-1568.9;1395.7,-1541.4
BuildingSourceSlice_fbx_9_-5373_1473_10087|66.81|-480.5,1021.2;-592.6,1027.9;-594.1,993.8;-481.7,989.9
BuildingSourceSlice_orph_-1912_1395|127.65|-1887.6,1394.7;-1917.1,1418.6;-1935.8,1395.6;-1906.2,1371.7
BuildingSourceSlice_fbx_4_-12421_1213_-5442|64.93|-1235.2,-570.1;-1269.1,-539.0;-1281.6,-552.6;-1247.7,-583.7
BuildingSourceSlice_fbx_4_-12421_1213_-5442|64.93|-1223.6,-556.8;-1215.8,-548.2;-1250.0,-517.5;-1268.5,-537.9;-1232.5,-570.9;-1221.5,-558.8
BuildingSourceSlice_fbx_4_-12421_1213_-5442|64.93|-1213.0,-545.6;-1197.3,-528.7;-1212.2,-515.0;-1210.8,-513.4;-1229.7,-495.8;-1247.3,-514.7
BuildingSourceSlice_orph_2598_-901|117.96|2610.7,-913.5;2603.7,-883.6;2585.9,-887.8;2592.9,-917.7
BuildingSourceSlice_fbx_10_-21523_970_-7121|80.20|-2174.5,-715.8;-2154.3,-734.7;-2130.0,-708.5;-2150.2,-689.6
BuildingSourceSlice_orph_2314_-652|134.95|2287.6,-648.9;2297.2,-666.9;2299.8,-664.4;2311.5,-678.7;2341.7,-653.5;2316.0,-624.5;2286.3,-649.3
BuildingSmooth_9_-17762_1766_10565_ResidualBody02|128.53|-1787.8,1038.7;-1785.3,1034.0;-1777.0,1038.5;-1779.6,1043.2
BuildingSmooth_9_-17762_1766_10565_ResidualBody02|128.53|-1746.5,1061.1;-1735.8,1046.6;-1756.4,1031.4;-1767.1,1045.8
BuildingSmooth_9_-17762_1766_10565_ResidualBody02|128.53|-1764.2,1044.6;-1755.4,1057.1;-1756.2,1057.7;-1765.0,1045.2
BuildingSmooth_9_-17762_1766_10565_ResidualBody02|128.53|-1746.5,1061.1;-1770.6,1026.7;-1787.8,1038.7;-1763.7,1073.1
BuildingSmooth_9_-17762_1766_10565_ResidualBody02|128.53|-1765.0,1045.2;-1764.4,1046.0;-1771.0,1050.6;-1771.6,1049.8
BuildingSmooth_9_-17762_1766_10565_ResidualBody02|128.53|-1746.5,1061.1;-1744.0,1056.4;-1777.0,1038.5;-1779.6,1043.2
BuildingSmooth_9_-17762_1766_10565_ResidualBody02|128.53|-1771.6,1049.8;-1762.8,1062.3;-1763.6,1062.9;-1772.4,1050.3
BuildingSmooth_9_-17762_1766_10565_ResidualBody02|128.53|-1787.8,1038.7;-1787.9,1037.1;-1785.4,1037.0;-1785.3,1038.7
BuildingSmooth_9_-17762_1766_10565_ResidualBody02|128.53|-1756.8,1056.9;-1756.2,1057.7;-1762.8,1062.3;-1763.4,1061.5
BuildingSmooth_9_-17762_1766_10565_ResidualBody02|128.53|-1777.0,1038.5;-1777.0,1036.8;-1785.4,1037.0;-1785.3,1038.7
BuildingSmooth_9_-17762_1766_10565_ResidualBody02|128.53|-1777.0,1038.5;-1766.3,1024.0;-1756.4,1031.4;-1767.1,1045.8
BuildingSmooth_9_-17762_1766_10565_ResidualBody02|128.53|-1760.9,1051.0;-1760.3,1051.8;-1766.9,1056.4;-1767.5,1055.6
BuildingSmooth_9_-17762_1766_10565_ResidualBody02|128.53|-1767.3,1048.0;-1759.7,1058.9;-1760.5,1059.5;-1768.1,1048.6
BuildingSmooth_6_1367_1511_-14429_Body01|120.33|113.5,-1458.3;121.0,-1447.8;120.2,-1447.2;112.6,-1457.8
BuildingSmooth_6_1367_1511_-14429_Body01|120.33|126.1,-1452.6;126.7,-1451.8;121.0,-1447.8;120.5,-1448.6
BuildingSmooth_6_1367_1511_-14429_Body01|120.33|120.0,-1463.0;127.5,-1452.4;126.7,-1451.8;119.1,-1462.4
BuildingSmooth_6_1367_1511_-14429_Body01|120.33|117.3,-1459.9;123.7,-1450.9;122.9,-1450.3;116.5,-1459.3
BuildingSmooth_6_1367_1511_-14429_Body01|120.33|103.3,-1428.3;95.3,-1431.1;106.3,-1462.5;114.4,-1459.6
BuildingSmooth_6_1367_1511_-14429_Body01|120.33|118.4,-1471.2;110.4,-1474.0;106.3,-1462.5;114.4,-1459.6
BuildingSmooth_6_1367_1511_-14429_Body01|120.33|118.4,-1471.2;88.2,-1449.5;103.3,-1428.3;133.6,-1450.0
BuildingSmooth_6_1367_1511_-14429_Body01|120.33|119.1,-1462.4;119.7,-1461.6;114.0,-1457.5;113.5,-1458.3
BuildingSmooth_6_1367_1511_-14429_Body01|120.33|122.6,-1457.5;123.2,-1456.7;117.5,-1452.6;117.0,-1453.5
BuildingSourceSlice_fbx_4_-5404_1442_-9808|103.99|-504.6,-1014.6;-488.9,-1010.7;-495.6,-984.1;-535.9,-989.1;-534.9,-992.9;-565.3,-1001.0;-553.9,-1047.9;-516.8,-1039.0;-518.3,-1033.1;-501.0,-1028.9
BuildingSourceSlice_fbx_12_28500_1442_-12395|126.32|2835.8,-1258.3;2836.6,-1259.8;2838.3,-1259.7;2839.5,-1276.0;2868.4,-1273.8;2863.8,-1203.6;2831.7,-1205.3
BuildingSourceSlice_fbx_10_-21208_1057_-6787|80.80|-2145.8,-691.1;-2132.1,-704.2;-2095.8,-666.3;-2109.4,-653.2
BuildingSourceSlice_part_2026_-173|139.77|2039.9,-198.7;2050.7,-202.6;2060.8,-174.3;2051.5,-171.0;2057.5,-155.7;2010.3,-137.4;1992.9,-175.4;1995.2,-176.3;1990.2,-189.9;2037.2,-205.5;2036.7,-207.6
BuildingSourceSlice_orph_-411_-1534|120.51|-420.8,-1558.0;-392.0,-1553.1;-402.4,-1508.3;-430.5,-1516.0
BuildingSourceSlice_fbx_7_12511_1095_19648|93.21|1273.5,1968.5;1250.7,1987.6;1228.6,1961.1;1251.5,1942.1
BuildingSourceSlice_orph_-2608_-587|100.71|-2583.1,-583.9;-2595.0,-568.0;-2632.5,-588.3;-2620.9,-605.4
BuildingSourceSlice_orph_1625_-1562|144.84|1675.7,-1474.1;1670.9,-1468.3;1573.2,-1545.3;1665.0,-1662.6;1673.5,-1656.3;1671.8,-1657.0;1584.3,-1546.1
BuildingSourceSlice_fbx_7_10195_1704_19512|103.28|1051.4,1994.9;1009.2,2003.8;1008.0,2002.7;988.2,1908.3;1030.5,1898.0
BuildingSourceSlice_fbx_5_3681_889_8933|69.19|351.7,863.3;366.4,866.6;345.8,917.9;331.5,912.2
BuildingSourceSlice_fbx_5_3681_889_8933|69.19|350.1,913.7;368.0,866.7;386.2,871.2;366.0,920.1
BuildingSmooth_6_8551_2062_-12307_Body01|203.34|851.8,-1207.5;877.6,-1236.2;878.3,-1235.5;852.6,-1206.8
BuildingSmooth_6_8551_2062_-12307_Body01|203.34|830.2,-1226.9;830.9,-1227.6;852.5,-1208.2;851.8,-1207.5
BuildingSmooth_6_8551_2062_-12307_Body01|203.34|841.3,-1218.3;865.7,-1245.5;866.5,-1244.8;842.1,-1217.6
BuildingSmooth_6_8551_2062_-12307_Body01|203.34|786.1,-1220.3;859.8,-1302.4;924.8,-1244.2;851.1,-1162.0
BuildingSmooth_6_8551_2062_-12307_Body01|203.34|842.8,-1240.9;843.4,-1241.6;865.1,-1222.2;864.4,-1221.5
BuildingSmooth_6_8551_2062_-12307_Body01|203.34|829.5,-1227.6;855.2,-1256.3;856.0,-1255.6;830.2,-1226.9
BuildingSmooth_6_8551_2062_-12307_Body01|203.34|855.3,-1254.8;856.0,-1255.6;877.6,-1236.2;876.9,-1235.4
BuildingSourceSlice_fbx_10_-20790_966_-7130|76.16|-2054.0,-711.0;-2078.0,-688.0;-2103.9,-715.1;-2100.5,-718.3;-2088.1,-724.2;-2082.9,-735.1;-2079.9,-738.0
BuildingSourceSlice_fbx_1_-23452_1931_9574|141.49|-2315.5,974.3;-2355.8,923.3;-2328.6,901.8;-2287.5,951.7
BuildingSourceSlice_fbx_1_-23452_1931_9574|141.49|-2358.8,924.7;-2316.8,978.7;-2331.6,990.2;-2373.6,936.2
BuildingSourceSlice_fbx_1_-23452_1931_9574|141.49|-2349.7,1003.4;-2390.9,950.5;-2373.3,936.8;-2332.1,989.6
BuildingSourceSlice_orph_1146_-1417|129.23|1185.8,-1431.1;1127.5,-1412.2;1137.6,-1381.4;1131.7,-1379.5;1119.7,-1417.7;1117.8,-1417.7;1183.4,-1438.4
BuildingSourceSlice_orph_-2_-108|68.08|-87.0,-121.9;-70.6,-129.1;-72.9,-134.4;-49.3,-144.2;-51.7,-149.7;-31.9,-158.1;-29.5,-152.4;62.7,-190.6;75.4,-162.2;-17.7,-123.6;47.1,27.9;24.2,24.6;-37.1,-115.6;-77.0,-99.1
BuildingSourceSlice_orph_1866_-525|145.38|1848.6,-553.2;1864.0,-543.4;1870.6,-543.9;1894.8,-530.6;1886.3,-529.3;1883.0,-522.9;1875.6,-519.3;1866.6,-501.1;1831.7,-518.9
BuildingSourceSlice_orph_1866_-525|145.38|1839.2,-469.8;1982.1,-499.9;1978.5,-518.0;1985.6,-499.0
BuildingSourceSlice_orph_2679_-1197|122.62|2655.2,-1201.0;2689.7,-1213.1;2697.9,-1189.9;2673.5,-1181.3
BuildingSourceSlice_fbx_5_4877_1183_2778|70.05|463.2,320.4;436.5,269.1;437.5,263.8;511.5,233.2;520.0,237.3;539.0,282.4;536.1,291.9;471.5,322.4
BuildingSourceSlice_fbx_3_-2057_1259_19853|73.40|-243.4,1963.4;-228.2,1967.8;-224.5,1953.6;-223.0,1952.6;-141.3,1973.9;-141.3,2017.9;-225.8,1996.9;-225.8,1998.0;-271.6,1985.3;-269.8,1956.4;-243.1,1962.3
BuildingSourceSlice_orph_1486_-341|133.17|1454.6,-343.6;1458.8,-334.6;1527.4,-364.9;1538.5,-340.5;1402.3,-319.9
BuildingSourceSlice_orph_2714_-777|117.28|2707.5,-759.6;2707.1,-794.3;2719.5,-794.4;2720.0,-759.8
BuildingSourceSlice_orph_716_190|76.41|731.6,205.5;716.5,211.7;701.3,174.6;716.4,168.4
BuildingSourceSlice_fbx_7_11802_1083_16731|83.77|1207.4,1664.3;1165.7,1697.3;1153.4,1682.5;1194.2,1648.5
BuildingSourceSlice_fbx_7_11802_1083_16731|83.77|1208.1,1666.0;1214.9,1674.1;1214.7,1688.5;1195.1,1704.9;1167.5,1705.1;1163.7,1701.2
BuildingSourceSlice_fbx_7_20690_1035_22503|80.59|2084.8,2251.7;2091.1,2257.8;2074.9,2273.8;2046.9,2246.0;2066.2,2226.6;2087.9,2248.3
BuildingSmooth_4_-3198_1740_-13442_Residual_18f658e7_Body01|122.34|-325.2,-1368.5;-323.0,-1361.2;-323.9,-1360.9;-326.2,-1368.2
BuildingSmooth_4_-3198_1740_-13442_Residual_18f658e7_Body01|122.34|-319.9,-1366.6;-319.6,-1365.7;-323.9,-1364.4;-324.2,-1365.3
BuildingSmooth_4_-3198_1740_-13442_Residual_18f658e7_Body01|122.34|-330.3,-1374.1;-325.7,-1380.4;-316.6,-1373.8;-321.2,-1367.5
BuildingSmooth_4_-3198_1740_-13442_Residual_18f658e7_Body01|122.34|-322.3,-1368.4;-320.6,-1362.9;-321.6,-1362.6;-323.2,-1368.1
BuildingSmooth_4_-3198_1740_-13442_Residual_18f658e7_Body01|122.34|-312.8,-1361.3;-308.2,-1367.6;-316.6,-1373.8;-321.2,-1367.5
BuildingSmooth_4_-3198_1740_-13442_Residual_18f658e7_Body01|122.34|-312.8,-1361.3;-317.9,-1377.9;-330.3,-1374.1;-325.2,-1357.5
BuildingSmooth_4_-3198_1740_-13442_Residual_18f658e7_Body01|122.34|-316.6,-1373.8;-316.6,-1375.1;-326.2,-1375.4;-326.2,-1374.0
BuildingSmooth_4_-3198_1740_-13442_Residual_18f658e7_Body01|122.34|-330.3,-1374.1;-330.3,-1375.5;-326.2,-1375.4;-326.2,-1374.0
BuildingSmooth_4_-3198_1740_-13442_Residual_18f658e7_Body01|122.34|-318.9,-1363.5;-318.6,-1362.5;-323.0,-1361.2;-323.3,-1362.1
BuildingSmooth_4_-3198_1740_-13442_Residual_18f658e7_Body01|122.34|-320.0,-1370.1;-317.7,-1362.8;-318.6,-1362.5;-320.9,-1369.8
BuildingSmooth_4_-3198_1740_-13442_Residual_18f658e7_Body01|122.34|-320.9,-1369.8;-320.6,-1368.9;-324.9,-1367.6;-325.2,-1368.5
BuildingSourceSlice_fbx_15_-25490_778_-22204|58.98|-2516.2,-2242.7;-2521.2,-2238.5;-2514.2,-2229.7;-2510.8,-2210.5;-2507.9,-2211.6;-2501.6,-2177.3;-2534.4,-2154.3;-2536.0,-2154.6;-2596.2,-2226.8;-2524.1,-2286.5
BuildingSourceSlice_fbx_4_-9161_1334_-18220|98.15|-953.2,-1795.2;-941.4,-1827.7;-946.9,-1829.8;-933.5,-1866.6;-878.9,-1846.7;-904.2,-1777.4
BuildingSourceSlice_orph_1773_457|122.03|1758.3,468.3;1771.1,437.8;1787.6,444.8;1774.7,475.2
BuildingSourceSlice_fbx_2_25859_1313_-9660|118.92|2573.1,-950.5;2574.9,-958.0;2576.0,-957.7;2581.4,-985.6;2598.7,-981.6;2590.7,-946.5
BuildingSourceSlice_orph_1123_1750|84.42|1111.3,1739.4;1127.1,1730.5;1140.9,1753.5;1142.4,1752.6;1115.2,1771.2;1107.2,1743.8;1111.9,1740.7
BuildingSourceSlice_orph_348_-1035|113.61|346.5,-1038.0;343.9,-1045.1;374.4,-1056.5;377.3,-1048.6;355.9,-1041.3;344.8,-1028.1;341.9,-1013.2;336.1,-1008.3;327.0,-1033.0
BuildingSmooth_5_10646_1887_8417_Body01|182.39|1073.3,844.5;1072.4,844.8;1068.2,832.2;1069.2,831.9
BuildingSmooth_5_10646_1887_8417_Body01|182.39|1058.0,849.5;1057.1,849.8;1052.9,837.2;1053.9,836.9
BuildingSmooth_5_10646_1887_8417_Body01|182.39|1090.6,850.8;1046.2,865.3;1034.5,829.6;1078.9,815.1
BuildingSmooth_5_10646_1887_8417_Body01|182.39|1065.7,847.0;1064.7,847.3;1060.6,834.7;1061.5,834.4
BuildingSmooth_5_10646_1887_8417_Body01|182.39|1073.6,845.4;1057.4,850.8;1057.1,849.8;1073.3,844.5
BuildingSmooth_5_10646_1887_8417_Body01|182.39|1070.5,839.0;1056.1,843.7;1055.8,842.7;1070.2,838.0
BuildingSmooth_5_10646_1887_8417_Body01|182.39|1069.2,831.9;1052.9,837.2;1052.6,836.2;1068.9,830.9
BuildingSourceSlice_fbx_10_-26418_1315_-3791|111.03|-2659.9,-369.0;-2642.1,-399.8;-2624.2,-388.4;-2629.9,-380.9;-2628.7,-380.3;-2641.5,-358.3
BuildingSourceSlice_fbx_15_-15912_906_-19880|71.48|-1560.5,-1986.5;-1582.3,-1980.9;-1613.0,-1973.2;-1621.9,-1988.6;-1619.9,-1989.1;-1565.5,-2002.8
BuildingSmooth_11_20326_1671_-1079_Body01|138.35|2044.2,-114.2;2026.6,-110.1;2024.2,-120.6;2041.8,-124.6
BuildingSmooth_11_20326_1671_-1079_Body01|138.35|2035.2,-115.4;2034.2,-115.1;2033.2,-119.4;2034.2,-119.6
BuildingSmooth_11_20326_1671_-1079_Body01|138.35|2039.8,-115.4;2030.1,-113.2;2029.8,-114.1;2039.6,-116.4
BuildingSmooth_11_20326_1671_-1079_Body01|138.35|2038.6,-120.6;2028.9,-118.4;2028.6,-119.4;2038.4,-121.6
BuildingSmooth_11_20326_1671_-1079_Body01|138.35|2030.8,-114.4;2029.8,-114.1;2028.9,-118.4;2029.8,-118.6
BuildingSmooth_11_20326_1671_-1079_Body01|138.35|2039.6,-116.4;2038.6,-116.2;2037.6,-120.4;2038.6,-120.6
BuildingSmooth_11_20326_1671_-1079_Body01|138.35|2038.2,-117.8;2030.4,-116.0;2030.2,-117.0;2038.0,-118.8
BuildingSourceSlice_fbx_11_19717_1224_6735|102.37|1951.5,665.4;1989.3,660.6;1992.0,682.1;1954.3,686.8
BuildingSourceSlice_orph_-1655_-654|65.63|-1653.0,-675.8;-1652.1,-674.9;-1648.3,-678.9;-1647.3,-678.0;-1639.0,-688.6;-1626.9,-677.0;-1630.7,-673.0;-1624.5,-673.5;-1623.4,-666.8;-1637.3,-650.5;-1668.5,-619.3;-1688.2,-638.2
BuildingSourceSlice_fbx_13_-11212_1423_20372|85.93|-1115.4,2003.8;-1096.1,2014.8;-1095.3,2013.1;-1072.3,2023.7;-1095.0,2072.6;-1169.9,2037.5;-1155.3,2006.2;-1131.4,2016.6;-1124.7,2002.5;-1116.8,2005.4
BuildingSourceSlice_orph_-724_2570|68.65|-769.8,2540.9;-722.1,2549.0;-721.4,2550.6;-671.4,2558.3;-678.1,2597.7;-732.8,2590.0;-732.5,2588.7;-776.6,2580.8
BuildingSourceSlice_fbx_9_-13310_1415_11640|109.63|-1277.0,1110.1;-1258.4,1187.1;-1385.3,1217.8;-1403.9,1140.7
BuildingSourceSlice_fbx_9_-18774_1477_12612|129.06|-1888.9,1283.7;-1895.7,1289.0;-1909.2,1271.9;-1902.5,1266.5;-1906.1,1262.0;-1896.6,1254.3;-1895.5,1255.7;-1879.3,1240.3;-1868.3,1231.9;-1845.6,1260.5;-1884.3,1289.4
BuildingSourceSlice_orph_-2103_-784|74.20|-2085.0,-788.3;-2107.8,-766.8;-2120.2,-780.0;-2097.4,-801.5
BuildingSourceSlice_orph_460_2663|128.06|437.2,2652.0;438.2,2652.0;437.4,2637.9;485.5,2643.0;481.8,2688.0;435.0,2684.9
BuildingSourceSlice_orph_1459_299|121.49|1459.8,333.8;1433.6,322.9;1458.9,262.7;1466.7,269.5;1476.5,273.5;1485.0,273.7
BuildingSmooth_5_2509_2220_11853_Body01|215.45|230.7,1194.7;240.0,1162.9;241.0,1163.2;231.6,1195.0
BuildingSmooth_5_2509_2220_11853_Body01|215.45|200.8,1216.6;227.4,1125.9;296.4,1146.2;269.8,1236.8
BuildingSmooth_5_2509_2220_11853_Body01|215.45|240.7,1164.2;241.0,1163.2;263.8,1169.9;263.5,1170.9
BuildingSmooth_5_2509_2220_11853_Body01|215.45|254.5,1201.7;263.8,1169.9;264.8,1170.2;255.4,1202.0
BuildingSmooth_5_2509_2220_11853_Body01|215.45|231.6,1195.0;231.9,1194.1;254.8,1200.8;254.5,1201.7
BuildingSmooth_5_2509_2220_11853_Body01|215.45|242.9,1197.3;251.6,1167.4;252.6,1167.7;243.8,1197.6
BuildingSmooth_5_2509_2220_11853_Body01|215.45|236.2,1179.6;236.5,1178.6;259.3,1185.4;259.0,1186.3
BuildingSourceSlice_orph_1554_-357|131.32|1528.8,-363.1;1558.4,-376.6;1584.6,-347.5;1538.8,-341.0
BuildingSourceSlice_orph_-1376_2258|100.61|-1368.1,2274.9;-1386.1,2274.8;-1383.5,2240.7;-1367.2,2241.0
BuildingSourceSlice_fbx_10_-21697_972_-8110|77.16|-2169.5,-791.3;-2189.3,-812.2;-2170.0,-830.6;-2150.1,-809.8
BuildingSourceSlice_fbx_10_-18887_964_-11220|65.11|-1912.6,-1113.0;-1880.7,-1146.8;-1864.9,-1132.6;-1868.7,-1128.6;-1867.3,-1127.2;-1894.9,-1097.3
BuildingSourceSlice_fbx_9_-17928_1598_12025|126.27|-1815.4,1235.4;-1814.0,1233.3;-1834.1,1206.3;-1781.2,1164.5;-1761.8,1189.3;-1772.4,1198.4;-1765.6,1198.0;-1769.1,1207.2;-1766.5,1206.2;-1766.3,1208.0;-1811.1,1241.6
BuildingSourceSlice_orph_-2875_728|130.38|-2921.8,751.0;-2837.8,692.6;-2829.2,705.0;-2913.1,763.4
BuildingSourceSlice_fbx_7_19980_1037_20893|80.15|2028.5,2086.0;1994.6,2122.3;1969.7,2096.4;1979.4,2085.6;1978.5,2084.7;2005.4,2056.3
BuildingSourceSlice_fbx_7_19980_1037_20893|80.15|1993.8,2125.4;1997.4,2121.1;2028.2,2088.4;2035.9,2100.1;2036.0,2116.5;2024.0,2129.8;2007.0,2129.7;1999.4,2122.9;1995.6,2127.1
BuildingSourceSlice_orph_-2255_1427|139.27|-2266.2,1418.6;-2269.7,1414.1;-2259.2,1406.1;-2255.8,1410.5;-2252.4,1407.8;-2233.5,1431.7;-2255.9,1449.2;-2274.9,1425.3
BuildingSourceSlice_fbx_9_-9718_1254_8444|89.94|-999.1,827.1;-950.9,819.9;-944.6,861.5;-990.6,867.9
BuildingSourceSlice_orph_369_-179|74.34|345.2,-173.6;356.5,-195.8;384.0,-199.0;395.9,-190.5;378.2,-163.1;355.4,-153.2
BuildingSourceSlice_orph_-183_1222|71.56|-186.3,1146.4;-186.3,1144.1;-176.9,1140.6;-176.8,1142.1;-167.0,1143.0;-138.7,1135.3;-137.9,1302.4;-210.9,1300.0;-211.1,1288.6;-214.2,1288.4;-214.7,1291.4;-230.4,1290.5;-230.4,1296.8;-215.5,1296.0;-216.2,1299.9;-233.9,1299.5;-234.0,1297.3;-231.2,1297.0;-227.3,1146.2
BuildingSourceSlice_fbx_4_-11342_1207_-17469|89.65|-1124.5,-1736.2;-1130.6,-1718.1;-1133.8,-1719.1;-1140.9,-1699.2;-1160.7,-1727.5;-1135.8,-1794.5;-1107.6,-1786.4;-1113.3,-1769.6;-1111.3,-1768.9;-1123.1,-1735.7
BuildingSourceSlice_orph_-896_2217|69.85|-879.1,2217.0;-885.8,2230.4;-913.9,2216.3;-907.2,2202.9
BuildingSourceSlice_fbx_4_-2978_1173_-8711|90.52|-326.9,-898.3;-261.2,-869.4;-273.1,-843.9;-334.4,-862.8
BuildingSourceSlice_fbx_5_3203_1049_8881|71.59|290.0,902.4;291.8,900.7;305.7,867.2;323.3,858.5;347.6,864.5;348.1,863.5;350.8,864.2;328.1,918.3
BuildingSourceSlice_fbx_5_3203_1049_8881|71.59|331.5,912.3;351.6,863.2;358.3,864.7;358.3,886.9;345.9,917.9
BuildingSourceSlice_orph_2744_-681|116.98|2737.8,-698.1;2737.9,-692.8;2767.2,-693.4;2767.7,-666.8;2723.2,-665.9;2723.2,-697.8
BuildingSourceSlice_orph_2659_-893|117.80|2634.7,-881.8;2641.6,-912.8;2683.5,-903.4;2676.5,-872.4
BuildingSourceSlice_fbx_10_-14845_1302_-5028|67.05|-1489.5,-468.9;-1517.6,-495.1;-1479.6,-535.9;-1451.4,-509.7
BuildingSourceSlice_fbx_9_-18448_1933_9277|134.96|-1824.6,890.9;-1807.5,957.6;-1864.2,971.2;-1882.1,902.0;-1844.9,890.9
BuildingSourceSlice_orph_905_1513|82.99|856.9,1530.6;858.2,1514.9;882.7,1491.0;880.5,1485.1;958.5,1456.9;972.1,1488.9;970.9,1486.7;908.4,1525.6;918.8,1552.1;909.5,1555.7;911.2,1560.5;896.3,1565.8;894.5,1560.7;887.7,1566.7;887.2,1565.4;875.9,1571.0;876.2,1572.1;870.2,1561.7;867.3,1564.1;866.7,1562.3;861.9,1564.1;850.6,1533.1;856.9,1530.9
BuildingSourceSlice_fbx_7_19115_1080_21881|81.64|1915.9,2160.6;1938.0,2182.2;1906.7,2215.6;1885.0,2193.7
BuildingSourceSlice_fbx_7_16421_3031_19328|77.30|1559.9,1919.6;1670.5,1810.4;1779.8,1921.0;1669.3,2030.2
BuildingSourceSlice_fbx_1_-26766_1595_9751|133.57|-2679.2,951.0;-2669.6,963.1;-2671.9,965.0;-2655.5,987.2;-2671.9,999.3;-2697.7,965.6
BuildingSourceSlice_fbx_9_-10612_1265_820|71.69|-1050.2,15.9;-1048.9,17.1;-1031.8,15.1;-1008.4,34.1;-1008.6,59.6;-1031.8,68.5
BuildingSourceSlice_fbx_9_-10612_1265_820|71.69|-1050.4,17.3;-1030.3,75.2;-1036.8,77.6;-1016.0,137.3;-1041.4,146.6;-1044.6,137.9;-1062.1,144.4;-1106.4,24.2
BuildingSourceSlice_fbx_5_8909_1427_11680|72.93|853.8,1194.8;850.3,1186.3;877.1,1130.1;888.5,1135.8;892.5,1127.5;910.8,1136.5;918.0,1122.6;929.1,1128.1;929.4,1133.6;920.6,1151.7;921.9,1152.3;891.4,1213.5
BuildingSourceSlice_fbx_5_8909_1427_11680|72.93|916.1,1170.9;926.8,1176.0;927.0,1187.3;923.1,1195.8;929.3,1199.4;929.4,1211.5;925.0,1220.4;918.7,1220.8;916.6,1216.1;914.0,1220.7;909.2,1221.0;894.2,1214.5
BuildingSourceSlice_fbx_6_10082_2252_-10748|131.74|1003.4,-1090.8;990.6,-1085.9;984.3,-1085.9;982.0,-1091.4;974.9,-1088.6;957.8,-1132.2;1004.1,-1150.3;1027.6,-1090.4;1028.9,-1091.0;1029.7,-1088.8;1027.6,-1086.9;1003.9,-1089.3
BuildingSourceSlice_fbx_6_10082_2252_-10748|131.74|1004.3,-1081.3;1020.9,-1081.3;1035.2,-1077.8;1059.1,-1016.8;1010.7,-997.9;981.6,-1072.5
BuildingSourceSlice_part_-1278_-584|65.16|-1308.6,-580.8;-1272.3,-614.1;-1247.7,-587.2;-1284.0,-553.9
BuildingSourceSlice_fbx_8_704_1276_33985|96.87|89.3,3418.5;90.5,3433.0;49.4,3436.6;52.1,3419.1;48.4,3403.8;51.8,3391.1;50.2,3360.5;86.0,3361.5;92.4,3403.4
BuildingSourceSlice_orph_1944_2037|79.83|1926.7,2034.7;1932.3,2029.0;1929.9,2026.4;1937.0,2019.2;1962.6,2044.1;1952.2,2054.7;1937.2,2040.0;1934.0,2043.3;1926.9,2036.4
BuildingSourceSlice_fbx_5_9346_1049_2005|82.78|936.4,178.9;953.2,211.3;932.8,221.9;915.9,189.6
BuildingSmooth_13_-21021_1705_16847_Residual_62e52072_Body02|132.61|-2115.7,1670.4;-2111.0,1656.4;-2101.4,1659.6;-2106.0,1673.6
BuildingSmooth_13_-21021_1705_16847_Residual_62e52072_Body02|132.61|-2095.4,1679.1;-2109.6,1679.1;-2109.6,1678.1;-2095.4,1678.1
BuildingSmooth_13_-21021_1705_16847_Residual_62e52072_Body02|132.61|-2101.4,1659.6;-2099.2,1657.8;-2097.8,1659.6;-2099.9,1661.3
BuildingSmooth_13_-21021_1705_16847_Residual_62e52072_Body02|132.61|-2108.6,1678.1;-2109.6,1678.1;-2109.6,1674.1;-2108.6,1674.1
BuildingSmooth_13_-21021_1705_16847_Residual_62e52072_Body02|132.61|-2095.4,1678.1;-2096.4,1678.1;-2096.5,1674.1;-2095.5,1674.1
BuildingSmooth_13_-21021_1705_16847_Residual_62e52072_Body02|132.61|-2096.4,1676.6;-2108.6,1676.6;-2108.6,1675.6;-2096.4,1675.6
BuildingSmooth_13_-21021_1705_16847_Residual_62e52072_Body02|132.61|-2095.5,1674.1;-2109.6,1674.1;-2109.6,1673.1;-2095.5,1673.1
BuildingSmooth_13_-21021_1705_16847_Residual_62e52072_Body02|132.61|-2097.8,1659.6;-2096.1,1658.5;-2083.4,1677.5;-2085.0,1678.6
BuildingSmooth_13_-21021_1705_16847_Residual_62e52072_Body02|132.61|-2083.4,1681.1;-2083.4,1670.3;-2115.7,1670.4;-2115.6,1681.1
BuildingSmooth_13_-21021_1705_16847_Residual_62e52072_Body02|132.61|-2083.4,1681.1;-2081.3,1679.3;-2097.8,1659.6;-2099.9,1661.3
BuildingSmooth_13_-21021_1705_16847_Residual_62e52072_Body02|132.61|-2083.4,1681.1;-2078.7,1667.1;-2101.4,1659.6;-2106.0,1673.6
BuildingSmooth_13_-21021_1705_16847_Residual_62e52072_Body02|132.61|-2102.0,1678.1;-2103.0,1678.1;-2103.0,1674.1;-2102.0,1674.1
BuildingSmooth_13_-21021_1705_16847_Residual_62e52072_Body02|132.61|-2083.4,1681.1;-2081.7,1679.9;-2083.4,1677.5;-2085.0,1678.6
BuildingSourceSlice_fbx_4_-404_1462_-17558|112.56|-20.9,-1666.2;-20.4,-1671.3;-72.6,-1669.5;-75.5,-1758.1;-9.1,-1760.2;-5.3,-1666.6
BuildingSourceSlice_fbx_11_16376_1494_5803|120.68|1615.3,599.8;1624.5,586.5;1619.2,582.9;1620.0,581.5;1640.9,551.3;1659.9,564.4;1629.0,609.2
BuildingSourceSlice_fbx_15_-20001_911_-15204|61.16|-1960.7,-1553.0;-2010.6,-1471.4;-2039.6,-1489.7;-2014.8,-1530.0;-2012.2,-1528.4;-1986.7,-1569.4
BuildingSourceSlice_fbx_12_28102_1488_-15035|135.66|2774.2,-1502.1;2775.6,-1501.6;2788.1,-1539.9;2849.5,-1520.1;2832.3,-1467.1;2769.4,-1488.0
BuildingSmooth_2_26617_1241_-10499_Body01|120.30|2656.2,-1063.4;2673.4,-1058.6;2673.1,-1057.6;2655.9,-1062.4
BuildingSmooth_2_26617_1241_-10499_Body01|120.30|2655.9,-1062.4;2656.9,-1062.2;2652.8,-1047.6;2651.9,-1047.9
BuildingSmooth_2_26617_1241_-10499_Body01|120.30|2672.1,-1057.9;2673.1,-1057.6;2669.0,-1043.1;2668.0,-1043.4
BuildingSmooth_2_26617_1241_-10499_Body01|120.30|2645.6,-1081.4;2693.2,-1068.0;2680.6,-1023.1;2633.0,-1036.5
BuildingSmooth_2_26617_1241_-10499_Body01|120.30|2651.9,-1047.9;2669.0,-1043.1;2668.7,-1042.1;2651.6,-1046.9
BuildingSmooth_2_26617_1241_-10499_Body01|120.30|2655.0,-1055.4;2670.2,-1051.1;2669.9,-1050.1;2654.7,-1054.4
BuildingSmooth_2_26617_1241_-10499_Body01|120.30|2664.0,-1060.2;2665.0,-1059.9;2660.9,-1045.4;2659.9,-1045.6
BuildingSourceSlice_orph_2359_-2201|145.90|2347.8,-2271.1;2359.4,-2271.5;2363.5,-2207.7;2370.9,-2201.3;2375.4,-2188.8;2387.8,-2177.5;2403.4,-2173.8;2418.5,-2177.7;2430.9,-2186.8;2437.2,-2197.9;2437.2,-2205.5;2444.8,-2214.0;2453.6,-2208.3;2409.2,-2162.7;2394.4,-2144.1;2371.6,-2164.1;2326.0,-2160.6;2320.7,-2237.0
BuildingSourceSlice_fbx_13_-19974_1891_16054|128.88|-1992.7,1545.3;-1981.1,1547.7;-1928.9,1591.0;-2004.5,1652.5;-2010.6,1658.6;-2010.0,1659.3;-2017.4,1665.5;-2067.9,1604.7;-2002.2,1548.9
BuildingSourceSlice_orph_1253_658|96.06|1188.0,626.9;1196.6,612.1;1317.1,680.2;1306.7,702.2;1212.0,648.0;1215.4,649.0;1216.3,646.8;1186.5,629.3;1186.6,625.8
BuildingSourceSlice_fbx_7_19949_1063_19434|79.94|1969.9,1951.6;1990.4,1934.4;2009.7,1921.1;2021.1,1935.3;1980.9,1967.0
BuildingSourceSlice_fbx_5_11307_1128_4616|91.39|1165.5,475.6;1103.0,492.7;1095.9,487.2;1100.2,445.1;1153.1,430.5
BuildingSourceSlice_fbx_5_8717_1008_2334|80.95|844.4,224.1;881.2,206.1;899.1,242.8;862.3,260.7
BuildingSourceSlice_orph_605_-1092|127.40|572.2,-1097.8;578.4,-1112.8;594.8,-1122.5;607.8,-1119.7;622.5,-1112.2;634.6,-1095.5;634.7,-1080.9;631.3,-1068.0;612.7,-1060.9;588.5,-1069.1;578.6,-1082.1
BuildingSourceSlice_fbx_13_-19079_2050_16561|121.06|-1914.6,1599.1;-1909.8,1595.3;-1903.8,1596.2;-1894.1,1606.8;-1893.4,1606.2;-1850.3,1655.2;-1853.5,1683.5;-1895.2,1717.6;-1965.5,1635.4;-1917.5,1595.9
BuildingSourceSlice_fbx_2_21571_1641_-5546|144.27|2170.7,-537.9;2151.8,-531.7;2143.5,-567.9;2155.2,-577.3;2163.5,-566.0
BuildingSmooth_10_-27244_3178_-1824_Body01|309.66|-2723.7,-192.7;-2730.5,-179.0;-2731.4,-179.5;-2724.6,-193.2
BuildingSmooth_10_-27244_3178_-1824_Body01|309.66|-2720.2,-175.0;-2720.7,-174.1;-2730.5,-179.0;-2730.1,-179.9
BuildingSmooth_10_-27244_3178_-1824_Body01|309.66|-2718.8,-189.2;-2724.7,-177.3;-2725.6,-177.7;-2719.7,-189.6
BuildingSmooth_10_-27244_3178_-1824_Body01|309.66|-2717.0,-181.4;-2717.5,-180.5;-2727.3,-185.4;-2726.9,-186.3
BuildingSmooth_10_-27244_3178_-1824_Body01|309.66|-2713.0,-187.4;-2719.8,-173.7;-2720.7,-174.1;-2713.9,-187.8
BuildingSmooth_10_-27244_3178_-1824_Body01|309.66|-2713.9,-187.8;-2714.3,-186.9;-2724.2,-191.8;-2723.7,-192.7
BuildingSmooth_10_-27244_3178_-1824_Body01|309.66|-2702.6,-196.0;-2720.6,-159.6;-2743.1,-170.7;-2725.0,-207.1
BuildingSourceSlice_orph_3206_-1124|132.39|3193.4,-1141.0;3218.5,-1137.9;3234.7,-1133.9;3234.0,-1117.1;3226.9,-1105.1;3179.5,-1111.1;3183.0,-1127.6;3174.3,-1127.1;3175.7,-1138.2;3190.8,-1138.6;3190.9,-1139.7;3193.2,-1139.7
BuildingSourceSlice_part_429_-1256|124.95|404.8,-1243.6;410.7,-1279.3;453.3,-1271.6;443.9,-1231.0;425.9,-1234.3;424.1,-1235.3;424.9,-1240.3
BuildingSourceSlice_fbx_1_-27243_1513_10941|134.78|-2706.5,1093.4;-2732.5,1113.6;-2742.1,1101.3;-2736.2,1096.6;-2741.0,1090.1;-2721.0,1074.6
BuildingSourceSlice_orph_-1920_1198|133.34|-1927.8,1173.9;-1899.1,1212.9;-1911.1,1222.5;-1940.8,1184.2
BuildingSourceSlice_fbx_4_-6877_1512_-18411|103.10|-741.5,-1870.8;-690.4,-1860.0;-701.7,-1806.4;-752.8,-1817.2
BuildingSourceSlice_orph_550_-1132|127.70|564.7,-1141.8;568.9,-1131.1;538.1,-1119.4;531.8,-1135.8
BuildingSourceSlice_fbx_9_-7450_884_10973|80.92|-719.5,1085.6;-719.1,1107.9;-770.4,1109.1;-770.9,1086.8
BuildingSourceSlice_fbx_16_5831_1041_-1317|75.92|595.6,-156.2;602.1,-143.2;594.7,-132.7;601.3,-128.0;585.7,-106.2;564.1,-121.4;590.1,-156.0
BuildingSourceSlice_fbx_5_7837_949_11540|75.38|785.8,1170.9;767.5,1162.8;781.7,1137.0;800.0,1145.1
BuildingSourceSlice_orph_-449_497|59.21|-446.8,478.8;-432.5,504.0;-452.1,515.2;-466.5,490.0
BuildingSourceSlice_fbx_4_-5271_1505_-10159|113.29|-504.6,-1014.5;-488.8,-1010.6;-495.5,-984.0;-535.9,-989.1;-535.0,-992.9;-565.4,-1001.0;-553.8,-1047.9;-516.9,-1039.0;-517.9,-1033.0;-501.0,-1028.9
BuildingSourceSlice_fbx_4_-6168_1506_-15314|113.71|-667.3,-1505.8;-649.8,-1577.3;-566.3,-1556.9;-583.8,-1485.3
BuildingSourceSlice_fbx_10_-16347_1091_-3207|81.71|-1649.2,-339.8;-1622.2,-341.2;-1620.2,-301.6;-1647.2,-300.2
BuildingSmooth_7_18207_865_20154_Body01|78.97|1837.3,2022.9;1834.2,2009.2;1835.1,2009.0;1838.3,2022.6
BuildingSmooth_7_18207_865_20154_Body01|78.97|1834.4,2023.5;1834.2,2022.6;1837.1,2021.9;1837.3,2022.9
BuildingSmooth_7_18207_865_20154_Body01|78.97|1841.2,2010.7;1844.3,2008.1;1847.7,2012.3;1844.6,2014.8
BuildingSmooth_7_18207_865_20154_Body01|78.97|1834.2,2033.9;1837.2,2033.2;1827.7,1992.3;1824.7,1992.9
BuildingSmooth_7_18207_865_20154_Body01|78.97|1832.9,2017.2;1832.7,2016.2;1835.6,2015.6;1835.9,2016.5
BuildingSmooth_7_18207_865_20154_Body01|78.97|1827.7,1992.3;1838.0,1990.6;1841.2,2010.7;1830.8,2012.3
BuildingSmooth_7_18207_865_20154_Body01|78.97|1831.5,2010.9;1831.2,2009.9;1834.2,2009.2;1834.4,2010.2
BuildingSmooth_7_18207_865_20154_Body01|78.97|1833.4,2023.8;1830.3,2010.1;1831.2,2009.9;1834.4,2023.5
BuildingSmooth_7_18207_865_20154_Body01|78.97|1841.2,2010.7;1825.7,2023.5;1834.2,2033.9;1849.7,2021.0
BuildingSmooth_7_18207_865_20154_Body01|78.97|1834.2,2033.9;1844.6,2032.2;1841.2,2010.7;1830.8,2012.3
BuildingSmooth_7_18207_865_20154_Body01|78.97|1835.2,2022.3;1832.4,2010.7;1833.4,2010.4;1836.1,2022.1
BuildingSmooth_7_18207_865_20154_Body01|78.97|1849.7,2021.0;1852.8,2018.5;1847.7,2012.3;1844.6,2014.8
BuildingSourceSlice_fbx_1_-20003_1658_14207|137.06|-1976.0,1421.2;-2001.7,1442.3;-2009.2,1433.1;-2014.5,1437.2;-2024.7,1424.5;-1993.5,1399.7
BuildingSourceSlice_part_-182_1035|67.96|-216.7,1069.2;-211.4,998.4;-148.0,1007.6;-147.3,1065.7;-171.8,1067.8;-186.5,1063.2;-208.8,1068.3;-209.9,1062.6;-211.9,1062.6
BuildingSourceSlice_orph_1916_-53|135.36|1895.6,-51.8;1931.2,-68.6;1936.7,-57.1;1901.0,-40.2
BuildingSourceSlice_fbx_9_-7605_1351_8204|76.66|-730.7,775.7;-727.2,861.9;-790.4,864.5;-793.9,778.4
BuildingSourceSlice_fbx_12_25149_1760_-14751|135.99|2524.8,-1438.3;2523.2,-1439.3;2502.8,-1406.6;2464.3,-1430.6;2493.8,-1478.2;2489.4,-1480.8;2527.0,-1541.0;2565.5,-1517.0;2543.0,-1480.7;2549.1,-1476.9
BuildingSourceSlice_fbx_11_19820_1597_-1397|138.29|1946.0,-163.5;1987.4,-182.4;2016.6,-118.8;1987.5,-104.3;1987.4,-102.6;1984.8,-100.8;1976.5,-97.0
BuildingSourceSlice_fbx_4_-2395_1297_-6953|82.53|-234.3,-649.0;-277.4,-668.3;-244.7,-741.5;-201.6,-722.3
BuildingSourceSlice_orph_519_-1266|129.89|536.6,-1280.3;540.2,-1259.6;496.7,-1252.4;503.1,-1273.7
BuildingSourceSlice_fbx_1_-29751_1401_4808|127.49|-2954.2,480.9;-2947.1,491.3;-2971.7,508.6;-2978.7,498.6;-2987.5,505.0;-3003.8,482.6;-2962.7,452.9;-2946.6,475.3
BuildingSourceSlice_fbx_16_10977_1691_-5739|136.50|1098.6,-548.0;1079.9,-592.8;1096.8,-599.9;1115.5,-555.0
BuildingSourceSlice_fbx_2_23347_1490_-8161|132.92|2312.5,-807.5;2312.5,-817.8;2322.4,-839.4;2360.9,-819.7;2347.8,-792.7;2327.4,-802.6;2330.6,-809.0;2321.3,-813.6;2317.5,-805.1
BuildingSourceSlice_fbx_8_1977_1503_25695|116.72|210.7,2544.5;207.4,2587.2;206.1,2587.2;206.3,2596.3;204.1,2596.4;203.6,2588.7;192.5,2588.3;190.9,2582.1;188.8,2585.9;186.6,2585.0;189.5,2542.4
BuildingSourceSlice_fbx_10_-23208_1864_-1324|112.18|-2389.6,-103.1;-2392.4,-154.6;-2250.5,-161.9;-2249.3,-140.0;-2251.6,-139.8;-2250.0,-110.5
BuildingSourceSlice_orph_1713_-570|145.54|1691.0,-597.7;1747.9,-567.9;1734.0,-541.7;1676.2,-573.4
BuildingSourceSlice_orph_1607_-700|142.22|1581.3,-694.8;1587.0,-687.6;1630.3,-728.7;1634.9,-723.9;1633.2,-725.5;1596.4,-676.6;1582.4,-690.4;1583.6,-691.4;1575.0,-700.7
BuildingSourceSlice_orph_1752_506|119.90|1748.4,535.2;1733.5,528.8;1755.9,476.6;1770.9,483.1
BuildingSourceSlice_part_779_2700|131.73|661.5,2793.4;630.8,2661.4;663.1,2653.7;755.0,2627.0;755.2,2628.0;896.4,2604.5;921.2,2751.8;826.7,2767.3;826.5,2766.2
BuildingSourceSlice_fbx_10_-14960_998_-3103|73.54|-1521.1,-311.7;-1488.1,-343.5;-1470.8,-325.2;-1519.4,-277.2
BuildingSourceSlice_orph_-3012_1214|134.69|-3041.0,1180.5;-3024.7,1177.2;-3008.0,1196.9;-3003.5,1204.5;-2980.1,1231.4;-2988.5,1238.1;-2987.6,1239.1;-2999.0,1247.0;-3005.1,1241.2;-3019.4,1241.0;-3026.4,1217.0;-3028.2,1217.3
BuildingSourceSlice_fbx_10_-14605_1026_-11521|62.30|-1466.0,-1181.3;-1431.5,-1158.3;-1455.5,-1120.8;-1491.1,-1144.9
BuildingSourceSlice_fbx_12_28801_1531_-14743|135.75|2875.5,-1505.3;2896.4,-1503.0;2895.1,-1496.3;2898.1,-1496.0;2893.7,-1443.3;2871.9,-1445.2;2864.4,-1443.6;2862.1,-1459.1;2864.7,-1477.3;2872.4,-1494.8
BuildingSourceSlice_orph_2370_-945|132.02|2342.1,-940.2;2358.0,-971.2;2364.6,-967.8;2365.6,-969.7;2392.9,-955.3;2392.2,-954.0;2401.8,-948.5;2396.8,-930.7;2380.8,-934.2;2372.0,-917.5;2345.4,-931.4;2347.9,-936.0
BuildingSourceSlice_fbx_9_-10182_1281_405|70.59|-985.6,52.0;-1031.8,68.4;-1050.2,15.9;-1048.9,17.1;-1045.7,16.7;-1042.7,13.6;-1032.0,12.5;-991.8,37.2
BuildingSourceSlice_orph_1096_-676|141.17|1090.6,-642.6;1069.3,-697.5;1101.3,-709.9;1122.5,-654.9
BuildingSourceSlice_fbx_5_8374_1355_740|76.96|891.1,88.4;843.2,111.4;832.9,90.2;798.3,106.7;783.8,76.4;866.2,36.7
BuildingSourceSlice_fbx_12_21144_1743_-13982|149.61|2130.5,-1388.9;2096.1,-1376.7;2088.7,-1381.9;2114.5,-1419.4;2140.2,-1401.5
BuildingSourceSlice_fbx_6_13721_1623_-13242|138.51|1395.2,-1305.8;1372.8,-1298.8;1371.0,-1299.9;1368.5,-1308.7;1360.8,-1305.9;1359.1,-1306.9;1348.8,-1339.4;1381.4,-1349.7
BuildingSourceSlice_fbx_10_-26752_1398_-4454|109.84|-2686.0,-470.4;-2651.1,-443.5;-2665.3,-420.5;-2700.8,-444.4
BuildingSourceSlice_orph_1706_-1451|146.58|1729.4,-1455.3;1718.0,-1438.3;1714.2,-1426.2;1683.3,-1447.2;1691.1,-1456.0;1687.3,-1456.1;1700.0,-1475.1
BuildingSourceSlice_orph_-1604_-2013|71.82|-1640.0,-2001.4;-1642.9,-2019.7;-1576.9,-2037.1;-1564.3,-2005.7;-1628.1,-1988.5;-1634.3,-2002.7
BuildingSourceSlice_fbx_1_-26283_1562_10820|135.77|-2628.7,1063.3;-2609.9,1088.1;-2626.8,1100.8;-2646.7,1077.6
BuildingSmooth_6_10587_2823_-7411_Body01|273.46|1072.1,-732.4;1072.5,-731.5;1056.3,-725.4;1056.0,-726.3
BuildingSmooth_6_10587_2823_-7411_Body01|273.46|1068.8,-790.5;1099.0,-710.7;1049.6,-692.1;1019.5,-771.9
BuildingSmooth_6_10587_2823_-7411_Body01|273.46|1067.0,-746.0;1067.3,-745.1;1051.2,-739.0;1050.9,-739.9
BuildingSmooth_6_10587_2823_-7411_Body01|273.46|1045.7,-753.5;1056.3,-725.4;1055.4,-725.1;1044.8,-753.1
BuildingSmooth_6_10587_2823_-7411_Body01|273.46|1062.8,-759.9;1073.4,-731.9;1072.5,-731.5;1061.9,-759.6
BuildingSmooth_6_10587_2823_-7411_Body01|273.46|1061.9,-759.6;1062.2,-758.7;1046.1,-752.6;1045.7,-753.5
BuildingSmooth_6_10587_2823_-7411_Body01|273.46|1054.6,-755.8;1064.5,-729.6;1063.6,-729.2;1053.7,-755.4
BuildingSourceSlice_orph_2093_-358|144.02|2085.7,-326.3;2066.7,-373.9;2100.5,-391.3;2105.9,-377.9;2104.2,-377.2;2121.1,-339.6
BuildingSourceSlice_fbx_10_-13977_1257_-4192|65.32|-1404.3,-389.2;-1414.7,-398.8;-1418.5,-394.8;-1428.8,-404.4;-1387.3,-449.1;-1366.6,-429.8
BuildingSourceSlice_fbx_9_-17337_1512_9271|131.17|-1716.4,853.1;-1705.5,853.1;-1704.3,854.2;-1697.3,921.6;-1697.3,935.4;-1702.2,938.3;-1700.5,947.1;-1712.3,950.4;-1704.6,979.4;-1706.6,979.9;-1739.8,859.5
BuildingSourceSlice_fbx_9_-17337_1512_9271|131.17|-1740.2,860.5;-1704.8,988.8;-1720.8,993.6;-1762.6,866.7
BuildingSourceSlice_fbx_9_-17337_1512_9271|131.17|-1730.4,994.3;-1731.1,996.4;-1745.4,1001.1;-1760.6,1001.1;-1770.1,965.0;-1769.7,941.7;-1741.3,934.3;-1725.8,993.0
BuildingSourceSlice_orph_1644_1471|79.65|1590.3,1425.6;1584.2,1430.9;1589.8,1439.0;1596.3,1434.1;1591.1,1425.0;1592.2,1426.6;1602.1,1421.2;1618.8,1409.8;1624.4,1416.9;1643.0,1404.4;1716.5,1508.5;1671.9,1540.1;1666.9,1532.9;1664.6,1534.2;1646.0,1504.8;1625.0,1517.8;1575.3,1446.8;1573.5,1448.0;1567.6,1441.6
BuildingSourceSlice_fbx_4_-4647_1596_-16068|115.91|-463.3,-1624.5;-462.9,-1626.3;-442.0,-1621.5;-450.3,-1585.5;-487.4,-1593.7;-480.5,-1628.1
BuildingSourceSlice_orph_2529_177|115.22|2519.4,198.3;2520.5,156.1;2538.3,156.5;2537.2,198.8
BuildingSmooth_5_5550_853_2560_Body01|71.90|556.6,260.0;555.8,259.4;558.2,256.2;559.0,256.8
BuildingSmooth_5_5550_853_2560_Body01|71.90|554.8,258.7;554.0,258.1;556.4,254.9;557.2,255.5
BuildingSmooth_5_5550_853_2560_Body01|71.90|567.6,272.0;569.9,271.4;569.4,269.6;567.2,270.2
BuildingSmooth_5_5550_853_2560_Body01|71.90|558.5,259.6;555.7,257.5;556.3,256.7;559.1,258.8
BuildingSmooth_5_5550_853_2560_Body01|71.90|558.0,249.8;560.8,248.6;562.8,253.4;560.1,254.6
BuildingSmooth_5_5550_853_2560_Body01|71.90|567.6,272.0;574.8,262.4;558.0,249.8;550.8,259.4
BuildingSmooth_5_5550_853_2560_Body01|71.90|567.6,272.0;570.4,270.8;562.8,253.4;560.1,254.6
BuildingSmooth_5_5550_853_2560_Body01|71.90|562.8,253.4;565.1,252.8;569.4,269.6;567.2,270.2
BuildingSmooth_5_5550_853_2560_Body01|71.90|560.8,258.2;556.4,254.9;557.0,254.1;561.4,257.4
BuildingSmooth_5_5550_853_2560_Body01|71.90|557.8,262.2;553.4,258.9;554.0,258.1;558.4,261.4
BuildingSmooth_5_5550_853_2560_Body01|71.90|558.4,261.4;557.6,260.8;560.0,257.6;560.8,258.2
BuildingSourceSlice_fbx_13_-10199_1022_24415|69.14|-1001.0,2426.9;-1027.8,2511.3;-1080.9,2494.8;-1066.2,2442.8;-1064.6,2442.0;-1055.6,2444.7;-1034.1,2370.8;-976.9,2399.3;-977.5,2400.9;-976.1,2401.3;-975.6,2404.7;-975.8,2416.6;-987.6,2412.4;-992.6,2429.5
BuildingSourceSlice_fbx_13_-10199_1022_24415|69.14|-1005.7,2501.5;-1021.5,2496.9;-1001.1,2427.6;-985.2,2432.3
BuildingSourceSlice_orph_2344_-692|132.09|2334.2,-710.6;2343.3,-704.8;2342.0,-702.8;2364.9,-686.8;2357.3,-675.6;2350.5,-680.6;2349.2,-678.8;2324.7,-695.9
BuildingSourceSlice_orph_1033_-1237|126.31|1000.8,-1238.5;1003.8,-1238.3;1000.6,-1244.3;1012.5,-1255.1;1010.1,-1259.0;1032.7,-1285.6;1070.7,-1221.6;1028.3,-1197.7;1025.4,-1202.8;1022.0,-1200.8
BuildingSourceSlice_fbx_3_1855_1286_17954|84.52|213.3,1829.1;155.4,1825.0;159.0,1762.6;185.4,1763.8;186.0,1770.8;216.5,1772.1
BuildingSourceSlice_orph_1059_-668|138.74|1068.3,-695.2;1080.6,-662.8;1045.8,-648.8;1040.3,-663.5;1042.1,-664.1;1033.5,-681.2
BuildingSourceSlice_orph_1059_-668|138.74|1087.2,-640.9;1056.4,-628.7;1054.6,-633.3;1085.4,-645.5
BuildingSourceSlice_fbx_5_9979_845_11576|72.41|972.0,1134.2;973.3,1134.8;978.8,1123.3;980.4,1122.5;1031.9,1147.6;1036.4,1160.1;1021.1,1191.9;1019.5,1192.8;960.5,1163.3;960.2,1161.7;966.4,1148.8;965.1,1148.2
BuildingSourceSlice_fbx_4_-2743_950_-8088|87.06|-298.5,-835.4;-238.5,-809.4;-250.2,-782.3;-310.2,-808.3
BuildingSourceSlice_fbx_1_-30193_1445_7186|130.28|-3012.3,739.7;-3037.4,705.7;-3026.4,697.5;-3001.2,731.5
BuildingSourceSlice_orph_1937_-62|135.36|1942.4,-87.8;1959.3,-50.1;1935.0,-38.9;1934.0,-40.6;1929.6,-38.6;1915.2,-74.3
BuildingSourceSlice_fbx_9_-5325_1483_10436|67.33|-482.8,1032.0;-482.3,1045.9;-487.3,1046.1;-487.0,1055.6;-581.6,1060.4;-582.7,1031.5;-532.3,1030.1;-532.5,1028.8;-488.2,1026.8;-487.9,1032.1
BuildingSourceSlice_fbx_11_17767_1492_5684|114.07|1802.8,565.4;1793.2,588.9;1750.5,571.5;1760.1,548.1
BuildingSourceSlice_fbx_5_11221_1028_7027|84.08|1079.7,691.5;1099.4,689.1;1099.3,687.8;1102.4,687.4;1158.9,680.5;1164.6,715.7;1083.8,726.0
BuildingSourceSlice_fbx_5_4382_1250_7049|68.82|435.1,755.4;417.1,746.6;434.1,654.4;459.5,666.3
BuildingSourceSlice_fbx_11_25144_1262_-613|118.47|2490.0,-84.4;2518.7,-85.1;2520.5,-84.4;2522.2,-79.2;2526.7,-82.3;2528.4,-81.7;2538.8,-43.5;2515.1,-40.5;2491.8,-39.5
BuildingSourceSlice_fbx_4_-9702_1193_-16326|96.80|-1012.6,-1630.9;-1006.0,-1655.4;-927.8,-1634.2;-934.4,-1609.7
BuildingSourceSlice_fbx_14_2460_1122_-1197|71.69|227.4,-83.8;207.6,-132.7;264.6,-155.8;284.5,-106.9
BuildingSourceSlice_fbx_1_-30845_1615_4457|127.09|-3107.5,455.5;-3100.8,426.8;-3060.9,437.0;-3067.2,464.6
BuildingSmooth_9_-7430_847_10636|77.68|-736.9,1065.3;-737.9,1065.3;-738.1,1060.3;-737.1,1060.3
BuildingSmooth_9_-7430_847_10636|77.68|-742.9,1065.5;-743.9,1065.6;-744.1,1060.6;-743.1,1060.5
BuildingSmooth_9_-7430_847_10636|77.68|-738.0,1063.3;-749.0,1063.8;-749.0,1062.8;-738.0,1062.3
BuildingSmooth_9_-7430_847_10636|77.68|-729.1,1070.4;-734.8,1082.1;-756.2,1071.6;-750.5,1060.0
BuildingSmooth_9_-7430_847_10636|77.68|-756.8,1056.9;-762.5,1068.5;-756.2,1071.6;-750.5,1060.0
BuildingSmooth_9_-7430_847_10636|77.68|-756.8,1056.9;-756.2,1071.6;-729.1,1070.4;-729.8,1055.7
BuildingSmooth_9_-7430_847_10636|77.68|-737.1,1060.3;-750.1,1060.8;-750.1,1059.8;-737.2,1059.3
BuildingSmooth_9_-7430_847_10636|77.68|-736.8,1066.2;-749.8,1066.8;-749.9,1065.8;-736.9,1065.3
BuildingSmooth_9_-7430_847_10636|77.68|-748.9,1065.8;-749.9,1065.8;-750.1,1060.8;-749.1,1060.8
BuildingSourceSlice_fbx_3_-2134_1649_20972|73.91|-262.6,2052.9;-278.2,2049.2;-276.6,2032.2;-144.3,2063.7;-167.9,2162.2;-282.4,2135.4
BuildingSourceSlice_orph_2264_-27|131.77|2250.6,-40.0;2276.7,-42.3;2277.9,-14.0;2251.0,-11.6
BuildingSourceSlice_fbx_16_7989_1129_-2305|88.74|780.0,-237.7;807.3,-248.0;817.9,-220.6;797.6,-212.9;787.2,-220.5
BuildingSourceSlice_orph_340_-80|70.93|309.2,-106.4;305.9,-114.2;336.7,-127.7;372.0,-44.4;341.2,-31.0;337.8,-38.9;339.4,-39.6;310.7,-107.1
BuildingSmooth_10_-16793_886_-13524_Residual_64acfd9d_Body01|85.88|-1650.0,-1343.8;-1648.2,-1346.2;-1677.8,-1367.0;-1679.5,-1364.5
BuildingSmooth_10_-16793_886_-13524_Residual_64acfd9d_Body01|85.88|-1677.1,-1338.3;-1677.9,-1338.9;-1671.0,-1348.7;-1670.2,-1348.1
BuildingSmooth_10_-16793_886_-13524_Residual_64acfd9d_Body01|85.88|-1677.8,-1367.0;-1676.0,-1369.1;-1650.7,-1348.0;-1652.4,-1345.9
BuildingSmooth_10_-16793_886_-13524_Residual_64acfd9d_Body01|85.88|-1674.8,-1343.4;-1691.2,-1354.9;-1690.6,-1355.7;-1674.2,-1344.2
BuildingSmooth_10_-16793_886_-13524_Residual_64acfd9d_Body01|85.88|-1650.0,-1343.8;-1699.2,-1378.4;-1714.8,-1356.2;-1665.5,-1321.6
BuildingSmooth_10_-16793_886_-13524_Residual_64acfd9d_Body01|85.88|-1714.8,-1356.2;-1665.5,-1321.6;-1650.0,-1343.8;-1699.2,-1378.4
BuildingSmooth_10_-16793_886_-13524_Residual_64acfd9d_Body01|85.88|-1677.7,-1337.5;-1695.7,-1350.2;-1695.2,-1351.0;-1677.1,-1338.3
BuildingSmooth_10_-16793_886_-13524_Residual_64acfd9d_Body01|85.88|-1699.2,-1378.4;-1697.5,-1380.8;-1677.8,-1367.0;-1679.5,-1364.5
BuildingSmooth_10_-16793_886_-13524_Residual_64acfd9d_Body01|85.88|-1685.7,-1344.3;-1686.5,-1344.9;-1679.6,-1354.7;-1678.8,-1354.2
BuildingSmooth_10_-16793_886_-13524_Residual_64acfd9d_Body01|85.88|-1670.2,-1348.1;-1688.3,-1360.8;-1687.7,-1361.6;-1669.6,-1348.9
BuildingSmooth_10_-16793_886_-13524_Residual_64acfd9d_Body01|85.88|-1694.3,-1350.4;-1695.2,-1351.0;-1688.3,-1360.8;-1687.5,-1360.2
BuildingSmooth_10_-16793_886_-13524_Residual_64acfd9d_Body01|85.88|-1650.0,-1343.8;-1648.2,-1345.9;-1650.7,-1348.0;-1652.4,-1345.9
BuildingSourceSlice_part_-3072_756|128.77|-3084.3,728.0;-3072.3,719.2;-3070.9,721.0;-3064.7,716.6;-3054.8,730.1;-3060.9,734.4;-3040.3,763.8;-3090.9,799.7;-3098.4,789.3;-3083.8,781.7;-3090.9,771.8;-3081.0,764.6;-3099.0,740.0;-3083.7,728.8
BuildingSourceSlice_fbx_4_-11596_863_-4573|53.13|-1150.8,-484.3;-1176.2,-460.1;-1178.1,-462.1;-1188.3,-452.3;-1195.5,-459.9;-1193.1,-462.4;-1198.0,-467.5;-1164.9,-499.1
BuildingSourceSlice_fbx_4_-11596_863_-4573|53.13|-1185.8,-451.0;-1151.0,-482.9;-1133.4,-463.6;-1168.2,-431.8
BuildingSourceSlice_orph_-1943_-1576|62.49|-1963.9,-1575.1;-1967.1,-1577.0;-1966.1,-1579.0;-1951.4,-1578.4;-1945.2,-1588.1;-1945.2,-1600.2;-1950.4,-1603.4;-1948.4,-1607.1;-1918.3,-1588.4;-1918.8,-1583.9;-1943.3,-1547.8;-1969.6,-1565.9
BuildingSourceSlice_fbx_8_-2774_1252_30285|81.94|-284.9,3005.9;-265.5,3007.8;-270.7,3050.3;-289.3,3050.2
BuildingSourceSlice_orph_-1704_-1553|62.47|-1744.1,-1543.1;-1741.2,-1543.1;-1682.2,-1619.9;-1654.9,-1561.1;-1666.0,-1544.3;-1680.4,-1531.8;-1700.9,-1519.2;-1724.3,-1510.9;-1749.4,-1508.3;-1771.4,-1510.2
BuildingSourceSlice_orph_-2452_-2006|56.72|-2493.5,-2153.2;-2459.0,-2111.2;-2447.4,-2038.5;-2422.0,-1953.2;-2397.3,-1892.9;-2427.4,-1878.6;-2441.1,-1906.5;-2439.6,-1907.1;-2451.5,-1936.5;-2452.9,-1936.0;-2470.3,-1989.8;-2468.7,-1990.3;-2472.7,-2006.2;-2470.6,-2006.7;-2484.9,-2059.4;-2492.8,-2121.4
BuildingSourceSlice_fbx_4_-3425_1397_-15710|121.42|-334.2,-1540.2;-351.6,-1543.8;-348.0,-1560.6;-362.5,-1563.7;-354.4,-1601.9;-322.5,-1595.1
BuildingSourceSlice_fbx_1_-24105_1591_9154|139.55|-2429.5,902.3;-2418.0,893.7;-2391.6,928.4;-2403.0,937.1
BuildingSourceSlice_part_952_278|84.90|937.2,223.7;945.7,220.3;953.4,236.2;964.9,230.6;973.0,247.4;975.7,246.1;983.7,262.0;967.5,266.9;996.7,325.9;956.3,340.5;905.4,236.9;936.5,222.5
BuildingSourceSlice_fbx_13_-9714_847_23389|72.37|-959.4,2321.2;-959.4,2338.6;-973.0,2368.2;-993.7,2357.5;-970.4,2309.8;-962.3,2311.9
BuildingSourceSlice_fbx_9_-18931_1723_11816|131.41|-1922.3,1177.5;-1922.3,1167.4;-1905.6,1154.3;-1890.1,1154.2;-1852.7,1202.6;-1880.9,1224.2;-1892.2,1209.5;-1894.5,1211.2;-1898.4,1208.9
BuildingSourceSlice_fbx_12_17821_1665_-14316|146.95|1791.1,-1451.2;1797.6,-1458.7;1809.6,-1448.5;1775.4,-1404.2;1754.3,-1420.9;1783.6,-1457.2
BuildingSourceSlice_orph_2868_-1289|128.50|2845.8,-1301.9;2896.4,-1298.1;2895.9,-1287.1;2886.9,-1287.5;2886.4,-1277.3;2867.5,-1278.2;2867.3,-1276.0;2843.2,-1278.6
BuildingSmooth_11_19978_1467_-832|136.76|1989.6,-59.2;2013.6,-51.1;2021.6,-74.6;1997.6,-82.7
BuildingSmooth_11_19978_1467_-832|136.76|1991.0,-80.4;1990.5,-81.3;2002.5,-87.0;2002.9,-86.1
BuildingSmooth_11_19978_1467_-832|136.76|1989.6,-59.2;1965.6,-67.4;1973.9,-91.9;1997.9,-83.8
BuildingSmooth_11_19978_1467_-832|136.76|1994.0,-74.0;1993.6,-74.9;2005.6,-80.6;2006.0,-79.7
BuildingSmooth_11_19978_1467_-832|136.76|1993.1,-73.5;1986.5,-87.3;1987.4,-87.7;1994.0,-74.0
BuildingSmooth_11_19978_1467_-832|136.76|2006.0,-79.7;1999.4,-93.5;2000.3,-93.9;2006.9,-80.1
BuildingSmooth_11_19978_1467_-832|136.76|2005.9,-107.2;2029.9,-99.1;2021.6,-74.6;1997.6,-82.7
BuildingSmooth_11_19978_1467_-832|136.76|2005.9,-107.2;1981.9,-115.4;1973.9,-91.9;1997.9,-83.8
BuildingSmooth_11_19978_1467_-832|136.76|1987.9,-86.8;1987.4,-87.7;1999.4,-93.5;1999.8,-92.6
BuildingSmooth_11_19978_1467_-832|136.76|1999.2,-77.5;1993.4,-89.5;1994.3,-89.9;2000.1,-78.0
BuildingSourceSlice_fbx_5_8536_1111_9272|72.38|892.7,925.7;878.3,957.7;814.6,928.7;828.9,896.7;831.0,896.7
BuildingSourceSlice_orph_-3004_1097|133.48|-3011.6,1111.7;-3018.5,1088.3;-2996.8,1081.8;-2989.8,1105.3
BuildingSourceSlice_fbx_11_20628_1485_2207|126.47|2044.2,215.4;2052.7,215.2;2052.2,185.1;2079.5,182.1;2085.2,256.3;2040.3,259.4;2040.5,242.3
BuildingSmooth_8_1599_1304_22623|106.12|168.2,2268.0;169.3,2256.1;170.3,2256.2;169.2,2268.1
BuildingSmooth_8_1599_1304_22623|106.12|153.0,2261.2;153.1,2260.2;168.8,2261.5;168.7,2262.5
BuildingSmooth_8_1599_1304_22623|106.12|133.9,2272.1;126.2,2251.8;135.9,2248.1;143.6,2268.4
BuildingSmooth_8_1599_1304_22623|106.12|160.0,2266.3;160.8,2256.3;161.8,2256.4;161.0,2266.4
BuildingSmooth_8_1599_1304_22623|106.12|152.5,2266.7;152.6,2265.7;168.3,2267.0;168.2,2268.0
BuildingSmooth_8_1599_1304_22623|106.12|151.5,2266.6;152.5,2254.6;153.5,2254.7;152.5,2266.7
BuildingSmooth_8_1599_1304_22623|106.12|186.0,2252.5;178.4,2232.2;135.9,2248.1;143.6,2268.4
BuildingSmooth_8_1599_1304_22623|106.12|153.5,2255.7;153.5,2254.7;169.3,2256.1;169.2,2257.1
BuildingSmooth_8_1599_1304_22623|106.12|133.9,2272.1;141.5,2292.4;184.0,2276.4;176.3,2256.1
BuildingSmooth_8_1599_1304_22623|106.12|186.0,2252.5;193.6,2272.8;184.0,2276.4;176.3,2256.1
BuildingSourceSlice_orph_1646_220|132.14|1664.2,205.8;1656.2,221.7;1650.4,235.9;1649.3,242.2;1629.2,233.9;1644.2,197.6
BuildingSourceSlice_orph_1067_2000|106.58|1063.1,1979.3;1075.9,1974.6;1085.2,2018.0;1058.0,2023.8;1048.8,1980.4
BuildingSourceSlice_fbx_5_10222_933_5801|82.41|1003.7,597.0;986.8,595.9;983.8,574.5;993.0,564.7;1059.1,563.3;1060.5,564.2;1059.1,588.8;1003.9,586.6
BuildingSourceSlice_fbx_5_10222_933_5801|82.41|1062.7,589.2;1062.7,591.6;1050.8,604.6;1041.5,604.6;1040.5,601.5;1012.2,600.5;1010.7,604.3;1007.2,604.7;1007.7,589.2;1014.6,589.4;1014.6,587.8
BuildingSourceSlice_fbx_4_-3218_1096_-8405|88.68|-308.7,-825.0;-339.7,-831.1;-334.8,-856.0;-303.8,-849.9
BuildingSourceSlice_orph_1197_1978|98.72|1200.4,1956.8;1220.3,1974.9;1192.7,2001.0;1175.9,1980.3
BuildingSourceSlice_fbx_7_8195_1279_14510|80.24|782.4,1426.1;812.5,1417.5;845.1,1427.6;856.6,1468.5;801.7,1484.5
BuildingSmooth_5_3773_2366_9516|228.66|402.4,985.2;383.9,986.2;383.5,977.1;401.9,976.2
BuildingSmooth_5_3773_2366_9516|228.66|408.1,956.8;402.0,970.8;401.1,970.4;407.1,956.4
BuildingSmooth_5_3773_2366_9516|228.66|407.1,956.4;406.8,957.3;399.4,954.1;399.8,953.2
BuildingSmooth_5_3773_2366_9516|228.66|401.5,969.5;401.1,970.4;393.8,967.3;394.2,966.3
BuildingSmooth_5_3773_2366_9516|228.66|399.8,953.2;393.8,967.3;392.8,966.9;398.9,952.8
BuildingSmooth_5_3773_2366_9516|228.66|399.9,938.7;381.5,939.7;383.5,977.1;401.9,976.2
BuildingSmooth_5_3773_2366_9516|228.66|399.9,938.7;418.4,937.8;418.8,946.9;400.4,947.8
BuildingSmooth_5_3773_2366_9516|228.66|402.4,985.2;420.8,984.3;418.8,946.9;400.4,947.8
BuildingSmooth_5_3773_2366_9516|228.66|403.5,955.9;398.3,968.1;397.4,967.7;402.6,955.5
BuildingSmooth_5_3773_2366_9516|228.66|404.3,962.9;403.9,963.9;396.6,960.7;397.0,959.8
BuildingSourceSlice_fbx_4_-3809_1556_-10373|104.14|-351.5,-983.9;-395.8,-990.2;-389.6,-1035.8;-423.8,-1040.7;-416.7,-1090.7;-338.0,-1078.6
BuildingSourceSlice_orph_-837_2247|68.62|-862.0,2272.2;-868.0,2269.9;-840.3,2214.7;-806.0,2231.2;-808.8,2235.7;-810.3,2235.0;-828.1,2271.4;-831.2,2270.3;-836.5,2281.1;-847.8,2277.6;-839.2,2260.5;-846.3,2256.5;-854.9,2273.8;-861.3,2270.7
BuildingSourceSlice_fbx_12_29145_1585_-12363|128.46|2930.4,-1203.7;2892.4,-1207.4;2898.4,-1268.9;2936.5,-1265.2
BuildingSourceSlice_orph_-177_-770|86.22|-199.2,-797.0;-141.6,-771.6;-152.1,-744.0;-167.9,-751.0;-168.8,-749.5;-166.1,-747.2;-196.5,-760.6;-195.8,-762.1;-212.0,-769.2
BuildingSourceSlice_orph_-2584_745|136.56|-2581.2,716.1;-2556.4,749.8;-2589.4,774.1;-2605.9,751.9;-2604.1,733.0
BuildingSourceSlice_orph_2228_-264|140.16|2242.4,-244.4;2246.9,-245.2;2247.9,-237.4;2241.1,-235.5;2241.4,-233.3;2224.2,-230.5;2211.1,-295.1;2233.1,-297.5
BuildingSmooth_1_-30547_1778_10109_Residual_704f3498_Body01|131.93|-3068.4,1017.2;-3068.7,1016.3;-3047.0,1009.7;-3046.7,1010.6
BuildingSmooth_1_-30547_1778_10109_Residual_704f3498_Body01|131.93|-3051.5,1035.6;-3064.8,991.6;-3063.9,991.3;-3050.6,1035.3
BuildingSmooth_1_-30547_1778_10109_Residual_704f3498_Body01|131.93|-3062.6,1040.0;-3076.5,994.1;-3075.5,993.8;-3061.6,1039.7
BuildingSmooth_1_-30547_1778_10109_Residual_704f3498_Body01|131.93|-3039.9,1033.1;-3053.8,987.2;-3052.8,986.9;-3038.9,1032.8
BuildingSmooth_1_-30547_1778_10109_Residual_704f3498_Body01|131.93|-3075.2,994.7;-3075.5,993.8;-3053.8,987.2;-3053.5,988.2
BuildingSmooth_1_-30547_1778_10109_Residual_704f3498_Body01|131.93|-3072.9,1079.9;-3108.2,963.4;-3043.0,943.6;-3007.7,1060.2
BuildingSmooth_1_-30547_1778_10109_Residual_704f3498_Body01|131.93|-3061.6,1039.7;-3061.9,1038.7;-3040.2,1032.2;-3039.9,1033.1
BuildingSourceSlice_fbx_15_-18704_932_-18161|66.08|-1924.8,-1789.0;-1867.9,-1886.8;-1829.6,-1864.7;-1838.1,-1850.0;-1827.8,-1843.9;-1829.4,-1841.2;-1815.8,-1833.5;-1865.9,-1745.1;-1891.2,-1759.5;-1887.4,-1766.2
BuildingSourceSlice_fbx_11_18050_1482_4867|118.23|1820.6,466.6;1813.1,513.5;1789.2,504.1;1806.4,459.9
BuildingSourceSlice_fbx_15_-22046_787_-16721|63.85|-2227.4,-1674.4;-2222.5,-1678.4;-2228.6,-1686.3;-2207.8,-1702.2;-2180.6,-1666.4;-2203.1,-1642.0
BuildingSourceSlice_fbx_5_8845_953_2591|81.45|869.8,274.2;863.6,261.8;899.1,244.0;905.2,256.4
BuildingSourceSlice_orph_-2010_-1732|62.84|-2021.1,-1766.4;-1974.1,-1742.2;-2001.1,-1696.7;-2044.2,-1724.0
BuildingSourceSlice_orph_2090_689|97.11|2110.6,689.1;2080.2,705.4;2069.4,685.3;2086.0,678.4;2103.7,676.1
BuildingSourceSlice_orph_-2672_-395|111.16|-2679.8,-422.0;-2645.4,-402.0;-2664.6,-369.0;-2699.0,-388.9
BuildingSourceSlice_orph_794_1044|72.03|767.2,1027.2;786.3,1024.0;827.1,1043.2;814.9,1069.0;759.7,1043.2
BuildingSourceSlice_fbx_9_-10701_1558_5577|93.90|-1070.6,493.9;-1054.5,490.0;-1043.6,490.0;-1014.3,556.0;-1014.3,604.9;-1021.3,606.4
BuildingSourceSlice_fbx_9_-10701_1558_5577|93.90|-1117.9,519.4;-1069.5,497.5;-1021.8,607.0;-1075.6,617.0
BuildingSourceSlice_orph_171_2228|104.97|152.9,2246.7;155.8,2211.7;165.2,2214.5;165.7,2206.7;188.3,2208.3;185.4,2248.1;162.5,2246.3;162.4,2247.7
BuildingSourceSlice_orph_-1248_2131|94.70|-1223.7,2133.5;-1230.7,2147.7;-1274.0,2126.5;-1268.9,2116.0;-1237.5,2126.8
BuildingSourceSlice_fbx_8_1690_1417_26548|112.37|185.1,2622.9;183.4,2664.7;156.7,2663.6;158.4,2621.8
BuildingSourceSlice_fbx_11_16168_1616_1472|129.03|1634.4,141.4;1624.8,163.9;1599.2,153.0;1608.9,130.5
BuildingSourceSlice_orph_-2922_1168|134.73|-2922.1,1142.2;-2897.2,1173.8;-2923.1,1193.7;-2945.9,1160.2
BuildingSourceSlice_fbx_5_3073_890_9317|68.21|275.2,938.7;289.6,904.0;339.3,924.6;325.0,959.3