n,x0,z0,x1,z1,y0,y1,fa
10_-17312_1329_-2933_Residual_2fe662bd_Body02,-1752.5,-309.5,-1704.2,-267.6,77.7,188.1,1590
Building1,-792.7,-119.7,-467.5,216.5,56.6,966.6,63712
5_8457_1639_3503_Body03,824.2,328.7,869.2,379.7,105.5,253.7,1332
6_15630_3432_-8769_Body02,1381.7,-896.0,1455.2,-778.5,129.7,556.8,5099
11_22575_1545_529_Body01,2233.2,23.0,2259.6,42.4,128.1,180.9,386
9_-18714_1977_9644_ResidualBody01,-1930.8,960.5,-1798.7,1022.0,129.9,265.6,3856
13_-10975_1263_19810_ResidualBody02,-1115.2,1942.4,-1053.1,1988.2,82.0,170.6,1360
11_14277_1371_12175,1382.0,1176.0,1473.5,1259.0,71.8,202.4,3774
9_-18714_1977_9644_Residual_bb8205ba_Body01,-1956.2,895.0,-1783.3,1033.2,129.9,265.6,20424
15_-25566_1458_-20286_Body01,-2629.8,-2108.3,-2538.4,-2017.9,45.7,246.0,3817
11_14985_1466_9084_Residual_afa538b5_Body02,1463.7,892.5,1533.3,960.6,77.5,198.0,3351
12_17445_1520_-16346,1724.1,-1662.8,1765.1,-1611.1,134.4,169.6,669
7_18648_1164_17874_Body02,1861.8,1738.8,1894.9,1768.4,73.0,159.8,350
Building2,-1247.3,-1105.0,-1100.3,-955.4,40.8,308.2,11315
11_14489_1176_9296_ResidualBody01,1433.6,895.0,1463.1,964.7,77.1,158.0,937
4_-10052_1149_-16017,-1021.6,-1623.3,-988.9,-1580.2,94.3,135.5,1019
11_19652_1660_7280,1954.7,684.0,1990.6,735.9,82.8,249.2,1659
3_1259_1483_17880,103.3,1750.9,148.4,1825.1,76.5,210.8,2939
13_-8219_1181_26759_Body02,-845.7,2640.9,-797.8,2707.5,97.1,138.1,1994
6_4510_4915_-8852,288.9,-979.9,484.6,-808.4,95.5,887.6,22252
8_4472_1878_25029,395.6,2485.3,498.8,2520.5,125.1,250.5,2723
16_6172_1755_-5324,527.5,-629.1,707.0,-435.7,82.7,241.8,15047
14_-77_855_-813_Residual_3b0959b3_Body01,-94.2,-197.5,139.7,54.4,62.2,108.8,33964
2_25850_1792_-7829,2505.3,-870.7,2664.7,-695.1,105.9,252.5,13889
1_-28057_1704_4152,-2840.6,383.4,-2770.8,447.0,124.0,216.8,2072
10_-21751_2020_-1494_ResidualBody01,-2238.8,-174.9,-2116.2,-108.2,101.7,195.1,6027
8_3870_1903_22656_Residual_99990c91_Body01,368.6,2249.4,433.3,2279.1,116.5,264.0,1525
7_16422_1277_14725_Body01,1668.2,1495.1,1713.4,1537.4,72.1,183.4,636
8_1981_1918_32820_ResidualBody03,152.1,3243.6,254.4,3367.8,165.8,242.6,6224
1_-29375_1901_2449_ResidualBody05,-2955.4,217.4,-2910.1,269.7,204.9,246.0,969
10_-18466_1322_-8042_Body01,-1833.7,-797.1,-1789.5,-741.4,55.0,209.4,727
13_-14865_2161_20401,-1578.0,1915.9,-1394.9,2156.9,96.3,335.9,19459
5_10007_1545_4575_ResidualBody08,1051.6,406.2,1078.4,433.1,190.8,231.8,447
8_3023_1499_28616,278.7,2850.0,325.9,2873.6,115.5,184.2,1093
1_-30193_1445_7186,-3037.4,697.5,-3001.2,739.6,120.4,168.6,580
10_-15965_1525_-4314_ResidualBody01,-1641.8,-462.0,-1551.7,-390.8,64.2,115.9,4341
1_-31112_1746_8081_Residual_0e1d22d9_Body01,-3126.3,786.8,-3086.9,821.6,122.8,226.4,954
16_3869_1443_-4940,347.0,-531.9,426.8,-456.1,80.7,207.9,3587
10_-26110_1656_-5007,-2626.1,-566.6,-2578.8,-526.3,102.4,228.7,854
16_2868_1318_-4513,258.8,-485.5,314.7,-417.0,77.3,186.4,2152
16_15133_1712_-4806,1491.8,-501.4,1534.9,-459.9,139.0,193.7,719
10_-16632_1092_-4677_Residual_3dc7ff26_Body01,-1691.6,-497.3,-1636.4,-450.8,66.2,152.2,1283
10_-27120_1651_-3465_Residual_6da238d5_Body01,-2741.7,-366.3,-2705.4,-350.7,102.5,227.8,405
5_10327_1393_8104_Body01,1013.8,780.7,1049.5,835.7,68.8,209.8,1031
9_-12162_2326_6048_ResidualBody01,-1320.3,546.9,-1102.3,661.6,91.7,337.8,14771
4_-2395_1297_-6953,-275.4,-737.8,-203.6,-652.7,68.9,172.7,3262
11_25034_1209_2163_Residual_8d8872f2_Body01,2504.2,204.7,2530.6,228.2,97.8,143.9,450
13_-20911_2233_18256_ResidualBody02,-2117.9,1773.4,-2059.2,1821.4,119.4,309.2,1000
13_-15642_1589_16325_Body04,-1659.3,1602.1,-1542.6,1693.0,110.3,204.9,6093
9_-13969_1211_6438,-1415.0,612.2,-1379.3,679.4,106.3,135.8,1436
2_21547_1938_-6029_Body01,2117.6,-633.7,2179.4,-574.1,138.7,248.9,2054
10_-16233_894_-8903,-1640.2,-910.2,-1606.4,-870.5,54.8,116.0,533
9_-9940_1725_1111_Body03,-988.7,103.0,-964.0,123.9,63.0,174.9,333
12_20828_1653_-17300,2067.9,-1744.7,2097.8,-1715.3,142.6,188.0,455
1_-26555_1588_10525,-2682.7,1025.9,-2627.5,1080.1,128.2,189.4,1548
1_-24529_2180_10458_Residual_f6ab3567_Body01,-2487.7,1016.1,-2435.7,1035.1,133.0,231.6,737
9_-5363_1224_10691,-589.8,1055.7,-482.8,1082.5,61.6,183.2,2171
10_-19222_1582_-1802,-1953.9,-233.3,-1890.5,-127.0,88.4,228.0,6094
6_12302_2263_-11514_ResidualBody05,1153.2,-1221.8,1273.1,-1078.5,244.8,321.6,10569
15_-23958_1200_-17016_Residual_4ca752bf_Body01,-2422.6,-1730.0,-2366.7,-1686.4,53.2,186.8,1566
14_-1157_1866_2078_ResidualBody01,-240.2,110.4,13.5,301.4,60.3,241.4,36124
5_8340_1391_9762_Residual_52162bc3_Body01,844.1,949.6,860.2,960.8,64.0,160.6,113
15_-25477_1110_-18837_ResidualBody02,-2576.6,-1891.5,-2528.2,-1855.0,51.0,171.1,1116
15_-22048_1120_-17276,-2271.8,-1761.7,-2142.7,-1677.3,50.5,173.4,4965
7_14720_903_14092_Body01,1435.6,1374.2,1544.6,1470.6,69.9,110.7,5400
4_-10997_1646_-18290_Body04,-1120.9,-1860.1,-1106.1,-1805.0,186.9,245.8,491
4_-9810_988_-12254_Residual_2b7a7bb7_Body01,-1036.9,-1280.4,-929.7,-1197.0,69.5,128.2,2396
9_-10003_1458_5395,-1042.0,477.5,-958.5,601.4,74.2,217.4,5020
9_-17978_3725_2279,-1905.9,120.3,-1689.7,335.5,93.6,651.5,23806
8_3114_1752_28040_Residual_06485339_Body01,322.0,2764.8,348.6,2830.7,110.7,204.0,993
8_1085_1616_27843,70.3,2745.5,146.7,2823.2,93.6,229.7,4565
14_-2315_1568_4,-302.9,-135.5,-153.2,130.0,59.5,218.3,16441
5_2594_1405_11882_Body07,207.4,1129.0,307.5,1243.0,185.1,208.3,6053
10_-18377_2042_-1783,-1888.5,-223.6,-1786.9,-132.9,88.7,319.7,8283
1_-25514_2012_2155,-2663.6,114.7,-2461.2,316.3,118.0,284.5,28623
16_16825_2115_-1688,1600.4,-258.8,1764.7,-78.9,120.0,303.0,12739
5_7934_937_10466_ResidualBody01,759.7,1024.9,827.1,1069.3,63.0,106.5,1570
4_-2192_1412_-10100,-298.3,-1066.3,-140.0,-953.8,91.2,191.2,8919
16_9884_1529_-6286,970.1,-656.9,1006.2,-598.9,139.3,166.4,913
5_8440_1219_1674_ResidualBody01,820.6,135.1,855.4,179.4,74.8,151.1,743
4_-8487_1906_-14587_ResidualBody08,-919.6,-1485.9,-892.2,-1445.6,210.2,287.0,527
7_21043_1488_20575_Residual_a16f6109_Body01,2077.5,2026.9,2115.6,2091.5,72.1,225.5,1138
1_-22305_2082_8798_ResidualBody03,-2238.2,846.3,-2191.5,901.6,168.0,262.7,1133
6_6753_1756_-17787_ResidualBody01,577.7,-1885.8,766.2,-1765.0,94.4,167.4,7524
15_-18704_932_-18161,-1925.0,-1887.0,-1815.8,-1745.1,58.9,127.5,7956
1_-27725_1904_7456,-2806.7,706.9,-2738.4,784.3,129.0,251.9,2493
5_8457_1639_3503_Body02,843.6,331.7,868.9,379.3,74.0,110.8,630
6_7385_1554_-16491,719.8,-1670.3,757.4,-1627.0,112.5,198.3,955
5_8323_1321_11152_ResidualBody03,793.5,1149.4,833.7,1184.7,63.8,111.1,753
1_-22703_1886_13157_Residual_cd518f2a_Body06,-2305.5,1272.7,-2248.9,1302.6,165.3,242.1,957
12_21144_1743_-13982,2088.4,-1419.7,2140.5,-1376.7,142.8,205.9,1099
9_-14373_1742_8417_Residual_4fadebcc_Body02,-1465.5,790.3,-1440.8,830.8,197.0,238.0,715
2_23597_1502_-3708,2337.4,-390.6,2382.0,-351.1,133.1,167.4,1538
7_10974_2564_25302,926.5,2430.4,1253.0,2600.8,123.0,389.8,33766
Building3,-1162.1,-1524.7,-1067.9,-1439.8,66.2,219.8,4102
9_-13685_1823_6371,-1389.3,599.2,-1347.6,675.1,104.9,259.7,2060
9_-10827_1669_9438,-1125.6,871.6,-1040.9,1008.1,99.5,234.3,7007
4_-7109_1460_-14080_Residual_f99ec8ab_Body01,-760.9,-1473.9,-656.7,-1338.8,108.5,183.4,8837
9_-14373_1742_8417_Residual_4fadebcc_Body01,-1441.1,863.3,-1426.6,887.2,110.3,238.0,232
2_19108_2095_-5727,1862.8,-606.4,1958.8,-539.0,142.1,276.9,2536
10_-15458_1051_-10233,-1580.2,-1060.0,-1511.1,-986.7,56.2,153.9,2580
11_15557_1728_5285_Body01,1561.7,509.7,1583.2,536.8,124.4,203.4,355
12_28359_2158_-16303_Body01,2798.3,-1629.9,2832.1,-1592.4,133.5,298.1,824
16_5801_1092_-2190_Body01,550.7,-237.0,595.2,-202.9,77.1,141.3,856
6_10587_1623_-15446_Body01,979.6,-1642.5,1141.2,-1442.0,111.9,177.0,18421
11_20160_1820_2249_Body01,2013.9,203.2,2033.9,220.7,162.6,201.3,270
6_6658_1745_-12531_Body01,622.7,-1295.5,710.7,-1205.8,129.4,166.0,4200
13_-17438_1894_13914_ResidualBody01,-1779.7,1352.5,-1726.4,1422.7,116.8,244.2,1963
10_-17869_1202_-10295,-1815.5,-1058.2,-1758.3,-1000.8,53.2,187.2,1641
6_16012_2445_-12199_Body01,1547.7,-1261.6,1576.7,-1234.4,137.8,351.2,517
11_16173_1545_5638,1594.5,535.8,1640.1,591.9,123.9,185.2,1273
6_8391_1632_-15439_Body01,840.7,-1536.3,879.1,-1498.9,106.5,219.9,709
10_-13727_1902_-13131_Residual_4619ec22_Body01,-1448.4,-1392.0,-1295.9,-1234.2,56.7,216.4,12680
6_10587_1623_-15446_Body02,1048.2,-1642.5,1117.0,-1564.7,171.7,212.8,1962
7_20845_1033_21781,2050.0,2146.3,2119.1,2209.8,74.0,127.8,2156
10_-16921_1257_-9424_Residual_d0354220_Body01,-1699.9,-969.7,-1662.6,-916.7,52.1,92.1,1048
8_4056_1436_25992,389.8,2577.4,421.7,2619.5,121.7,165.5,1102
7_14720_903_14092_Body02,1406.2,1353.6,1447.6,1391.6,69.9,110.7,631
13_-11742_1065_24984,-1257.6,2413.6,-1090.6,2584.6,62.4,132.8,15484
1_-21717_2090_12618_ResidualBody01,-2199.2,1260.9,-2168.6,1286.9,134.9,283.1,450
4_-4123_1455_-14876,-438.9,-1510.5,-384.2,-1464.1,121.3,169.7,1584
9_-9842_1388_12232_Body01,-976.2,1216.5,-958.8,1250.0,72.4,187.3,281
6_9129_2428_-10168,822.7,-1107.6,1003.0,-925.9,131.5,354.0,16964
10_-16921_1257_-9424_ResidualBody03,-1724.5,-970.4,-1662.6,-915.9,86.8,145.7,1899
9_-10581_2338_11079,-1213.8,1017.1,-902.3,1198.7,95.2,372.3,33670
11_16759_1525_2328_Body01,1652.9,208.8,1699.6,256.4,129.4,175.7,1282
15_-15351_676_-17464_Body01,-1575.9,-1788.2,-1535.5,-1727.4,45.7,89.5,520
1_-25408_1652_8057_Residual_913223cc_Body01,-2560.0,787.3,-2519.6,823.2,133.2,197.1,792
7_12485_1361_20258,1215.1,1993.2,1281.9,2057.8,94.6,177.6,2178
8_3990_1682_30243_Residual_4ed4bd04_Body01,382.6,3002.3,429.1,3053.5,124.6,211.9,1062
13_-10639_1665_13442_Body02,-1107.0,1297.2,-1031.0,1378.3,86.8,157.0,3787
1_-28009_1926_13126,-2823.3,1276.3,-2800.9,1299.1,133.8,251.3,254
3_3968_1570_18314,372.0,1804.6,418.9,1858.2,95.0,196.6,1770
13_-9325_965_23589,-951.7,2332.3,-913.4,2385.5,64.0,129.0,916
5_4245_980_9119_Residual_eaa74253_Body03,405.3,917.5,418.5,939.2,91.7,132.8,207
7_10413_1554_17941,1021.3,1756.2,1061.3,1832.1,92.5,218.2,2058
8_3920_1881_23385,321.0,2289.5,463.6,2381.2,119.7,256.4,9791
5_3073_890_9317,275.2,904.0,339.3,959.3,67.7,110.4,2023
16_13886_2197_-3801_Residual_f2f6c3af_Body01,1333.8,-430.8,1411.8,-361.2,137.0,266.8,2374
8_1898_1962_24932,119.4,2443.8,260.3,2542.5,121.4,271.0,9597
5_11652_1621_1352,1106.7,76.7,1223.7,193.6,94.3,229.8,5181
9_-5140_1743_7505_ResidualBody02,-575.9,707.9,-489.3,823.2,61.7,179.7,9227
6_7539_1689_-15244_Body02,724.6,-1567.1,801.2,-1490.6,114.9,222.8,3510
1_-21087_1877_13149_Residual_baa16ac0_Body01,-2101.4,1282.1,-2074.1,1313.1,133.8,223.8,367
7_18648_1164_17874_Body01,1823.1,1770.5,1892.6,1835.6,73.0,159.8,2430
6_8872_1529_-11653_ResidualBody02,879.4,-1176.2,899.6,-1147.2,115.4,190.4,279
5_6003_1424_7739_Body05,541.7,723.2,635.3,785.4,180.6,203.9,3635
12_21561_2339_-15703_ResidualBody01,2146.3,-1594.7,2269.3,-1478.2,140.5,327.4,7112
16_3930_1923_-4622_Residual_8bebb8d8_Body01,308.0,-556.4,493.1,-368.1,73.1,311.6,15192
5_5726_974_2492,551.0,217.7,594.3,280.7,66.0,128.7,1179
3_-2300_1261_18696_Residual_26e00f2c_Body01,-300.2,1798.3,-157.1,1940.0,55.2,197.1,10045
1_-19503_1483_13256_Body01,-1977.7,1303.3,-1926.6,1347.3,125.5,171.2,1372
9_-9940_1725_1111_Body05,-1024.6,88.8,-964.0,134.2,169.5,282.0,1791
6_2047_1581_-18188_Body02,183.0,-1818.9,206.6,-1768.6,90.6,189.9,891
11_20566_1029_7021,2046.1,682.8,2076.5,714.7,87.4,118.3,540
13_-12289_2222_13613,-1293.4,1309.7,-1164.5,1430.1,95.6,348.9,9243
9_-11708_1428_647,-1191.6,29.0,-1149.3,93.6,66.1,201.7,1440
7_7054_1310_14995_Residual_0451c812_Body01,665.6,1504.5,745.1,1554.3,77.5,166.8,3361
15_-18636_1325_-24468_Residual_c4e4bca1_Body02,-1890.3,-2441.6,-1846.1,-2399.6,68.6,178.6,1057
15_-26500_1293_-19771,-2685.7,-2012.3,-2614.3,-1942.0,47.9,210.7,2484
12_20628_1599_-15099_Body01,2049.8,-1535.0,2088.5,-1501.4,141.0,178.7,573
4_-5806_1410_-18653_Residual_b0c890dc_Body01,-609.7,-1892.2,-547.9,-1840.0,90.0,120.6,2218
13_-20911_2233_18256_ResidualBody01,-2133.0,1812.7,-2064.7,1874.6,119.4,309.2,2322
5_8440_1219_1674_Residual_357aee3d_Body01,823.3,133.7,868.9,200.8,74.8,169.0,1858
8_4505_1915_25453_Body02,395.7,2544.1,440.2,2572.9,145.3,204.2,721
11_23337_1470_3573,2305.1,337.1,2362.2,377.4,103.9,170.0,1879
5_6577_1460_10801_Residual_697080d8_Body05,621.9,1081.8,646.7,1103.5,168.1,209.2,283
11_20198_1432_4778,1978.1,441.4,2064.2,514.3,102.4,184.0,5744
10_-20137_2546_-1961,-2072.3,-263.1,-1955.1,-129.1,86.6,422.6,11565
13_-14742_1412_23003_ResidualBody06,-1520.0,2224.2,-1454.3,2293.5,141.9,183.0,1965
16_7018_1383_-4192_Residual_aa1f2c0e_Body01,665.6,-442.7,699.2,-384.3,94.7,163.9,816
12_23822_2023_-11700_ResidualBody01,2338.3,-1222.6,2429.7,-1120.2,130.8,202.5,4144
15_-18636_1325_-24468_ResidualBody05,-1919.0,-2476.1,-1883.3,-2442.2,68.6,178.6,564
10_-15197_1091_-8204_Body01,-1553.6,-825.1,-1494.4,-790.3,51.1,167.1,1122
9_-5220_1514_9071_ResidualBody01,-594.8,849.8,-465.1,983.2,53.5,142.1,13679
3_257_1726_15414_Residual_efb0b135_Body05,-33.9,1496.7,51.9,1572.1,219.1,260.2,3952
3_-2134_1649_20972_Body01,-244.4,2045.1,-170.4,2089.8,68.2,261.5,1749
5_8323_1321_11152_ResidualBody11,788.9,1074.3,866.8,1154.7,123.6,182.5,3453
8_3066_2980_32070_Residual_33e7e6db_Body02,257.2,3159.9,314.9,3213.4,116.9,479.2,1807
6_3139_1561_-15993_ResidualBody01,308.9,-1571.6,366.2,-1550.5,121.1,191.1,858
1_-22305_2082_8798_ResidualBody04,-2267.5,843.6,-2220.0,900.2,168.0,262.7,1318
12_28806_2188_-16149_Body01,2833.4,-1656.4,2929.7,-1563.7,133.6,304.1,5414
5_7478_1140_8885_Residual_fe0d6dea_Body01,780.6,827.3,804.6,865.8,62.6,165.3,432
9_-7605_1351_8204,-794.1,775.8,-727.2,864.9,69.7,200.5,5469
11_18071_1672_2860_Body01,1779.9,260.9,1837.5,311.3,127.1,207.3,1666
5_8806_1056_1598,862.9,136.0,898.3,183.6,76.3,134.9,803
4_-9200_757_-2936,-951.4,-323.1,-888.5,-264.0,55.8,95.5,1532
11_15309_1434_9037_ResidualBody03,1501.5,857.5,1561.0,928.1,77.8,155.4,2640
9_-19067_1495_12403_Body01,-1911.7,1217.5,-1887.0,1239.7,130.8,168.3,410
10_-14809_1313_-7855,-1514.4,-814.4,-1447.4,-756.6,52.7,186.7,2008
7_8737_1474_13792_Residual_d0597c7b_Body03,869.4,1331.7,938.6,1425.2,94.6,189.2,2037
10_-14276_1291_-7380_Body01,-1450.2,-750.8,-1432.1,-714.8,53.6,204.5,419
4_-1134_1758_-17706_ResidualBody03,-142.2,-1776.9,-87.3,-1736.4,97.9,146.7,1217
11_21922_1496_-170,2180.6,-33.7,2203.8,-0.2,130.6,168.5,653
5_12440_1370_4225_Residual_ce013b98_Body01,1225.6,445.4,1258.8,458.3,95.4,178.6,329
5_10133_2300_2639_Body01,984.1,228.6,1042.4,300.7,216.1,246.1,2071
7_13836_955_15296,1360.3,1505.8,1406.9,1553.5,69.5,121.5,1292
16_5197_1176_-3457,520.6,-344.6,538.5,-328.3,74.7,160.5,160
5_6405_1270_6447,609.7,621.3,664.6,662.9,64.8,189.2,838
4_-938_1632_-6299,-131.6,-669.3,-56.0,-590.6,70.0,256.5,3499
6_5937_1189_-20135_Residual_18457d84_Body01,526.6,-2066.6,662.1,-1964.6,87.4,150.4,8241
8_2196_1413_30668,191.0,3047.7,248.2,3084.7,120.8,161.8,1785
1_-26826_3612_4083,-2698.2,319.5,-2619.5,404.7,345.1,377.3,2811
9_-12162_2326_6048_Residual_a4561c55_Body01,-1289.3,586.4,-1215.9,624.7,91.7,373.5,1397
2_24197_1993_-9994_Body01,2380.6,-1033.8,2458.8,-964.9,110.4,288.3,2798
10_-15143_1186_-10691_Residual_10c87870_Body05,-1541.3,-1097.1,-1495.9,-1052.5,86.1,180.8,1228
1_-25675_1985_5655_Body02,-2689.9,460.3,-2499.1,616.0,132.0,175.6,7084
13_-11522_1392_21182_Residual_d5438429_Body02,-1174.2,2082.5,-1102.0,2183.0,83.1,123.9,2096
16_3877_1215_-3336_Body01,313.4,-335.0,376.5,-298.0,71.0,154.0,1200
9_-8898_1256_10624,-914.8,1014.7,-864.8,1110.1,87.0,150.6,3261
5_2275_1245_8390_Residual_c4ab0da2_Body01,189.4,789.5,256.5,873.8,61.1,187.9,3232
5_6819_1187_10146_ResidualBody06,646.8,1021.0,678.6,1048.2,62.8,138.9,520
5_10349_1095_6008,1007.4,588.6,1062.4,612.7,77.8,141.2,1017
9_-2068_2212_12095_Body01,-228.3,1145.2,-186.7,1273.1,207.1,237.1,4763
1_-27461_1641_10260_Residual_bf66fd67_Body01,-2784.2,1003.1,-2721.8,1055.5,124.6,203.7,1550
9_-5140_1743_7505_ResidualBody01,-484.5,750.4,-431.6,819.7,61.7,179.7,2768
16_13886_2197_-3801_Residual_f2f6c3af_Body02,1357.3,-387.2,1442.8,-327.1,137.0,302.5,2782
11_13318_1591_2509,1298.4,211.2,1365.3,290.9,99.2,208.0,1842
13_-15642_1589_16325_Body03,-1465.1,1676.2,-1425.6,1751.0,77.3,115.6,950
9_-5506_1345_12202,-585.5,1199.4,-523.8,1241.0,61.7,207.3,2363
1_-20011_1906_12562_ResidualBody01,-2031.8,1261.1,-1980.4,1298.4,130.9,214.6,817
3_3335_1747_13588_Body02,263.7,1465.5,371.3,1554.7,149.1,243.7,6606
8_-2669_1705_31424_Body02,-265.9,3129.5,-235.6,3171.2,78.0,245.2,580
9_-5140_1743_7505_Residual_821a4002_Body01,-597.5,702.5,-489.3,824.1,61.7,286.8,12051
9_-16128_2013_4831_Residual_49832d3b_Body01,-1668.5,461.5,-1567.5,529.7,103.9,298.7,3440
6_5365_1404_-15465,477.1,-1609.2,590.5,-1483.8,110.3,170.6,5250
10_-25785_2226_-1344_ResidualBody01,-2647.5,-128.7,-2617.1,-88.3,107.6,301.8,631
11_20060_1799_1026_ResidualBody04,1967.9,61.6,1993.9,81.3,119.8,186.5,318
5_9514_1416_2804_Residual_b51c91ef_Body01,924.7,243.2,975.1,259.1,75.2,207.9,510
15_-18636_1325_-24468_ResidualBody07,-1862.7,-2464.5,-1804.2,-2403.0,155.4,196.4,1691
4_-12036_1126_-5036,-1228.8,-528.0,-1178.5,-479.1,47.2,178.1,1049
7_15738_1046_14982,1537.6,1446.6,1577.9,1486.8,71.6,137.5,824
13_-9897_1351_25493_ResidualBody03,-1065.9,2560.1,-964.4,2641.6,58.7,157.8,5218
10_-16549_1273_-6540_ResidualBody09,-1673.2,-669.4,-1642.7,-634.5,103.1,197.7,565
5_10007_1545_4575_Residual_df187097_Body01,951.7,429.2,1023.6,509.9,77.2,231.8,4319
9_-12461_1678_8130,-1286.1,749.0,-1206.2,876.9,101.6,233.9,3716
7_15882_2446_25545_Residual_7c9968d0_Body03,1635.9,2526.7,1689.2,2579.1,306.9,383.7,1525
8_7164_1333_23628_Body01,703.4,2345.2,730.1,2381.2,117.3,149.3,644
13_-9629_1099_13986_Body03,-1006.8,1400.5,-990.1,1421.7,80.8,139.0,204
15_-16984_817_-20973_Body01,-1720.2,-2114.0,-1676.4,-2075.1,66.6,96.8,882
12_24502_3155_-12717,2435.3,-1321.7,2471.3,-1242.3,275.7,355.4,1721
5_5701_959_10498,500.7,996.7,639.4,1102.9,63.4,128.3,8886
3_-6927_1585_25205,-719.5,2508.8,-665.9,2532.1,63.8,253.2,990
4_-5325_1409_-17113,-572.1,-1751.7,-493.0,-1670.9,106.5,175.3,4361
4_-8487_1906_-14587_ResidualBody02,-873.9,-1488.5,-833.2,-1442.8,94.1,287.0,952
11_13097_1343_3390,1296.3,326.3,1323.0,351.7,102.0,166.5,340
4_-1134_1758_-17706_Residual_a5f14c66_Body01,-132.1,-1808.6,-76.8,-1763.8,97.9,200.3,1640
6_12302_2263_-11514_ResidualBody01,1187.2,-1221.8,1273.1,-1088.2,113.2,232.3,6573
11_16715_1492_1626,1646.1,137.5,1696.8,187.7,132.2,166.2,1410
9_-5220_1514_9071_ResidualBody03,-585.2,847.8,-482.6,968.9,136.8,177.9,7745
10_-28172_1931_-1176,-2856.9,-153.7,-2777.5,-81.6,115.1,244.1,3279
6_6045_1513_-14504_Residual_0b906a69_Body01,587.6,-1470.6,608.7,-1455.5,128.4,174.3,230
6_7609_1891_-13491_Body01,720.9,-1373.3,808.6,-1291.1,176.4,201.8,2163
8_5066_1749_28549_ResidualBody01,472.4,2840.7,529.7,2901.7,120.5,211.4,1569
13_-23052_2613_16069,-2388.5,1501.6,-2235.1,1683.4,124.8,397.7,15235
5_7478_1140_8885_ResidualBody02,694.9,875.2,781.4,955.3,62.6,165.3,2780
9_-13407_1868_6331,-1357.7,594.5,-1323.8,671.7,103.8,269.8,1388
11_19717_1224_6735,1951.3,660.2,1992.2,686.8,90.2,154.6,829
8_-30_1914_28539_Residual_b4be56c3_Body01,-56.2,2789.5,61.4,2905.7,82.6,300.1,10524
12_21679_1782_-17979_Body01,2141.1,-1840.1,2202.5,-1770.5,145.3,211.1,2433
10_-24276_1051_-5973,-2453.9,-621.9,-2400.5,-573.3,90.8,119.5,1125
10_-16280_1351_-6282_ResidualBody02,-1636.9,-663.2,-1598.0,-636.9,56.7,195.7,537
1_-29060_1581_6094_ResidualBody02,-2979.2,606.7,-2939.7,641.4,124.9,191.4,593
16_3930_1923_-4622_ResidualBody02,414.1,-556.4,478.9,-484.7,73.1,204.4,2619
11_16271_1313_8875_ResidualBody09,1618.1,890.3,1641.9,917.3,107.8,184.6,462
4_246_1582_-17670_ResidualBody02,1.4,-1793.5,47.8,-1758.4,103.2,213.1,1376
2_23347_1490_-8161,2320.0,-834.6,2360.9,-792.8,126.0,172.1,944
7_21043_1488_20575_ResidualBody04,2091.6,2035.0,2131.2,2075.9,166.6,225.5,702
8_-1744_1028_32177,-192.7,3200.9,-156.2,3234.5,82.5,123.1,949
1_-24529_2180_10458_ResidualBody02,-2475.4,1016.1,-2439.2,1031.2,133.0,195.8,412
7_11588_1511_14325_Residual_dd0c70ee_Body03,1067.0,1371.9,1222.0,1492.2,157.2,216.1,9778
7_11925_1525_16148_ResidualBody01,1118.3,1568.9,1267.8,1680.8,70.3,163.3,8618
7_14141_1451_20952_ResidualBody01,1347.8,2099.7,1437.5,2158.4,73.8,180.6,2524
11_19810_1408_5559_ResidualBody07,1997.2,519.6,2013.6,566.9,143.7,184.7,533
6_15565_5654_-8725_Body01,1411.3,-949.4,1643.5,-867.2,546.3,584.5,3535
11_18884_1256_5748,1853.6,548.6,1923.2,601.8,98.1,153.2,2689
4_-527_1223_-7154_Residual_fe9b6150_Body01,-94.3,-739.2,-28.2,-697.0,76.6,168.0,1411
1_-21717_2090_12618_ResidualBody07,-2187.2,1237.5,-2164.4,1254.4,152.8,265.3,256
6_7539_1689_-15244_Body01,708.2,-1544.5,742.4,-1484.4,114.9,222.8,826
1_-26766_1595_9751,-2697.7,951.0,-2655.5,999.3,126.7,192.3,930
9_-14704_1504_9478,-1476.5,958.2,-1458.2,973.8,114.2,186.7,175
12_27357_2242_-16476,2676.2,-1719.6,2795.1,-1575.6,130.1,318.4,9719
10_-19275_1104_-7111,-1989.5,-783.7,-1865.4,-657.5,61.6,159.1,7593
11_20474_1264_5547_Body01,2015.4,522.8,2068.0,570.0,98.5,136.5,1520
5_6577_1460_10801_Residual_697080d8_Body01,617.3,1048.5,689.2,1113.0,64.9,102.0,2506
2_26134_1899_-6547_Residual_398056e2_Body01,2625.1,-717.1,2668.2,-622.5,105.2,238.8,2411
5_5506_1112_8582_ResidualBody02,550.1,853.5,585.9,884.0,62.0,142.5,614
9_-5220_1514_9071_Residual_61b48b9c_Body01,-590.8,841.9,-482.0,970.9,53.5,249.3,12676
4_-12421_1213_-5442_ResidualBody02,-1268.6,-562.1,-1223.8,-517.9,127.8,186.7,972
1_-28347_1719_5555,-2860.4,530.3,-2808.9,580.7,126.0,217.9,1279
4_-10996_1626_-14302,-1132.6,-1463.2,-1066.7,-1397.2,65.9,259.3,2286
16_8787_1956_-4372,802.9,-522.6,953.5,-358.9,108.4,247.0,12443
11_19810_1408_5559_ResidualBody05,2003.0,572.8,2016.7,595.3,143.7,184.7,246
11_18806_1283_6287,1858.4,604.8,1902.7,652.7,94.9,161.8,1722
8_4378_1951_28447_Residual_f34434f8_Body03,441.8,2868.3,456.4,2882.3,117.2,273.0,158
1_-28059_1735_6865,-2785.8,684.2,-2767.4,703.3,127.3,219.7,179
16_5036_995_-2431,485.4,-264.4,521.8,-221.6,73.1,125.8,850
14_1280_975_2368,37.0,195.3,219.0,278.4,60.4,130.3,10874
10_-20064_847_-7784,-2024.9,-795.4,-1987.8,-761.4,64.2,105.3,634
8_-2753_1281_30833,-297.4,3053.5,-253.4,3112.9,75.8,180.5,2188
15_-19803_892_-15986_Body01,-1975.3,-1610.1,-1951.7,-1584.9,55.6,122.8,292
11_21562_1549_5255_Residual_172ebeb1_Body02,2134.3,509.6,2162.3,549.8,98.7,139.7,489
9_-15927_1131_2047_Body01,-1632.7,204.1,-1603.9,236.1,86.2,122.1,350
1_-27142_1447_12148_Body02,-2736.8,1189.4,-2714.3,1216.2,130.5,159.0,306
9_-15523_1701_12183_Body01,-1588.0,1212.0,-1575.2,1224.9,105.1,199.4,102
13_-13800_1212_23268_Body01,-1350.2,2289.1,-1310.4,2318.6,98.5,143.8,385
13_-17096_3327_18327,-1788.2,1738.8,-1598.2,1931.9,96.4,568.9,24293
16_12901_1620_-4393_Body01,1262.5,-461.4,1307.3,-416.6,142.0,182.1,987
1_-29375_1901_2449_Residual_a9a8def8_Body01,-2982.1,209.5,-2894.7,283.5,116.3,263.9,3608
5_10007_1545_4575_Residual_df187097_Body03,1013.9,429.0,1031.8,446.9,190.8,231.8,199
11_24902_1359_1795_Body01,2463.7,156.7,2495.4,190.6,108.9,145.0,639
15_-18619_1225_-16911_Body02,-1905.5,-1762.4,-1795.2,-1655.6,55.0,154.4,6153
4_-12519_1721_-11760_Body01,-1287.0,-1277.0,-1232.4,-1231.8,52.7,130.9,1085
6_5706_1800_-12229_Residual_228e0276_Body01,522.1,-1259.0,575.1,-1234.2,189.0,230.1,624
11_14985_1466_9084_Residual_afa538b5_Body03,1488.9,911.7,1531.8,960.6,174.7,215.8,1599
11_15093_1444_4093,1496.6,389.7,1521.9,429.0,120.8,167.9,386
7_18252_1364_22334_Body01,1685.6,2095.6,1961.5,2384.6,72.1,200.7,28306
13_-9493_876_23468,-967.1,2324.4,-931.4,2369.2,64.3,111.0,806
5_6577_1460_10801_ResidualBody05,633.0,1048.5,696.7,1092.6,114.5,155.6,1331
10_-19674_1311_-11934_Body01,-1990.0,-1222.1,-1948.2,-1195.9,52.4,209.8,481
1_-23554_2225_6668,-2426.1,587.8,-2284.7,745.9,135.9,309.2,10101
4_-4138_1495_-15336,-423.5,-1559.0,-390.9,-1507.8,121.2,177.9,1060
13_-13625_1318_24267_Body03,-1422.9,2370.6,-1349.5,2469.0,131.2,172.2,2083
13_-7535_1459_26324_Residual_2d12755c_Body02,-810.9,2624.6,-752.8,2665.1,135.4,230.1,1413
4_-10904_1766_-9267,-1179.9,-1015.1,-1000.9,-838.3,49.1,304.2,16236
5_3750_1693_7298_ResidualBody09,325.4,696.1,361.9,759.5,130.0,206.8,1162
4_-9770_4222_-4948,-1136.5,-649.5,-789.2,-329.3,34.0,810.3,52307
10_-14468_1416_-4279,-1483.3,-485.8,-1389.0,-390.1,56.6,214.1,4150
5_3490_905_8906,331.5,863.2,366.5,917.9,60.8,120.2,822
13_-16925_1500_20950_ResidualBody01,-1730.5,2040.5,-1657.2,2111.5,98.1,166.1,2235
1_-21717_2090_12618_Residual_0188e0c8_Body03,-2160.6,1240.7,-2144.2,1258.1,152.8,211.7,203
11_13020_2635_11293,1288.7,1116.1,1315.3,1142.6,246.3,280.6,410
5_1247_1609_13370_Body01,87.4,1343.8,129.0,1383.9,73.6,194.7,495
13_-19035_1774_14919_ResidualBody01,-1934.4,1462.0,-1869.1,1527.2,123.3,213.6,2126
13_-14586_1192_23840_Body01,-1476.6,2372.0,-1437.7,2403.4,99.1,139.4,796
1_-30074_1576_4640_Residual_5a5e334d_Body01,-3033.9,433.7,-2978.9,503.4,117.7,197.5,2257
11_20474_1264_5547_Body02,2016.9,532.5,2056.0,570.0,131.1,154.3,812
1_-29612_1875_1771_Body01,-2978.8,149.2,-2947.9,199.8,123.1,252.0,928
6_9090_1466_-14626_Body02,903.1,-1481.9,931.7,-1451.9,161.3,184.5,432
13_-18093_1776_15504_Residual_4b9460cf_Body01,-1806.7,1562.4,-1780.7,1584.4,109.0,246.2,387
13_-16925_1500_20950_Residual_8ae08768_Body01,-1730.8,2040.2,-1676.7,2144.1,98.1,201.8,3696
12_17473_1616_-15264_Body01,1726.4,-1559.5,1772.6,-1499.1,141.7,181.6,1322
3_-5562_1398_13317_Residual_03f0cece_Body01,-572.5,1305.3,-543.7,1363.4,64.2,215.4,1237
10_-25961_1399_-6007_ResidualBody02,-2603.9,-613.8,-2578.8,-600.4,98.1,181.8,234
13_-8041_1102_22785_ResidualBody01,-829.6,2294.5,-806.0,2316.4,61.0,105.9,282
11_17520_1596_8098_Residual_407de249_Body01,1683.1,753.8,1796.7,787.9,180.2,221.3,2979
6_12302_2263_-11514_ResidualBody03,1153.2,-1203.4,1210.8,-1084.8,113.2,232.3,2344
7_12731_1084_19230,1215.4,1870.8,1330.8,1975.2,75.3,141.5,4455
5_4877_1183_2778,436.5,233.2,539.0,322.4,64.4,172.2,5615
16_7403_1134_-3561,717.6,-372.8,763.0,-339.4,93.7,133.0,787
1_-24138_1683_14006_ResidualBody01,-2382.1,1358.2,-2362.3,1379.3,135.5,201.2,242
16_14888_2013_-4605,1459.0,-498.1,1516.4,-416.0,139.4,263.3,1864
8_3412_1862_25673_Residual_e3acab7c_Body01,294.7,2531.9,378.0,2611.0,121.3,215.4,4027
1_-29362_2109_10041_ResidualBody13,-2975.8,1000.4,-2951.8,1030.1,138.1,197.0,394
4_-10248_1127_-17448_Body02,-1024.0,-1767.3,-995.8,-1719.1,92.2,133.1,740
2_21224_2387_-9521_ResidualBody04,2050.3,-973.5,2092.4,-936.3,143.9,190.7,822
11_23445_1293_3957_Residual_590a5312_Body01,2300.8,374.2,2387.9,417.1,101.0,157.6,3018
1_-28186_1546_9153,-2841.1,890.8,-2796.1,939.8,124.0,185.3,1072
3_-7027_898_23586,-734.5,2348.1,-657.7,2368.7,62.2,117.4,1324
3_257_1726_15414_Residual_efb0b135_Body01,-18.9,1574.3,85.2,1684.0,67.1,206.6,6896
5_5506_1112_8582_ResidualBody01,513.7,836.2,554.9,870.7,62.0,142.5,767
9_-16344_2040_8988,-1667.7,839.2,-1603.3,958.1,119.4,288.6,3578
8_4233_1848_29026,329.2,2860.6,517.4,2944.6,122.8,229.8,11161
13_-14742_1412_23003_Residual_23dbf3d0_Body01,-1520.0,2224.2,-1412.0,2325.3,124.1,165.1,4929
4_-1134_1758_-17706_Residual_a5f14c66_Body03,-120.5,-1748.5,-86.8,-1728.8,97.9,146.7,389
8_-417_1650_22523_ResidualBody02,-105.7,2180.6,26.6,2324.0,67.0,209.5,10541
9_-3592_1064_6205_Body01,-383.1,591.0,-335.6,648.2,58.0,154.8,1651
5_863_1697_7462_ResidualBody02,16.5,688.1,130.8,741.0,59.1,280.3,3837
4_-11596_863_-4573,-1185.8,-482.9,-1133.4,-431.8,44.1,128.5,1232
10_-27244_3178_-1824_Body01,-2743.1,-207.1,-2702.6,-159.6,301.5,334.1,1019
11_16883_1544_6249_Body03,1660.4,632.2,1688.7,656.4,163.8,187.0,290
7_15814_1403_13861_ResidualBody02,1537.2,1381.3,1581.7,1422.3,130.1,189.0,878
15_-19283_1138_-25083_Residual_712d677a_Body01,-1943.3,-2536.9,-1889.9,-2477.3,66.9,107.1,1765
3_257_1726_15414_ResidualBody04,2.1,1574.3,80.3,1684.0,94.1,135.2,4727
8_1796_1587_27741,152.5,2738.7,206.6,2829.1,103.0,205.5,4151
13_-15642_1589_16325_Body06,-1481.9,1547.8,-1411.9,1631.8,110.3,204.9,3482
1_-26110_2045_11582_Residual_dfd7e9a2_Body01,-2628.2,1130.0,-2574.9,1192.3,130.6,278.5,774
4_-12421_1213_-5442_ResidualBody01,-1268.6,-568.2,-1217.1,-517.9,55.9,133.2,1215
3_-1696_1412_18842_Residual_076904b0_Body01,-199.0,1850.7,-140.2,1930.8,88.1,200.6,3410
6_9090_1466_-14626_Body03,888.7,-1464.8,914.7,-1439.1,161.3,184.5,343
8_982_1389_22128_Body01,80.3,2194.0,117.3,2232.1,108.6,169.1,1215
13_-8398_941_24188,-861.2,2400.7,-841.1,2427.1,61.8,126.4,259
11_20122_1984_166_Residual_f9b70a19_Body03,1994.4,36.6,2033.8,49.8,211.7,252.8,391
5_9055_971_2138,886.8,191.9,924.1,235.8,74.5,119.6,844
1_-26200_1474_9368,-2644.6,910.6,-2595.8,963.0,125.0,169.8,1213
11_24983_1327_2575_ResidualBody02,2479.2,255.1,2506.4,267.6,108.4,157.0,324
5_9888_1382_12135_ResidualBody01,961.6,1181.1,998.3,1237.3,67.4,208.9,684
12_31092_2127_-13091,3069.9,-1356.3,3148.5,-1262.0,133.3,268.5,4237
2_23856_1482_-5364,2370.4,-553.2,2400.8,-519.6,126.4,170.1,976
8_5066_1749_28549_Residual_d23ee732_Body01,463.3,2865.1,492.6,2893.3,120.5,229.3,643
11_21607_1686_5926_Residual_0505526b_Body01,2179.7,583.4,2197.6,610.1,90.2,247.1,250
13_-10199_1022_24415_ResidualBody05,-1081.3,2397.7,-993.3,2506.4,86.0,127.1,5280
3_-1853_862_15908,-210.0,1578.3,-160.5,1603.2,67.7,104.7,1095
14_-2438_749_4623,-256.2,440.7,-231.3,484.0,53.9,96.0,869
1_-29362_2109_10041_ResidualBody17,-2975.4,960.9,-2917.8,1036.3,245.2,286.3,2226
1_-30202_1509_6126_Body01,-3047.0,576.2,-2994.8,646.6,118.8,183.1,2322
1_-27580_1872_9386_Body01,-2779.6,884.7,-2746.5,939.3,122.5,162.7,990
10_-14276_1291_-7380_Body02,-1429.2,-759.8,-1411.2,-720.8,53.6,204.5,549
8_1599_1304_22623,133.9,2248.1,186.0,2276.4,112.6,148.3,1208
7_13413_844_15494_Body01,1313.6,1556.6,1348.7,1575.9,69.3,99.5,315
13_-9629_1099_13986_Body01,-1006.4,1372.2,-967.0,1408.1,80.8,121.1,814
8_2291_1413_27755_Body02,214.3,2721.4,244.6,2808.4,106.2,158.5,1222
1_-21265_1986_6741,-2145.8,655.0,-2107.3,693.2,136.9,260.2,738
6_13565_1747_-16196_ResidualBody01,1343.6,-1634.9,1361.9,-1606.7,137.2,212.3,243
3_257_1726_15414_ResidualBody09,-15.7,1472.9,66.3,1562.7,129.8,170.9,3719
7_21043_1488_20575_ResidualBody01,2082.7,2026.9,2131.2,2075.9,72.1,171.9,1170
13_-15642_1589_16325_Body01,-1631.3,1606.7,-1449.0,1741.8,77.3,115.6,12977
11_25215_1246_-190,2496.1,-37.0,2547.0,-1.0,98.8,150.4,1483
16_13294_1839_-3533,1294.2,-396.1,1364.6,-310.4,138.6,211.2,2884
4_-5981_1423_-18112_Residual_a5c9c947_Body01,-599.5,-1841.9,-565.4,-1790.4,98.5,132.5,919
13_-11522_1392_21182_Residual_d5438429_Body03,-1178.9,2082.5,-1102.0,2175.9,118.5,159.6,1188
5_10168_1488_2707,982.6,226.7,1051.0,314.7,80.4,217.2,2818
5_10007_1545_4575_Residual_df187097_Body02,1011.6,406.2,1080.7,477.9,77.2,196.1,3550
8_-4521_1487_21929,-465.6,2172.4,-438.5,2213.5,133.9,163.5,978
6_1389_1631_-9700_Body01,83.3,-1020.9,150.3,-910.9,102.6,187.9,3851
1_-22752_1979_9060,-2300.8,877.8,-2249.7,934.3,135.6,260.1,1115
11_16883_1544_6249_Body02,1668.3,592.8,1714.4,645.1,163.8,187.0,1152
3_3646_1786_19755_Residual_52d005e0_Body02,428.0,2017.2,448.7,2042.3,91.3,265.9,349
11_17520_1596_8098_Residual_407de249_Body02,1686.7,785.3,1793.6,863.3,180.2,221.3,6171
5_7503_1041_1688_Body02,733.2,156.9,754.8,176.0,72.2,136.0,189
10_-26326_1250_-4173,-2656.5,-438.4,-2608.6,-395.9,103.9,146.0,1008
13_-8731_1156_23171,-871.8,2331.9,-850.3,2351.0,64.4,166.9,222
10_-16408_1345_-2522_Body03,-1647.0,-300.5,-1584.1,-277.7,71.2,180.0,1174
10_-27835_1783_-1982_Residual_0e7e2fe5_Body01,-2790.2,-235.1,-2735.2,-152.6,112.2,244.3,1525
3_-6937_1435_23197,-724.6,2292.5,-658.2,2346.8,62.0,225.0,3183
16_16253_2238_-5840_Body02,1588.3,-619.3,1649.8,-547.7,251.2,292.2,1369
1_-29512_1403_11172,-2969.2,1101.0,-2933.1,1133.1,125.5,155.1,617
10_-22886_1279_-9502,-2257.3,-859.8,-2214.9,-817.1,64.0,191.7,892
13_-21579_2669_17503,-2218.4,1687.8,-2098.5,1812.8,132.1,401.8,9134
5_4245_980_9119_Residual_eaa74253_Body02,418.5,915.4,431.2,937.9,91.7,132.8,184
12_24773_3894_-20146_Residual_de22fe22_Body01,2350.5,-2199.2,2594.2,-1856.6,137.7,176.8,49281
3_-1952_1705_16909,-208.4,1724.8,-154.8,1761.9,60.4,280.6,1987
4_-6168_1506_-15314,-667.3,-1577.5,-566.3,-1485.3,111.5,189.7,6355
2_25691_1463_-5463_Residual_61235dcf_Body01,2558.8,-550.2,2591.5,-528.3,109.6,183.1,412
7_7136_1102_14169_ResidualBody01,688.2,1404.3,711.0,1435.1,74.5,128.1,337
5_1110_1591_11488_ResidualBody01,-41.3,1049.7,258.6,1247.4,65.6,199.0,37828
11_21012_1834_150_Body03,2065.1,13.2,2086.7,30.3,195.9,236.9,201
11_24983_1327_2575_Residual_0c925b84_Body01,2478.2,246.7,2518.4,267.6,108.4,157.0,802
11_21400_1887_4674,2127.3,455.4,2150.0,482.2,171.3,206.1,517
7_8508_1814_20020_Body01,799.8,1921.8,895.3,2057.5,102.9,260.0,8610
7_20361_1043_22635_Body04,2025.7,2216.3,2050.4,2240.8,110.9,134.1,270
5_4509_1005_9377_Residual_03f8335f_Body01,447.7,886.0,490.4,946.6,61.5,139.5,1390
6_6585_1436_-19528,606.2,-2001.3,690.7,-1923.9,89.5,194.8,3721
9_-1822_1282_10342_ResidualBody01,-217.1,1001.8,-179.5,1072.8,61.2,195.3,1258
16_12511_1928_-1064_Body01,1094.6,-203.8,1403.8,-55.6,89.9,242.1,14262
10_-14483_1320_-7605,-1474.7,-786.8,-1421.6,-734.2,51.5,185.9,1356
1_-26562_2124_12003,-2683.3,1164.3,-2652.4,1195.7,130.7,294.1,493
11_15309_1434_9037_Residual_9f112557_Body01,1500.0,855.8,1561.8,950.6,77.8,209.0,4433
1_-23301_2178_8465_Body01,-2390.3,788.4,-2304.8,848.1,134.1,265.8,1835
14_-767_2551_1364,-91.7,121.2,-61.7,151.5,240.0,270.2,698
13_-9629_1099_13986_Body02,-971.0,1372.0,-947.8,1387.4,80.8,121.1,195
6_393_1736_-8867_ResidualBody02,60.4,-877.6,94.3,-827.5,94.3,145.7,996
1_-29713_1745_12893,-2990.6,1276.1,-2952.0,1315.4,130.4,218.6,781
3_257_1726_15414_ResidualBody10,44.2,1574.3,81.4,1636.3,129.8,170.9,1240
3_1634_1474_15781,117.7,1529.9,209.7,1631.6,76.3,218.5,5753
1_-29339_1433_5341,-2973.5,498.1,-2894.0,574.5,121.1,165.5,2866
2_21224_2387_-9521_Residual_2abf2510_Body01,2091.5,-976.0,2189.7,-914.9,143.9,333.5,3635
4_-965_1865_-11068,-171.4,-1155.5,-21.6,-1058.1,107.7,243.6,7755
7_10094_1230_13588,977.8,1319.9,1041.1,1397.6,68.1,177.9,1787
5_10327_1588_10209_ResidualBody04,1021.7,965.3,1110.2,1070.6,64.3,110.5,4708
1_-27196_2130_12461,-2708.8,1263.0,-2683.3,1287.4,130.8,295.2,296
10_-18132_1013_-2614,-1827.7,-282.2,-1798.7,-240.6,84.8,117.8,1016
16_17676_1828_164_Residual_1fcdf4b6_Body02,1793.5,5.1,1807.0,22.9,132.9,197.0,138
13_-15642_1589_16325_Body02,-1559.1,1527.1,-1423.6,1620.2,77.3,115.6,6330
9_-8102_1612_7054,-852.1,659.3,-768.3,751.5,74.2,248.2,5302
5_10007_1545_4575_ResidualBody05,1011.6,406.2,1078.7,473.5,101.5,196.1,2730
1_-24661_2088_13490_Residual_13cabf88_Body02,-2438.2,1344.3,-2427.0,1362.2,134.7,283.0,138
1_-29375_1901_2449_ResidualBody02,-2982.1,209.5,-2910.1,283.5,151.4,210.3,2523
4_-4307_1271_-18659_ResidualBody06,-456.5,-1877.1,-443.2,-1844.0,118.9,160.0,243
6_15355_1730_-14173_ResidualBody01,1493.6,-1473.9,1557.9,-1412.5,139.5,206.5,2503
7_15882_2446_25545_ResidualBody01,1483.6,2446.4,1689.2,2665.2,87.6,276.6,22491
15_-18420_1465_-18989,-1869.9,-1933.6,-1814.1,-1864.3,58.6,234.5,2243
3_257_1726_15414_Residual_efb0b135_Body03,-37.8,1551.1,-7.3,1589.3,129.8,170.9,465
1_-20225_2028_5114_ResidualBody06,-2047.2,501.3,-1995.1,532.0,196.9,238.0,525
9_-14246_1985_11994_Body01,-1424.7,1179.4,-1399.5,1199.4,178.1,219.0,346
11_14348_1432_3636,1418.1,347.9,1451.6,379.3,116.7,169.6,627
5_9346_1049_2005,915.9,178.9,953.3,221.9,75.8,133.9,850
9_-10612_1265_820_Body05,-1057.4,83.7,-1032.0,118.4,166.7,189.9,360
11_23445_1293_3957_ResidualBody01,2301.5,382.5,2380.9,417.1,101.0,157.6,2170
5_7657_1080_11421,747.9,1120.6,783.4,1163.6,66.0,150.0,773
7_13149_1732_13440_ResidualBody04,1273.9,1309.8,1350.9,1382.5,112.1,206.8,2209
11_16883_1544_6249_Body01,1660.4,592.8,1716.2,656.4,121.8,169.2,1586
3_-6934_1410_22567,-710.4,2219.3,-660.7,2293.2,61.8,220.1,2934
8_1690_1417_26548_ResidualBody02,158.0,2622.3,183.7,2645.8,105.5,160.0,360
4_-12215_1208_-18273_Body03,-1233.0,-1849.3,-1195.2,-1821.4,75.4,112.7,540
1_-23236_2171_12331,-2366.7,1197.7,-2280.4,1268.5,135.8,266.8,3204
14_1600_2847_-2898_ResidualBody02,5.1,-390.0,160.1,-145.0,64.1,219.6,17422
7_12511_1095_19648,1228.6,1942.1,1273.5,1987.5,91.4,127.7,1024
1_-27069_1577_11381_ResidualBody03,-2724.7,1121.5,-2689.5,1157.1,146.1,187.2,738
10_-26078_1138_-5867,-2630.6,-601.1,-2586.4,-569.8,100.7,126.8,724
11_18386_1841_11366_Body07,1778.1,944.7,1896.7,1090.5,198.2,239.2,11834
11_18386_1841_11366_Body08,1666.0,1208.2,1724.6,1238.2,216.0,275.0,1691
8_-2458_1306_22250,-287.8,2192.7,-203.8,2257.4,64.9,196.2,2581
9_-10021_1662_7590,-1050.5,691.0,-953.8,827.1,85.7,221.9,9677
8_4378_1951_28447_Residual_f34434f8_Body01,453.1,2816.3,473.0,2855.4,117.2,148.0,485
1_-23470_2103_13323_ResidualBody04,-2358.8,1315.0,-2291.0,1382.8,208.7,285.5,2324
4_-12898_1911_-2178_ResidualBody01,-1359.7,-275.5,-1183.5,-181.6,57.6,306.7,7046
7_18637_1081_19660_Body03,1850.6,1932.3,1896.4,1984.5,121.0,144.2,900
5_11404_945_7873,1099.3,772.5,1181.5,802.0,75.3,113.6,1444
11_21361_1456_3838,2120.9,353.8,2173.6,412.9,108.7,182.4,2660
7_9411_843_12922_Body01,934.2,1284.5,949.3,1302.6,67.6,100.9,243
2_18792_1789_-8650,1855.9,-886.1,1902.6,-843.6,144.0,213.9,1080
4_-2399_1279_-9629_Residual_66f7021a_Body01,-261.8,-971.8,-221.0,-945.8,90.4,129.7,680
4_-9986_1598_-16851_ResidualBody01,-1004.3,-1690.7,-972.8,-1658.4,93.9,225.7,522
4_-9986_1598_-16851_Residual_43c514f9_Body01,-1014.6,-1709.2,-996.8,-1694.7,93.9,225.7,146
4_-5125_1530_-17709_Body01,-542.4,-1795.4,-482.4,-1745.5,102.9,203.2,2223
3_1375_1084_16451,113.6,1631.8,161.4,1658.3,76.3,140.5,1053
11_20160_1820_2249_Body02,1998.0,231.1,2013.3,248.1,162.6,201.3,189
13_-18919_1411_20357_Body01,-1922.4,2024.7,-1870.2,2066.6,108.1,138.5,1449
1_-30684_1634_4163,-3097.7,395.9,-3039.2,436.0,117.1,209.6,1435
10_-16824_951_-11310_ResidualBody01,-1718.3,-1170.0,-1673.6,-1137.2,54.6,99.9,816
2_21224_2387_-9521_ResidualBody05,2103.9,-967.7,2170.0,-914.9,185.3,315.7,1505
15_-24610_808_-17918,-2486.4,-1814.5,-2435.6,-1769.1,50.5,111.2,1044
4_-8487_1906_-14587_Residual_fd997a81_Body01,-828.6,-1495.7,-774.6,-1467.3,94.1,126.3,1033
4_-12584_1197_-5613,-1281.6,-583.7,-1235.1,-539.0,56.0,183.3,853
4_-8111_1211_-2794_Residual_19f80412_Body01,-875.8,-339.3,-751.2,-221.8,53.4,188.9,10570
10_-16408_1345_-2522_Body04,-1641.1,-271.0,-1586.6,-248.7,71.2,162.1,1044
10_-18074_1985_-13262_ResidualBody07,-1806.3,-1402.6,-1746.8,-1341.9,301.2,342.3,1521
3_257_1726_15414_Residual_efb0b135_Body02,34.1,1431.9,91.2,1512.2,94.1,224.4,1085
1_-29362_2109_10041_ResidualBody15,-2977.7,1000.4,-2904.4,1056.2,191.6,250.6,1625
15_-22046_787_-16721,-2228.6,-1702.2,-2180.6,-1642.0,55.0,102.4,1492
4_-11201_1148_-4151,-1146.7,-439.5,-1094.1,-388.0,49.7,162.1,1230
9_-5410_1395_11032_Body01,-531.7,1101.9,-513.9,1116.0,86.8,217.2,146
8_5040_1482_27643,499.7,2754.1,513.4,2774.5,123.6,172.7,271
2_25691_1463_-5463_ResidualBody02,2564.5,-550.2,2591.5,-530.1,109.6,165.2,330
2_25391_1231_-9632_Body01,2518.2,-976.3,2559.8,-947.5,110.2,140.2,570
11_17336_1931_1049_ResidualBody04,1703.4,62.1,1763.8,123.4,158.2,199.3,2436
1_-24661_2088_13490_ResidualBody04,-2476.7,1314.3,-2446.8,1354.3,134.7,175.9,994
8_1981_1918_32820_ResidualBody02,140.0,3199.7,199.2,3255.8,165.8,242.6,1795
7_14728_1317_21483,1385.8,2066.1,1559.8,2229.6,73.8,189.6,14088
11_22721_1281_3799,2243.6,341.5,2300.5,418.1,106.0,150.2,3135
4_-4323_1332_-17955,-480.7,-1823.5,-405.3,-1744.0,104.6,151.8,3908
10_-16347_1091_-3207,-1649.2,-341.2,-1620.2,-300.2,73.3,144.9,1071
4_-3198_1740_-13442_ResidualBody01,-358.4,-1373.1,-337.7,-1347.3,120.7,191.7,330
8_3066_2980_32070_ResidualBody06,262.9,3159.9,314.9,3211.6,152.4,461.4,1477
13_-10639_1665_13442_Body03,-1107.0,1307.0,-1018.8,1389.6,151.7,246.3,5015
12_17076_2176_-12507,1681.6,-1288.8,1734.0,-1210.8,141.5,275.8,2398
1_-25675_1985_5655_Body01,-2643.8,530.4,-2447.3,678.3,132.0,175.6,5395
10_-15601_849_-10951,-1614.9,-1160.1,-1505.4,-1030.1,55.5,114.3,6325
11_15438_1426_2392,1527.4,225.0,1559.1,251.3,127.6,157.5,495
13_-12707_1443_19778_Residual_77d86edd_Body01,-1355.9,1882.2,-1245.9,1965.9,137.8,196.8,4970
11_15829_1472_1330,1561.0,114.2,1604.8,151.7,130.9,163.6,898
10_-21283_894_-8081,-2152.3,-832.3,-2104.3,-783.9,70.0,108.7,1071
15_-19598_1083_-18336,-1994.2,-1870.6,-1925.3,-1796.6,57.2,159.4,2952
10_-17855_1359_-2850_ResidualBody04,-1812.6,-319.5,-1794.0,-294.4,98.7,193.3,417
16_14526_1328_-1877_Body01,1413.0,-225.6,1493.9,-150.3,118.4,148.4,1752
1_-22703_1886_13157_Residual_cd518f2a_Body05,-2273.3,1277.0,-2248.9,1302.6,135.2,170.7,381
4_-404_1462_-17558_Body01,-70.0,-1748.7,-10.8,-1670.4,91.8,129.1,2459
7_17548_1440_24117_Body03,1797.9,2453.4,1847.5,2502.4,170.3,211.4,911
8_4596_1412_26636_Body01,435.0,2658.8,447.4,2680.4,120.9,161.5,153
1_-24661_2088_13490_ResidualBody03,-2505.1,1334.2,-2482.8,1352.3,134.7,175.9,252
10_-19397_1487_-2883_Body01,-1958.2,-341.7,-1929.2,-242.1,86.1,211.4,1989
13_-13264_1210_22610_Body01,-1344.1,2252.8,-1311.7,2274.0,99.3,142.7,678
16_12180_1692_-6250,1193.6,-652.0,1242.4,-598.0,139.4,198.9,1510
10_-21697_972_-8110,-2189.3,-830.6,-2150.1,-791.4,71.9,122.6,769
7_19165_1126_19946,1879.6,1956.9,1953.3,2032.3,72.6,152.6,2779
16_7946_1156_-3272,780.1,-344.9,809.2,-310.2,101.7,129.6,630
11_21607_1686_5926_ResidualBody07,2124.4,588.3,2162.4,622.2,134.6,247.1,757
5_10327_1588_10209_ResidualBody03,956.3,1020.8,1048.8,1102.9,64.3,110.5,3593
5_6210_1034_9801,586.8,941.4,655.4,1018.9,62.7,144.0,3034
2_22962_1561_-2477,2266.9,-266.8,2325.6,-228.6,133.7,178.6,1669
12_23851_2251_-12752_Residual_b47a0d6f_Body01,2361.7,-1302.8,2407.5,-1248.9,138.6,293.9,1440
4_-2661_1667_-16276_ResidualBody02,-259.0,-1671.0,-216.9,-1644.5,116.1,181.5,803
10_-15558_1096_-8426_Residual_690cd8c6_Body01,-1576.2,-859.2,-1542.8,-820.2,71.5,148.3,913
3_2358_1319_16418,208.6,1614.4,262.9,1669.2,82.4,181.4,1385
7_10060_973_13196,982.1,1299.8,1030.0,1339.5,67.9,126.7,986
9_-5415_1651_6539_Residual_41df7ca2_Body01,-546.7,626.2,-525.1,662.0,64.8,265.4,423
11_16277_1391_4869,1614.1,470.5,1640.2,502.5,126.4,151.8,428
7_10669_4284_27490,977.9,2656.5,1156.6,2841.4,126.2,715.5,25917
7_6223_955_13848,597.8,1362.5,638.3,1405.2,73.7,117.4,1176
7_15882_2446_25545_Residual_7c9968d0_Body01,1509.8,2549.2,1642.5,2665.2,306.9,401.6,7836
1_-25364_1727_9922,-2592.2,940.5,-2480.5,1044.0,130.5,214.8,5502
6_1389_1631_-9700_Body02,109.6,-1002.4,136.9,-975.2,182.6,223.6,419
5_8323_1321_11152_ResidualBody12,793.5,1149.4,833.7,1184.7,123.6,182.5,753
12_30160_1395_-12228_Body02,2998.9,-1212.6,3025.9,-1197.7,120.1,159.0,258
11_18386_1841_11366_Body06,1923.9,970.9,2100.2,1116.8,180.3,239.2,20287
7_11925_1525_16148_Residual_b923c856_Body01,1145.5,1583.2,1267.8,1680.8,175.8,234.7,7593
15_-20627_3204_-20536_Body01,-2163.0,-2177.3,-1967.2,-1929.9,305.8,335.8,20562
14_2460_1122_-1197,207.6,-155.8,284.5,-83.7,66.3,158.1,3258
5_8340_1391_9762_Residual_52162bc3_Body03,827.0,946.9,872.8,987.1,173.1,214.2,1210
1_-22703_1886_13157_ResidualBody06,-2306.0,1307.2,-2226.8,1350.9,165.3,206.4,2230
4_-12188_1501_-7957,-1273.7,-847.5,-1164.0,-752.5,57.2,242.9,5160
10_-20469_1971_-9458_Body03,-2103.9,-932.8,-1994.8,-835.2,85.0,322.5,5404
13_-13625_1318_24267_Body01,-1336.9,2438.6,-1295.8,2485.1,113.3,172.2,916
11_16613_1192_8586,1641.7,822.4,1681.5,894.0,78.8,159.7,1091
4_-3198_1740_-13442_ResidualBody06,-363.2,-1345.4,-324.9,-1312.2,120.7,191.7,829
5_11094_1115_6037,1078.1,586.6,1140.7,620.8,77.8,145.1,1786
13_-17889_1804_14187_Residual_8f0b392c_Body02,-1831.4,1394.2,-1813.0,1413.1,133.7,210.5,170
8_3979_2120_30223_Body01,374.8,2999.0,420.6,3045.8,199.2,229.2,2105
15_-25477_1110_-18837_Residual_65af9e97_Body01,-2562.0,-1911.9,-2516.5,-1885.8,51.0,171.1,513
14_3286_2891_1330_Residual_ca512ecc_Body02,133.3,89.2,371.8,247.1,119.4,160.5,21082
9_-15603_1695_4366_ResidualBody09,-1632.2,412.4,-1541.8,455.1,181.3,240.2,2323
7_17197_853_17473,1667.3,1691.4,1771.5,1804.3,71.6,99.0,4418
9_-10182_1281_405,-1050.8,12.5,-985.6,68.5,62.0,194.1,2042
10_-15285_1392_-1718_ResidualBody07,-1542.2,-193.9,-1515.3,-169.6,110.4,187.2,400
16_17271_2184_-6078_ResidualBody01,1699.4,-642.2,1761.0,-583.8,139.9,279.0,1656
13_-9042_836_22355,-930.1,2216.0,-878.2,2255.1,61.9,105.4,940
1_-29060_1581_6094_ResidualBody01,-2940.4,556.9,-2836.6,660.7,124.9,173.6,5533
7_14329_1140_15084_Body01,1379.5,1473.2,1475.4,1555.8,69.8,158.3,4243
9_-5113_1648_6473,-530.2,610.1,-492.3,684.4,63.4,266.2,1941
5_9534_1445_12034_ResidualBody09,942.4,1176.0,963.5,1214.7,163.3,204.4,450
9_-13232_1877_1452_ResidualBody02,-1376.5,190.9,-1326.2,223.3,69.5,270.2,856
2_26899_1351_-8321,2674.6,-855.9,2705.2,-808.3,114.0,156.2,1319
8_3114_1752_28040_ResidualBody06,322.0,2764.8,348.6,2801.2,145.1,204.0,649
1_-25675_1985_5655_Body03,-2620.5,530.4,-2447.3,661.1,170.3,193.5,4692
8_7180_1690_28811,706.7,2869.8,729.2,2892.4,128.9,209.0,388
10_-14845_1302_-5028_Body02,-1512.6,-527.2,-1483.4,-479.3,57.0,185.5,819
4_-10383_1241_-15663_Body02,-1050.6,-1580.4,-1016.4,-1549.9,114.8,155.8,540
4_-4307_1271_-18659_Residual_0d619d7d_Body02,-418.1,-1887.4,-405.1,-1856.9,94.2,124.2,265
6_7743_1648_-14541_ResidualBody01,749.4,-1498.1,794.3,-1465.9,115.9,177.9,715
13_-13625_1318_24267_Body02,-1405.0,2363.4,-1295.8,2458.3,113.3,172.2,3999
10_-21840_945_-7499,-2211.2,-777.5,-2156.8,-722.4,73.8,115.2,1449
5_8110_1145_2839,783.4,254.6,838.7,313.1,73.1,156.0,1749
10_-21751_2020_-1494_ResidualBody03,-2238.8,-172.4,-2205.5,-108.2,189.8,248.7,1333
3_-2300_1261_18696_ResidualBody02,-256.2,1861.4,-235.9,1894.3,55.2,161.4,324
4_-404_1462_-17558_Body04,-71.3,-1759.0,-6.4,-1676.4,123.7,182.7,4535
1_-29787_1726_11982_ResidualBody01,-3000.0,1172.1,-2941.8,1231.3,126.9,182.7,2013
11_22094_1597_-530_Body02,2199.1,-68.4,2247.6,-39.7,133.0,186.4,1034
9_-18669_2010_11358_Residual_bd257260_Body01,-1910.0,1096.7,-1826.0,1175.7,123.7,278.2,4851
10_-26967_1303_-4267,-2711.1,-441.1,-2682.3,-412.2,105.4,155.1,441
5_6661_925_2176,647.4,202.3,684.8,233.0,70.6,114.5,688
11_19923_1346_3487,1967.6,289.6,2021.4,405.6,110.0,159.1,4448
11_13836_1764_2153,1318.1,157.4,1449.1,273.2,99.7,253.2,7475
8_-2178_1367_28032,-270.9,2721.9,-164.8,2884.5,54.5,218.9,13867
2_26134_1899_-6547_Residual_398056e2_Body03,2617.7,-614.4,2662.9,-593.5,105.2,256.7,447
1_-27783_2181_11687_ResidualBody03,-2811.3,1142.3,-2742.6,1199.2,161.4,309.6,1890
6_1756_1484_-14972,163.5,-1512.9,187.8,-1481.6,130.6,166.2,571
5_8139_1242_3434,789.5,303.9,838.3,383.0,73.7,174.6,1326
11_19029_1669_-1101_Body03,1922.8,-116.5,1947.8,-90.3,130.8,185.1,355
15_-15730_803_-19534,-1597.1,-1974.1,-1536.7,-1932.5,64.5,96.2,1051
10_-18580_1424_-4152_Body02,-1872.4,-441.3,-1824.9,-398.1,162.8,186.1,923
6_10587_1623_-15446_Body03,979.6,-1608.1,1141.2,-1442.0,171.7,212.8,14697
1_-21321_1621_6288,-2152.4,622.7,-2132.8,643.1,135.3,188.9,200
10_-15933_1372_-5461,-1666.0,-620.8,-1520.7,-471.3,56.6,191.2,9110
11_15557_1728_5285_Body02,1541.1,502.5,1563.6,540.6,124.4,203.4,603
1_-26872_1719_10819,-2712.2,1056.4,-2662.2,1107.3,127.5,216.3,1294
11_18386_1841_11366_Body05,1838.6,1060.0,1928.6,1264.4,144.6,185.7,16906
3_3257_1654_18105,292.4,1775.3,359.0,1845.7,90.0,240.7,3065
5_8719_1395_8896_ResidualBody02,877.3,884.7,907.2,920.6,66.0,212.9,338
4_-3676_1548_-15126,-398.9,-1539.6,-336.3,-1485.5,122.0,172.4,2249
1_-29362_2109_10041_ResidualBody14,-2965.6,953.0,-2888.4,1030.9,191.6,250.6,2630
6_5918_1703_-20075_ResidualBody01,561.4,-2017.3,596.8,-1985.7,149.4,191.2,609
9_-2666_724_7080,-320.7,613.8,-199.5,925.2,56.9,87.9,28720
8_3065_1990_30370_Body03,256.2,3015.2,299.9,3068.7,119.3,278.7,894
5_9534_1445_12034_Residual_2f24875e_Body01,959.7,1181.7,981.6,1209.7,66.7,168.6,378
16_18162_2023_-1116_ResidualBody01,1787.3,-143.1,1849.7,-80.6,132.5,218.5,1975
5_5604_1318_4454,526.7,410.1,594.0,480.7,65.4,198.1,2566
7_19292_1050_21324,1897.2,2100.5,1961.1,2164.3,73.2,136.7,2029
5_10007_1545_4575_ResidualBody03,951.7,429.2,1021.1,494.2,101.5,196.1,2780
9_-11594_1365_1411_ResidualBody04,-1164.6,98.1,-1137.1,121.9,69.6,114.0,517
8_1981_1918_32820_ResidualBody01,140.0,3199.7,254.4,3367.8,105.2,171.2,8259
9_-16574_1935_10555_Residual_2f06c944_Body01,-1697.8,1010.2,-1646.3,1066.4,116.8,234.5,1607
11_19029_1669_-1101_Body01,1860.8,-148.4,1911.8,-100.2,130.8,167.2,1362
5_10327_1588_10209_ResidualBody06,993.9,932.8,1068.0,1000.5,64.3,199.8,2509
16_12511_1928_-1064_Body02,1101.5,-52.0,1149.4,-21.9,89.9,260.0,690
4_-6698_1323_-17569,-694.7,-1786.9,-644.8,-1726.8,102.2,162.4,2051
5_-1674_1449_6428,-177.8,606.3,-156.9,679.2,57.5,232.2,1153
10_-18580_1424_-4152_Body03,-1897.2,-419.5,-1838.1,-388.9,162.8,186.1,913
16_14004_2243_-984,1340.1,-152.6,1419.7,-80.7,110.7,338.0,2845
5_6577_1460_10801_ResidualBody06,617.3,1079.5,651.9,1113.0,114.5,173.4,554
11_19029_1669_-1101_Body02,1881.3,-106.9,1926.8,-69.7,130.8,167.2,867
16_14555_1383_-1600,1430.1,-184.6,1480.9,-135.8,118.3,158.2,994
11_18386_1841_11366_Body04,1836.2,943.3,1924.4,1061.0,144.6,185.7,8453
1_-24138_1683_14006_Residual_2eff4454_Body03,-2452.2,1375.5,-2418.0,1413.0,135.5,201.2,807
4_-5271_1505_-10159,-522.4,-1028.2,-505.1,-1012.5,92.9,208.1,181
8_-240_1160_33448_Body01,-72.0,3304.1,21.1,3383.5,82.5,131.6,3136
1_-20521_1941_5451,-2081.9,515.2,-2022.2,575.1,132.5,255.7,1617
5_7169_759_9092,699.0,893.2,735.0,924.7,62.8,88.9,607
13_-8311_946_23895_Residual_04f2c366_Body01,-858.6,2362.0,-803.2,2418.2,61.9,127.3,1958
10_-21026_843_-7841,-2117.4,-797.8,-2088.9,-771.0,69.6,99.0,410
11_24137_1579_-409,2372.7,-81.5,2454.7,-0.4,125.3,190.5,3958
9_-18311_1751_11701_Body01,-1812.0,1152.2,-1795.0,1172.9,123.7,208.6,212
7_11817_1463_18897,1153.1,1866.1,1210.4,1913.4,82.2,189.9,1470
4_-10287_1289_-14350,-1067.6,-1476.8,-989.9,-1393.3,92.1,154.1,3716
4_-9800_1256_-14973,-1006.4,-1531.1,-953.6,-1463.4,92.8,158.4,2270
5_11134_1771_1893_ResidualBody01,1068.7,133.4,1155.0,245.6,88.7,229.7,2921
13_-10975_1263_19810_Residual_c5a748c3_Body01,-1129.3,1971.1,-1068.8,2015.4,129.5,170.6,1215
7_17636_1146_16499,1655.7,1530.9,1871.7,1769.4,71.0,126.6,20372
5_10327_1588_10209_ResidualBody05,969.6,995.3,998.0,1032.9,64.3,199.8,527
5_6628_1096_8955_Body02,659.8,868.8,695.4,925.3,97.7,138.8,684
8_3489_2020_30843_Residual_d994130f_Body01,354.0,3058.8,373.9,3087.3,124.2,279.9,284
4_-1164_1279_-9107,-143.9,-933.0,-88.9,-888.3,90.3,149.6,1456
4_-340_1440_-6069,-58.9,-636.1,-9.1,-577.8,73.0,215.1,1368
13_-14742_1412_23003_ResidualBody04,-1510.7,2313.5,-1447.3,2378.1,99.5,147.3,1896
12_24773_3894_-20146_ResidualBody11,2369.3,-2135.1,2614.6,-1828.0,260.7,498.2,30001
8_-1724_1365_25245_Residual_e2eef97a_Body01,-228.6,2516.1,-113.9,2554.6,166.5,207.6,3289
4_-1093_3296_-13836,-197.7,-1504.9,-17.8,-1311.4,109.8,491.3,25406
15_-18619_1225_-16911_Body01,-1930.3,-1672.6,-1857.2,-1620.2,55.0,136.5,1477
9_-17762_1766_10565_ResidualBody04,-1809.2,1042.4,-1781.2,1076.1,149.8,226.6,256
10_-21493_889_-7864,-2167.5,-804.6,-2131.1,-768.2,71.4,106.3,662
2_25859_1313_-9660,2573.2,-985.6,2598.6,-946.5,110.4,152.2,643
5_6223_1323_3600_Body02,541.3,291.0,706.7,456.3,66.7,126.4,16126
15_-18263_842_-15933_Body01,-1856.9,-1637.1,-1794.2,-1549.9,56.2,94.3,3209
3_3646_1786_19755_Residual_52d005e0_Body01,330.2,1931.0,407.9,2030.3,91.3,176.6,5464
2_23410_1463_-5733,2320.1,-599.2,2361.9,-547.5,127.9,164.7,1721
9_-9061_1529_7140_ResidualBody02,-929.6,703.1,-911.9,753.2,79.7,154.7,390
1_-22025_2621_8161_ResidualBody06,-2224.7,807.1,-2171.8,860.0,295.5,336.6,1654
13_-8219_1181_26759_Body01,-845.7,2646.6,-800.9,2707.5,62.4,102.4,1658
12_23822_2023_-11700_Residual_4e55ec17_Body01,2338.3,-1219.9,2429.7,-1120.2,130.8,273.9,4375
4_-1138_1678_-9629,-161.3,-1007.8,-66.3,-918.1,93.1,219.1,4892
4_-5981_1423_-18112_ResidualBody04,-611.5,-1844.4,-565.4,-1780.3,127.1,168.2,1437
13_-11698_1204_19488_Residual_68fd4dbd_Body01,-1198.7,1919.6,-1139.2,1945.6,89.0,151.7,914
9_-11054_1726_7822_ResidualBody02,-1148.1,714.3,-1070.5,785.3,93.2,180.5,3790
4_-2285_1706_-17624_ResidualBody02,-261.1,-1819.0,-219.1,-1784.3,103.8,201.7,1042
10_-18074_1985_-13262_ResidualBody02,-1821.9,-1320.4,-1708.2,-1203.6,54.8,306.5,6693
16_7714_3083_-5951_Body02,752.5,-589.0,852.8,-525.9,294.2,322.5,2576
10_-20469_1971_-9458_Body02,-2135.0,-1055.7,-1958.5,-919.9,85.0,322.5,13200
16_15471_2010_-386,1494.3,-98.2,1599.8,24.6,111.6,272.4,5645
6_9090_1466_-14626_Body01,886.0,-1481.9,931.7,-1439.7,108.6,166.6,936
5_10677_1681_2148_Body01,1018.0,172.2,1111.8,282.5,81.7,254.5,4138
13_-11543_1140_23703_Body01,-1202.6,2314.9,-1108.1,2424.2,72.6,155.4,5967
8_3065_1990_30370_Body02,263.2,2998.6,346.9,3069.9,119.3,278.7,2923
9_-18669_2010_11358_ResidualBody01,-1869.7,1106.2,-1834.0,1148.9,123.7,278.2,901
9_-8673_1579_7099_Body01,-878.7,668.4,-854.3,748.3,75.7,240.0,1240
9_-17925_1954_9473,-1824.0,878.2,-1761.1,1016.4,128.9,261.9,3920
2_22763_1591_-4963,2253.9,-512.1,2296.4,-481.8,133.2,184.9,936
1_-24138_1683_14006_ResidualBody09,-2449.0,1375.5,-2418.0,1403.1,160.1,201.2,538
10_-18580_1424_-4152_Body04,-1879.0,-441.3,-1828.3,-399.7,180.7,203.9,1111
4_-9986_1598_-16851_ResidualBody02,-1042.4,-1676.9,-1010.1,-1656.5,93.9,225.7,334
15_-16637_808_-21116,-1680.9,-2132.3,-1643.2,-2090.8,66.2,95.5,1008
6_12429_2841_-7669,1189.1,-798.3,1239.4,-747.0,257.7,310.5,1534
7_10649_1349_19457,1035.4,1911.7,1094.4,1979.6,103.9,159.2,2159
16_7714_3083_-5951_Body04,735.5,-595.0,756.9,-563.7,294.2,322.5,337
5_2440_1456_7287_Residual_c7bdab85_Body03,176.9,672.5,224.1,718.3,83.9,178.6,1510
4_-9161_1334_-18220,-953.2,-1866.6,-878.9,-1777.3,88.2,178.6,4087
11_15146_1502_3277,1492.3,302.5,1537.0,353.0,125.7,174.8,1288
5_7774_1290_10753,742.8,1045.0,812.1,1106.0,63.2,194.8,2237
4_-3990_1674_-14588,-446.6,-1490.0,-351.4,-1427.7,121.7,213.1,3118
5_8340_1391_9762_ResidualBody07,848.5,966.8,870.1,986.4,83.8,142.7,233
16_11213_1816_-5839_Residual_4e77d076_Body01,1101.7,-612.8,1144.5,-554.6,163.6,222.5,1437
10_-15853_1324_-11786,-1649.0,-1272.4,-1521.5,-1084.8,55.0,209.9,9472
4_-3198_1740_-13442_ResidualBody05,-322.7,-1353.0,-300.0,-1316.0,120.7,191.7,452
16_14545_2103_-5399,1423.6,-574.4,1485.5,-505.5,139.8,280.8,2365
2_26134_1899_-6547_Residual_398056e2_Body02,2556.8,-707.2,2636.8,-611.2,105.2,238.8,4503
1_-25102_1459_10083,-2524.7,995.4,-2495.0,1020.5,131.7,160.0,383
1_-27142_1447_12148_Body01,-2721.0,1200.9,-2691.1,1240.6,130.5,159.0,621
16_6088_1053_-1169,586.3,-136.5,631.3,-97.3,72.9,127.5,979
7_12205_1266_19961,1200.3,1975.8,1240.7,2016.4,102.5,150.6,820
5_11986_1753_3594,1153.7,317.0,1220.4,383.7,89.1,261.4,2292
4_-1134_1758_-17706_ResidualBody07,-142.2,-1776.9,-85.9,-1729.7,141.3,182.4,1733
2_18639_1996_-8371,1835.6,-862.9,1892.1,-811.9,143.1,256.1,1573
13_-12489_1175_21318_Body01,-1274.0,2117.2,-1239.8,2141.0,98.3,136.7,343
5_10646_1887_8417_Body01,1034.5,815.1,1090.6,865.3,174.4,204.4,1756
6_13794_1633_-15515,1363.1,-1569.0,1395.7,-1534.1,140.7,185.8,707
5_10666_1136_12279_Body01,1031.8,1191.0,1106.2,1243.4,64.8,144.4,1951
2_21505_1651_-4365,2135.6,-448.6,2165.4,-424.4,143.9,186.4,473
8_5360_1535_27681,513.0,2743.3,559.0,2793.0,124.9,182.0,1764
1_-29265_1598_11592_Body01,-2941.8,1166.3,-2906.4,1191.3,126.3,157.7,427
13_-18476_1585_14638_ResidualBody02,-1877.3,1462.5,-1810.9,1516.8,111.3,170.1,1697
7_18409_924_21085,1800.6,2053.3,1885.8,2163.6,72.2,112.6,4616
7_11928_1086_16929,1163.4,1666.0,1222.1,1719.7,75.5,140.7,1301
4_-2128_1636_-11433_Body02,-256.2,-1180.7,-219.1,-1115.9,180.3,221.4,1470
10_-13960_1116_-10322,-1448.1,-1090.8,-1343.9,-973.6,56.9,166.3,6672
1_-21717_2090_12618_Residual_0188e0c8_Body01,-2165.4,1267.3,-2148.0,1282.6,134.9,211.7,153
8_6673_1761_22652_ResidualBody02,558.3,2194.6,771.4,2316.3,114.9,219.6,11174
5_8340_1391_9762_ResidualBody09,799.9,972.7,846.8,1014.6,83.8,142.7,1210
9_-15603_1695_4366_Residual_e7b1bdcd_Body02,-1607.2,443.7,-1546.9,471.0,98.8,240.2,938
1_-21006_2173_7288,-2164.9,681.6,-2036.4,775.9,134.8,274.4,6963
9_-12426_2273_591,-1261.4,41.6,-1223.7,76.6,205.9,248.7,852
7_18207_865_20154_Body02,1790.4,1993.4,1818.9,2035.0,72.4,100.5,513
13_-11522_1392_21182_Residual_d5438429_Body01,-1210.8,2050.6,-1111.5,2178.2,83.1,177.4,5834
6_10082_2252_-10748_Residual_75032b6c_Body02,961.1,-1145.8,1024.3,-1093.4,228.0,287.0,1923
5_10677_1681_2148_Body02,1049.2,147.4,1081.7,182.7,81.7,254.5,380
11_19695_1255_6427,1944.7,623.7,1994.3,661.8,93.2,157.8,1257
10_-14410_1297_-9585_Body01,-1472.0,-1009.3,-1434.9,-970.0,56.2,167.5,933
1_-29060_1581_6094_Residual_5400c824_Body01,-2940.4,556.9,-2836.6,660.7,124.9,191.4,5533
7_13621_1941_23111,1309.8,2265.3,1414.0,2354.9,106.0,282.1,6179
2_23314_1462_-5272,2321.1,-546.0,2341.7,-508.3,131.5,160.9,548
8_1673_1443_28865,89.8,2833.5,244.8,2939.6,108.2,180.3,12542
10_-21035_955_-7391,-2125.3,-760.9,-2081.7,-717.2,71.2,119.8,953
1_-28581_1785_5184,-2891.5,485.3,-2824.6,551.6,126.7,230.3,2265
7_19928_1118_22641,1971.0,2231.8,2015.0,2283.2,73.2,150.5,1106
16_7714_3083_-5951_Body03,805.7,-624.7,832.5,-591.3,294.2,322.5,505
9_-9061_1529_7140_Residual_c5686d67_Body01,-903.1,676.7,-883.4,732.1,79.7,226.2,590
1_-19494_1660_12071_Body01,-1945.0,1222.1,-1925.7,1239.0,129.0,167.3,225
10_-21751_2020_-1494_Residual_9d9ef990_Body01,-2186.4,-158.6,-2164.6,-131.5,101.7,302.3,500
9_-13214_2306_9146_Residual_78598de5_Body01,-1418.3,761.2,-1230.9,1040.4,174.1,322.3,33498
1_-29362_2109_10041_ResidualBody12,-2954.2,1012.5,-2904.4,1056.2,138.1,197.0,1093
16_14352_1848_-4149,1397.9,-459.1,1472.5,-370.8,140.9,208.3,2986
1_-26283_1562_10820,-2646.7,1063.3,-2615.2,1094.6,130.0,182.3,498
11_25034_1209_2163_ResidualBody05,2477.5,207.4,2508.7,225.3,97.8,143.9,414
16_9395_3035_-1374_Body02,727.9,-299.9,1267.2,-12.9,209.6,411.4,62477
16_15626_2162_-4203_Body01,1535.9,-458.9,1594.6,-396.2,130.6,284.0,1300
6_6658_1745_-12531_Body02,625.6,-1290.7,702.9,-1213.5,160.6,201.7,3135
10_-24631_1652_-7220,-2553.4,-810.4,-2372.7,-633.8,80.3,250.2,16018
8_5066_1749_28549_Residual_d23ee732_Body02,473.6,2826.3,491.0,2849.0,120.5,211.4,218
4_-4912_1213_-18547_Residual_e94b3792_Body01,-520.8,-1879.5,-462.0,-1830.0,97.9,144.7,2480
6_11036_2268_-10675_Residual_85d7c1f5_Body03,1079.4,-1086.5,1104.4,-1066.3,250.3,291.3,269
12_25983_2076_-15801_ResidualBody04,2538.1,-1630.2,2638.5,-1526.0,152.2,282.6,5404
1_-24187_2149_13203_Residual_ea1ebc2e_Body01,-2445.7,1292.3,-2408.3,1315.5,135.3,294.4,544
12_22417_1589_-20649_Body03,2206.2,-2123.9,2299.9,-2027.7,158.3,181.5,4532
10_-15302_1200_-2143,-1546.8,-234.8,-1513.7,-193.9,72.8,167.2,1231
5_524_1416_12769,-36.1,1222.1,140.9,1331.8,66.6,203.6,10251
8_-317_1422_30149_Body01,-9.3,3014.8,23.2,3034.9,87.2,143.6,343
12_21533_1733_-13801,2128.7,-1401.3,2177.8,-1358.8,142.8,203.9,912
8_1157_1154_26898,101.3,2678.5,130.1,2701.0,97.8,132.9,566
5_8440_1219_1674_ResidualBody02,836.8,143.1,868.9,194.1,74.8,151.1,805
5_9580_1413_9523_Residual_bf267b31_Body01,915.0,967.6,981.7,982.1,65.7,216.9,514
4_-9468_1295_-17313_Body02,-986.0,-1758.7,-949.6,-1707.4,120.6,143.8,1299
4_-4647_1596_-16068,-484.3,-1626.6,-443.5,-1588.3,117.8,201.3,1188
4_-5404_1442_-9808_Residual_b36ea80d_Body01,-607.9,-1020.1,-470.9,-935.2,83.6,204.9,3384
5_3750_1693_7298_ResidualBody07,323.9,717.4,414.9,792.7,94.3,135.4,3262
5_6223_1323_3600_Body01,565.0,260.6,652.8,321.3,66.7,197.8,2450
6_8551_2062_-12307_Body01,786.1,-1302.4,924.8,-1162.0,192.1,222.1,9627
13_-12617_1193_21757_Body01,-1252.0,2144.0,-1241.0,2164.2,90.1,148.4,156
7_14681_1089_16626_Body01,1404.1,1605.4,1531.9,1717.4,71.4,110.7,6465
1_-22025_2621_8161_ResidualBody01,-2231.0,777.2,-2171.8,860.0,134.1,300.9,3096
1_-25220_1631_8268_ResidualBody02,-2523.2,810.3,-2500.2,839.9,133.1,175.3,373
5_3203_1049_8881,289.8,857.8,350.8,918.3,61.8,148.0,2194
7_12754_1183_19891,1251.7,1962.8,1299.2,2015.5,84.5,142.6,1273
5_6003_1424_7739_Body01,541.7,723.2,594.4,785.4,63.0,96.7,2164
5_4509_1005_9377_ResidualBody01,413.9,898.9,470.7,989.3,61.5,103.8,2613
8_3834_1481_28272,352.9,2787.2,412.8,2866.1,115.4,180.9,3190
3_3558_1632_20934_Body02,332.7,2039.9,378.7,2073.4,109.2,145.8,813
12_30121_2183_-13734_ResidualBody01,2997.3,-1387.7,3055.9,-1325.9,132.7,286.1,2755
6_11644_1815_-16486_Body02,1163.6,-1624.3,1193.4,-1585.5,192.3,233.4,830
11_18966_1637_3381_Body02,1894.7,355.5,1932.2,372.7,109.6,182.1,378
4_-4578_1475_-12718,-497.7,-1339.1,-418.0,-1204.4,117.6,177.4,7045
10_-23152_1317_-11722_ResidualBody02,-2352.1,-1186.5,-2322.6,-1145.8,59.3,168.4,654
7_14141_1451_20952_ResidualBody04,1415.4,2031.7,1480.5,2068.5,73.8,180.6,1114
9_-7352_1124_12223_Residual_4696b88e_Body01,-740.9,1213.4,-719.3,1225.6,69.2,155.7,153
11_20326_1671_-1079_Body01,2024.2,-124.6,2044.2,-110.1,133.9,200.4,193
9_-16574_1935_10555_ResidualBody02,-1671.8,1090.2,-1643.8,1111.7,116.8,270.2,335
11_18966_1637_3381_Body01,1906.0,302.9,1944.4,358.4,109.6,182.1,1417
4_-11099_1121_-17163_Residual_775ac926_Body01,-1146.1,-1774.6,-1072.4,-1659.5,89.6,134.6,4411
13_-10194_838_21677,-1074.2,2129.7,-964.5,2207.0,63.9,103.7,4142
3_-2057_1259_19853,-265.4,1951.6,-139.8,2018.9,67.9,183.9,5067
9_-10047_1387_782_Residual_0bbfe450_Body03,-1032.8,58.4,-976.5,99.3,174.0,215.1,1481
4_-2755_1159_-9111,-294.7,-932.3,-256.2,-890.0,85.7,146.2,953
5_5834_950_2302_Body01,561.8,197.6,608.1,262.8,67.1,122.9,1152
4_-9952_834_-2980,-1059.9,-345.0,-930.1,-251.1,50.0,116.8,5197
11_21989_1627_-1216,2163.6,-136.4,2234.1,-106.9,137.6,187.9,1655
13_-12617_1193_21757_Body02,-1275.7,2142.1,-1265.2,2192.7,90.1,148.4,373
6_14117_1668_-14847,1395.1,-1511.1,1428.4,-1458.2,142.0,183.1,952
1_-26036_1664_8666,-2637.2,838.0,-2569.9,895.2,123.5,206.9,1347
7_13525_1108_14878,1304.4,1453.2,1400.5,1522.4,69.5,152.2,3049
9_-7957_2243_11606_Body02,-871.5,1118.4,-747.4,1202.0,210.9,237.7,10117
8_689_1513_26493_Residual_ed049e06_Body01,37.1,2598.1,89.6,2651.5,91.2,157.8,2119
1_-29505_1534_3730_Body01,-2978.0,345.0,-2924.1,396.5,118.6,152.5,1584
5_10666_1136_12279_Body02,1025.8,1233.2,1086.2,1276.7,64.8,144.4,1546
11_15220_1518_5689,1496.4,543.0,1547.2,594.8,123.3,180.3,1377
9_-5360_2704_9072,-562.8,927.8,-509.8,959.3,248.2,292.5,1513
11_20198_1279_7051_Body02,1994.2,675.5,2043.7,727.5,111.3,170.3,1701
4_-2446_1330_-8650,-276.0,-879.1,-213.1,-821.2,74.9,191.1,1876
1_-23786_1750_9849,-2406.7,952.8,-2350.5,1016.9,133.9,216.1,1312
7_11118_1191_19896,1082.2,1977.8,1141.3,2001.9,106.3,131.9,751
11_22175_1521_2029_ResidualBody01,2210.5,170.9,2253.5,240.2,119.3,184.9,1717
4_-2285_1706_-17624_ResidualBody08,-266.6,-1754.1,-231.9,-1734.0,103.8,148.1,456
14_4374_986_-1417,420.8,-160.4,453.9,-123.1,70.1,127.0,560
10_-14410_1297_-9585_Body02,-1420.6,-984.4,-1392.3,-951.6,180.0,203.2,467
10_-23632_1503_-6639,-2422.5,-720.1,-2303.9,-607.7,83.6,216.9,6829
13_-10199_1022_24415_Residual_942f8cef_Body01,-1081.3,2376.5,-983.1,2506.4,59.5,109.2,7179
11_18229_1377_8107,1807.3,793.9,1838.5,827.4,82.3,193.1,715
1_-29808_1630_5768_Body01,-2972.1,587.2,-2954.3,605.0,120.2,152.2,207
1_-22179_2124_11598_Residual_272df55d_Body01,-2261.6,1119.8,-2174.1,1201.8,136.0,288.8,3511
4_-7229_1396_-17647,-756.9,-1799.6,-688.8,-1729.7,95.6,167.0,3308
8_97_1029_33484_ResidualBody03,-4.1,3286.4,130.4,3445.6,78.3,127.5,7611
5_9979_845_11576,957.7,1120.0,1038.1,1195.2,64.7,104.2,3397
10_-18580_1424_-4152_Body01,-1897.2,-441.3,-1824.9,-388.8,80.8,168.2,2093
3_-7023_866_18407_Residual_ab681baa_Body01,-717.3,1817.8,-685.0,1849.5,61.6,111.7,418
6_14632_1729_-7170_ResidualBody01,1430.8,-750.7,1474.0,-700.9,133.3,194.6,1596
5_5747_1158_9643,540.9,927.9,608.1,1000.7,62.5,169.1,2816
15_-23958_1200_-17016_ResidualBody01,-2422.6,-1724.7,-2397.3,-1686.4,53.2,151.1,518
5_6488_766_9962,632.3,968.1,666.8,1023.8,62.9,90.4,630
8_3114_1752_28040_ResidualBody07,280.0,2769.0,329.0,2818.1,145.1,204.0,1572
1_-31120_1678_7710_Body01,-3107.2,750.5,-3089.3,779.7,121.5,196.2,225
8_623_1512_29097_Residual_c806882f_Body01,38.4,2886.5,68.1,2916.5,104.9,179.8,495
5_6880_934_2102,675.6,195.6,700.4,224.6,72.3,114.4,400
9_-7957_2243_11606_Body01,-734.6,1120.0,-720.9,1202.3,210.9,237.7,843
10_-16921_1257_-9424_ResidualBody05,-1696.2,-967.6,-1669.8,-920.3,140.3,199.3,576
11_17158_2136_4515_ResidualBody07,1667.1,404.7,1721.4,469.0,240.8,299.7,1141
11_17336_1931_1049_ResidualBody06,1721.9,89.5,1747.6,108.0,211.8,252.8,300
4_-4307_1271_-18659_ResidualBody08,-424.0,-1887.4,-405.1,-1847.2,118.9,160.0,486
3_257_1726_15414_ResidualBody02,-39.5,1420.3,66.3,1589.3,67.1,135.2,9841
16_5563_1862_-5537,496.6,-605.3,616.9,-502.9,90.0,282.4,7056
1_-31041_1583_6728,-3135.6,649.1,-3072.7,696.4,119.6,188.9,2505
11_18895_1255_4926_Body01,1856.2,453.7,1883.2,518.7,100.1,132.9,1544
1_-20225_2028_5114_Residual_f841ceb2_Body01,-2047.2,501.3,-1993.5,532.0,131.8,202.3,635
11_12967_1268_3191,1281.6,304.2,1311.8,334.0,100.2,153.3,455
2_22676_1762_-3631,2221.9,-399.0,2313.3,-327.1,133.4,219.0,4688
15_-18443_1400_-23559_Residual_3cc7f1fc_Body01,-1873.7,-2395.8,-1810.6,-2326.1,87.6,192.4,1870
13_-13575_1137_22609,-1366.5,2247.2,-1349.7,2273.8,99.7,127.8,369
9_-11111_1400_12277,-1197.8,1201.0,-1024.4,1254.5,88.1,191.8,8681
13_-10934_1094_24129_ResidualBody01,-1138.9,2372.9,-1069.8,2437.3,63.1,120.0,2423
6_6947_1480_-16257,658.7,-1642.8,735.1,-1571.5,113.9,171.6,2770
5_6628_1096_8955_Body03,632.0,866.5,676.7,920.5,97.7,156.7,1377
5_6577_1460_10801_Residual_697080d8_Body02,617.3,1048.5,697.0,1117.4,96.7,173.4,3217
14_3286_2891_1330_Residual_ca512ecc_Body03,353.3,-21.3,628.4,180.8,119.4,160.5,28109
15_-18636_1325_-24468_ResidualBody02,-1862.7,-2464.5,-1821.4,-2423.7,68.6,160.7,845
5_7624_1287_3692,736.9,330.2,787.9,408.1,71.8,185.6,1759
6_2510_2462_-12844_Residual_180a43b2_Body01,131.5,-1441.7,293.0,-1120.8,246.8,377.2,27365
11_19810_1408_5559_Residual_27c3860f_Body02,1955.8,522.4,1988.0,571.9,143.7,184.7,1283
1_-30074_1576_4640_ResidualBody02,-3008.7,448.4,-2988.7,476.7,117.7,197.5,243
3_1293_1405_20937_Body01,141.8,2066.4,165.7,2092.1,91.6,171.5,406
9_-11524_1282_9625_Body02,-1161.8,981.3,-1112.3,1025.6,103.7,152.7,1282
4_-2441_1308_-18550_Body01,-259.0,-1859.2,-230.1,-1836.0,93.6,132.3,378
8_1105_1731_30483,130.1,3047.1,146.5,3058.5,105.3,240.8,187
6_5801_1281_-18510_Body01,547.7,-1883.0,607.7,-1820.5,108.4,147.7,1787
2_24690_1310_-5254,2445.8,-546.1,2492.1,-504.7,109.4,152.5,1730
16_9556_1800_-4394_ResidualBody01,911.5,-480.1,1000.1,-397.2,126.6,179.9,4251
8_6890_2312_24915_Residual_730819bb_Body01,670.0,2459.6,705.1,2506.5,306.8,347.9,996
7_5762_1235_15572_Body03,573.7,1523.2,615.5,1554.4,125.7,166.7,419
5_7276_1064_1259,702.3,107.3,752.8,144.5,71.8,141.0,1074
9_-15603_1695_4366_Residual_e7b1bdcd_Body01,-1526.9,466.8,-1490.3,496.8,98.8,133.1,782
5_9580_1413_9523_ResidualBody05,952.3,965.9,972.3,985.9,104.4,216.9,350
1_-26344_1973_11820,-2668.4,1145.2,-2605.5,1219.0,130.6,264.0,1623
16_12823_1942_-3231,1247.1,-361.2,1327.6,-285.0,137.8,239.1,3234
9_-16915_1927_9175,-1734.3,856.1,-1648.3,979.6,122.7,262.7,4122
15_-20775_933_-15667,-2130.3,-1627.1,-2023.6,-1506.2,52.3,134.4,5420
9_-15523_1701_12183_Body02,-1589.5,1194.7,-1553.2,1227.2,194.1,235.1,770
13_-19974_1891_16054,-2068.3,1545.3,-1926.4,1665.5,117.1,261.2,8693
2_22377_1727_-4838_Body02,2222.9,-470.3,2262.7,-447.2,133.7,211.7,596
8_3065_1990_30370_Body01,329.5,3001.1,355.6,3035.7,119.3,278.7,436
6_7609_1891_-13491_Body02,711.4,-1412.0,816.7,-1329.7,176.4,201.8,2867
1_-29612_1875_1771_Body02,-2954.6,171.3,-2943.2,213.0,123.1,252.0,287
5_3336_1396_9763_ResidualBody02,267.8,899.0,406.8,1001.6,89.6,202.1,5796
9_-17928_1598_12025_Body01,-1837.8,1159.4,-1749.3,1242.6,121.4,198.3,3441
10_-26811_1225_-3955,-2699.0,-422.0,-2645.4,-369.0,105.3,139.8,1518
9_-14770_1458_10103,-1535.8,965.4,-1418.2,1055.3,112.4,179.1,5271
14_3562_1069_-60,323.7,-41.1,388.6,29.0,65.2,148.6,2784
7_6277_1064_15642,615.2,1548.5,640.3,1580.0,88.1,124.7,636
10_-24000_1159_-3427,-2457.2,-395.7,-2343.2,-289.9,93.0,138.8,5977
6_11644_1815_-16486_Body05,1149.1,-1714.3,1180.8,-1644.5,192.3,233.4,1513
9_-17762_1766_10565_ResidualBody02,-1787.8,1031.4,-1746.5,1073.1,126.6,226.6,918
12_25865_2499_-13998_ResidualBody02,2496.0,-1410.9,2628.2,-1298.7,193.2,377.1,6242
4_-5122_1587_-15011_Body01,-541.8,-1551.0,-480.8,-1451.5,119.9,197.6,4334
11_23249_1483_-261,2304.3,-44.4,2345.6,-7.8,129.2,167.4,1339
14_3286_2891_1330_Residual_ca512ecc_Body04,221.4,173.7,305.9,272.7,173.0,214.1,4685
1_-30136_1436_5172,-3044.7,483.6,-2982.6,550.8,117.9,169.4,2343
16_7714_3083_-5951_Body01,687.5,-682.4,828.4,-590.9,294.2,322.5,6113
13_-9248_772_22759_Body01,-952.9,2252.3,-896.4,2292.5,64.3,94.3,952
10_-17212_1375_-6853,-1799.2,-775.6,-1643.3,-595.0,56.0,219.0,14371
10_-27835_1783_-1982_ResidualBody02,-2790.2,-230.0,-2738.5,-152.6,112.2,190.8,1088
15_-18636_1325_-24468_ResidualBody01,-1842.7,-2440.3,-1804.2,-2403.0,68.6,160.7,704
13_-8370_771_22506,-868.0,2214.2,-806.0,2287.0,60.7,93.6,2373
7_7468_1734_20545,726.4,2039.3,766.8,2069.7,107.3,239.5,1034
9_-9940_1725_1111_Body02,-1020.8,98.1,-1002.8,110.5,63.0,103.4,131
16_12593_1713_-5840_Residual_e69601ae_Body01,1238.5,-608.8,1278.6,-558.8,139.7,203.0,1122
7_15814_1403_13861_ResidualBody01,1537.2,1352.1,1625.0,1422.3,73.8,135.4,2071
5_3613_1038_3330_Body01,305.6,315.8,439.4,376.9,61.3,146.2,4600
9_-8565_1531_8492,-902.9,788.6,-789.3,909.8,70.0,236.2,12135
10_-16735_1663_-1713,-1696.5,-205.8,-1650.6,-137.1,80.5,211.2,2882
11_21562_1549_5255_Residual_172ebeb1_Body01,2151.1,500.6,2185.7,549.0,98.7,139.7,745
7_9466_1362_20118_Body02,921.8,1969.5,981.9,2057.2,139.7,162.9,3548
5_10666_1136_12279_Body03,1057.9,1174.7,1098.4,1201.8,64.8,144.4,754
7_14368_1090_17157,1402.6,1680.0,1470.7,1751.8,72.3,131.2,2456
11_15066_1410_4780,1486.1,460.5,1527.1,495.5,114.7,167.3,727
11_19645_1244_6186,1938.3,596.3,1990.7,640.8,93.8,155.0,1614
8_4505_1915_25453_Body03,403.7,2530.3,416.9,2549.4,145.3,204.2,142
7_5989_2022_19779_ResidualBody06,606.7,1952.8,661.2,2018.5,244.3,285.4,2279
5_5506_1112_8582_Residual_a673dc3c_Body01,501.6,819.4,595.6,897.1,62.0,160.4,4045
11_24269_1597_475,2407.5,28.6,2421.1,46.9,118.3,201.2,212
11_18386_1841_11366_Body10,1781.4,1147.7,1869.1,1178.2,216.0,275.0,2536
5_6952_1857_6146_ResidualBody04,647.2,577.4,810.8,699.3,87.4,199.9,11996
10_-13727_1902_-13131_ResidualBody03,-1386.9,-1392.0,-1295.9,-1277.6,211.1,305.7,3616
1_-27797_2006_2177_Residual_cbfbf111_Body01,-2797.1,211.4,-2769.7,299.5,120.0,281.2,1833
11_20060_1799_1026_ResidualBody05,1994.5,52.5,2024.9,73.5,119.8,186.5,382
11_12796_1253_9180,1262.2,892.2,1297.0,943.7,73.4,177.2,945
13_-14023_1266_14599,-1520.6,1407.8,-1313.6,1521.7,98.3,154.9,12317
1_-31036_1757_7155,-3132.7,698.0,-3076.5,730.7,119.9,213.5,1423
1_-22305_2082_8798_Residual_c3da99b2_Body03,-2263.7,891.0,-2238.8,916.5,168.0,280.5,359
7_9466_1362_20118_Body03,909.3,1967.8,941.7,2036.6,139.7,162.9,1118
3_-7066_1530_18987_Residual_bff232e4_Body01,-734.0,1911.6,-680.3,1939.5,150.6,227.4,490
4_-2785_1360_-7089_Residual_e0cc9ee6_Body01,-281.1,-738.7,-253.3,-698.5,161.9,202.9,472
1_-24529_2180_10458_ResidualBody07,-2480.2,1034.2,-2420.6,1080.8,190.5,267.3,1633
5_11090_961_5535,1086.9,519.5,1130.8,587.4,79.2,112.9,1817
1_-24016_1938_10032,-2435.8,965.4,-2367.2,1040.6,133.4,254.3,2355
9_-9940_1725_1111_Body01,-1020.9,112.3,-1008.6,130.3,63.0,103.4,135
13_-8041_1102_22785_Residual_b885a990_Body01,-819.4,2240.9,-778.8,2299.6,82.7,141.6,1030
5_9534_1445_12034_Residual_2f24875e_Body02,928.1,1198.3,946.2,1220.6,66.7,204.4,211
7_5989_2022_19779_ResidualBody03,537.5,1931.7,620.5,2028.4,155.0,231.8,5672
4_-10248_1127_-17448_Body03,-1060.1,-1761.9,-1015.4,-1719.5,92.2,133.1,1222
10_-16108_1551_-12895_ResidualBody02,-1673.2,-1252.8,-1611.4,-1188.7,55.6,129.6,1979
11_18386_1841_11366_Body09,1723.7,1178.2,1782.3,1208.2,216.0,275.0,1691
8_2559_1563_21981_Body01,222.3,2168.6,289.4,2232.4,113.4,145.6,3499
5_2440_1456_7287_Residual_c7bdab85_Body02,275.3,790.0,295.0,804.1,59.1,125.0,204
7_5989_2022_19779_ResidualBody04,606.7,1952.8,642.5,2018.5,155.0,231.8,1098
6_1177_1454_-15853,99.3,-1622.4,135.7,-1548.2,126.5,164.3,2085
8_-973_1049_26591,-151.4,2624.2,-43.3,2694.0,69.9,139.9,6748
5_10457_942_7543,1023.0,740.0,1067.6,769.3,73.9,114.5,828
7_8508_1814_20020_Body02,813.7,2062.6,891.4,2083.0,236.8,260.0,984
9_-15506_2508_4473_Body01,-1623.2,386.1,-1497.7,512.3,236.5,266.5,7501
4_-2128_1636_-11433_Body03,-227.1,-1169.1,-152.4,-1099.5,180.3,221.4,3420
4_-9468_1295_-17313_Body01,-983.8,-1758.1,-913.3,-1701.2,97.3,125.9,2979
13_-12676_1320_23442,-1312.2,2304.4,-1223.2,2383.8,88.2,175.9,3817
5_9580_1413_9523_ResidualBody04,951.9,989.2,970.6,1003.5,104.4,216.9,197
10_-20469_1971_-9458_Body04,-2106.2,-953.9,-2069.7,-911.7,317.1,340.4,861
10_-16824_951_-11310_Residual_c45d8c8d_Body01,-1658.3,-1143.1,-1645.0,-1124.2,54.6,135.6,173
11_19659_1106_5862,1944.9,576.2,1987.1,595.0,95.7,125.5,666
10_-21795_1124_-4349,-2209.8,-464.4,-2149.1,-405.3,92.0,132.9,1816
1_-24661_2088_13490_ResidualBody07,-2505.1,1334.2,-2482.8,1373.5,170.5,265.2,459
6_4125_1771_-11600_Body01,371.5,-1193.0,450.7,-1127.7,125.1,229.2,3713
5_11237_1270_4018,1096.0,367.5,1151.4,436.0,83.9,170.2,2498
2_26812_1421_-10046_Body02,2681.4,-1046.0,2719.3,-1018.4,150.2,173.4,458
4_-2285_1706_-17624_ResidualBody07,-225.5,-1745.9,-195.4,-1699.3,103.8,148.1,1009
15_-20001_911_-15204,-2032.4,-1564.5,-1962.6,-1474.8,52.5,111.8,2466
4_-10613_1216_-15105_Body01,-1082.3,-1532.8,-1045.8,-1510.0,91.8,151.4,477
1_-24529_2180_10458_ResidualBody04,-2473.8,1034.2,-2420.6,1080.8,133.0,195.8,1571
5_4386_913_4836,419.7,453.0,457.6,514.3,63.2,119.3,1373
7_13413_844_15494_Body02,1325.7,1523.0,1362.6,1551.4,69.3,99.5,608
11_19810_1408_5559_ResidualBody01,1997.2,519.6,2016.7,595.3,96.8,149.0,861
8_3489_2020_30843_ResidualBody09,329.3,3085.7,360.1,3114.0,203.1,262.0,360
1_-29283_1404_6570,-2952.0,628.8,-2904.9,685.0,125.9,154.8,922
13_-17438_1894_13914_Residual_76e58c5b_Body01,-1726.5,1400.1,-1707.4,1425.0,116.8,262.1,286
4_-12898_1911_-2178_Residual_44ab3eca_Body01,-1279.5,-275.5,-1183.5,-181.0,57.6,324.6,5345
11_22094_1597_-530_Body01,2171.4,-63.7,2192.2,-35.0,133.0,186.4,505
9_-16764_1901_8865,-1702.7,843.2,-1650.1,929.8,122.9,257.3,2477
14_1600_2847_-2898_ResidualBody05,5.1,-390.0,160.1,-145.0,232.1,416.0,17422
8_647_1425_22758_Residual_403b85fa_Body01,60.1,2274.3,106.6,2300.3,104.2,145.1,1007
12_31299_1841_-11827_Body01,3139.9,-1209.2,3158.1,-1190.9,123.2,227.1,225
11_24902_1359_1795_Body02,2486.9,162.4,2516.4,198.5,108.9,145.0,580
5_2193_1081_13199,194.1,1293.7,244.5,1346.1,82.7,133.4,1161
10_-22796_816_-12501_Body02,-2266.5,-1256.7,-2246.5,-1236.8,84.8,108.0,225
13_-10639_1665_13442_Body01,-1057.1,1319.1,-1018.8,1389.6,86.8,157.0,1316
1_-24529_2180_10458_ResidualBody08,-2487.2,1010.7,-2435.7,1035.1,226.2,285.1,793
11_24043_1446_2163,2393.0,198.6,2415.5,234.1,120.9,168.3,694
4_-5806_1410_-18653_ResidualBody03,-613.9,-1892.2,-547.9,-1840.0,115.3,192.0,2399
15_-16310_884_-21306,-1647.9,-2149.6,-1614.1,-2111.6,65.8,111.0,725
5_-1306_1466_7221_ResidualBody03,-179.4,625.3,-83.5,830.0,123.1,164.1,13237
12_31299_1841_-11827_Body02,3108.6,-1213.7,3140.7,-1188.9,186.0,244.9,536
15_-20284_811_-14690,-2048.5,-1486.8,-2008.4,-1451.3,52.0,110.2,689
10_-16055_1505_-1748,-1633.4,-209.4,-1577.5,-140.4,75.3,205.1,3504
10_-21487_1162_-3274_Body02,-2187.4,-362.3,-2113.1,-280.2,96.2,136.2,2947
11_24913_1247_2965_Body02,2486.3,268.6,2513.1,283.9,104.7,144.6,234
9_-5479_1274_11886,-586.3,1175.8,-509.6,1201.5,60.4,194.3,1660
11_19820_1597_-1397,1946.0,-182.5,2017.9,-97.0,131.7,187.6,3333
13_-9676_1253_13288,-1009.3,1292.3,-925.9,1365.3,81.7,168.8,4918
5_11381_1007_8619_ResidualBody02,1142.4,840.8,1167.5,879.2,71.9,129.5,598
8_880_1697_33151_ResidualBody02,70.3,3225.6,177.3,3377.9,80.6,223.1,4504
4_-8487_1906_-14587_ResidualBody03,-920.6,-1471.2,-852.6,-1422.6,94.1,215.6,1682
10_-17444_1272_-9886_ResidualBody05,-1728.5,-980.2,-1707.0,-959.1,51.2,149.6,176
13_-16925_1500_20950_ResidualBody02,-1725.7,2119.9,-1689.6,2145.3,98.1,166.1,528
5_-1306_1466_7221_ResidualBody01,-179.4,606.4,-81.5,830.0,57.7,128.4,14445
16_7454_968_-2120,723.6,-230.8,765.2,-193.2,82.4,111.3,882
10_-16793_886_-13524_ResidualBody02,-1714.8,-1380.8,-1682.7,-1345.8,56.3,103.1,544
13_-8789_946_21233_ResidualBody01,-874.3,2102.4,-857.1,2141.4,61.8,127.4,279
1_-20003_1658_14207,-2024.7,1399.2,-1975.9,1442.3,131.1,200.5,1055
6_11175_2094_-7576_Body01,1096.1,-814.1,1164.0,-719.1,133.7,285.0,3321
16_5831_1041_-1317,564.1,-156.2,602.1,-106.2,72.8,135.3,992
11_13012_1367_9246_ResidualBody01,1300.1,894.3,1320.9,941.9,73.8,199.5,504
11_24285_1356_3811_Body02,2415.8,365.7,2452.9,427.8,92.6,178.5,1156
13_-10096_1464_13144_Body01,-1025.8,1292.8,-993.4,1336.0,85.0,118.5,1296
1_-30096_1799_12117_ResidualBody02,-3021.3,1185.9,-3001.3,1218.3,127.1,179.1,427
5_6223_1323_3600_Body03,642.6,291.0,706.7,412.5,121.0,197.8,1738
1_-21923_1930_14282_Body01,-2197.5,1393.4,-2135.3,1444.1,177.0,253.7,1568
1_-24661_2088_13490_ResidualBody09,-2470.9,1314.7,-2443.5,1374.3,188.4,265.2,1113
10_-22796_816_-12501_Body01,-2316.1,-1277.3,-2246.5,-1223.2,55.3,90.1,1882
12_28500_1442_-12395,2831.7,-1275.9,2868.4,-1203.6,116.0,172.5,2192
12_19987_1546_-16468,1977.7,-1670.6,2019.6,-1623.1,137.7,171.6,963
9_-17245_2238_6047_Residual_331b7df0_Body05,-1710.3,585.2,-1676.5,637.6,203.2,315.7,1037
4_-3069_1329_-7458_Body04,-348.0,-758.4,-319.4,-734.7,120.7,161.8,353
5_9270_1494_6930_ResidualBody03,818.8,652.5,963.0,751.3,65.8,197.3,5884
5_9580_1413_9523_ResidualBody02,951.2,965.9,972.3,1004.2,65.7,109.7,656
7_9466_1362_20118_Body01,912.4,1966.7,981.9,2057.2,109.4,145.0,5603
9_-10325_1104_5470,-1070.6,487.6,-994.5,606.4,86.5,134.3,3267
8_-2559_1291_29992_ResidualBody04,-284.0,2951.6,-236.4,2999.4,124.7,183.6,2101
5_7601_983_11064,727.5,1083.7,792.7,1129.1,63.9,126.4,1555
3_257_1726_15414_Residual_efb0b135_Body04,2.1,1574.3,85.2,1684.0,165.5,224.4,5812
13_-19079_2050_16561_Body03,-1957.6,1599.6,-1855.4,1712.5,148.0,296.3,6502
8_-1661_1299_26494,-180.1,2633.4,-152.1,2665.5,66.1,193.7,756
5_7929_1101_2503_ResidualBody01,774.0,236.4,800.6,263.2,72.4,147.8,337
11_18475_1176_7606,1824.9,735.0,1870.1,786.2,85.8,149.4,1828
9_-7949_1401_11751,-878.6,1088.7,-711.2,1261.5,69.2,211.0,19845
7_18969_1102_18442_Body01,1913.5,1806.5,1945.6,1868.3,73.5,146.9,1193
6_4425_1605_-12989_Body04,441.8,-1320.9,470.5,-1277.4,166.2,189.4,1011
5_4988_971_10206,467.1,989.4,530.4,1051.8,65.3,128.9,2301
13_-17889_1804_14187_ResidualBody02,-1793.2,1404.2,-1743.5,1455.4,133.7,174.8,1250
4_-1982_1316_-9445,-226.7,-970.0,-170.2,-919.3,91.8,171.4,1630
5_3588_1113_8075_Body01,317.5,784.5,399.9,826.9,84.6,161.4,2174
10_-18254_1560_-8427,-1845.6,-862.3,-1807.4,-824.2,139.4,172.6,720
1_-29413_1801_7768,-2969.6,752.7,-2914.5,801.4,122.0,238.2,1453
2_20873_1910_-9834,2067.8,-998.1,2106.7,-968.6,144.1,225.7,579
11_18966_1637_3381_Body03,1855.6,306.5,1911.1,340.7,109.6,182.1,1047
5_8457_1639_3503_Body01,824.2,328.3,846.9,370.0,74.0,110.8,553
4_-9668_1204_-15590_Body01,-987.4,-1589.4,-956.5,-1564.7,94.2,128.7,486
6_4425_1605_-12989_Body03,411.9,-1311.8,438.8,-1282.0,166.2,189.4,629
8_2186_1394_26545_ResidualBody02,194.1,2668.7,251.5,2689.1,105.6,155.5,863
1_-31120_1678_7710_Body02,-3135.9,745.6,-3102.9,797.8,121.5,196.2,905
2_24477_1426_-2821,2437.3,-267.0,2451.7,-250.0,104.0,181.2,230
10_-21487_1162_-3274_Body01,-2162.9,-371.3,-2128.3,-343.4,96.2,136.2,431
13_-10096_1464_13144_Body02,-1025.3,1292.8,-993.4,1324.6,113.2,172.1,652
1_-31120_1678_7710_Body03,-3137.5,745.6,-3089.3,797.8,190.8,214.1,1278
16_12507_2462_-4103_Body01,1226.3,-434.8,1274.3,-386.8,228.1,264.4,1319
11_21908_1521_3070_Body01,2175.3,281.3,2208.4,342.2,117.1,187.1,1731
16_3930_1923_-4622_ResidualBody05,417.6,-546.0,482.5,-476.0,216.9,293.7,2663
11_17158_2136_4515_ResidualBody04,1690.8,458.5,1742.6,500.0,127.4,246.1,979
2_21277_2515_-8931,2067.1,-943.9,2114.6,-904.8,144.0,359.1,921
9_-19089_2644_5168,-1891.8,482.0,-1852.0,521.8,240.5,288.4,808
1_-29775_1793_8947_ResidualBody02,-2997.1,841.2,-2922.9,931.8,121.6,183.5,1433
11_21607_1686_5926_ResidualBody10,2148.3,571.5,2186.7,594.7,152.4,247.1,419
12_29145_1585_-12363,2892.4,-1268.9,2936.5,-1203.6,117.3,191.8,2368
2_26812_1421_-10046_Body03,2641.7,-1020.4,2715.0,-961.5,150.2,173.4,2378
15_-19167_1123_-15452,-1948.7,-1573.1,-1884.7,-1517.4,55.1,169.4,1952
7_5989_2022_19779_Residual_c21c41bc_Body01,544.2,1962.2,615.2,2028.4,244.3,303.2,3743
13_-13222_1132_22171,-1339.8,2203.9,-1305.3,2231.4,99.4,127.0,792
10_-20469_1971_-9458_Body01,-2135.0,-1055.7,-1958.5,-835.2,53.9,90.4,19896
13_-10096_1464_13144_Body03,-1025.8,1303.0,-993.4,1336.0,113.2,207.8,954
10_-14473_1388_-14470_Body01,-1458.0,-1438.5,-1380.9,-1377.0,55.4,204.3,2430
1_-22703_1886_13157_Residual_cd518f2a_Body04,-2305.5,1276.5,-2275.8,1300.9,135.2,170.7,438
13_-9594_984_15991,-984.3,1585.4,-936.5,1614.9,84.2,112.5,621
9_-16534_2851_10529_Body01,-1671.1,1050.5,-1653.1,1066.6,269.2,301.0,180
7_6051_930_13688_Body01,577.2,1347.8,605.7,1370.3,72.4,113.5,394
5_6536_999_1785_Residual_1a936c74_Body01,638.2,180.3,663.2,197.9,69.3,130.4,301
15_-20096_1328_-17320,-2002.5,-1732.2,-1983.6,-1712.1,116.8,148.9,200
10_-23208_1864_-1324,-2392.3,-161.9,-2250.0,-103.0,107.4,241.2,7263
6_11749_1726_-7583,1150.2,-783.6,1199.6,-733.1,136.3,208.9,1493
8_3441_1668_25071_Body01,295.5,2490.0,388.7,2521.7,125.2,208.4,2225
16_13726_1775_-6469,1342.6,-676.2,1402.7,-617.6,134.5,205.4,1768
5_9270_1494_6930_ResidualBody02,802.9,707.9,923.1,784.7,65.8,197.3,3326
4_-5886_1462_-12581_Body01,-644.3,-1290.9,-567.4,-1235.3,120.5,171.8,2736
10_-17381_1946_-1876_Body03,-1773.8,-202.6,-1708.6,-141.2,78.2,293.2,2104
7_15882_2446_25545_Residual_7c9968d0_Body02,1598.4,2446.4,1665.8,2537.1,306.9,383.7,3050
4_-404_1462_-17558_Body05,-67.7,-1836.6,-10.1,-1773.6,123.7,164.8,2377
5_8983_1141_2829_Body03,875.6,261.9,923.8,303.3,130.5,153.7,1112
12_20702_1792_-21017_ResidualBody02,1977.5,-2195.2,2173.4,-2007.1,129.5,175.3,18414
9_-16009_1639_10351,-1616.8,1070.4,-1586.5,1095.7,115.7,212.0,468
4_-2978_1173_-8711_Body01,-303.8,-881.9,-264.4,-849.3,79.0,155.6,841
11_19045_1004_7504_Body01,1898.3,722.8,1911.0,743.9,82.8,118.0,212
10_-15197_1091_-8204_Body02,-1543.1,-848.2,-1500.0,-826.4,51.1,167.1,480
16_3425_1342_-4748,317.5,-508.1,367.5,-441.6,78.6,189.9,1797
1_-30477_1736_3611_Body07,-3080.7,351.5,-3022.0,382.8,170.9,229.9,829
2_23468_1461_-4791,2329.0,-496.6,2364.5,-459.5,131.7,160.5,1120
9_-14349_1417_10528,-1461.7,1023.1,-1408.0,1082.5,113.8,169.7,2006
11_22140_1555_-170,2205.2,-34.0,2222.9,-0.1,131.2,179.7,491
7_5762_1235_15572_Body01,537.8,1517.3,615.5,1598.0,80.2,131.0,3539
12_24773_3894_-20146_ResidualBody02,2444.2,-2180.9,2594.2,-2009.8,171.4,212.5,10910
9_-18931_1723_11816_Body03,-1914.8,1161.7,-1857.0,1222.5,161.7,220.7,1711
10_-18508_992_-10893_Body01,-1853.8,-1110.8,-1824.4,-1069.5,46.4,151.9,545
14_-7150_1431_-3426_Body01,-680.4,-360.2,-655.9,-322.7,52.6,233.6,317
10_-21162_1236_-13748,-2177.5,-1440.6,-2056.8,-1301.8,48.6,198.7,6496
16_6289_1039_-1309,612.8,-149.7,645.0,-112.0,74.2,133.5,688
4_-2743_950_-8088,-310.2,-835.4,-238.5,-782.3,71.1,118.9,1927
4_-9468_1295_-17313_Body03,-950.9,-1752.5,-906.7,-1700.1,120.6,143.8,1724
4_-8487_1906_-14587_ResidualBody04,-915.6,-1494.5,-882.9,-1445.6,94.1,215.6,810
14_1068_891_1596,144.2,126.8,206.5,172.8,61.0,113.0,2175
1_-27511_1606_6360,-2775.1,616.1,-2727.1,656.0,130.0,191.2,1086
1_-20225_2028_5114_Residual_f841ceb2_Body03,-2035.2,506.2,-2002.5,544.9,232.6,273.7,755
10_-15143_1186_-10691_Residual_10c87870_Body04,-1515.7,-1077.4,-1488.2,-1044.1,56.4,91.5,545
15_-18636_1325_-24468_ResidualBody04,-1890.3,-2441.6,-1849.0,-2400.8,68.6,160.7,845
9_-16574_1935_10555_ResidualBody03,-1693.8,1008.2,-1650.5,1059.9,116.8,163.1,1006
2_26812_1421_-10046_Body01,2641.7,-1043.7,2719.3,-961.5,110.9,155.6,3053
11_13997_1386_11807,1375.0,1155.9,1424.4,1205.5,72.7,204.5,1137
4_-9468_1295_-17313_Body04,-986.0,-1755.4,-913.8,-1701.2,138.4,161.6,2687
1_-22025_2621_8161_ResidualBody05,-2231.0,776.3,-2182.5,807.3,295.5,354.4,1009
12_29612_2086_-15001_Residual_ddafff48_Body01,2918.3,-1485.6,2963.8,-1455.7,134.2,229.3,1034
13_-19079_2050_16561_Body02,-1957.5,1604.7,-1921.3,1676.3,113.7,153.4,1491
11_23372_1525_2111,2310.1,189.9,2364.3,232.2,120.1,184.9,1979
4_-8487_1906_-14587_Residual_fd997a81_Body02,-886.8,-1493.8,-868.9,-1480.2,94.1,287.0,142
16_17710_2254_166,1750.6,-6.0,1773.7,24.5,205.6,245.1,338
12_18696_1538_-15122,1844.8,-1539.7,1892.9,-1488.7,139.1,168.4,1191
9_-17820_2326_7084_ResidualBody05,-1814.2,647.9,-1763.1,701.1,180.7,293.2,1386
14_3286_2891_1330_ResidualBody01,199.3,-21.3,628.4,247.1,60.6,124.8,46848
12_27325_3005_-16226_Body01,2684.2,-1612.0,2716.6,-1589.7,285.8,315.2,490
11_20060_1799_1026_Residual_cefd7f3f_Body01,2019.1,136.5,2046.9,156.2,119.8,204.3,308
7_15882_2446_25545_ResidualBody02,1483.6,2465.2,1642.5,2665.2,271.2,312.3,16688
1_-24138_1683_14006_ResidualBody04,-2400.3,1345.1,-2379.2,1371.4,135.5,201.2,256
1_-29159_1613_4184,-2941.3,394.9,-2890.2,441.6,120.5,202.0,1133
13_-18476_1585_14638_Residual_3fb78ef2_Body01,-1897.8,1410.4,-1817.2,1465.7,111.3,170.1,2345
9_-15603_1695_4366_ResidualBody08,-1630.9,371.5,-1540.5,448.6,127.7,186.6,3707
11_20474_1264_5547_Body03,2021.6,524.3,2068.0,547.1,131.1,154.3,567
14_4063_1067_-1062_Body02,380.4,-134.4,433.6,-96.2,86.4,145.4,1124
1_-28805_1669_11324,-2911.0,1103.6,-2850.1,1161.8,123.6,210.2,1846
12_29612_2086_-15001_ResidualBody01,2924.2,-1521.7,3005.0,-1492.7,134.2,265.0,1440
6_4935_1937_-12135,472.5,-1228.6,514.6,-1177.0,132.8,254.7,1500
9_-14925_1609_11904_Body01,-1491.7,1154.2,-1471.5,1173.1,112.0,174.2,199
12_28102_1488_-15035_ResidualBody01,2776.4,-1539.9,2849.5,-1484.1,127.3,170.3,2440
12_21324_1771_-17123_Body03,2106.7,-1755.1,2136.5,-1729.8,166.8,207.8,333
7_5762_1235_15572_Body02,537.8,1520.3,604.4,1598.0,125.7,166.7,2807
11_20938_1736_1475_Residual_0ddad5bb_Body02,2115.2,132.9,2132.2,169.4,120.1,191.4,384
11_15015_1554_1694_Body02,1482.7,155.3,1517.6,175.0,129.4,163.5,436
12_30121_2183_-13734_Residual_bf9c2d4e_Body01,2963.1,-1394.0,2984.8,-1337.1,132.7,286.1,969
16_9342_1642_-3250_Body01,870.2,-382.1,988.8,-259.8,127.3,186.2,8654
1_-29812_1769_2006,-3001.0,174.3,-2961.4,226.9,123.0,230.8,1120
4_-6159_1466_-17396_Body01,-656.3,-1775.5,-583.1,-1707.4,146.0,187.1,3887
11_18558_1616_3775_Residual_1f98784b_Body01,1834.4,360.3,1878.9,388.1,115.1,208.0,670
7_20361_1043_22635_Body01,2008.2,2255.9,2065.8,2310.6,74.5,134.1,1518
11_20247_1651_-1728_Body01,2002.7,-201.8,2059.7,-143.6,135.2,195.0,1728
10_-17381_1946_-1876_Body01,-1739.8,-239.0,-1705.3,-203.6,78.2,293.2,610
10_-22796_816_-12501_Body03,-2312.3,-1273.4,-2283.0,-1242.7,84.8,108.0,504
12_23609_2109_-12412_ResidualBody01,2339.2,-1247.5,2376.3,-1218.8,139.3,282.5,432
8_2631_1792_31202_Residual_f4ce0cec_Body01,240.0,3119.6,263.1,3139.5,208.3,249.4,241
1_-25822_1697_10208_Residual_3078d5e4_Body01,-2611.7,985.2,-2574.9,1026.0,129.7,209.7,756
7_20361_1043_22635_Body02,2006.8,2216.3,2050.4,2262.9,74.5,116.3,1007
8_-2559_1291_29992_ResidualBody02,-284.0,2951.6,-236.3,3016.6,74.5,130.0,2596
7_18601_902_20482,1826.4,2014.4,1893.9,2082.0,72.5,107.9,2282
10_-13727_1902_-13131_ResidualBody02,-1448.4,-1371.1,-1333.8,-1238.9,211.1,305.7,5667
1_-20011_1906_12562_Residual_1e3c243d_Body01,-2032.7,1213.6,-1958.0,1299.7,130.9,232.5,4039
11_25289_1122_1774,2519.4,156.1,2538.3,198.8,96.0,128.5,752
4_-11870_789_-4903,-1204.9,-507.7,-1169.2,-472.8,47.0,110.8,547
8_2328_1607_22567_ResidualBody01,186.9,2231.0,277.2,2281.7,117.5,204.0,3474
3_3646_1786_19755_ResidualBody01,281.8,1919.1,330.0,2005.5,91.3,176.6,2859
10_-16824_951_-11310_ResidualBody02,-1717.1,-1140.3,-1668.5,-1108.6,54.6,99.9,885
12_27325_3005_-16226_Body02,2720.9,-1666.7,2783.8,-1598.1,285.8,315.2,3070
6_14814_1899_-14025_Body01,1464.8,-1421.5,1511.8,-1365.0,139.0,240.9,1628
6_6753_1756_-17787_Residual_d288752c_Body01,581.4,-1860.0,735.8,-1670.3,94.4,221.0,19495
11_21407_1446_2290,2119.2,208.6,2153.4,243.8,120.4,168.8,1038
16_7018_1383_-4192_Residual_aa1f2c0e_Body02,690.8,-455.9,727.3,-402.5,140.7,181.8,1026
8_-80_1119_26268,-54.0,2561.3,41.8,2689.2,86.3,137.6,8704
8_4018_1640_22101_Residual_538153f4_Body01,355.1,2176.6,456.8,2243.2,114.8,159.5,5500
9_-17166_1915_10650_Residual_d54382aa_Body03,-1699.9,1076.9,-1681.5,1096.3,147.7,260.2,193
8_6890_2312_24915_ResidualBody01,630.2,2559.4,696.9,2603.7,114.6,258.6,1720
3_118_1226_19984,-41.9,1981.9,65.6,2014.9,67.4,177.8,2873
12_27325_3005_-16226_Body03,2716.8,-1605.1,2770.9,-1578.3,285.8,315.2,858
15_-16976_768_-18421,-1735.1,-1887.1,-1660.1,-1797.2,59.8,93.7,3004
9_-15853_1901_6985_Residual_71ae6eea_Body01,-1587.9,669.3,-1555.9,700.6,115.5,264.8,567
1_-27243_1513_10941,-2742.1,1074.6,-2706.4,1113.6,126.9,175.8,721
1_-26000_1633_10577,-2625.1,1034.3,-2575.0,1081.2,130.2,196.4,1121
5_11592_1128_5113,1122.5,486.2,1195.9,536.3,87.5,129.5,2402
13_-12707_1443_19778_ResidualBody02,-1268.6,1965.1,-1184.1,2077.9,91.8,143.2,4855
5_8264_1051_1313,802.4,113.0,850.4,149.6,74.3,135.8,859
6_5161_1548_-12965,497.3,-1317.5,534.9,-1275.5,134.8,174.9,1046
5_5987_1230_11951_ResidualBody01,563.2,1163.8,623.2,1204.7,66.6,179.3,1557
8_-542_1153_31991_ResidualBody01,-99.6,3153.9,-61.7,3213.7,82.3,148.4,987
8_6890_2312_24915_ResidualBody02,588.9,2391.5,646.7,2431.6,114.6,258.6,1379
1_-29149_1829_1741,-2942.3,136.2,-2887.5,211.9,122.0,243.7,3239
1_-26855_1678_12509,-2706.0,1229.4,-2665.1,1272.4,132.1,193.5,842
16_13694_1690_-4978,1340.9,-525.8,1397.8,-469.8,141.8,196.1,1457
6_4425_1605_-12989_Body02,442.2,-1321.4,470.5,-1304.5,131.6,171.6,359
8_3870_1903_22656_ResidualBody01,367.5,2242.6,458.9,2293.7,116.5,246.1,3881
7_18637_1081_19660_Body02,1844.0,1935.0,1892.3,1991.2,103.1,126.3,1287
11_20122_1984_166_Residual_f9b70a19_Body02,1994.9,-19.6,2043.0,6.7,211.7,270.7,1010
12_26732_1798_-12834,2608.9,-1353.0,2737.5,-1213.8,115.4,244.2,10067
8_-2197_765_28932,-235.1,2885.0,-204.4,2901.3,58.0,95.0,386
11_15015_1554_1694_Body01,1497.9,170.7,1519.0,184.5,129.4,163.5,184
11_23097_1537_-965_ResidualBody01,2310.0,-97.8,2339.3,-82.8,131.1,176.3,338
9_-16574_1935_10555_ResidualBody01,-1660.5,1039.2,-1620.0,1097.7,116.8,252.4,1040
2_26134_1899_-6547_ResidualBody05,2617.7,-608.7,2642.5,-597.6,105.2,238.8,192
5_8983_1141_2829_Body02,873.3,272.0,889.9,298.4,74.5,135.9,229
7_12126_1274_19099,1191.1,1889.0,1234.1,1931.6,84.9,169.9,922
6_4425_1605_-12989_Body01,402.0,-1296.6,466.4,-1277.9,131.6,171.6,640
13_-21021_1705_16847_ResidualBody04,-2122.9,1645.2,-2097.7,1681.2,131.5,191.7,759
9_-5325_1483_10436,-524.8,1028.6,-510.9,1046.6,61.9,234.7,233
14_-4902_753_-3377_ResidualBody01,-506.9,-366.6,-444.8,-315.1,46.2,104.4,1719
1_-29808_1630_5768_Body02,-2984.0,550.3,-2958.6,588.6,120.2,152.2,369
12_22000_1817_-12215,2161.8,-1257.0,2238.1,-1186.1,161.2,202.2,2694
12_30121_2183_-13734_ResidualBody03,3032.0,-1432.7,3060.4,-1389.5,132.7,286.1,884
14_4063_1067_-1062_Body01,367.5,-156.6,397.8,-130.0,86.4,145.4,477
13_-15642_1589_16325_Body07,-1518.9,1653.0,-1413.9,1743.9,110.3,204.9,5539
7_17548_1440_24117_Body01,1669.9,2322.9,1847.8,2502.4,76.6,175.7,14042
1_-29618_1450_10877,-2981.0,1067.6,-2942.5,1107.7,125.1,164.9,811
1_-22654_1934_11825_Body01,-2289.7,1179.9,-2269.1,1198.8,135.4,233.4,171
5_9164_1413_9267,881.5,885.0,947.1,970.5,67.1,215.5,2846
8_-30_1914_28539_ResidualBody01,-3.3,2789.5,62.1,2860.4,82.6,139.4,4382
10_-22085_1042_-12253_ResidualBody03,-2231.7,-1252.2,-2184.9,-1199.7,113.3,154.4,1098
3_2032_1292_16259_Residual_b2b889ba_Body01,168.0,1614.0,237.0,1658.0,77.8,180.6,978
9_-9842_1388_12232_Body03,-1015.0,1189.4,-962.7,1244.5,72.4,187.3,1626
14_-1157_1866_2078_ResidualBody06,-240.2,128.6,-171.2,177.0,236.0,294.9,1454
1_-24105_1591_9154,-2429.5,893.6,-2391.6,937.2,133.5,184.6,632
14_1718_1726_-875,117.4,-128.5,226.2,-46.4,63.9,281.2,4704
1_-30477_1736_3611_Body06,-3074.5,329.2,-3016.2,363.6,170.9,229.9,996
1_-20808_2078_10591,-2114.6,1022.3,-2048.3,1097.1,137.1,278.5,1846
1_-27044_1730_8797_Body01,-2769.8,837.3,-2732.1,886.9,122.0,206.3,1030
10_-15965_1525_-4314_Residual_6c561fbe_Body01,-1645.9,-476.6,-1557.2,-396.4,64.2,205.1,4739
13_-25350_1667_15400,-2582.4,1496.9,-2487.6,1583.2,135.0,198.4,4417
8_4378_1951_28447_Residual_f34434f8_Body05,432.1,2820.0,470.7,2859.0,214.0,255.1,1046
11_17520_1596_8098_ResidualBody01,1684.1,761.6,1703.2,823.6,80.0,185.6,812
7_17548_1440_24117_Body02,1725.2,2347.8,1841.7,2471.6,170.3,211.4,6338
8_-4864_2352_23023,-537.5,2218.7,-435.4,2376.2,60.7,409.6,12751
5_1905_1618_12723,165.4,1268.0,215.5,1317.6,76.6,247.0,1225
14_-77_855_-813_ResidualBody01,-48.2,-157.8,-22.8,-128.0,62.2,108.8,426
7_11802_1083_16731,1153.1,1648.6,1207.4,1697.6,75.3,141.3,1066
5_6223_1323_3600_Body04,541.3,334.8,622.3,456.3,121.0,197.8,3647
9_-9842_1388_12232_Body04,-1015.1,1189.4,-962.7,1244.5,182.0,205.2,1801
4_-3915_1236_-18642,-413.3,-1893.8,-369.7,-1834.7,93.6,153.5,1673
10_-27327_1457_-3026,-2761.1,-322.3,-2704.3,-282.8,108.0,183.4,1025
8_3412_1862_25673_Residual_e3acab7c_Body02,347.3,2527.0,386.9,2577.9,121.3,215.4,970
14_1600_2847_-2898_Residual_63e61dfe_Body01,255.5,-282.2,308.5,-219.0,64.1,237.4,1584
4_-10383_1241_-15663_Body01,-1061.3,-1584.1,-1037.3,-1569.1,92.3,155.8,189
10_-19425_1272_-8782,-2021.7,-958.5,-1863.2,-797.9,54.3,187.9,11914
7_6102_975_15027,591.3,1479.6,629.0,1525.8,80.6,114.4,1066
7_6334_1029_15227_Body01,623.0,1510.9,641.1,1537.3,83.1,122.8,288
3_-2448_885_19224,-270.3,1901.6,-219.4,1943.1,66.1,110.9,1346
5_11221_1028_7027_Body01,1081.5,690.2,1153.9,725.3,75.1,112.7,1427
11_24370_1348_3119,2407.9,294.6,2466.1,329.2,108.0,161.6,1712
7_10493_1102_13448,1026.1,1315.7,1072.5,1373.9,68.0,152.4,1471
9_-13180_1941_6024,-1335.3,586.0,-1300.8,618.9,102.9,285.4,817
1_-23980_1840_7519_Body01,-2445.7,703.0,-2349.5,802.2,134.0,198.2,5494
2_22811_2121_-10956,2212.6,-1151.8,2349.7,-1039.4,139.1,285.0,8243
1_-24529_2180_10458_Residual_f6ab3567_Body02,-2465.9,1052.7,-2420.6,1080.8,261.9,303.0,793
4_-10775_858_-3685,-1098.9,-388.9,-1056.1,-348.0,56.6,115.0,1030
7_13404_906_16348_Body02,1249.6,1577.0,1311.5,1635.9,69.7,111.5,1937
13_-20428_1864_17686_Residual_a52f66cb_Body04,-2068.5,1712.6,-2028.4,1757.0,178.4,219.5,676
6_14174_2241_-11556,1389.1,-1189.7,1445.3,-1121.0,133.3,294.4,2457
12_20702_1792_-21017_Residual_6a43f0a8_Body01,2000.5,-2192.3,2157.3,-2031.4,187.8,228.9,12831
9_-15603_1695_4366_Residual_e7b1bdcd_Body06,-1545.4,456.4,-1490.3,500.8,127.7,240.2,1697
4_-10485_1441_-13836_Body01,-1084.1,-1390.2,-1026.7,-1346.6,66.0,97.3,1182
5_5116_883_3649,489.9,346.8,533.3,382.9,65.9,110.7,840
11_18558_1616_3775_ResidualBody02,1840.0,362.5,1857.8,382.0,115.1,190.2,225
15_-19433_987_-17007,-1975.9,-1734.5,-1910.7,-1667.0,56.6,140.8,2188
14_3286_2891_1330_Residual_ca512ecc_Body05,298.4,30.0,628.4,239.6,173.0,214.1,26938
5_8474_2302_3545,824.0,328.3,870.8,380.7,206.7,253.6,1333
6_14632_1729_-7170_ResidualBody02,1478.0,-736.8,1494.5,-706.3,133.3,212.5,235
4_-10485_1441_-13836_Body02,-1101.5,-1415.3,-1056.4,-1373.0,66.0,97.3,815
9_-13232_1877_1452_ResidualBody01,-1322.7,61.5,-1241.8,171.0,69.5,127.3,4278
9_-9217_1260_12074,-958.5,1163.6,-884.9,1251.2,79.7,172.2,5387
4_-10485_1441_-13836_Body03,-1100.2,-1415.3,-1026.7,-1346.6,91.9,222.3,2445
3_-6993_1347_24088,-741.6,2394.7,-657.0,2423.1,62.7,206.7,2116
2_27124_1497_-8798,2686.2,-901.9,2738.7,-857.8,117.1,182.2,2010
11_20122_1984_166_ResidualBody02,1977.5,-19.5,2038.9,6.6,126.2,217.1,1067
6_11493_1616_-7969,1131.7,-823.3,1166.8,-770.5,134.1,189.1,918
10_-18466_1322_-8042_Body02,-1918.1,-823.1,-1878.4,-774.8,150.5,209.4,990
4_-3080_1806_-17894_Body06,-332.6,-1872.5,-285.6,-1843.4,227.5,250.7,964
7_20361_1043_22635_Body03,2006.8,2224.5,2043.4,2262.9,110.9,134.1,682
9_-12032_1307_744,-1232.5,34.8,-1173.9,114.0,67.0,194.3,2629
5_9888_1382_12135_Residual_28b95f58_Body01,957.5,1180.2,1020.2,1256.3,67.4,208.9,2420
2_22854_1478_-6754,2264.5,-695.5,2306.3,-655.3,131.9,163.8,840
1_-21847_1728_13925_ResidualBody01,-2215.6,1380.4,-2177.2,1417.8,133.0,212.6,720
4_-3080_1806_-17894_Body05,-348.7,-1843.6,-290.6,-1749.7,227.5,250.7,3855
12_29698_1829_-12328_ResidualBody01,2960.7,-1252.9,2991.3,-1209.1,118.3,247.4,965
7_15814_1403_13861_Residual_c8683346_Body01,1571.3,1352.1,1621.9,1396.8,130.1,189.0,1190
13_-17279_1349_21675,-1748.9,2146.7,-1706.9,2188.3,101.6,168.2,847
6_2510_2462_-12844_ResidualBody01,131.5,-1449.1,358.7,-1120.8,97.3,252.2,40878
4_-2722_1697_-14610,-293.6,-1478.2,-252.7,-1443.3,124.0,197.7,905
13_-7535_1459_26324_Residual_2d12755c_Body01,-794.2,2627.9,-756.5,2664.0,61.7,140.8,996
7_8737_1474_13792_Residual_d0597c7b_Body02,852.0,1303.5,873.7,1333.0,94.6,189.2,329
7_11588_1511_14325_ResidualBody04,1087.9,1389.6,1171.5,1473.2,68.3,126.8,3495
11_20779_1472_-42,2061.5,-17.0,2093.8,6.9,132.4,162.0,638
3_1993_1442_20727_Body02,170.9,2055.6,273.2,2105.1,180.8,204.0,4101
2_22877_1692_-6235_Body01,2252.3,-653.3,2318.0,-588.6,156.1,186.1,2102
8_2186_1394_26545_Residual_51ec7385_Body01,184.1,2626.6,242.9,2683.4,105.6,173.3,2784
3_3605_1584_17772,313.7,1750.7,407.3,1803.6,93.3,223.4,2871
12_18949_1642_-16857,1840.9,-1742.6,1948.8,-1628.8,131.9,196.4,5400
2_22934_1562_-2899_Body01,2269.8,-309.3,2284.5,-269.4,134.5,177.9,450
1_-27069_1577_11381_Residual_1a2a23c1_Body01,-2725.8,1121.5,-2688.4,1157.1,128.2,187.2,828
15_-25132_1217_-18575,-2541.2,-1885.7,-2485.3,-1829.4,51.2,192.1,1549
15_-16988_902_-21762_Residual_1a872874_Body01,-1741.0,-2204.9,-1648.1,-2148.7,67.3,113.0,3751
7_18954_975_20990_Body01,1863.8,2066.8,1927.5,2130.1,73.5,103.7,2014
4_-5886_1462_-12581_Body02,-553.4,-1267.4,-529.1,-1225.5,120.5,171.8,586
1_-28044_1721_12093_Residual_27294b4a_Body01,-2849.1,1172.6,-2774.6,1249.9,126.4,217.9,2690
16_17515_2181_-6381_ResidualBody01,1741.5,-630.9,1770.9,-607.8,141.8,276.6,324
3_1993_1442_20727_Body01,108.4,2017.1,168.9,2054.9,84.4,168.3,1914
1_-27461_1641_10260_ResidualBody02,-2777.5,1010.2,-2717.3,1062.5,124.6,185.9,1387
11_13048_1764_5668,1301.3,541.9,1324.5,564.1,109.4,243.5,247
1_-22542_1505_14276_Body01,-2271.9,1411.6,-2255.9,1442.3,135.2,165.7,270
5_2440_1456_7287_ResidualBody01,284.8,682.0,306.6,709.5,59.1,125.0,490
4_-3809_1556_-10373_Body01,-423.5,-1090.8,-338.5,-983.9,94.9,216.3,6658
7_18954_975_20990_Body02,1864.1,2076.1,1892.1,2127.2,98.3,121.5,733
8_2345_1633_24222,197.6,2415.7,214.3,2442.1,122.2,204.3,384
10_-20123_1142_-12423_Residual_3ad856c1_Body04,-2038.0,-1246.8,-1998.8,-1211.5,120.5,179.4,585
2_20815_2700_-8168,1989.4,-897.9,2173.6,-735.7,143.5,396.5,13718
13_-15656_1091_18209,-1597.6,1796.5,-1534.0,1846.5,96.4,121.7,1656
4_-3961_1042_-8296,-419.1,-865.6,-373.2,-793.2,72.1,136.3,1930
10_-22881_1581_-5867_Residual_b95dd74b_Body02,-2361.8,-610.2,-2213.7,-514.6,103.4,180.2,9557
16_17491_1677_-3360,1728.8,-355.7,1769.3,-316.3,130.7,204.7,738
5_6952_1857_6146_Residual_04400fca_Body01,587.8,508.9,778.2,624.7,176.7,253.5,13369
10_-28084_1761_-1518_Body01,-2839.1,-171.0,-2778.1,-131.7,115.2,201.4,972
13_-8721_896_23833,-894.3,2354.3,-849.9,2412.3,62.5,116.8,1493
10_-16037_1057_-3213,-1621.5,-341.6,-1585.9,-301.0,71.2,126.1,1228
16_15061_1714_291,1475.6,2.6,1536.7,55.6,110.9,231.9,1469
11_21199_1441_1940_Body01,2082.5,178.5,2142.5,212.1,121.8,148.6,1430
7_18954_975_20990_Body03,1893.3,2072.7,1927.2,2127.0,98.3,121.5,1012
6_11644_1815_-16486_Body01,1104.0,-1703.5,1153.7,-1635.6,129.6,233.4,2509
1_-25408_1652_8057_ResidualBody03,-2555.5,788.2,-2520.5,818.2,156.1,197.1,549
13_-21021_1705_16847_Residual_62e52072_Body02,-2115.7,1659.6,-2083.4,1681.1,131.5,209.6,489
1_-30103_1932_11545,-3039.2,1132.3,-2981.5,1176.6,126.8,240.1,1715
9_-8444_2187_8492,-895.6,789.9,-805.7,816.7,202.2,235.3,2046
7_13404_906_16348_Body01,1280.9,1574.1,1431.2,1695.6,69.7,111.5,8369
11_21199_1441_1940_Body02,2131.2,177.8,2157.7,206.0,121.8,148.6,457
2_26027_1313_-9622,2590.8,-981.6,2614.6,-942.8,110.4,152.2,583
12_32050_1580_-11578_ResidualBody01,3189.6,-1172.0,3216.4,-1158.5,128.0,188.0,266
8_136_2324_24647_ResidualBody08,-18.8,2409.0,64.4,2481.1,235.9,330.6,3690
4_-12519_1721_-11760_Body02,-1316.7,-1163.2,-1203.0,-1074.5,52.7,291.6,5526
13_-8396_851_21476,-874.8,2111.1,-802.0,2177.5,60.1,110.1,2671
2_22553_1654_-6522_Body01,2247.8,-672.3,2268.6,-654.4,156.0,197.0,229
10_-15285_1392_-1718_Residual_3b90bd18_Body01,-1543.5,-192.9,-1528.7,-179.3,73.3,115.8,130
13_-14325_1229_22328_Body01,-1465.9,2199.7,-1384.7,2265.9,99.8,146.0,2716
9_-3402_1565_6269,-348.9,594.8,-331.4,659.1,57.4,255.5,1038
16_12271_1771_-4776,1213.9,-477.3,1233.9,-458.2,142.3,211.9,177
5_5987_1230_11951_Residual_00cbdef8_Body01,555.1,1156.9,637.7,1230.2,66.6,179.3,4187
10_-18055_730_-6876,-1840.4,-717.1,-1769.6,-659.3,60.2,85.7,1763
4_-3080_1806_-17894_Body04,-348.7,-1872.5,-285.6,-1749.7,156.1,232.9,5141
5_2440_1456_7287_Residual_c7bdab85_Body01,176.9,678.1,198.0,697.9,59.1,89.3,286
9_-10178_2183_415,-1049.0,15.1,-986.3,67.8,193.0,243.6,1634
9_-9842_1388_12232_Body02,-1014.0,1239.8,-981.6,1255.0,72.4,187.3,281
12_21324_1771_-17123_Body01,2086.9,-1756.2,2177.5,-1666.9,146.3,172.1,3228
11_21199_1441_1940_Body03,2081.4,176.6,2155.9,212.1,143.2,166.4,2027
6_1367_1511_-14429_Body02,125.8,-1469.4,151.8,-1452.1,130.7,171.4,208
15_-20722_1987_-20467,-2151.9,-2179.0,-1967.8,-1928.2,58.2,339.2,21531
16_15218_2101_-6422,1490.0,-680.9,1553.6,-603.4,137.6,282.7,2425
6_2930_1221_-18680_Body03,288.6,-1871.4,362.3,-1832.8,87.3,156.9,2062
6_7740_1620_-11913,740.2,-1229.9,806.5,-1151.9,117.2,188.9,2706
2_21271_1879_-9957,2088.4,-1025.9,2165.9,-965.5,143.8,231.9,2372
13_-11212_1423_20372,-1170.2,2001.8,-1072.2,2072.5,83.0,201.5,3959
6_2930_1221_-18680_Body04,226.5,-1896.7,283.8,-1865.4,115.8,156.9,997
8_747_1133_21891_ResidualBody02,49.5,2147.7,114.3,2183.8,92.0,134.6,1960
3_-105_1271_19021_ResidualBody01,-24.6,1887.7,18.4,1929.0,68.0,186.3,1156
13_-20428_1864_17686_Residual_a52f66cb_Body01,-2053.0,1761.6,-2021.0,1799.9,117.5,148.1,676
6_7025_1448_-11750_Body01,673.5,-1202.6,716.7,-1152.6,129.0,160.6,893
10_-17312_1329_-2933_Residual_2fe662bd_Body03,-1754.5,-263.6,-1718.6,-246.4,77.7,152.4,541
10_-22881_1581_-5867_Residual_b95dd74b_Body01,-2329.9,-652.4,-2268.0,-608.3,103.4,180.2,1802
11_17349_1475_6939,1794.9,677.2,1813.4,695.9,96.2,198.8,344
13_-18093_1776_15504_ResidualBody01,-1845.1,1518.6,-1815.5,1558.4,109.0,246.2,807
1_-29787_1726_11982_Residual_f8636b58_Body01,-3012.5,1169.5,-2998.9,1190.5,126.9,182.7,169
5_7459_1095_1453,723.9,126.2,767.9,164.4,71.9,147.2,884
13_-16374_1681_13247_ResidualBody03,-1633.2,1303.3,-1620.0,1324.9,109.4,208.9,273
11_14674_1384_832_Body01,1431.1,62.8,1469.8,114.4,106.8,170.0,765
6_1367_1511_-14429_Body01,103.3,-1471.2,133.6,-1428.3,130.7,171.4,679
4_-3051_1729_-14294,-347.5,-1453.2,-263.3,-1405.6,124.5,221.4,2383
1_-28365_1629_7959_Residual_4893f8d0_Body01,-2878.2,749.8,-2797.5,841.7,124.2,201.6,4215
4_-9702_1193_-16326,-1012.6,-1655.4,-927.8,-1609.7,95.6,142.9,2053
3_-6937_1582_24930,-722.5,2474.8,-668.7,2510.8,63.2,253.2,1656
6_6748_1861_-15062,632.3,-1557.9,717.3,-1454.4,126.8,245.3,5057
8_-240_1160_33448_Body02,-52.4,3305.0,21.1,3379.3,126.3,149.5,1744
4_-3080_1806_-17894_Body07,-341.5,-1871.2,-285.6,-1749.7,245.4,268.6,4284
1_-26023_1645_9209,-2626.1,893.7,-2578.4,948.1,128.7,192.5,1021
11_17854_1789_1275_Body02,1753.3,142.3,1787.7,168.0,131.6,208.3,439
11_21914_1613_-1668,2149.3,-193.0,2233.5,-140.6,140.1,182.5,3516
11_20122_1984_166_ResidualBody11,2008.1,-19.5,2043.3,-2.0,229.6,270.7,457
14_4610_1234_-617_Body01,479.1,-115.5,518.2,-83.5,66.9,179.9,651
8_4378_1951_28447_Residual_f34434f8_Body04,403.2,2827.7,417.8,2865.1,117.2,255.1,372
10_-20935_978_-5001_Body01,-2126.1,-532.5,-2060.0,-470.0,85.1,115.1,2805
11_17520_1596_8098_ResidualBody05,1784.3,768.8,1821.0,838.0,80.0,185.6,1141
15_-19216_887_-17484,-1963.3,-1788.9,-1879.9,-1707.9,57.0,120.4,3486
5_6577_1460_10801_Residual_697080d8_Body04,633.0,1048.5,686.6,1092.6,150.2,191.3,1271
6_11036_2268_-10675_ResidualBody10,1106.0,-1090.7,1159.3,-1045.9,250.3,291.3,1251
12_16769_1789_-12415,1655.6,-1280.2,1698.2,-1202.9,141.0,207.0,1693
10_-25785_2226_-1344_ResidualBody02,-2620.2,-180.7,-2512.7,-91.4,107.6,176.8,4451
10_-17855_1359_-2850_ResidualBody02,-1791.9,-321.4,-1756.7,-243.8,78.4,193.3,2361
1_-24661_2088_13490_ResidualBody01,-2478.1,1359.8,-2455.9,1378.3,134.7,175.9,277
5_6606_836_2020_Body01,645.4,191.2,675.9,212.9,70.3,100.3,611
10_-17444_1272_-9886_ResidualBody03,-1749.5,-975.4,-1731.3,-951.0,51.2,149.6,251
16_11898_1743_-5253,1155.9,-557.3,1223.7,-493.4,140.9,207.7,1671
13_-9897_1351_25493_Residual_44bd12f8_Body01,-1046.5,2464.0,-859.6,2589.4,58.7,211.4,12369
1_-20753_1691_5730,-2111.9,542.4,-2039.1,603.5,133.0,205.1,2087
5_6536_999_1785_ResidualBody01,637.4,159.9,665.7,189.4,69.3,112.6,572
6_2930_1221_-18680_Body01,225.7,-1892.7,258.8,-1859.6,87.3,121.2,859
7_14096_1381_12934_ResidualBody01,1380.6,1284.8,1412.5,1316.4,69.4,188.9,504
10_-21676_1291_-10836_Residual_66cca0a7_Body01,-2186.0,-1129.0,-2119.1,-1078.8,55.5,202.6,2144
14_-476_841_791,-177.8,5.2,82.6,153.0,63.2,105.0,17345
8_-30_1914_28539_ResidualBody02,-61.7,2868.5,59.8,2916.4,82.6,139.4,3669
10_-20790_966_-7130,-2103.9,-738.0,-2054.0,-688.0,70.7,122.5,1245
3_-6795_1171_21917_Residual_7bddcee5_Body01,-685.3,2168.3,-659.7,2208.0,61.3,101.5,927
9_-5140_1743_7505_ResidualBody03,-569.4,680.1,-539.2,695.9,61.7,197.5,308
8_136_2324_24647_ResidualBody12,-38.0,2502.0,-9.0,2533.4,235.9,348.4,532
11_20683_1521_-1069,2048.2,-137.2,2088.5,-76.6,133.6,170.6,1839
6_9437_1599_-12056,886.9,-1244.4,1000.6,-1147.8,115.3,204.4,5964
5_8719_1395_8896_Residual_c94e428e_Body01,841.5,858.9,907.2,909.9,66.0,212.9,1913
4_-12496_1318_-2894_Body02,-1246.5,-309.3,-1213.5,-261.8,57.7,116.5,611
10_-21905_885_-8242,-2208.1,-841.6,-2172.8,-806.8,68.5,108.4,568
1_-21322_1641_12301_Body01,-2153.3,1207.6,-2109.0,1248.0,134.7,175.6,1040
1_-24138_1683_14006_Residual_2eff4454_Body02,-2445.5,1413.2,-2429.1,1427.8,135.5,201.2,148
4_-12215_1208_-18273_Body01,-1225.6,-1832.1,-1190.2,-1797.9,75.4,112.7,677
9_-10612_1265_820_Body03,-1075.5,19.2,-1034.5,84.2,113.1,154.2,1210
9_-18448_1933_9277_ResidualBody05,-1876.6,898.4,-1810.9,969.0,160.9,219.8,2460
11_14583_1553_2982,1439.0,263.0,1485.0,322.9,121.7,188.9,1466
8_-30_1914_28539_ResidualBody03,-56.2,2789.5,59.6,2905.7,134.0,282.2,7968
7_18637_1081_19660_Body01,1832.0,1937.7,1896.4,1997.9,72.0,108.5,2038
7_11281_1491_19216_Body04,1146.5,1939.7,1168.9,1959.3,183.7,207.0,209
16_6166_1104_-1592,601.2,-177.7,638.4,-139.0,76.1,144.8,810
13_-19079_2050_16561_Body01,-1917.3,1599.7,-1855.4,1712.5,113.7,153.4,4683
16_17664_1945_-6648,1733.4,-689.6,1799.5,-639.9,142.5,246.4,1454
8_-2920_1340_31542,-293.2,3132.8,-280.0,3151.8,78.7,189.4,202
10_-16108_1282_-2279,-1642.1,-248.3,-1579.6,-207.6,73.5,182.9,2266
8_747_1133_21891_ResidualBody03,45.5,2186.7,76.2,2230.5,92.0,134.6,920
5_1151_1574_8976,-30.8,776.6,260.9,1018.6,61.3,253.5,45664
9_-5415_1651_6539_ResidualBody01,-553.3,654.6,-527.5,676.2,64.8,247.5,284
4_-11945_1079_-17824,-1215.3,-1805.7,-1174.2,-1759.2,83.5,122.6,982
7_11281_1491_19216_Body05,1121.8,1912.7,1150.4,1942.2,183.7,207.0,376
9_-14137_1450_10840,-1446.3,1062.1,-1381.0,1105.9,113.4,176.5,1633
12_22553_2069_-20782_Body01,2213.4,-2121.4,2298.7,-2035.0,193.8,223.8,3736
7_11588_1511_14325_Residual_dd0c70ee_Body01,1136.2,1490.0,1173.3,1517.5,68.3,198.3,541
7_11281_1491_19216_Body06,1135.3,1894.2,1170.7,1929.8,183.7,207.0,626
5_6577_1460_10801_Residual_697080d8_Body03,675.1,1063.6,697.0,1083.5,150.2,209.2,259
5_-1306_1466_7221_Residual_bf6b9414_Body01,-184.4,612.6,-83.5,830.0,123.1,182.0,14909
11_25144_1262_-613,2490.0,-85.0,2538.7,-37.6,101.2,151.2,1874
5_12440_1370_4225_ResidualBody01,1223.7,390.6,1275.1,430.0,95.4,178.6,1054
4_-404_1462_-17558_Body02,-74.0,-1756.7,-50.7,-1730.0,91.8,129.1,301
7_9565_1504_16140_Body01,894.8,1554.2,1009.1,1673.6,74.9,154.5,9012
4_-8362_1478_-17090,-852.2,-1704.1,-833.6,-1688.7,92.5,203.2,196
1_-19733_1505_13001_Body02,-1972.5,1277.7,-1945.8,1305.0,130.7,170.3,373
1_-28365_1622_3665,-2877.9,323.3,-2795.1,409.7,122.1,202.2,3655
5_11282_987_7301,1081.2,715.0,1175.1,745.2,77.0,120.4,1534
11_19247_1509_-1245,1912.8,-137.4,1936.6,-111.6,132.4,169.3,335
8_1977_1503_25695_ResidualBody03,187.3,2543.7,207.8,2577.2,119.7,180.9,315
8_-1724_1365_25245_ResidualBody01,-235.1,2465.4,-101.1,2611.9,65.4,171.9,8283
5_10327_1588_10209_ResidualBody12,1021.7,965.3,1110.2,1070.6,123.0,199.8,4708
10_-17562_768_-7709,-1776.5,-791.9,-1735.9,-749.9,55.9,97.8,695
7_11281_1491_19216_Body01,1121.8,1894.2,1173.8,1959.3,91.2,135.5,1784
7_11281_1491_19216_Body02,1121.8,1912.7,1168.9,1962.4,130.2,189.1,751
11_16470_1541_2200,1629.2,197.5,1664.7,242.4,129.9,178.3,876
9_-7743_1379_12361,-796.0,1211.8,-752.7,1257.4,72.8,203.1,1611
1_-27044_1730_8797_Body04,-2713.9,808.7,-2687.5,856.2,147.3,224.1,497
16_684_1488_-6799_Residual_05a86456_Body01,-1.7,-747.4,123.2,-611.9,74.6,223.0,10062
7_12317_1073_19349,1208.2,1911.6,1255.3,1958.2,86.6,128.0,1095
10_-21676_1291_-10836_Residual_66cca0a7_Body02,-2195.9,-1086.0,-2147.4,-1040.0,143.6,202.6,1342
6_13266_1664_-15387,1309.3,-1558.6,1344.0,-1518.7,139.7,193.0,850
5_10327_1588_10209_ResidualBody11,970.7,1020.8,1048.8,1089.1,123.0,199.8,2106
4_-2128_1636_-11433_Body01,-279.9,-1213.0,-147.4,-1070.3,105.8,185.7,12748
4_-11425_1431_-15336,-1199.1,-1582.6,-1085.8,-1484.6,66.0,220.2,5480
7_11281_1491_19216_Body03,1135.3,1894.2,1173.8,1940.0,130.2,189.1,855
9_-15410_2607_8514_Body01,-1607.9,788.0,-1467.4,906.1,246.9,276.9,10126
2_19758_2181_-6792_ResidualBody01,1924.4,-725.5,2025.7,-632.0,143.4,292.8,3859
16_3877_1215_-3336_Body02,391.6,-366.5,469.7,-322.6,71.0,154.0,1329
6_2930_1221_-18680_Body02,266.4,-1897.5,293.6,-1865.2,87.3,121.2,687
2_27230_1605_-6304,2684.2,-662.6,2761.9,-601.8,116.3,204.6,4148
9_-11054_1726_7822_Residual_a987092c_Body01,-1118.0,772.0,-1057.2,847.4,93.2,251.9,2760
1_-28825_1560_4866_Body03,-2904.5,466.1,-2852.4,511.7,165.9,189.1,931
6_1945_1385_-7294_Residual_b36ba54d_Body01,150.2,-761.8,234.2,-706.2,89.0,188.0,2123
10_-16523_1336_-9095,-1677.5,-936.5,-1627.1,-882.5,53.1,189.4,1407
1_-29775_1793_8947_Residual_995a5cba_Body01,-3026.6,807.1,-2994.6,838.7,121.6,183.5,454
12_19385_2210_-18450_Body01,1953.8,-1805.7,1984.4,-1779.1,129.2,205.6,438
1_-28776_1807_3160,-2914.0,282.6,-2841.1,349.4,119.3,242.2,2501
3_-1860_1319_14694,-233.6,1436.1,-140.8,1494.4,66.3,197.4,4047
4_-3080_1806_-17894_Body03,-349.0,-1741.4,-307.9,-1706.4,156.1,268.6,1071
12_19385_2210_-18450_Body02,1887.5,-1880.3,1918.0,-1848.2,271.6,312.7,478
14_-1803_730_4758,-199.3,458.1,-161.3,493.6,57.1,88.9,959
12_23679_2057_-18085,2347.7,-1828.9,2388.0,-1788.1,141.9,269.5,816
11_21310_1374_4680,2116.3,436.6,2156.5,498.6,102.5,172.4,2025
8_-1724_1365_25245_ResidualBody03,-215.8,2452.4,-113.8,2510.0,166.5,207.6,3898
5_6237_1025_8726,593.0,835.7,654.3,909.6,62.4,142.5,1632
4_-1526_1255_-8247,-180.1,-844.0,-123.6,-806.1,77.8,173.3,968
1_-23616_1898_9701,-2391.0,936.9,-2332.2,1003.4,134.2,241.3,1494
10_-16549_1273_-6540_Residual_95d0b382_Body01,-1685.5,-683.3,-1630.9,-622.3,56.8,197.7,1598
2_22845_1586_-7473,2266.6,-770.8,2303.1,-726.5,138.5,178.7,819
8_4776_1443_26101,460.9,2594.9,495.0,2616.9,124.5,164.1,628
7_9113_1578_15144,877.2,1476.6,946.8,1569.9,73.6,242.0,3538
9_-13232_1877_1452_Residual_1b563b1d_Body01,-1419.7,159.5,-1366.7,226.9,69.5,127.3,1797
8_97_1029_33484_Residual_7ec94410_Body01,-80.0,3262.1,-21.3,3296.7,78.3,127.5,932
9_-15603_1695_4366_ResidualBody10,-1612.7,371.5,-1545.8,421.0,181.3,240.2,1295
10_-17518_1582_-5497_Residual_bdb8b15d_Body01,-1799.7,-610.4,-1692.6,-495.0,65.4,250.9,7125
16_10728_1859_-5602_ResidualBody02,1047.4,-588.0,1090.5,-536.8,140.6,213.5,1314
3_284_1476_19286_Residual_0fa001be_Body01,-8.9,1886.1,63.2,1977.6,67.4,227.8,5307
2_24597_1375_-7291,2433.7,-748.8,2485.7,-709.3,109.5,165.4,885
6_8474_1544_-12371,770.9,-1308.6,922.6,-1160.3,114.5,194.2,8948
15_-26129_917_-19454,-2642.3,-1975.0,-2583.6,-1915.9,48.5,134.9,1712
7_14122_2081_26219_Body01,1340.6,2481.8,1486.1,2758.2,111.1,144.3,16188
4_-5981_1423_-18112_ResidualBody02,-630.6,-1837.4,-593.4,-1778.3,98.5,168.2,994
6_11036_2268_-10675_Residual_85d7c1f5_Body02,1054.2,-1077.9,1097.8,-1028.4,250.3,291.3,1318
4_-10613_1216_-15105_Body02,-1079.7,-1513.9,-1043.6,-1487.4,91.8,151.4,562
9_-13214_2306_9146_ResidualBody01,-1418.3,761.2,-1226.0,1058.0,103.3,161.6,32396
10_-22085_1042_-12253_Residual_da67a410_Body01,-2231.7,-1252.2,-2184.9,-1199.7,53.9,154.4,1162
4_-1134_1758_-17706_Residual_a5f14c66_Body02,-131.6,-1784.1,-75.3,-1728.8,97.9,200.3,1834
4_-10490_1339_-16236_ResidualBody07,-1066.8,-1653.8,-1020.1,-1594.0,134.3,175.3,1723
1_-28044_1721_12093_ResidualBody01,-2853.1,1167.2,-2780.7,1249.9,126.4,182.2,2437
4_-1054_1425_-18286,-138.9,-1852.5,-72.1,-1804.5,92.0,175.2,2353
10_-19233_1299_-11540_Body02,-1960.5,-1184.4,-1915.7,-1120.5,51.8,208.0,1403
4_-11026_1396_-3874_Residual_36a11e57_Body01,-1124.9,-400.2,-1082.0,-364.6,56.3,223.0,855
9_-17337_1512_9271,-1762.6,860.6,-1704.8,993.6,126.7,175.6,2659
9_-7352_1124_12223_ResidualBody04,-761.7,1214.1,-737.6,1233.1,69.2,155.7,239
7_14122_2081_26219_Body02,1340.6,2490.9,1465.5,2735.1,139.0,305.0,10818
6_11036_2268_-10675_ResidualBody07,1055.8,-1083.3,1100.6,-1030.6,126.5,255.6,1116
9_-9718_1254_8444,-999.0,819.9,-944.6,868.8,85.2,165.6,2051
11_21140_1443_2970,2091.0,276.4,2136.9,317.5,117.0,171.5,1601
15_-18731_1042_-23457,-1907.6,-2390.7,-1838.6,-2300.2,85.5,122.9,2099
8_3914_1929_24414,376.2,2444.0,405.4,2465.1,124.2,261.5,516
13_-21466_1913_15167_Residual_ce46f78e_Body03,-2249.0,1444.3,-2145.2,1574.1,173.6,250.4,6627
10_-25557_1690_-2137_Body04,-2572.2,-222.1,-2527.1,-186.6,192.3,215.5,718
8_-1724_1365_25245_ResidualBody02,-235.1,2439.7,-113.8,2573.5,65.4,171.9,7674
10_-21907_990_-6337,-2239.1,-681.8,-2142.2,-585.5,79.9,118.0,4967
7_13803_1591_17345_Body04,1349.1,1731.4,1398.2,1772.7,135.6,212.4,746
13_-19641_1609_18910_ResidualBody01,-1956.2,1860.5,-1916.9,1902.2,115.2,206.5,778
12_21344_2224_-13581,2103.6,-1381.4,2165.3,-1334.9,142.9,279.8,1632
12_25853_3796_-14010_Body01,2500.2,-1411.5,2530.9,-1367.2,360.4,398.7,452
7_14174_1218_18457_ResidualBody03,1442.0,1818.3,1488.6,1868.7,72.4,117.7,1137
10_-16632_1092_-4677_ResidualBody01,-1680.7,-464.9,-1644.2,-438.6,66.2,152.2,297
11_16840_1513_8522_ResidualBody04,1669.4,820.0,1690.3,854.5,79.1,223.5,371
16_5962_1377_-4165,552.8,-453.0,639.7,-380.1,81.4,166.3,3588
11_20451_1261_6209,1989.8,587.1,2100.3,654.8,88.5,163.6,5217
6_7735_1253_-17864_Residual_4c73d112_Body01,722.3,-1836.2,819.8,-1730.0,96.1,154.6,5846
10_-18704_1429_-11070,-1890.6,-1127.7,-1850.2,-1086.4,52.4,233.3,775
8_1502_1549_31764_Body02,177.6,3167.3,189.9,3181.6,104.3,151.8,107
7_14096_1381_12934_Residual_b004454a_Body01,1378.7,1257.6,1455.9,1335.8,69.4,206.7,3009
3_-1884_1451_14275,-237.2,1407.3,-139.6,1447.8,66.4,223.9,2705
1_-28044_1721_12093_ResidualBody03,-2786.0,1192.2,-2758.5,1221.0,126.4,217.9,395
1_-26826_2410_4060,-2788.1,299.6,-2577.2,512.4,131.9,350.1,22891
16_17246_1870_-2695_Body02,1688.9,-308.1,1734.5,-263.4,126.0,158.7,992
11_13164_1449_2650,1286.6,227.1,1347.0,302.9,97.5,192.3,1414
15_-16988_902_-21762_ResidualBody01,-1719.8,-2213.3,-1697.0,-2146.9,67.3,113.0,1221
11_19978_1467_-832,1973.9,-107.2,2021.6,-59.2,131.4,162.1,1284
5_8717_1843_5722,781.2,530.0,826.2,575.1,70.9,297.6,1282
8_1502_1549_31764_Body01,189.0,3183.6,204.5,3205.0,104.3,187.5,198
1_-30433_1388_2990,-3059.6,277.0,-3027.0,321.1,122.0,155.6,810
1_-30477_1736_3611_Body05,-3075.2,371.7,-3027.1,401.7,153.1,229.9,726
10_-20936_975_-5539,-2163.4,-610.3,-2023.8,-496.5,78.9,116.1,6997
15_-26803_1093_-20075_Body01,-2700.5,-2014.2,-2671.4,-1981.9,49.2,169.3,477
16_18162_2023_-1116_Residual_bf20db85_Body01,1812.3,-118.9,1827.2,-104.8,231.0,272.1,126
16_10728_1859_-5602_Residual_4c7d9ce1_Body01,1080.7,-552.6,1099.7,-535.3,140.6,231.3,166
13_-11390_1328_13306_Body03,-1146.8,1309.8,-1097.9,1355.1,115.1,156.1,1647
8_4604_1476_30958,401.1,3030.6,519.6,3161.1,125.8,169.4,5434
12_25853_3796_-14010_Body02,2561.2,-1476.3,2676.5,-1366.5,360.4,398.7,6449
1_-22546_2148_2107,-2362.8,151.2,-2131.1,290.4,112.5,317.2,26872
1_-25026_1671_8552,-2525.6,833.7,-2479.6,876.7,132.4,201.7,966
8_3066_2980_32070_ResidualBody04,280.8,3201.3,329.2,3240.0,116.9,461.4,990
1_-30845_1615_4457,-3108.2,426.8,-3060.9,464.6,118.0,205.0,1233
5_9965_1183_2943,973.5,263.2,1019.4,325.4,80.6,156.0,1269
8_3412_1862_25673_ResidualBody11,347.3,2528.1,385.1,2565.3,156.5,197.6,718
5_7523_1195_2467,703.5,204.6,801.0,288.8,72.0,167.0,3909
3_-2104_1424_20248,-278.1,1988.0,-142.7,2061.6,68.3,216.5,5654
12_17415_2195_-12610,1719.5,-1299.9,1767.0,-1224.2,142.1,279.1,2124
3_-105_1271_19021_Residual_908f1de2_Body01,-40.1,1878.8,17.7,1906.7,68.0,186.3,665
8_-1986_1323_21754,-225.8,2156.5,-171.5,2194.4,67.6,197.1,1049
13_-17240_1157_15536_Body01,-1724.1,1530.5,-1690.7,1562.7,101.5,129.9,527
16_3179_1494_-4612,299.5,-490.7,339.9,-431.5,78.2,220.7,1164
12_29069_1738_-13112_Residual_ac793745_Body01,2863.4,-1348.1,2907.7,-1311.1,126.1,203.7,1312
5_6952_1857_6146_ResidualBody03,578.8,535.7,778.2,618.7,87.4,182.1,6773
8_-2354_1335_21910,-284.7,2153.9,-186.2,2228.2,66.9,200.1,3098
9_-12600_4488_4064_Body01,-1426.2,447.0,-1288.7,549.1,62.6,388.7,7799
8_2112_1709_30198_Residual_c25e8708_Body01,172.3,3014.5,192.3,3046.6,152.6,211.5,527
1_-22703_1886_13157_Residual_cd518f2a_Body01,-2306.2,1307.2,-2226.6,1358.4,135.2,242.1,2539
11_16376_1494_5803,1615.3,551.3,1660.0,609.3,123.7,175.0,1157
4_-3175_1426_-14733,-347.8,-1493.4,-287.2,-1453.1,123.5,161.7,1579
9_-7669_1077_10213,-814.1,999.8,-719.7,1042.8,69.5,131.4,3699
9_-11117_1663_986,-1163.9,24.4,-1059.5,172.8,64.6,267.9,8349
6_1544_1463_-15680_Body01,135.7,-1597.8,167.0,-1549.4,129.1,163.5,895
8_6673_1761_22652_Residual_8ce94ad7_Body01,594.9,2264.5,782.5,2326.8,114.9,148.1,3773
9_-10121_1247_8596,-1031.7,836.5,-992.5,882.7,95.3,154.2,1090
5_11339_1044_7570_Residual_fc6f48a2_Body01,1109.8,733.6,1179.9,766.0,75.6,115.3,1248
5_5079_1395_11680,457.6,1145.1,540.7,1188.0,96.7,182.3,2437
7_13803_1591_17345_Body05,1322.1,1682.9,1395.3,1762.9,207.0,248.1,2787
6_3313_1126_-19044_ResidualBody05,340.5,-1923.5,370.0,-1883.5,86.9,138.4,910
5_12295_1316_4974_Body02,1192.6,478.1,1217.5,496.9,104.2,141.1,265
10_-25961_1399_-6007_Residual_1cfdcb42_Body01,-2615.6,-612.0,-2574.9,-587.3,98.1,181.8,468
4_-5506_1491_-13814_Body01,-606.6,-1441.6,-491.4,-1321.8,118.3,162.2,7007
1_-28825_1560_4866_Body02,-2916.8,459.8,-2861.6,512.7,122.9,171.3,1130
7_13714_1235_22367,1333.7,2211.8,1409.1,2261.6,102.3,144.8,2032
11_17725_1531_6011,1741.9,576.9,1803.0,625.5,117.9,188.3,1621
13_-11390_1328_13306_Body04,-1180.2,1309.8,-1097.9,1355.1,150.8,174.0,2150
5_7902_1186_3542,756.3,310.1,824.0,398.3,72.8,149.6,2989
1_-26470_1658_9494,-2671.4,923.9,-2622.5,975.0,126.1,205.4,1178
4_-1768_919_-7705,-209.6,-796.4,-142.9,-745.5,76.3,107.4,1752
12_17590_1614_-14538,1732.9,-1483.9,1785.1,-1423.8,141.6,181.2,1414
1_-20603_1764_12797,-2092.2,1249.5,-2028.4,1310.0,135.0,217.7,1941
7_20670_1007_20284,2035.4,1995.4,2098.6,2061.4,72.5,121.4,1622
11_21607_1686_5926_Residual_0505526b_Body02,2166.5,605.4,2187.8,620.1,90.2,139.9,169
7_15962_920_15961,1555.5,1550.6,1636.8,1641.6,71.6,112.4,2252
13_-19641_1609_18910_Residual_9b844ef6_Body01,-2007.9,1849.9,-1950.1,1930.3,115.2,206.5,2528
10_-27654_1384_-2526,-2790.8,-270.7,-2740.0,-234.6,111.8,165.0,788
6_6045_1513_-14504_ResidualBody01,593.7,-1449.7,611.8,-1431.6,128.4,174.3,230
7_16357_4749_19216,1569.6,1856.0,1701.7,1987.3,423.5,526.4,7565
5_8131_1049_1127,784.7,92.2,841.4,133.2,73.8,136.0,1087
7_14504_830_15793,1427.2,1547.8,1473.5,1609.7,69.6,96.3,1049
16_9556_1800_-4394_Residual_ecd0d135_Body01,910.3,-472.4,973.6,-397.2,126.6,233.5,3009
5_3750_1693_7298_ResidualBody08,325.4,667.6,417.3,759.5,94.3,135.4,5219
1_-20405_1967_13378_Residual_4b244121_Body01,-2069.1,1298.7,-1971.6,1373.6,132.7,260.7,3485
12_19034_2063_-12927,1870.6,-1319.8,1936.2,-1265.5,143.3,269.2,2070
2_23148_1374_-6517_Body01,2286.5,-679.9,2343.2,-623.4,124.4,154.4,1613
7_11588_1511_14325_Residual_dd0c70ee_Body02,1058.3,1461.8,1114.5,1510.9,68.3,198.3,1581
12_19640_1587_-15926_ResidualBody01,1938.9,-1606.7,1982.0,-1559.3,137.9,179.5,1076
6_17183_1767_-7136_Body01,1693.7,-728.7,1742.0,-698.9,142.0,175.5,567
2_21571_1641_-5546,2143.5,-577.6,2170.7,-531.7,140.7,187.4,754
11_15577_1600_6012_Residual_dcc5e678_Body01,1546.8,574.2,1587.0,598.7,121.8,198.3,482
10_-15143_1186_-10691_Residual_10c87870_Body01,-1535.6,-1068.6,-1510.7,-1045.0,56.4,91.5,306
6_13464_2152_-11632_Residual_47127da5_Body01,1338.8,-1176.8,1402.2,-1109.0,118.6,293.9,2759
10_-22881_1581_-5867_Residual_b95dd74b_Body03,-2264.3,-619.6,-2250.2,-604.6,121.3,180.2,154
5_6819_1187_10146_Residual_b2d30e26_Body01,679.5,979.0,702.2,997.1,62.8,138.9,218
11_17861_1372_5337_Body01,1768.6,520.2,1808.6,562.8,116.8,157.6,1026
5_12295_1316_4974_Body01,1203.5,473.4,1240.4,512.8,104.2,141.1,522
10_-26937_1855_-1750_Body02,-2728.9,-268.8,-2604.3,-179.8,107.0,264.0,4858
1_-25215_2031_3583_ResidualBody04,-2553.4,288.0,-2441.3,411.3,167.0,243.8,6283
1_-19855_2800_5973_Body01,-2010.6,583.3,-1970.6,618.5,260.9,299.0,674
8_1977_1503_25695_ResidualBody04,192.5,2552.6,210.0,2586.1,119.7,180.9,216
3_1886_1342_19453_Residual_f4a0ba81_Body02,108.3,1895.3,145.5,1949.8,114.3,191.1,1021
10_-17518_1582_-5497_ResidualBody01,-1799.7,-602.5,-1692.6,-495.0,65.4,233.1,5760
4_-9610_1266_-16037,-988.3,-1621.4,-933.6,-1586.0,96.0,157.1,1186
7_13070_1490_21674_ResidualBody03,1267.0,2106.2,1306.9,2159.0,90.9,189.3,1359
5_6279_2686_3600,561.5,325.8,656.5,407.8,191.9,345.3,4464
3_1668_1565_17063_Body01,143.0,1665.1,170.1,1691.0,141.1,171.8,532
9_-17245_2238_6047_Residual_331b7df0_Body01,-1772.7,608.5,-1735.2,639.7,114.1,244.2,559
15_-17437_1320_-16045,-1785.4,-1663.1,-1701.6,-1546.4,57.4,206.5,4312
10_-13529_2261_-3405,-1385.1,-343.0,-1367.5,-325.3,210.2,241.9,156
10_-25557_1690_-2137_Body01,-2599.2,-269.0,-2514.2,-196.2,104.8,197.6,3517
2_21499_1551_-2461,2117.2,-275.5,2182.5,-216.7,140.1,170.1,2206
4_-1838_1130_-8696,-226.4,-901.2,-141.2,-837.9,79.2,146.8,2668
16_17009_1555_-5468,1668.3,-569.7,1733.5,-523.8,137.7,173.3,1192
12_29978_1440_-12774,2980.5,-1298.6,3015.0,-1256.1,123.4,164.6,1118
12_19012_2284_-13370,1890.4,-1346.4,1921.4,-1314.7,141.8,314.9,631
8_-3872_763_25477,-430.0,2461.7,-346.7,2644.3,63.3,89.3,11013
1_-27031_1722_7170_ResidualBody01,-2731.3,679.9,-2670.5,757.4,130.8,195.8,2964
6_5335_1499_-14494,495.2,-1484.3,573.6,-1410.7,128.0,171.9,2897
5_9534_1445_12034_Residual_2f24875e_Body04,930.6,1221.3,952.0,1236.6,66.7,204.4,189
14_3286_2891_1330_ResidualBody09,221.4,96.3,474.5,225.0,208.7,481.9,12493
2_22069_1681_-8380,2182.8,-861.8,2231.0,-814.3,143.8,192.3,1239
8_3412_1862_25673_Residual_e3acab7c_Body04,347.3,2527.0,387.4,2556.9,121.3,233.3,718
16_3951_1066_-2895,332.0,-330.6,458.2,-248.4,70.3,142.9,5827
5_2594_1405_11882_Body01,274.9,1133.3,313.6,1200.4,72.6,190.5,1244
11_20122_1984_166_Residual_f9b70a19_Body01,1976.8,36.4,2033.8,54.0,126.2,217.1,696
6_3313_1126_-19044_ResidualBody04,319.1,-1919.2,339.5,-1880.5,86.9,138.4,569
1_-21847_1728_13925_Residual_16dc4d42_Body01,-2215.6,1362.9,-2153.3,1419.4,133.0,212.6,1527
13_-8041_1102_22785_Residual_b885a990_Body03,-829.6,2252.7,-793.9,2313.0,100.6,159.5,536
16_16703_2117_-5124,1640.9,-547.3,1660.7,-526.7,135.0,288.3,197
5_6952_1857_6146_ResidualBody07,575.8,583.0,614.5,612.8,194.6,289.2,974
15_-24920_987_-18316,-2518.1,-1855.3,-2466.0,-1808.0,50.5,146.9,1068
9_-11594_1365_1411_Residual_c2882579_Body02,-1165.3,98.0,-1137.0,157.2,69.6,131.9,1528
14_5223_1224_-658,501.3,-99.7,543.3,-31.9,70.0,174.8,1625
10_-20577_1172_-13039,-2078.8,-1325.0,-2036.5,-1282.9,51.8,182.7,887
7_14174_1218_18457_Residual_c7103ff9_Body01,1391.4,1810.5,1463.3,1900.5,130.2,171.3,3967
5_9270_1494_6930_Residual_d2eeb7b1_Body01,972.0,692.3,1021.3,737.9,65.8,215.2,1322
11_19095_1486_3990_ResidualBody01,1883.0,377.3,1937.2,421.9,108.0,153.5,2029
10_-16921_1257_-9424_Residual_d0354220_Body02,-1725.2,-971.2,-1690.2,-918.1,52.1,92.1,878
14_1600_2847_-2898_Residual_63e61dfe_Body02,91.1,-233.7,156.2,-172.5,410.7,451.7,2772
10_-15164_1080_-3554,-1547.8,-386.7,-1485.0,-324.2,65.0,151.1,1961
8_136_2324_24647_ResidualBody01,-25.9,2369.9,65.4,2489.2,98.4,169.9,7593
1_-23798_1731_14239_Residual_b5721dd6_Body01,-2393.6,1397.7,-2378.4,1410.9,135.3,210.8,131
11_17861_1372_5337_Body02,1768.7,504.5,1801.1,526.1,116.8,157.6,320
1_-19481_1491_14012_Body01,-1970.9,1375.1,-1925.2,1426.3,123.1,157.3,918
5_5238_1007_9606,493.1,911.5,560.2,1001.7,62.6,138.8,3177
12_17843_1520_-16190,1754.3,-1640.2,1806.2,-1586.0,134.6,169.4,1291
9_-11716_1253_7480,-1188.2,729.2,-1155.0,766.9,96.6,154.0,823
10_-25785_2226_-1344_Residual_00987248_Body01,-2620.2,-180.7,-2560.8,-128.5,296.4,337.5,1947
13_-19220_1553_19431_Residual_ac761238_Body01,-1959.1,1892.4,-1874.0,1980.0,143.8,202.7,3252
13_-20428_1864_17686_ResidualBody05,-2034.1,1791.1,-2002.7,1823.2,117.5,165.9,501
11_16178_982_8416,1591.8,823.5,1643.8,859.8,83.0,113.4,1480
5_11406_1159_12634_Body02,1076.8,1208.8,1161.2,1311.2,125.4,166.4,4722
5_7503_1041_1688_Body01,748.1,157.0,771.4,181.1,72.2,136.0,234
8_136_2324_24647_ResidualBody09,0.1,2483.1,55.7,2521.5,235.9,330.6,1277
11_24326_1563_-1466_Body01,2358.4,-194.8,2384.6,-180.5,99.9,159.1,294
10_-19233_1299_-11540_Body01,-1922.8,-1182.3,-1885.8,-1121.7,51.8,208.0,997
6_8872_1529_-11653_Residual_823514b7_Body01,861.5,-1190.2,914.5,-1139.3,115.4,190.4,1329
1_-27783_2181_11687_Residual_20b09978_Body01,-2804.4,1142.3,-2742.6,1199.2,126.6,166.8,1930
7_15882_2446_25545_ResidualBody03,1598.4,2446.4,1689.2,2579.1,271.2,312.3,4659
9_-13310_1415_11640,-1404.0,1110.1,-1258.4,1217.8,102.1,181.0,10343
8_-1944_1273_31646,-198.0,3171.1,-169.7,3198.4,77.6,177.0,549
7_5958_992_14761_Body05,579.3,1437.8,597.9,1463.9,79.9,118.6,303
10_-25785_2226_-1344_Residual_00987248_Body02,-2584.7,-159.4,-2514.6,-91.4,296.4,337.5,2689
6_5260_1561_-13371,505.8,-1361.9,546.1,-1315.8,134.3,177.9,871
1_-20369_1726_13926_ResidualBody04,-2052.3,1356.2,-2016.9,1388.0,154.4,195.5,495
16_7989_1129_-2305,780.0,-248.0,817.9,-213.0,92.4,133.4,812
5_11853_1383_5586_Body01,1183.3,521.4,1222.6,562.7,94.8,181.8,789
4_-4130_1622_-13699,-471.1,-1410.4,-354.8,-1329.4,121.0,203.4,5764
13_-7890_867_21803_Body04,-790.8,2204.0,-764.2,2220.6,59.8,95.7,291
6_1442_1768_-17761_Body01,119.4,-1723.7,172.9,-1692.3,92.5,261.2,1458
8_1630_1759_24378_Body02,131.0,2393.0,191.0,2453.7,120.4,159.9,2106
10_-15078_1390_-11837,-1548.6,-1223.9,-1469.1,-1141.5,56.5,221.5,3807
1_-25822_1697_10208_ResidualBody03,-2587.9,1017.9,-2552.0,1055.8,129.7,191.8,664
9_-11594_1365_1411_Residual_c2882579_Body03,-1196.1,113.0,-1184.1,124.9,69.6,114.0,131
5_-1594_1283_9366_Residual_9892993d_Body01,-197.3,895.2,-129.5,978.4,62.1,194.5,4097
8_2291_1413_27755_Body01,212.2,2753.8,237.2,2826.5,106.2,158.5,1006
13_-18631_1281_20060,-1888.5,1983.0,-1837.8,2029.1,109.2,146.9,1168
6_1544_1463_-15680_Body02,143.1,-1563.8,172.5,-1538.3,129.1,163.5,401
1_-20033_2571_10707_Body04,-2040.7,1095.0,-2010.8,1125.9,360.2,383.4,456
7_15882_2446_25545_ResidualBody04,1483.6,2465.2,1623.7,2589.6,306.9,365.9,8641
2_23719_1777_-9513_Body01,2384.1,-952.0,2400.3,-933.1,114.2,241.2,176
15_-16320_912_-20591,-1680.4,-2084.8,-1583.5,-2033.5,65.1,105.8,2654
5_3750_1693_7298_ResidualBody10,337.3,746.0,377.7,772.1,130.0,206.8,550
5_9686_943_1888,941.3,159.6,996.0,217.9,77.6,111.0,1700
1_-29703_1378_3390,-2987.2,311.0,-2946.6,367.0,118.3,157.3,1277
1_-26658_1543_11123,-2703.2,1108.1,-2675.5,1138.6,128.5,180.2,369
7_20085_1228_19580_ResidualBody02,1990.9,1934.7,2035.7,1976.1,73.5,172.2,849
8_-2752_1258_22805,-296.4,2254.5,-254.1,2306.5,64.0,187.6,1157
16_14061_2054_-5274_Body02,1377.3,-517.6,1418.7,-482.1,140.3,270.5,603
5_-1594_1283_9366_ResidualBody02,-188.8,948.6,-139.2,975.3,62.1,194.5,868
9_-5434_1313_11496,-588.2,1122.3,-499.4,1176.9,61.0,201.6,4340
6_17183_1767_-7136_Body02,1703.1,-731.3,1744.7,-696.2,170.2,211.3,756
7_20524_886_21450,2018.3,2109.1,2086.5,2181.0,73.4,103.9,2475
13_-20428_1864_17686_ResidualBody01,-2087.9,1712.6,-2034.7,1765.0,117.5,165.9,1252
13_-21021_1705_16847_Residual_62e52072_Body01,-2115.6,1702.6,-2076.1,1724.1,131.5,209.6,585
6_8036_1432_-16480_Residual_c7ff62e7_Body01,799.1,-1673.7,814.8,-1618.7,102.0,184.4,531
8_623_1512_29097_ResidualBody03,36.7,2890.7,87.4,2933.5,138.7,179.8,1237
15_-22818_2234_-23523,-2344.5,-2415.9,-2212.1,-2293.6,206.7,240.2,7210
12_26233_1481_-11615,2594.4,-1190.0,2652.3,-1133.1,112.2,184.0,1447
4_-8571_1702_-16044,-855.8,-1623.4,-828.2,-1603.6,92.9,247.5,382
5_6819_1187_10146_ResidualBody01,691.0,1006.1,717.0,1037.9,62.8,138.9,501
13_-7890_867_21803_Body03,-801.7,2179.9,-756.4,2201.6,59.8,95.7,638
1_-28474_1733_9306,-2875.9,898.6,-2821.3,962.7,123.2,223.4,1955
1_-24138_1683_14006_Residual_2eff4454_Body01,-2412.9,1386.5,-2393.3,1402.9,135.5,201.2,188
13_-16235_1305_21827,-1684.9,2112.2,-1575.7,2245.7,100.1,160.9,5808
8_-1992_952_26769,-240.6,2660.1,-157.8,2693.8,66.9,123.6,2218
6_1982_1382_-16687,181.5,-1691.9,211.1,-1645.6,122.7,153.7,1042
1_-28365_1629_7959_ResidualBody01,-2877.1,750.9,-2804.3,802.8,124.2,183.8,1720
7_14141_1451_20952_Residual_15519536_Body01,1384.7,2082.5,1450.0,2096.8,73.8,216.3,748
6_11036_2268_-10675_Residual_85d7c1f5_Body01,1123.9,-1084.1,1159.3,-1049.7,126.5,255.6,664
13_-21466_1913_15167_ResidualBody08,-2155.5,1463.0,-2104.5,1531.0,209.3,250.4,1084
11_13842_1435_2949_ResidualBody01,1341.6,283.7,1410.3,331.4,104.7,164.5,1375
5_7083_850_8135_Body01,687.2,780.4,730.4,845.3,63.4,106.5,1692
10_-14874_1280_-11109,-1511.1,-1125.7,-1487.0,-1104.7,56.6,199.4,248
4_-2009_1297_-6788,-233.8,-721.1,-168.0,-636.6,69.1,168.0,2894
10_-23409_1232_-1901_Body01,-2428.7,-262.6,-2269.7,-102.3,108.3,138.3,12713
1_-20033_2571_10707_Body01,-2072.0,985.3,-1930.0,1153.7,130.8,365.5,10978
5_6748_954_1651,658.2,146.7,691.5,183.6,69.9,120.8,638
10_-16280_1351_-6282_Residual_a545f9f5_Body01,-1660.9,-637.6,-1599.0,-592.5,56.7,213.5,1676
10_-18074_1985_-13262_ResidualBody01,-1913.4,-1442.5,-1740.2,-1258.4,54.8,306.5,15415
7_20690_1035_22503,2046.9,2226.6,2091.1,2273.9,74.8,132.1,1042
5_9901_996_2192,971.9,202.4,1008.3,236.0,79.9,119.3,647
7_5989_2022_19779_ResidualBody01,537.5,1931.7,642.5,2028.4,101.2,160.4,7136
5_11967_1416_11488_Body01,1109.1,1091.6,1245.6,1196.5,62.1,221.1,6882
9_-10563_1328_7720,-1080.9,708.5,-1031.7,835.5,91.3,174.2,3572
16_18190_1548_-4731,1800.4,-487.9,1837.5,-458.4,136.8,172.7,656
1_-27988_1625_9805,-2836.7,939.6,-2761.0,1021.5,124.5,200.4,2853
8_1630_1759_24378_Body01,131.8,2417.2,194.5,2482.4,120.4,159.9,2256
13_-11522_1392_21182_ResidualBody02,-1210.8,2051.8,-1125.7,2162.9,83.1,141.7,3092
1_-25165_1473_9457,-2535.7,930.0,-2497.3,961.3,132.1,162.5,687
7_5958_992_14761_Body04,606.9,1459.3,626.6,1474.8,79.9,118.6,195
6_13451_1897_-16602_Body02,1261.3,-1753.5,1332.2,-1701.6,137.1,206.5,2031
5_9189_924_11068_Body01,892.7,1087.3,945.2,1127.6,63.6,121.2,1345
5_11881_1212_4274,1157.0,404.1,1219.3,449.9,90.2,152.1,1448
5_4275_961_9968,400.5,974.5,454.6,1019.1,66.0,126.3,1350
12_31281_1915_-12378,3066.1,-1267.0,3190.0,-1208.5,124.0,259.0,4386
6_8940_1492_-14231_Body01,879.1,-1449.4,912.6,-1406.5,114.1,148.6,518
3_4156_1519_14982,330.0,1420.1,489.8,1577.9,77.4,226.4,7985
9_-15603_1695_4366_Residual_e7b1bdcd_Body04,-1598.1,379.4,-1540.5,448.6,98.8,133.1,2479
7_14141_1451_20952_Residual_15519536_Body02,1403.1,2031.7,1480.5,2079.8,73.8,198.5,2263
11_14468_1463_4344,1389.8,396.8,1503.9,472.0,114.8,172.2,2882
10_-25688_1278_-5691,-2596.9,-597.4,-2540.7,-540.7,96.6,151.3,1599
12_17121_1869_-13093_ResidualBody01,1676.1,-1330.8,1750.3,-1285.8,141.7,214.2,1930
4_-1547_1298_-9277,-180.4,-952.1,-128.7,-903.7,88.8,162.2,1406
11_17158_2136_4515_Residual_914f61d3_Body01,1712.3,425.5,1760.1,482.3,127.4,246.1,1432
7_11261_1216_20307,1106.2,2015.9,1142.9,2048.9,107.5,135.7,900
1_-25239_1994_10980_Body02,-2543.6,1079.0,-2485.7,1135.7,132.7,176.9,1601
1_-20033_2571_10707_Body02,-2003.9,1081.1,-1930.0,1142.1,360.2,383.4,1002
3_2419_1510_16823,196.9,1636.9,286.9,1727.7,80.0,222.0,3675
13_-15575_1284_22257,-1610.9,2168.4,-1504.7,2283.0,102.2,154.6,5677
6_1251_1491_-13899,90.2,-1415.9,160.0,-1363.8,128.5,169.7,2290
11_16037_1528_2008,1585.1,177.0,1622.2,224.6,129.7,175.8,947
5_5022_859_4593,477.1,427.0,527.4,491.6,64.2,107.6,1402
1_-20780_1412_2124,-2123.7,180.8,-2032.4,251.8,114.0,168.4,2410
11_15022_1452_3599_Body01,1485.4,343.7,1520.4,374.3,123.7,166.7,599
6_13464_2152_-11632_Residual_47127da5_Body03,1319.4,-1161.1,1350.1,-1103.1,252.8,311.7,852
7_13322_1340_24634,1305.5,2431.7,1358.8,2495.2,110.8,157.2,2161
9_-15603_1695_4366_Residual_e7b1bdcd_Body05,-1540.3,430.1,-1506.2,462.7,98.8,240.2,625
1_-20033_2571_10707_Body03,-2072.0,985.3,-1944.4,1119.9,360.2,383.4,8113
4_-11099_1121_-17163_ResidualBody02,-1136.0,-1767.4,-1082.9,-1676.6,89.6,134.6,2384
9_-9061_1529_7140_ResidualBody04,-930.4,683.5,-898.4,753.2,149.4,226.2,1255
8_647_1425_22758_ResidualBody04,60.1,2255.7,95.8,2299.1,139.8,180.8,951
10_-19674_1311_-11934_Body02,-1991.3,-1198.3,-1942.5,-1166.2,52.4,209.8,806
12_21324_1771_-17123_Body02,2086.9,-1738.5,2175.3,-1666.9,166.8,207.8,2443
8_136_2324_24647_ResidualBody07,-1.6,2367.5,65.4,2409.3,235.9,348.4,1774
14_5466_942_-631,534.1,-83.2,559.0,-43.1,70.9,117.4,630
11_18283_1368_4993,1810.8,461.9,1845.8,536.6,112.8,160.8,2041
13_-20630_1924_16565_Residual_d7a51e27_Body01,-2119.9,1602.6,-2005.9,1710.3,131.4,253.5,7120
12_27376_1321_-12064,2718.2,-1232.6,2757.1,-1180.2,104.3,160.0,1235
4_-10490_1339_-16236_Residual_7c45308f_Body01,-1047.8,-1648.0,-1026.6,-1622.6,92.5,139.6,277
1_-19494_1660_12071_Body03,-1976.2,1179.7,-1956.1,1215.7,129.0,185.1,360
7_19505_1139_20306_ResidualBody01,1945.5,2027.9,1978.5,2055.2,72.7,155.1,338
10_-23152_1317_-11722_Residual_fc482ef1_Body01,-2311.3,-1206.9,-2285.9,-1180.4,59.3,132.7,270
2_20939_1595_-3588,2066.7,-391.3,2121.1,-326.3,141.4,177.7,2022
3_81_990_20904,-40.9,2076.4,57.2,2104.4,68.4,129.7,1811
2_26134_1899_-6547_ResidualBody02,2588.2,-701.7,2636.8,-612.6,105.2,167.4,2395
10_-21205_1198_-11161,-2146.4,-1148.6,-2094.5,-1083.6,54.3,171.1,1373
7_6778_979_14037,658.1,1375.3,697.5,1432.1,74.3,121.5,1501
9_-8596_1076_7715,-918.7,751.8,-800.5,791.3,72.0,143.2,4036
1_-23217_2195_9381,-2356.0,901.8,-2287.5,974.4,134.8,304.1,2302
13_-20911_2233_18256_Residual_111c8715_Body01,-2155.6,1763.0,-2030.3,1895.5,119.4,327.1,9264
16_14061_2054_-5274_Body01,1368.5,-575.7,1445.3,-490.1,140.3,270.5,2633
5_6256_872_2213_Body01,604.7,188.2,629.3,219.4,67.9,106.6,374
4_-4654_1401_-10491_Body01,-485.6,-1089.1,-429.5,-1008.9,102.9,177.4,1705
5_10490_1084_4937,1023.1,478.8,1074.9,508.2,82.2,134.6,1360
4_-10248_1127_-17448_Body01,-1051.7,-1774.0,-1028.0,-1758.8,92.2,133.1,217
15_-25490_778_-22204,-2596.2,-2272.8,-2509.1,-2154.6,52.8,102.8,4661
11_18050_1482_4867,1789.2,459.9,1820.8,513.5,119.6,176.7,978
5_11853_1383_5586_Body04,1154.8,563.4,1189.4,601.6,122.9,181.8,687
12_24227_1919_-13339,2396.9,-1354.7,2448.5,-1313.1,135.3,248.5,1324
4_-3776_1091_-8831,-392.6,-907.0,-362.7,-859.2,79.7,138.4,940
1_-23470_2103_13323_ResidualBody01,-2364.2,1315.0,-2278.0,1420.6,135.2,196.2,4743
9_-9550_1090_5340,-986.7,470.5,-923.3,597.4,67.3,150.7,4035
9_-3495_1245_6792,-365.8,644.5,-333.1,708.0,59.4,189.7,1745
10_-13463_1146_-6580,-1373.8,-684.5,-1318.8,-631.4,51.9,177.2,1292
1_-24406_1651_9334,-2478.2,897.0,-2402.9,968.9,132.8,197.3,2875
1_-21322_1641_12301_Body03,-2133.5,1213.8,-2117.5,1240.7,170.2,193.5,225
16_6325_1151_-3783_ResidualBody02,613.7,-401.6,650.5,-349.3,82.8,129.5,985
1_-27797_2006_2177_Residual_cbfbf111_Body02,-2768.3,128.7,-2690.9,298.5,120.0,156.2,11692
8_-929_946_25798,-111.7,2540.3,-74.1,2619.3,79.5,109.6,2263
11_22175_1521_2029_Residual_97a11e5b_Body01,2183.9,216.0,2200.9,244.9,119.3,184.9,272
3_-7066_1530_18987_ResidualBody12,-730.8,1860.1,-678.9,1924.1,150.6,209.6,2148
15_-24327_949_-17525,-2457.6,-1776.0,-2407.9,-1729.0,51.7,138.1,1093
9_-7352_1124_12223_ResidualBody01,-733.5,1214.9,-707.8,1233.5,69.2,155.7,274
1_-25157_2182_7267,-2564.5,685.2,-2467.0,768.2,132.6,303.8,4440
7_14174_1218_18457_ResidualBody02,1417.1,1792.8,1456.7,1832.3,72.4,117.7,775
6_3244_1561_-15821,316.2,-1592.3,332.6,-1571.9,121.1,191.1,291
14_2530_1780_-1082,258.5,-128.5,284.3,-100.1,156.9,199.0,429
1_-24016_2628_10044_Body01,-2434.0,967.2,-2369.0,1038.9,250.1,280.1,2103
1_-28825_1560_4866_Body01,-2879.2,463.5,-2850.3,496.9,122.9,171.3,333
15_-18636_1325_-24468_Residual_c4e4bca1_Body01,-1891.3,-2493.3,-1850.6,-2454.8,68.6,196.4,835
1_-22179_2124_11598_ResidualBody07,-2219.1,1154.4,-2174.1,1201.8,158.5,235.2,1070
4_-2910_1967_-15337,-337.9,-1540.4,-304.5,-1506.6,120.5,273.0,799
1_-29316_1381_3990,-2955.6,377.5,-2907.6,420.5,118.9,157.2,939
11_14674_1384_832_Body02,1465.0,51.1,1503.8,99.7,106.8,170.0,713
1_-20405_1967_13378_ResidualBody01,-2075.4,1310.2,-1964.0,1390.2,132.7,242.8,3421
1_-30477_1736_3611_Body04,-3080.7,329.2,-3016.2,382.8,153.1,176.3,2036
10_-23750_1406_-7887_ResidualBody02,-2494.2,-878.9,-2253.0,-665.2,74.1,171.3,13569
11_23100_1530_4480,2278.7,414.7,2362.4,482.8,93.1,212.8,4873
9_-14796_2113_3392,-1574.2,202.1,-1385.1,439.8,84.4,338.3,21411
12_25865_2499_-13998_Residual_8dc223e4_Body01,2496.0,-1492.3,2682.6,-1302.4,122.6,198.6,18899
11_22867_1158_5258,2265.1,494.8,2308.3,556.7,89.9,141.7,1526
5_6982_994_1511,677.3,129.8,719.1,172.4,70.7,128.0,991
6_1388_1482_-15042,119.1,-1520.6,165.4,-1489.6,126.2,170.3,1075
13_-10975_1263_19810_ResidualBody03,-1129.3,1971.1,-1059.2,2020.1,82.0,134.9,1291
12_28134_2008_-16660,2790.4,-1698.2,2836.4,-1633.8,134.2,267.3,1800
7_14141_1451_20952_ResidualBody05,1347.8,2111.2,1372.2,2152.5,175.3,216.3,557
5_11112_984_6349,1077.4,619.6,1145.1,650.0,77.7,119.1,1597
15_-17392_883_-21982,-1752.7,-2218.9,-1723.1,-2180.1,67.4,109.3,477
8_5251_1946_27172,505.7,2722.2,525.0,2735.1,125.6,263.5,228
10_-22944_852_-12222,-2326.6,-1247.8,-2262.1,-1196.7,59.3,111.2,1724
11_13012_1367_9246_Residual_22290f20_Body01,1289.3,902.8,1313.7,952.2,73.8,199.5,634
7_20085_1228_19580_Residual_39f58436_Body01,1979.0,1934.7,2038.0,1988.2,73.5,172.2,1374
7_17428_1533_24916_Body01,1706.3,2477.0,1793.3,2516.0,86.7,219.9,1730
13_-7573_1314_27027,-811.9,2665.9,-702.8,2739.2,63.9,199.0,4974
6_15630_3432_-8769_Body01,1669.3,-978.6,1746.4,-865.6,129.7,538.9,5099
11_17158_2136_4515_Residual_914f61d3_Body02,1682.0,404.7,1721.4,442.1,127.4,246.1,777
5_6533_1312_12238_Body02,619.6,1222.4,683.8,1273.2,66.9,124.1,1343
10_-16547_1172_-11690_ResidualBody01,-1689.4,-1201.7,-1620.3,-1138.1,55.1,107.8,2223
9_-18448_1933_9277_Residual_a1f19e37_Body03,-1843.5,931.5,-1810.9,962.6,214.5,255.5,580
8_-4248_858_22809,-435.5,2251.5,-414.0,2310.3,63.2,108.4,1021
5_11307_1128_4616_ResidualBody01,1096.4,432.6,1162.5,489.9,82.5,125.2,2458
10_-25798_1548_-3492_Body01,-2632.4,-395.6,-2525.7,-299.0,99.7,209.9,5613
4_-692_1435_-6828,-101.3,-710.7,-37.0,-654.9,73.2,213.9,2082
8_-2774_1252_30285,-289.0,3005.9,-267.1,3048.9,74.9,175.5,748
7_13164_2001_17837,1287.3,1757.5,1344.1,1811.3,187.6,212.7,1318
2_22782_1501_-4081,2247.6,-434.8,2308.8,-381.5,133.7,166.5,2316
1_-23470_2103_13323_Residual_b4652008_Body01,-2416.3,1246.6,-2324.8,1344.4,135.2,285.5,4671
15_-26092_947_-21577,-2637.9,-2185.3,-2580.5,-2130.1,52.3,137.1,1692
12_24773_3894_-20146_Residual_de22fe22_Body02,2444.2,-2180.9,2540.0,-2072.8,260.7,498.2,5079
5_11853_1383_5586_Body02,1154.8,554.4,1196.5,601.6,94.8,128.3,950
15_-19730_1253_-25605,-2019.2,-2597.1,-1954.3,-2547.5,65.5,185.1,1726
1_-26976_1513_9925,-2719.0,969.0,-2676.3,1016.0,128.2,174.3,934
16_17676_1828_164_Residual_1fcdf4b6_Body01,1727.8,-15.1,1787.3,40.6,132.9,179.2,2123
16_12515_1916_-4107,1222.0,-439.6,1281.0,-381.8,142.6,240.6,1793
5_4015_828_8875,379.5,871.2,423.5,903.9,58.9,106.6,853
10_-25785_2226_-1344_ResidualBody03,-2539.0,-158.0,-2514.6,-131.6,107.6,176.8,260
14_2928_927_-1364_Body01,274.0,-160.9,311.5,-111.8,67.7,117.7,979
3_2680_1435_17943,240.8,1745.6,295.4,1842.9,86.1,200.8,4210
9_-18931_1723_11816_Body01,-1889.2,1191.0,-1857.0,1220.4,123.8,167.1,411
7_9637_1215_15260,913.7,1499.2,990.5,1563.0,73.8,169.2,2667
5_4509_1005_9377_ResidualBody04,415.6,898.9,468.9,973.4,98.5,139.5,1624
9_-17820_2326_7084_ResidualBody06,-1773.2,669.6,-1694.8,753.4,180.7,293.2,3742
12_23851_2251_-12752_ResidualBody02,2361.7,-1292.5,2407.5,-1256.6,163.5,240.3,828
4_-4153_1778_-9367,-465.2,-964.4,-365.3,-908.9,82.5,263.3,3491
13_-7535_1459_26324_ResidualBody03,-789.4,2646.7,-759.8,2664.0,81.9,194.4,326
4_-404_1462_-17558_Body03,-66.7,-1842.5,-10.7,-1789.9,91.8,129.1,1776
1_-24187_2149_13203_ResidualBody04,-2441.6,1304.6,-2391.8,1347.2,135.3,276.5,1035
1_-29362_2109_10041_Residual_a1fc86f5_Body01,-2950.3,987.0,-2888.4,1056.2,245.2,286.3,2029
1_-25239_1994_10980_Body01,-2563.0,1060.2,-2518.5,1097.5,132.7,176.9,780
5_863_1697_7462_ResidualBody01,15.6,728.4,157.3,801.9,59.1,280.3,5732
11_21025_1444_2326_Body01,2084.7,219.6,2117.0,253.3,120.0,151.0,603
16_6325_1151_-3783_Residual_12207617_Body01,613.7,-407.9,653.5,-361.9,82.8,147.4,1053
3_3558_1632_20934_Body01,358.5,2060.0,384.4,2100.2,109.2,145.8,538
5_9138_1357_3361,894.2,314.4,933.4,357.8,76.9,194.5,930
1_-25215_2031_3583_Residual_6d80118d_Body01,-2534.2,377.7,-2487.8,432.1,126.7,279.5,898
4_-7994_1089_-3776,-830.9,-408.5,-768.0,-346.8,85.9,131.9,1855
7_19980_1037_20893,1967.6,2056.4,2028.5,2122.3,72.6,134.8,1946
13_-13161_1573_13406,-1366.7,1303.5,-1272.0,1385.8,99.7,214.9,4670
16_13886_2197_-3801_ResidualBody02,1357.3,-403.0,1435.3,-329.8,137.0,266.8,2604
5_11853_1383_5586_Body03,1146.3,540.2,1169.5,568.3,94.8,128.3,292
5_10000_1316_8070,969.7,783.9,1030.2,830.1,68.2,170.5,1387
5_10078_1026_5422_ResidualBody01,967.9,513.0,1016.7,529.8,73.6,131.5,378
16_9342_1642_-3250_Body02,964.6,-394.2,1022.4,-318.1,127.3,186.2,2326
1_-27978_1619_7734_ResidualBody03,-2829.6,736.6,-2781.4,797.1,155.1,196.2,1240
4_-4307_1271_-18659_Residual_0d619d7d_Body01,-456.5,-1885.2,-425.7,-1846.2,94.2,124.2,918
11_18226_1369_5791,1803.6,538.9,1841.6,619.0,102.0,171.8,2757
11_18081_1421_6419,1786.5,621.4,1829.8,662.4,101.2,183.0,1578
5_6533_1312_12238_Body03,613.7,1177.0,689.6,1271.4,118.7,195.5,4263
10_-27120_1651_-3465_Residual_6da238d5_Body02,-2729.1,-346.2,-2704.5,-331.0,102.5,138.5,234
16_8148_1233_-2653,788.8,-309.9,841.0,-221.1,98.0,148.7,2247
4_-2285_1706_-17624_Residual_87ff2393_Body01,-215.5,-1809.8,-182.6,-1777.0,103.8,201.7,781
2_24906_1326_-10101,2471.8,-1030.3,2507.8,-992.8,110.5,154.6,751
5_2594_1405_11882_Body06,207.4,1159.4,276.5,1243.0,131.5,190.5,3234
5_3681_889_8933,350.1,866.6,386.2,920.0,59.4,118.5,922
9_-15426_1926_6851,-1552.2,692.7,-1533.0,712.5,114.4,270.8,252
10_-18254_1005_-6178,-1869.9,-669.3,-1780.9,-566.6,66.2,134.7,5228
9_-8181_1436_9439,-867.5,906.7,-719.6,975.8,69.8,217.4,9243
9_-18448_1933_9277_Residual_a1f19e37_Body02,-1864.0,907.4,-1830.6,941.6,214.5,255.5,580
11_22041_1807_577,2171.6,27.9,2236.5,87.4,126.9,234.5,3334
2_24060_1335_-8367,2392.8,-849.8,2419.2,-823.6,115.3,151.7,369
7_19708_1032_20633_Body01,1941.4,2043.2,1980.3,2078.2,72.7,133.7,639
4_-11628_1082_-17695,-1187.7,-1811.7,-1138.0,-1727.2,87.1,129.4,1945
11_17351_1343_6637,1695.4,633.9,1774.7,693.5,104.0,164.6,2578
11_18815_1090_7555,1865.7,727.2,1897.4,783.8,83.5,134.5,1462
2_23496_1465_-4328_Body01,2332.2,-443.0,2366.9,-423.2,133.3,163.3,498
4_-12421_1213_-5442_Residual_c2600e02_Body01,-1268.6,-570.8,-1213.6,-517.2,55.9,186.7,1370
8_3114_1752_28040_ResidualBody10,275.8,2806.8,338.9,2846.1,162.9,204.0,1533
7_5958_992_14761_Body06,600.1,1438.4,629.7,1457.1,79.9,118.6,309
1_-26170_1507_3379,-2635.1,318.6,-2598.9,357.1,135.3,166.1,673
2_25220_1285_-8999,2496.9,-920.1,2545.2,-880.1,109.3,147.7,1281
5_6952_1857_6146_ResidualBody02,650.3,508.9,754.5,559.3,64.4,182.1,1948
9_-15853_1901_6985_ResidualBody06,-1617.2,684.9,-1575.9,727.1,188.0,247.0,994
12_24043_1789_-13116,2379.4,-1333.8,2429.2,-1289.4,141.1,216.6,1135
13_-11698_1204_19488_ResidualBody02,-1197.4,1954.0,-1141.2,1977.1,89.0,151.7,730
1_-30042_1430_10968,-3018.5,1081.8,-2989.8,1111.7,124.6,161.5,554
10_-15372_930_-3319,-1552.8,-352.6,-1521.7,-311.2,67.7,118.4,879
1_-25514_1755_11173,-2575.7,1092.4,-2517.2,1155.8,132.1,218.9,1605
15_-24797_1144_-18123,-2502.2,-1836.8,-2457.3,-1787.8,50.4,178.4,1063
9_-11594_1365_1411_Residual_c2882579_Body04,-1173.1,136.9,-1125.8,157.4,90.8,149.7,818
7_19603_993_21601,1929.8,2141.8,1977.8,2189.9,73.1,125.5,1134
6_8940_1492_-14231_Body02,872.7,-1433.1,900.7,-1399.2,114.1,184.3,394
6_3313_1126_-19044_ResidualBody03,294.7,-1916.2,318.2,-1877.1,86.9,138.4,683
11_17520_1596_8098_ResidualBody02,1702.7,762.1,1783.8,869.5,80.0,185.6,6964
7_5777_2996_18291,553.4,1806.6,602.0,1851.6,286.3,312.9,1388
15_-24041_939_-24092_Body01,-2444.3,-2592.1,-2336.0,-2395.6,54.3,133.4,3974
5_2594_1405_11882_Body05,225.9,1161.4,282.6,1240.9,113.7,136.9,2363
13_-13133_1260_16313,-1404.6,1488.5,-1223.6,1750.1,95.3,156.7,23988
5_3750_1693_7298_ResidualBody13,352.3,668.3,423.6,727.7,147.9,278.2,2630
12_30235_1499_-12758,3010.6,-1300.1,3036.4,-1251.6,123.4,176.5,842
5_6003_1424_7739_Body03,541.7,731.8,635.3,785.4,91.4,150.3,3428
5_11142_1526_10091_ResidualBody01,1094.0,979.6,1131.9,1037.6,68.3,236.9,855
4_-5506_1491_-13814_Body02,-606.6,-1441.6,-491.4,-1368.8,156.8,180.0,5173
9_-8534_1095_10525,-867.2,1016.7,-839.7,1088.4,76.6,142.5,1729
13_-8789_946_21233_Residual_6a2166d3_Body01,-905.3,2092.1,-852.8,2154.6,61.8,127.4,2524
10_-17518_1582_-5497_ResidualBody03,-1809.0,-535.7,-1756.0,-484.6,65.4,233.1,827
8_3489_2020_30843_ResidualBody02,329.3,3091.4,353.1,3112.1,124.2,208.5,234
10_-23152_1317_-11722_Residual_fc482ef1_Body02,-2345.0,-1207.9,-2279.8,-1150.9,127.4,204.1,1963
10_-21523_970_-7121,-2174.5,-734.6,-2130.0,-689.6,74.3,113.1,988
4_-3043_1138_-9229,-325.5,-943.0,-283.2,-902.9,87.6,139.9,1095
11_21145_1383_3389,2091.6,318.7,2137.5,359.2,114.7,161.8,1611
8_5066_1749_28549_ResidualBody02,497.6,2816.9,551.4,2880.9,120.5,211.4,1722
12_27857_1516_-12606,2761.5,-1252.3,2785.5,-1227.1,113.3,189.8,429
6_7549_1700_-16087,731.5,-1634.2,778.5,-1583.2,115.2,224.7,1326
11_19095_1486_3990_Residual_6912aae1_Body01,1883.0,379.0,1937.2,423.2,148.1,189.2,1602
4_-4016_1364_-15805_Body02,-408.9,-1593.4,-381.0,-1565.3,120.3,152.4,504
1_-24661_2088_13490_Residual_13cabf88_Body03,-2481.5,1314.3,-2446.8,1378.3,170.5,265.2,1723
12_29069_1738_-13112_ResidualBody01,2907.5,-1306.7,2945.9,-1277.7,126.1,203.7,891
3_1579_1111_17068,119.5,1660.3,196.4,1753.3,76.5,145.7,4755
8_3114_1752_28040_Residual_06485339_Body04,274.4,2806.8,345.9,2847.5,145.1,221.9,2034
5_10222_933_5801,983.5,563.1,1061.0,597.2,75.2,111.4,1924
11_15243_1544_1243,1498.2,102.6,1550.4,146.0,130.5,178.3,1281
8_3066_2980_32070_ResidualBody02,313.7,3158.5,341.2,3188.4,116.9,461.4,365
14_-6048_754_-3195_Body01,-656.2,-352.7,-602.6,-264.8,45.6,105.2,1463
7_13320_1022_20261,1302.6,1996.0,1361.5,2056.2,78.2,126.2,1558
8_3066_2980_32070_ResidualBody01,329.7,3188.8,355.5,3218.5,116.9,461.4,417
2_25263_1469_-8663,2504.4,-882.5,2547.2,-850.0,108.9,184.9,705
8_3114_1752_28040_Residual_06485339_Body03,274.4,2776.0,319.3,2846.2,110.7,150.4,2250
14_-4902_753_-3377_Residual_d86e0bf6_Body01,-539.0,-381.6,-441.6,-302.6,46.2,104.4,4202
5_2594_1405_11882_Body04,207.4,1163.4,241.9,1232.7,95.8,136.9,891
7_14141_1451_20952_Residual_15519536_Body03,1376.3,2093.8,1443.7,2153.0,175.3,216.3,2315
14_1600_2847_-2898_Residual_63e61dfe_Body05,191.9,-240.9,255.2,-197.7,464.2,505.3,1584
5_10392_999_7275,1013.1,712.0,1065.4,743.0,73.3,126.5,1060
1_-30096_1799_12117_Residual_deb7cbb5_Body01,-3021.8,1205.5,-3001.7,1221.2,173.7,232.6,198
10_-17312_1329_-2933_Residual_2fe662bd_Body01,-1757.9,-340.2,-1726.2,-315.7,77.7,152.4,666
5_2594_1405_11882_Body03,225.9,1161.4,284.6,1253.3,95.8,119.0,2840
13_-18093_1776_15504_ResidualBody03,-1805.9,1515.3,-1780.6,1559.6,109.0,246.2,793
9_-16128_2013_4831_ResidualBody06,-1646.4,476.3,-1614.5,508.2,239.7,298.7,522
7_7136_1102_14169_ResidualBody02,695.1,1392.2,736.6,1438.0,74.5,128.1,1076
9_-8748_1822_5279,-949.3,466.9,-800.3,588.9,68.9,295.4,11945
1_-30477_1736_3611_Body03,-3081.7,321.0,-3013.8,401.7,135.2,158.4,3186
8_2966_1736_29028_Residual_417c608c_Body01,278.1,2876.0,324.7,2924.5,117.1,194.2,1277
5_9534_1445_12034_Residual_2f24875e_Body03,950.8,1216.3,966.0,1234.9,66.7,204.4,153
14_3152_1038_-1459,294.8,-170.1,335.5,-121.7,68.2,139.4,1052
4_-4353_1130_-8788,-481.2,-924.0,-389.3,-833.6,73.3,152.6,4277
11_18582_1711_1688_ResidualBody02,1800.8,118.9,1837.9,248.9,118.9,169.8,3747
11_14489_1176_9296_Residual_853b131b_Body01,1421.9,885.3,1483.5,970.7,77.1,158.0,3317
9_-17166_1915_10650_Residual_d54382aa_Body02,-1750.0,1025.1,-1694.9,1102.2,122.9,260.2,2199
4_-3198_1740_-13442_Residual_18f658e7_Body02,-306.1,-1360.7,-277.7,-1321.1,120.7,191.7,735
11_17158_2136_4515_ResidualBody06,1690.8,428.5,1757.4,500.0,240.8,299.7,2354
12_18959_1573_-15450_Body01,1878.5,-1565.3,1918.4,-1530.2,138.0,176.7,648
2_22786_1570_-9261,2263.8,-938.5,2293.3,-913.8,141.2,172.8,378
5_9462_1086_11522,923.0,1121.9,969.5,1182.5,65.4,134.8,1557
8_689_1513_26493_Residual_ed049e06_Body02,48.6,2670.3,89.0,2697.7,134.6,175.7,872
10_-21676_1291_-10836_ResidualBody02,-2185.8,-1083.5,-2134.1,-1047.1,55.5,149.0,1141
1_-25459_2112_4298,-2566.3,409.2,-2525.6,450.5,136.4,286.0,855
15_-13631_1440_-17444_Residual_d1220ea9_Body02,-1397.6,-1742.3,-1351.4,-1709.3,65.4,115.4,785
1_-24622_1500_8999_Body01,-2483.4,886.3,-2438.9,924.6,132.8,167.3,638
11_21562_1549_5255_ResidualBody04,2127.8,517.3,2144.2,553.2,98.7,157.5,275
11_16168_1616_1472,1599.2,130.5,1634.4,163.9,131.6,191.6,680
9_-18448_1933_9277_Residual_a1f19e37_Body01,-1876.6,898.4,-1817.5,969.0,131.2,166.2,2439
10_-18311_923_-10694_ResidualBody01,-1852.7,-1082.7,-1811.0,-1045.5,50.8,133.8,657
15_-22968_1110_-15512,-2322.4,-1583.0,-2271.3,-1519.4,50.8,171.2,1612
12_29467_1339_-12150,2933.5,-1235.7,2959.9,-1194.4,117.3,150.5,841
8_880_1697_33151_Residual_596cd08e_Body01,3.8,3246.2,134.4,3405.7,80.6,258.8,4903
9_-5220_1514_9071_ResidualBody02,-596.5,833.6,-465.5,870.7,53.5,142.1,2480
6_1145_1488_-13331,76.9,-1377.1,152.0,-1289.1,127.7,169.9,4319
10_-13951_1242_-7077_ResidualBody01,-1388.9,-731.0,-1367.4,-708.0,53.5,194.8,232
1_-21438_3207_4019,-2288.9,310.0,-2055.2,549.1,118.7,522.7,28421
9_-15352_1447_9570,-1566.5,935.5,-1503.9,978.6,118.4,171.1,1478
11_20938_1736_1475_Residual_0ddad5bb_Body01,2049.3,122.0,2113.6,161.9,120.1,155.7,1315
13_-17741_1460_20829_ResidualBody01,-1790.2,2014.1,-1726.3,2108.5,98.4,193.6,2127
3_1886_1342_19453_ResidualBody03,125.6,1930.3,241.3,1993.8,114.3,173.2,3219
3_2198_1445_17852,194.1,1735.9,245.5,1834.5,81.6,207.4,3043
5_4205_1091_7924,398.7,748.3,442.3,836.4,61.5,156.7,2302
15_-18936_1130_-19081,-1926.4,-1950.4,-1860.9,-1865.9,57.6,168.4,2580
2_20912_1693_-4554,2068.0,-479.8,2120.1,-417.1,142.2,196.4,1948
8_2112_1709_30198_ResidualBody05,170.7,2997.4,191.3,3036.6,152.6,193.6,651
7_13751_1037_19855,1347.5,1957.2,1402.7,2013.7,73.8,122.9,1318
11_21993_1655_1347_Residual_a5f131fe_Body01,2177.7,119.8,2209.8,150.1,122.5,208.6,828
12_23851_2251_-12752_ResidualBody04,2367.8,-1292.5,2407.5,-1262.3,234.9,293.9,468
5_6702_1179_8015,640.9,763.4,699.6,839.6,63.0,172.8,2201
7_14148_1483_24075_Residual_88665eb4_Body01,1381.9,2369.7,1439.3,2424.3,93.2,203.3,1755
8_166_1182_27506,-8.0,2735.6,41.2,2765.5,84.0,152.3,1375
13_-17889_1804_14187_Residual_8f0b392c_Body04,-1802.9,1402.4,-1784.1,1420.7,205.1,246.2,170
16_9395_3035_-1374_Body03,737.7,-290.1,1219.9,-32.4,423.9,536.4,49895
12_16864_1570_-16978_Body02,1669.5,-1743.8,1729.0,-1691.5,133.9,180.2,1282
3_-277_845_19650,-41.3,1945.8,-13.9,1984.6,66.8,102.2,1008
6_2047_1581_-18188_Body01,207.3,-1820.6,223.5,-1794.9,90.6,189.9,280
1_-30178_1731_2912,-3033.2,267.3,-3016.8,285.5,117.9,228.3,190
7_19505_1139_20306_Residual_cbfed7d9_Body01,1914.9,1997.0,1985.2,2065.4,72.7,155.1,2906
12_17636_1562_-16488,1743.5,-1668.7,1783.8,-1628.9,134.5,178.0,805
1_-20405_1967_13378_ResidualBody02,-2098.7,1287.3,-2013.8,1362.9,132.7,242.8,2396
7_11172_1488_15217,1083.1,1493.5,1151.4,1549.8,71.1,226.6,2419
11_16840_1513_8522_Residual_8ed955ed_Body01,1688.0,857.6,1704.7,879.8,79.1,223.5,180
15_-20094_874_-17334,-2046.1,-1769.6,-1973.4,-1697.2,56.0,118.9,2987
1_-29855_1490_4097,-3003.0,388.6,-2958.0,446.8,118.4,179.7,1295
3_1886_1342_19453_ResidualBody02,197.9,1904.3,278.6,1959.0,77.3,155.4,1981
11_14985_1466_9084_ResidualBody07,1466.7,904.3,1533.3,960.6,139.0,180.1,2924
9_-7630_1355_7622,-795.2,746.1,-731.0,778.2,70.5,200.5,1852
8_-2669_1705_31424_Body01,-298.0,3113.6,-258.0,3149.8,78.0,245.2,854
15_-24174_809_-17318,-2440.5,-1751.9,-2394.2,-1711.7,54.0,107.8,839
1_-29787_1726_11982_Residual_f8636b58_Body02,-3002.5,1188.9,-2956.2,1221.9,177.3,218.4,870
6_14911_2011_-12211,1421.7,-1302.0,1554.9,-1139.6,134.5,267.7,13655
2_25514_1426_-9781,2524.6,-997.4,2578.1,-958.8,110.3,175.0,963
11_17031_1714_1338,1671.8,112.9,1734.3,154.8,132.3,210.6,1337
9_-10047_1387_782_Residual_0bbfe450_Body02,-1004.1,58.4,-976.5,93.8,62.4,179.3,531
9_-14402_1775_6547,-1477.0,616.3,-1403.5,692.9,107.5,247.5,3981
1_-25715_2068_11468,-2604.4,1113.3,-2538.6,1180.4,132.0,281.6,2172
6_5556_1614_-12898,530.3,-1321.6,581.0,-1257.9,134.9,187.9,1926
11_20198_1279_7051_Body01,1994.2,675.5,2043.7,734.1,85.6,116.7,1872
5_2594_1405_11882_Body02,207.4,1159.4,280.5,1253.3,72.6,101.2,3877
13_-19035_1774_14919_Residual_17e995d0_Body01,-1946.1,1446.3,-1851.0,1540.8,123.3,231.4,4409
10_-27120_1651_-3465_Residual_6da238d5_Body03,-2699.2,-347.0,-2680.9,-331.4,102.5,138.5,238
11_22464_1468_1309,2225.2,134.9,2267.6,161.9,122.2,171.4,937
11_20040_1057_7291,1992.4,710.9,2015.6,747.2,84.7,126.8,494
7_11981_1193_19789,1176.8,1957.5,1220.3,2001.0,103.6,134.9,1042
1_-28625_1888_1714,-2884.5,134.0,-2839.1,208.8,121.4,256.3,3132
1_-30096_1799_12117_ResidualBody01,-3038.5,1178.6,-3024.8,1208.2,127.1,179.1,261
3_3094_1524_17310_ResidualBody01,281.7,1712.3,318.6,1760.2,88.5,216.4,531
1_-25683_1672_9021,-2596.8,876.4,-2539.6,927.9,131.2,203.1,1239
5_7230_1628_3336,704.3,363.0,759.0,418.1,70.2,255.4,1770
9_-13232_1877_1452_Residual_1b563b1d_Body02,-1371.2,68.7,-1303.9,121.7,69.5,127.3,1839
5_1247_1609_13370_Body02,84.5,1307.8,112.3,1333.6,189.4,230.4,299
11_20429_1723_3323,2021.6,298.1,2048.1,329.2,110.8,233.8,685
16_3684_1559_-2783_Body01,335.9,-320.5,419.6,-239.5,141.9,171.9,3132
9_-16519_1870_11522,-1688.0,1115.1,-1615.8,1189.4,115.2,258.8,2946
10_-27120_1651_-3465_Residual_6da238d5_Body04,-2729.1,-347.0,-2683.6,-331.0,133.2,192.1,540
1_-25220_1631_8268_Residual_d1dbe034_Body01,-2546.1,806.7,-2514.6,837.3,152.1,193.2,576
3_2807_1545_17047,234.7,1659.1,326.8,1750.2,85.8,223.2,4364
11_21562_1549_5255_ResidualBody03,2169.2,498.2,2187.4,535.7,98.7,157.5,270
11_13621_1649_5480_ResidualBody01,1362.0,537.4,1407.0,591.0,123.2,170.9,1151
10_-20123_1142_-12423_ResidualBody01,-2033.4,-1273.3,-1985.1,-1228.1,49.1,108.0,1130
5_8909_1427_11680,850.3,1130.1,921.9,1213.5,65.2,213.4,3357
16_4653_1225_-3292_Body01,429.5,-360.9,505.0,-288.2,73.2,171.8,2681
13_-21021_1705_16847_ResidualBody03,-2119.2,1702.6,-2097.6,1724.1,131.5,191.7,257
9_-18646_1565_4230_Body02,-1855.6,431.9,-1816.3,470.3,112.1,147.2,766
9_-15603_1695_4366_Residual_e7b1bdcd_Body03,-1630.9,395.3,-1603.6,435.9,98.8,133.1,625
6_7114_1773_-14327,677.5,-1476.8,745.3,-1388.5,117.5,237.0,3322
12_20749_2458_-21172,2073.2,-2108.7,2114.7,-2066.8,227.8,263.8,884
5_8611_1294_1222,845.0,104.9,877.2,139.6,75.7,174.9,606
7_11682_1361_20290_Body02,1148.8,2017.0,1183.0,2040.7,142.2,165.4,572
11_13320_1416_11936,1267.8,1119.1,1396.1,1268.0,66.2,217.0,9591
11_19095_1486_3990_ResidualBody04,1883.2,375.0,1922.5,397.7,148.1,189.2,414
8_1060_1375_26421,93.4,2610.9,118.6,2673.2,105.3,169.6,1315
2_23775_1543_-5899_Body01,2377.2,-619.4,2401.3,-557.5,122.4,186.1,1167
13_-17889_1804_14187_ResidualBody15,-1793.2,1404.2,-1743.5,1455.4,205.1,246.2,1250
4_-4307_1271_-18659_ResidualBody07,-444.9,-1885.2,-425.3,-1844.7,118.9,160.0,585
15_-17968_1375_-23842_ResidualBody01,-1803.6,-2416.5,-1768.7,-2376.4,88.6,186.5,648
14_-2007_954_4218_Residual_21d07d5c_Body01,-208.5,412.6,-173.6,476.2,76.4,117.4,1611
5_3336_1396_9763_Residual_b36c4302_Body02,263.6,979.2,386.2,1048.3,178.8,219.9,4503
9_-10047_1387_782_Residual_0bbfe450_Body01,-1031.3,83.5,-1010.8,99.3,62.4,179.3,171
5_4635_1482_8031,437.4,776.0,484.4,825.3,134.4,162.0,1386
7_14174_1218_18457_ResidualBody01,1362.7,1817.6,1427.6,1874.9,72.4,117.7,1757
16_17246_1870_-2695_Body01,1722.3,-273.0,1754.2,-245.8,126.0,248.0,482
1_-19494_1660_12071_Body02,-1956.6,1177.6,-1928.4,1220.0,129.0,167.3,697
5_8287_928_3143,812.8,301.5,844.6,327.2,73.6,112.0,426
9_-16556_1738_5184,-1707.2,481.2,-1604.1,555.0,108.9,238.7,4007
3_-1885_1412_13990_ResidualBody01,-233.1,1384.6,-169.1,1410.3,66.9,197.7,1218
16_16596_2012_-4841,1625.4,-509.4,1693.8,-458.7,134.2,268.2,2010
8_136_2324_24647_ResidualBody06,-36.6,2483.1,55.7,2561.0,164.5,241.3,5109
12_24964_6228_-19894,2389.3,-2135.8,2596.3,-1848.0,606.1,639.6,19546
11_22702_1805_-665_Body01,2244.5,-90.2,2269.9,-71.5,130.4,230.6,399
4_-11342_1207_-17469,-1157.3,-1791.6,-1111.4,-1703.3,88.8,152.6,1795
4_-4553_1544_-16981_ResidualBody01,-502.2,-1742.7,-408.3,-1650.8,111.4,161.6,5659
8_3066_2980_32070_Residual_33e7e6db_Body01,297.1,3227.6,334.5,3255.0,116.9,461.4,530
16_14701_1438_-3414_Body01,1398.2,-366.0,1538.9,-317.6,130.8,160.8,3869
13_-17889_1804_14187_ResidualBody06,-1778.8,1404.2,-1745.9,1440.4,169.4,210.5,426
4_-4323_2039_-11354,-495.6,-1134.0,-366.3,-1089.3,104.1,303.8,2231
8_747_1133_21891_Residual_36c70fc7_Body01,26.0,2146.1,126.0,2235.1,92.0,134.6,7689
7_8195_1279_14510,782.4,1417.4,852.9,1469.2,70.9,184.9,2399
11_13498_1209_9314_Residual_3e879d9a_Body02,1321.9,910.4,1361.3,953.1,75.1,113.1,745
1_-22025_2621_8161_Residual_608bb483_Body01,-2231.0,777.2,-2163.1,860.0,134.1,372.3,3802
7_7406_1689_19623,715.5,1925.2,765.6,1999.5,102.8,215.6,3429
14_-2007_954_4218_ResidualBody06,-226.3,416.8,-206.1,490.3,76.4,117.4,864
6_12302_2263_-11514_Residual_2ce9afe3_Body01,1150.8,-1221.8,1310.4,-1075.2,113.2,339.4,15066
4_-8111_1211_-2794_ResidualBody01,-860.9,-324.4,-794.2,-284.9,53.4,188.9,1233
10_-17312_1329_-2933_ResidualBody05,-1752.3,-305.4,-1727.5,-269.7,111.3,152.4,799
10_-18887_964_-11220,-1908.6,-1143.1,-1867.5,-1101.8,52.2,140.6,855
1_-29843_1860_6924,-3029.7,648.7,-2939.1,735.7,120.1,251.9,3985
6_8705_1488_-11516,853.6,-1167.2,887.5,-1136.0,117.4,180.2,453
7_13553_1161_19711,1331.9,1944.4,1378.8,1997.8,74.3,145.8,1273
11_25270_1247_1168,2513.4,81.9,2540.6,151.7,98.3,151.1,1803
8_136_2324_24647_ResidualBody05,-29.3,2372.3,65.4,2488.2,164.5,241.3,7345
16_12917_2244_-6434_Body01,1255.4,-683.3,1327.9,-609.4,135.2,313.5,2602
1_-26536_1728_8053,-2699.9,765.2,-2607.3,845.5,122.6,204.4,3984
5_3336_1396_9763_Residual_b36c4302_Body01,255.1,899.0,406.8,1059.9,59.2,94.9,15855
5_8374_1355_740_Body01,785.3,71.5,814.1,103.8,73.9,179.2,510
11_18558_1616_3775_ResidualBody03,1856.7,369.2,1878.9,390.9,115.1,190.2,292
15_-13631_1440_-17444_Residual_d1220ea9_Body01,-1393.1,-1756.7,-1345.0,-1736.1,65.4,186.9,587
4_-12496_1318_-2894_Body01,-1284.8,-325.1,-1237.7,-252.1,57.7,116.5,1580
13_-9897_1351_25493_Residual_44bd12f8_Body02,-943.2,2596.1,-898.3,2661.0,58.7,175.7,1739
8_136_2324_24647_ResidualBody02,0.1,2483.1,55.7,2553.9,98.4,169.9,2697
5_5098_838_11669,453.9,1140.5,565.7,1193.3,67.2,100.4,3580
4_-7815_1224_-15414_Body01,-818.4,-1578.3,-744.1,-1504.2,107.9,137.9,3125
9_-12089_881_1648,-1240.8,121.2,-1177.1,208.3,72.6,103.6,3072
11_21921_1742_4659_Body01,2162.0,422.0,2182.5,442.4,87.6,242.9,347
14_4063_1067_-1062_Body03,393.3,-110.4,450.2,-58.2,86.4,145.4,1696
3_-1696_1412_18842_ResidualBody07,-199.0,1856.8,-149.3,1930.8,105.9,182.7,2285
11_20162_1403_2309,1993.7,196.7,2038.6,265.1,116.9,163.7,2655
5_3773_2366_9516,383.5,938.7,418.8,985.2,218.9,254.4,860
11_13498_1209_9314_Residual_3e879d9a_Body01,1319.4,935.7,1347.9,959.0,75.1,113.1,335
4_-1134_1758_-17706_ResidualBody04,-145.1,-1811.9,-97.5,-1763.3,97.9,182.4,1310
9_-18646_1565_4230_Body01,-1896.7,401.3,-1843.7,449.9,112.1,147.2,1204
1_-28877_2201_13553,-2974.9,1290.7,-2800.6,1419.9,131.1,309.1,11274
12_25149_1760_-14751_Body03,2467.1,-1462.0,2492.8,-1429.4,195.1,218.4,336
5_1247_1609_13370_Body03,89.9,1341.1,128.8,1373.7,189.4,230.4,540
9_-17098_1577_10374,-1727.5,1008.7,-1692.0,1066.1,125.4,190.1,1069
1_-26198_1616_10249,-2640.3,1001.2,-2599.2,1048.5,129.3,193.9,848
16_16253_2238_-5840_Body01,1574.3,-630.3,1649.8,-533.8,137.4,256.5,3211
11_15496_1425_2193,1535.9,207.6,1563.5,231.0,128.2,156.9,312
6_3009_1504_-16724,243.2,-1694.5,358.6,-1650.4,109.9,181.4,4033
5_11142_1526_10091_Residual_2bbbd6fd_Body01,1090.0,974.9,1142.7,1044.6,68.3,236.9,1795
16_14385_1759_-5677,1414.7,-589.8,1462.3,-545.5,138.8,213.1,881
11_24470_1591_1260,2422.7,126.5,2436.1,147.0,116.6,201.6,228
10_-16429_1225_-1731,-1652.7,-204.8,-1633.0,-141.5,79.0,166.0,1070
11_13498_1209_9314_Residual_3e879d9a_Body03,1360.1,898.3,1380.4,915.4,75.1,166.7,186
6_2510_2462_-12844_ResidualBody02,278.0,-1434.0,358.7,-1277.2,246.8,323.6,6785
5_4841_1164_10573_ResidualBody04,457.0,1036.8,497.1,1073.2,88.7,147.6,891
11_16542_1393_5064,1630.2,483.4,1678.8,530.3,125.3,153.3,1219
6_11644_1815_-16486_Body04,1179.1,-1719.1,1214.7,-1643.3,192.3,233.4,1771
9_-16658_1834_7272,-1686.0,708.5,-1645.7,745.9,119.5,247.3,1005
5_10240_1018_6504,992.9,625.2,1052.0,671.8,76.4,127.2,2310
8_6054_2084_21733_Body01,603.9,2114.9,665.8,2176.0,110.1,306.8,1738
3_3395_1464_17443,304.7,1715.4,374.3,1773.1,91.8,201.1,1898
10_-24195_1893_-1608,-2444.3,-208.6,-2394.8,-113.0,110.2,268.5,3702
4_-12496_1318_-2894_Body04,-1284.8,-324.2,-1240.8,-252.1,146.9,205.8,1375
4_-10997_1646_-18290_Body03,-1098.1,-1865.3,-1071.4,-1850.9,83.5,192.2,229
10_-14808_1378_-1708,-1512.4,-190.9,-1449.1,-150.8,71.5,182.5,2343
6_13867_1657_-14761_Body01,1370.7,-1503.3,1396.9,-1469.3,141.5,189.9,540
7_8737_1474_13792_Residual_d0597c7b_Body01,811.0,1325.2,916.0,1456.6,69.8,99.9,6615
4_-12496_1318_-2894_Body03,-1284.8,-325.1,-1213.5,-252.1,111.2,152.3,2618
6_10587_2015_-7411,1017.2,-792.8,1100.1,-689.3,134.0,269.0,4918
9_-17027_1540_11149,-1727.4,1099.1,-1670.5,1136.2,120.6,187.4,1138
16_6924_1163_-3075,659.7,-345.4,723.4,-269.7,86.0,146.5,2834
8_4505_1915_25453_Body01,437.5,2520.3,487.8,2554.2,125.1,257.8,914
12_17819_1523_-17891_ResidualBody01,1721.0,-1855.5,1822.9,-1740.5,130.0,174.6,4576
8_3489_2020_30843_ResidualBody06,348.3,3048.4,372.1,3071.1,124.2,262.0,252
6_7743_1648_-14541_Residual_094ee3c9_Body01,739.8,-1491.3,782.4,-1452.4,115.9,213.6,954
2_21224_2387_-9521_ResidualBody03,2152.6,-990.8,2194.2,-947.9,143.9,315.7,944
16_7018_1383_-4192_ResidualBody01,684.5,-450.1,733.4,-384.5,94.7,146.0,1670
7_10233_1244_13873_ResidualBody02,1008.2,1381.8,1041.2,1408.2,70.9,177.9,455
8_1502_1549_31764_Body03,93.3,3142.6,186.7,3206.0,146.5,205.4,4262
7_5958_992_14761_Body02,583.6,1486.7,595.1,1503.8,79.9,118.6,128
4_-2661_1667_-16276_Residual_7ea73bca_Body01,-279.0,-1646.4,-226.9,-1587.8,116.1,217.3,2314
5_8323_1321_11152_ResidualBody01,819.5,1049.4,879.6,1094.9,63.8,111.1,1256
13_-12707_1443_19778_ResidualBody06,-1268.6,1989.0,-1187.6,2077.9,137.8,196.8,4282
9_-15231_1720_9800,-1555.5,959.3,-1490.7,1000.8,117.7,226.2,1420
4_-6813_1444_-15443_ResidualBody02,-707.9,-1576.2,-683.9,-1527.1,110.5,178.4,553
12_25149_1760_-14751_Body01,2486.7,-1541.0,2540.4,-1460.8,133.6,182.6,1119
13_-20428_1864_17686_ResidualBody16,-2087.9,1725.3,-2043.9,1772.8,178.4,219.5,751
5_8323_1321_11152_ResidualBody02,788.9,1074.3,866.8,1154.7,63.8,111.1,3453
4_-2978_1173_-8711_Body02,-331.6,-891.6,-312.3,-858.5,79.0,155.6,382
11_16271_1313_8875_Residual_c13b50c0_Body01,1618.1,896.6,1640.8,917.9,78.0,113.2,337
13_-20630_1924_16565_ResidualBody02,-2087.0,1646.1,-2024.1,1697.0,131.4,253.5,1485
11_15309_1434_9037_ResidualBody01,1533.0,921.7,1554.7,948.2,77.8,155.4,315
1_-30547_1778_10109_Residual_704f3498_Body01,-3108.2,943.6,-3007.7,1079.9,122.4,233.3,8299
14_2621_2300_317_Body01,194.9,42.7,248.4,81.1,196.9,263.1,1294
11_13861_1163_12572_ResidualBody01,1375.6,1228.0,1396.9,1254.2,69.2,163.4,234
5_3336_1396_9763_ResidualBody03,258.2,975.6,386.2,1059.9,89.6,184.2,6514
2_24203_1442_-5299,2401.4,-547.5,2439.7,-512.3,121.5,166.9,1216
4_-2785_1360_-7089_ResidualBody04,-303.7,-743.9,-256.3,-674.3,90.4,167.2,1520
11_14040_1352_3550,1389.3,343.0,1420.8,367.4,114.8,155.6,486
12_29931_2019_-14496_Body01,2962.5,-1488.6,3013.3,-1408.6,132.6,271.3,3007
4_-3595_1590_-16416_Body02,-349.5,-1653.3,-316.0,-1604.6,116.5,148.0,1207
5_4245_980_9119_ResidualBody02,416.4,881.9,444.4,914.1,91.7,132.8,580
1_-27031_1722_7170_Residual_5cf20464_Body01,-2733.9,676.4,-2677.5,738.0,172.6,213.6,2140
9_-12600_4488_4064_Body02,-1282.0,204.6,-904.9,491.9,62.6,817.3,66846
13_-17889_1804_14187_ResidualBody03,-1819.8,1372.5,-1784.1,1420.7,133.7,174.8,710
5_7375_845_11366,716.6,1115.4,758.4,1157.8,64.4,104.6,1009
7_6135_958_14211,585.4,1398.2,635.0,1443.9,75.0,116.6,1512
11_19810_1408_5559_Residual_27c3860f_Body01,1947.5,522.4,1988.8,576.3,96.8,131.2,1854
12_25149_1760_-14751_Body02,2495.1,-1538.2,2540.4,-1474.3,177.3,200.5,727
7_7054_1310_14995_ResidualBody01,660.5,1444.3,745.8,1502.6,77.5,131.0,3736
3_543_954_17129,28.8,1689.1,79.8,1736.9,74.9,115.9,2397
5_2509_2220_11853_Body01,200.8,1125.9,296.4,1236.8,207.3,237.3,6797
13_-10934_1094_24129_Residual_8e570f1b_Body01,-1138.9,2372.9,-1051.0,2457.4,63.1,155.7,4199
4_-3198_1740_-13442_Residual_18f658e7_Body03,-365.8,-1366.1,-324.9,-1310.9,186.3,227.4,1441
3_-7023_866_18407_ResidualBody02,-708.6,1832.7,-683.1,1863.0,61.6,111.7,612
5_9188_1404_11987,894.2,1171.0,943.3,1226.5,67.5,198.2,1451
5_5254_1126_3942,504.2,372.7,546.5,415.8,66.0,159.2,973
11_18565_1260_8040,1835.2,788.2,1877.8,820.6,82.2,169.8,825
9_-12351_1452_869,-1260.5,42.3,-1210.5,128.5,68.1,222.2,2412
13_-20428_1864_17686_ResidualBody18,-2063.6,1724.2,-2028.4,1763.3,214.1,255.2,688
4_-1134_1758_-17706_Residual_a5f14c66_Body04,-108.0,-1757.6,-85.9,-1728.8,212.8,253.8,414
5_7837_949_11540,767.5,1137.0,799.9,1170.9,66.4,123.4,586
10_-19089_1437_-14259_ResidualBody01,-1939.4,-1424.7,-1871.2,-1361.0,54.1,233.2,1299
7_7760_1923_26990_Body01,778.1,2609.5,910.3,2734.3,125.1,259.5,9491
4_-1190_1946_-17012_Body01,-145.5,-1721.8,-93.9,-1695.2,238.3,279.4,762
15_-15211_1781_-15708_ResidualBody01,-1589.4,-1660.2,-1463.5,-1501.5,51.0,305.1,9461
13_-20428_1864_17686_Residual_a52f66cb_Body02,-2046.7,1775.6,-2005.9,1819.3,142.7,219.5,801
1_-27580_1872_9386_Body02,-2779.6,884.7,-2732.9,939.3,157.3,252.0,1416
11_19028_1363_5937_ResidualBody01,1896.7,576.6,1913.3,613.9,96.3,176.2,432
12_24479_2054_-12671_Body02,2400.3,-1299.2,2482.4,-1211.4,241.4,282.4,3652
6_11036_2268_-10675_ResidualBody02,1116.7,-1059.1,1142.3,-1044.3,126.5,255.6,192
8_2339_1555_25738,209.0,2542.5,258.8,2605.2,118.7,192.3,2572
1_-22305_2082_8798_Residual_c3da99b2_Body02,-2263.7,895.4,-2236.3,917.8,135.9,173.4,297
5_5208_828_3254_Body01,529.5,299.6,564.5,341.5,65.1,100.5,674
7_20204_967_21140_Body01,1996.7,2119.4,2018.4,2138.0,72.6,120.8,297
4_-9932_1319_-18296_Body01,-1038.4,-1872.5,-948.4,-1787.1,87.5,158.4,5143
5_3750_1693_7298_ResidualBody06,403.8,668.3,423.6,694.5,60.4,153.2,306
3_1886_1342_19453_Residual_f4a0ba81_Body01,117.0,1899.8,278.6,1985.2,77.3,191.1,10152
7_5958_992_14761_Body03,578.7,1466.1,602.8,1482.6,79.9,118.6,242
7_14681_1089_16626_Body07,1439.8,1646.8,1475.1,1690.0,123.2,146.4,873
1_-29025_1918_12884_Body02,-2875.8,1265.6,-2856.1,1299.0,178.0,219.0,393
14_4610_1234_-617_Body02,399.2,-89.2,512.1,-4.5,66.9,162.0,5371
10_-18152_1481_-4501,-1852.5,-487.0,-1793.0,-425.3,72.6,223.6,1608
10_-19392_1709_-4442_ResidualBody01,-1982.3,-483.1,-1892.4,-405.3,83.7,258.1,2530
4_-9986_1598_-16851_ResidualBody04,-1042.5,-1710.7,-1022.2,-1682.7,93.9,225.7,293
11_13644_1347_3244,1348.8,308.0,1380.1,340.7,107.4,162.1,489
12_21331_1637_-22699,2097.1,-2307.4,2169.1,-2232.4,136.7,190.7,2667
8_2112_1709_30198_ResidualBody03,211.8,2995.1,249.3,3032.8,112.4,193.6,1184
1_-27044_1730_8797_Body02,-2740.1,808.7,-2639.0,935.0,122.0,152.7,6513
7_14122_2081_26219_Body03,1430.9,2721.6,1474.5,2758.2,139.0,251.5,921
16_1499_1177_-6913_ResidualBody01,122.8,-686.6,160.8,-654.9,84.2,151.1,648
10_-27245_1459_-3221_ResidualBody01,-2742.2,-340.4,-2694.8,-303.9,104.1,187.6,797
9_-17245_2238_6047_ResidualBody08,-1747.8,560.3,-1700.4,607.7,203.2,244.2,1155
7_21047_1080_22173,2079.3,2191.2,2130.2,2243.4,75.1,140.9,1251
10_-23750_1406_-7887_ResidualBody01,-2446.2,-907.5,-2390.7,-858.0,74.1,171.3,771
9_-17715_1951_9042,-1795.8,868.5,-1747.3,940.0,127.7,262.5,2121
4_-10810_1168_-16392,-1099.1,-1668.6,-1063.0,-1609.9,92.1,141.5,1202
11_18617_1633_3510,1839.2,334.3,1884.3,367.6,118.1,208.6,796
10_-22669_912_-12706,-2303.0,-1291.2,-2230.9,-1250.1,54.6,127.8,1609
1_-22734_1841_8064,-2261.2,793.8,-2241.4,813.2,135.8,232.3,194
3_-2030_1966_19859,-249.5,1966.5,-224.0,1995.6,178.9,214.2,494
15_-15912_906_-19880,-1622.0,-2002.8,-1560.5,-1973.2,64.8,116.3,960
9_-8613_1065_4515,-896.4,432.5,-826.3,470.4,67.6,145.3,1235
9_-17245_2238_6047_ResidualBody11,-1747.8,560.3,-1700.4,607.7,256.7,297.8,1155
5_9261_991_10404_Body01,893.8,1012.6,958.4,1067.3,63.6,98.9,2025
10_-18074_1985_-13262_Residual_ba95dee9_Body02,-1821.9,-1269.3,-1728.1,-1203.6,301.2,342.3,3245
7_21306_1096_21992,2099.1,2171.2,2162.0,2227.2,75.3,143.9,1681
4_-3069_1329_-7458_Body03,-324.2,-735.9,-293.7,-699.3,120.7,161.8,462
14_-6665_832_-2106,-746.1,-297.8,-589.0,-123.2,68.5,97.8,14129
11_17381_1515_2573,1710.5,231.6,1765.6,283.0,128.3,174.7,1652
1_-21625_1985_6835,-2181.7,664.4,-2143.3,702.6,136.9,260.2,738
1_-29751_1401_4808,-2999.0,457.2,-2948.3,505.7,119.0,161.1,1521
2_27473_1372_-9182,2731.9,-929.7,2762.6,-906.8,119.9,154.6,646
3_2680_2185_17899,271.4,1795.0,290.2,1831.5,195.8,241.3,601
8_4596_1412_26636_Body02,436.7,2639.1,484.0,2670.9,120.9,161.5,905
14_3286_2891_1330_Residual_ca512ecc_Body01,280.2,239.6,342.6,287.4,60.6,160.5,1562
4_-3198_1740_-13442_Residual_18f658e7_Body01,-330.3,-1375.4,-312.8,-1357.5,120.7,191.7,207
15_-17616_900_-21996,-1785.4,-2225.1,-1737.9,-2174.2,67.2,112.8,1255
15_-19162_851_-19324,-1969.8,-2016.3,-1862.6,-1848.5,58.1,112.0,5810
12_25983_2076_-15801_Residual_8c934e96_Body01,2538.1,-1645.1,2638.7,-1514.9,132.7,282.6,7446
9_-10701_1558_5577,-1118.4,497.5,-1021.8,617.9,87.5,224.1,6071
11_24760_1556_3687,2440.2,331.5,2456.0,343.3,93.0,218.3,165
5_5208_828_3254_Body02,505.7,307.3,537.8,342.5,65.1,100.5,483
11_20628_1485_2207,2040.3,182.1,2085.2,259.4,118.0,179.1,2694
5_8323_1321_11152_Residual_593826bf_Body01,788.9,1054.4,877.1,1184.7,63.8,200.4,6215
16_13589_1575_-4661,1341.7,-482.9,1376.1,-449.3,142.3,172.8,558
13_-7890_867_21803_Body01,-824.0,2187.8,-807.4,2199.6,59.8,95.7,135
8_5066_1749_28549_ResidualBody05,488.7,2810.8,516.2,2834.1,120.5,211.4,316
11_14323_1927_4708,1395.4,432.5,1427.9,464.4,113.2,272.1,532
12_25865_2499_-13998_ResidualBody03,2531.9,-1498.1,2682.6,-1354.8,193.2,377.1,10991
11_23004_1300_5053,2273.5,481.5,2327.3,529.1,90.8,169.2,1130
11_19046_1060_6748,1895.7,641.5,1913.5,708.2,90.1,122.0,1131
12_24742_1757_-12154,2463.0,-1229.0,2485.3,-1201.6,127.8,223.6,271
1_-28341_2122_8002_Body01,-2868.2,767.2,-2800.0,832.9,197.4,227.4,2294
2_19308_1989_-6623_Residual_8c5e16c5_Body01,1901.9,-689.1,1961.7,-635.5,143.5,254.3,1704
9_-13844_1376_9862_Body01,-1406.7,958.3,-1361.2,1013.6,110.5,164.6,1688
3_3558_1632_20934_Body03,335.6,2040.8,385.4,2100.2,140.4,217.2,1649
15_-16037_811_-20129_Body01,-1636.7,-2031.3,-1589.7,-2000.2,64.9,97.3,671
11_21025_1444_2326_Body02,2092.7,212.2,2120.3,237.5,120.0,151.0,369
11_22797_1663_1963,2253.2,160.5,2306.2,232.1,120.5,212.1,2967
11_16373_1383_7961,1624.9,797.4,1657.9,821.8,82.5,194.1,610
1_-23323_1542_3558,-2344.4,340.3,-2320.2,371.2,136.1,172.3,365
6_7735_1253_-17864_ResidualBody01,733.9,-1832.9,819.8,-1734.6,96.1,154.6,4689
4_-6877_1512_-18411,-752.5,-1870.8,-690.7,-1806.4,88.9,213.5,2820
1_-28119_1558_5830,-2849.6,543.4,-2774.2,622.5,127.3,184.4,3201
4_-3425_1397_-15710,-362.6,-1601.9,-322.5,-1540.1,120.0,159.5,1577
8_2966_1736_29028_ResidualBody02,271.8,2884.5,307.4,2926.3,117.1,176.4,736
8_1630_1759_24378_Body03,172.0,2463.7,189.0,2483.3,190.3,231.3,250
11_21012_1834_150_Body01,2103.8,4.2,2126.9,35.5,129.9,201.2,354
2_23922_1459_-4738_Body01,2369.1,-495.1,2412.9,-473.6,127.0,164.9,884
10_-21208_1057_-6787,-2145.8,-704.2,-2095.8,-653.2,74.9,136.5,993
1_-20225_2028_5114_Residual_f841ceb2_Body02,-2052.4,479.0,-2010.8,521.8,131.8,238.0,966
15_-24463_794_-17721,-2470.6,-1794.0,-2422.0,-1750.3,50.7,93.6,949
15_-18485_2025_-17127_Body01,-1909.3,-1777.3,-1788.4,-1653.2,189.1,219.1,8656
6_13721_1623_-13242,1348.8,-1349.7,1395.3,-1298.8,136.7,187.8,1507
5_4122_1258_4109_Body01,332.7,391.1,393.4,452.2,60.5,101.8,2396
6_10082_2252_-10748_Residual_75032b6c_Body01,985.5,-1073.8,1054.7,-1003.4,228.0,322.7,2999
9_-15304_1815_8730,-1610.6,795.0,-1450.2,951.1,112.7,250.2,15834
16_16790_1745_-6510_Body01,1644.8,-676.2,1712.2,-624.5,141.3,207.8,1643
6_11175_2094_-7576_Body02,1071.8,-799.8,1128.6,-709.3,261.8,285.0,2271
3_-2367_866_15840,-262.8,1562.8,-210.6,1605.2,67.2,106.1,2013
3_-1879_1343_13592_ResidualBody01,-234.0,1330.2,-169.5,1376.5,65.8,202.8,1641
5_4509_1005_9377_ResidualBody03,430.6,959.6,464.9,989.3,98.5,139.5,468
6_1367_1511_-14429_Body03,141.0,-1463.4,172.5,-1415.8,130.7,171.4,735
4_-2035_1415_-18473_Body01,-198.9,-1867.7,-176.6,-1831.2,94.5,135.1,589
11_13621_1649_5480_Residual_fca7b8c4_Body01,1318.1,506.9,1367.5,557.6,123.2,188.7,1212
11_14985_1466_9084_ResidualBody05,1485.9,908.8,1530.3,957.6,103.3,144.4,1511
5_4909_1252_7312,436.1,668.6,545.9,794.0,62.1,188.2,8021
10_-22697_1279_-2158,-2311.1,-255.5,-2228.3,-176.1,107.0,148.7,3371
6_10357_1578_-12422_Body01,1010.2,-1278.3,1037.7,-1253.6,120.1,195.6,263
10_-14605_1026_-11521,-1491.1,-1183.3,-1429.6,-1120.8,56.8,148.3,1994
12_27109_1371_-11977,2693.0,-1223.4,2728.9,-1172.0,102.6,164.5,1057
6_938_1526_-12598_Body01,80.3,-1295.3,121.0,-1222.4,125.0,162.4,1824
10_-14390_1451_-2048,-1452.0,-256.5,-1425.6,-152.5,69.2,221.0,2341
4_-11810_1016_-18053,-1192.7,-1818.7,-1168.3,-1794.8,86.8,116.4,306
13_-20428_1864_17686_Residual_a52f66cb_Body03,-2053.0,1767.9,-2031.2,1788.3,160.6,219.5,200
7_11143_1523_22494,969.0,2059.2,1220.5,2439.6,113.4,191.3,33116
5_3652_1090_5063,353.6,487.0,376.8,525.6,61.1,156.8,560
4_-5506_1491_-13814_Body03,-546.5,-1367.6,-505.4,-1321.8,156.8,180.0,1328
6_8940_1492_-14231_Body03,879.6,-1445.2,910.7,-1408.9,143.2,184.3,450
1_-30119_1454_6547,-3047.5,623.0,-2976.4,686.4,119.6,171.1,2027
4_-3080_1806_-17894_Body01,-356.2,-1872.5,-285.6,-1706.4,92.7,161.4,7068
7_9839_1144_13445,962.4,1315.8,1005.4,1373.3,69.1,159.7,1329
4_-5597_1525_-15065_Body01,-583.5,-1546.9,-535.5,-1465.4,117.2,187.8,2653
1_-21322_1641_12301_Body02,-2153.3,1207.6,-2133.5,1243.4,170.2,193.5,401
16_9395_3035_-1374_Body01,839.0,-299.9,1267.2,-43.7,70.7,197.1,62477
4_-3570_1606_-12545_Body04,-362.2,-1215.5,-317.0,-1190.9,164.8,188.0,790
2_23797_1475_-3352,2344.6,-355.6,2414.8,-314.9,131.4,163.6,2339
11_14128_1837_1626_Residual_25f33b65_Body01,1378.2,132.0,1437.8,192.6,223.3,264.4,1588
10_-13977_1257_-4192,-1428.8,-449.1,-1366.6,-389.3,56.7,181.9,1646
3_158_1373_17326,-40.5,1657.1,69.5,1808.2,67.2,207.5,11544
7_21380_1156_20938_ResidualBody01,2103.6,2055.6,2175.2,2131.8,73.4,122.2,2409
9_-5220_1514_9071_ResidualBody06,-590.8,843.5,-482.6,970.9,172.5,213.6,9695
6_393_1736_-8867_ResidualBody01,55.2,-894.5,98.2,-872.7,94.3,145.7,454
8_-1409_1436_23786_Body01,-152.5,2327.1,-81.8,2388.5,64.8,186.8,1667
3_-6795_1171_21917_ResidualBody05,-683.9,2168.3,-665.9,2202.0,114.0,172.9,468
1_-29362_2109_10041_ResidualBody11,-2941.9,977.0,-2888.4,1030.9,138.1,197.0,1389
6_13451_1897_-16602_Body01,1383.0,-1629.4,1433.7,-1588.7,137.1,224.4,1095
8_-1819_1410_30424_Body05,-232.1,3018.2,-160.9,3118.7,164.7,205.8,5730
4_-9668_1204_-15590_Body02,-988.7,-1558.0,-965.6,-1530.0,94.2,128.7,418
2_20043_2099_-7166,1938.1,-776.8,2070.4,-656.4,143.2,276.5,6256
11_20938_1736_1475_ResidualBody04,2081.9,114.6,2122.4,130.4,120.1,173.6,307
8_-1819_1410_30424_Body04,-219.6,2991.3,-155.3,3028.1,164.7,205.8,1292
6_938_1526_-12598_Body02,60.2,-1284.6,90.0,-1228.2,125.0,180.3,954
1_-30631_1588_7638_ResidualBody02,-3098.0,721.5,-3045.3,777.0,120.5,179.3,1368
11_15577_1600_6012_ResidualBody01,1528.4,589.7,1558.8,620.5,121.8,180.4,463
13_-16374_1681_13247_Residual_13b01d3e_Body02,-1680.2,1328.2,-1667.4,1341.2,109.4,226.8,127
6_1367_1511_-14429_Body04,107.7,-1443.9,159.6,-1411.5,130.7,171.4,762
16_10977_1691_-5739,1079.9,-599.9,1115.4,-548.0,141.0,197.1,887
12_26984_2017_-16951,2659.8,-1729.8,2737.2,-1660.3,136.5,266.9,3504
6_12427_1935_-7667,1170.1,-844.2,1315.2,-689.2,128.2,258.8,12640
12_16864_1570_-16978_Body01,1640.5,-1721.1,1712.0,-1652.7,133.9,180.2,2440
13_-10720_914_22550_Body02,-1123.0,2261.8,-1094.8,2282.6,64.8,118.0,295
14_-6819_752_-938_Body01,-784.4,-147.8,-584.3,-44.2,55.2,95.2,5327
13_-21466_1913_15167_ResidualBody02,-2139.6,1478.0,-2056.9,1573.9,132.2,179.0,3163
13_-16374_1681_13247_Residual_13b01d3e_Body03,-1659.2,1341.3,-1642.0,1362.9,185.7,226.8,319
2_23566_1637_-8454,2338.5,-864.5,2374.7,-826.2,127.1,200.2,822
10_-22010_1414_-11566_Body01,-2270.1,-1219.9,-2131.9,-1093.4,55.8,219.9,8936
10_-17444_1272_-9886_ResidualBody07,-1782.9,-1012.6,-1748.0,-986.8,162.1,203.2,508
7_8709_1422_28985,845.2,2881.6,899.1,2915.6,129.6,154.8,1332
13_-10720_914_22550_Body01,-1114.3,2216.5,-1024.0,2290.4,64.8,118.0,3433
10_-25785_2226_-1344_ResidualBody04,-2620.2,-180.7,-2512.7,-91.4,171.4,301.8,5193
16_4505_1001_-2306,433.9,-251.3,467.1,-209.8,70.9,129.4,675
11_13842_1435_2949_Residual_6d4b6f3a_Body01,1382.3,257.8,1426.3,297.3,104.7,182.3,1054
13_-10419_1844_14364_Body02,-1035.6,1436.1,-1009.0,1482.4,89.3,279.4,663
10_-27120_1651_-3465_ResidualBody07,-2729.1,-346.6,-2695.5,-331.0,151.0,192.1,297
2_20577_1726_-4337,2045.2,-472.5,2083.4,-414.0,141.9,203.3,790
11_21562_1549_5255_Residual_172ebeb1_Body03,2148.5,497.8,2185.7,549.0,134.3,175.4,825
8_-2594_1168_22517,-292.6,2227.4,-226.2,2276.0,65.0,168.5,1450
11_17213_1481_5537,1703.4,528.5,1738.6,571.5,125.7,170.5,757
6_8391_1632_-15439_Body02,800.5,-1590.0,837.3,-1560.0,106.5,184.2,446
11_13071_1464_5025_Body01,1306.1,501.9,1327.7,521.3,113.8,178.9,216
6_2651_1881_-10993,199.0,-1159.5,331.2,-1039.1,113.3,262.8,7530
1_-27044_1730_8797_Body05,-2690.2,871.0,-2639.0,924.2,147.3,224.1,1472
8_-2559_1291_29992_Residual_1b6afaae_Body01,-262.3,3007.8,-236.3,3042.5,74.5,183.6,728
11_25215_1114_2851,2508.9,246.8,2534.0,323.3,94.5,128.4,1037
8_1981_1918_32820_Residual_20918127_Body01,170.5,3250.5,228.7,3313.9,237.3,278.3,1766
4_-10269_1563_-13164,-1025.1,-1310.6,-999.3,-1284.8,67.0,245.7,326
16_16264_1600_-5015,1609.2,-520.2,1643.7,-482.8,135.8,184.3,617
5_1110_1591_11488_Residual_ec5baea5_Body01,26.9,1190.3,148.4,1232.2,193.7,252.6,3177
12_24479_2054_-12671_Body01,2398.8,-1322.9,2497.0,-1206.7,128.4,246.7,5146
10_-27120_1651_-3465_ResidualBody02,-2736.1,-366.3,-2705.4,-350.8,102.5,192.1,315
5_1110_1591_11488_Residual_ec5baea5_Body02,177.0,1148.7,205.4,1190.5,193.7,252.6,739
8_-56_1195_21610,-52.7,2142.2,41.6,2179.7,68.7,162.8,1939
5_11406_1159_12634_Body01,1116.7,1204.0,1199.4,1317.7,65.5,166.4,4435
11_20938_1736_1475_ResidualBody11,2053.8,132.4,2066.5,170.2,186.1,227.2,367
16_17271_2184_-6078_Residual_03b11c5d_Body01,1693.8,-605.0,1749.7,-571.8,139.9,296.8,594
9_-5373_1473_10087,-594.1,989.5,-480.5,1027.9,62.1,204.3,3796
5_11560_1531_3814,1128.9,349.1,1182.8,413.7,87.2,209.3,1619
7_14681_1089_16626_Body06,1464.0,1656.3,1516.4,1705.1,123.2,146.4,1212
12_30160_1395_-12228_Body01,3003.9,-1247.9,3033.0,-1222.3,120.1,159.0,534
4_-1598_983_-8036,-189.0,-823.3,-130.5,-783.8,77.1,119.5,1037
16_17863_1460_-3298_Body01,1753.0,-364.4,1822.1,-299.3,132.4,162.4,1897
10_-16849_1197_-4246,-1695.0,-451.4,-1653.1,-420.8,69.6,169.8,720
1_-22256_1638_12201,-2250.0,1197.6,-2201.1,1242.7,135.3,192.2,928
16_11213_1816_-5839_ResidualBody01,1108.6,-593.4,1144.5,-554.6,140.7,204.7,802
10_-20068_1245_-4730,-2045.6,-515.5,-1967.4,-430.4,82.4,166.6,3232
5_5208_828_3254_Body03,496.4,338.4,513.9,353.6,65.1,100.5,139
11_15341_1549_2606_Residual_6e199658_Body01,1505.1,232.1,1562.5,290.0,126.9,182.8,1684
1_-27610_2139_12718_ResidualBody01,-2808.7,1274.3,-2775.7,1303.2,132.6,295.3,468
14_1600_2847_-2898_Residual_63e61dfe_Body04,120.8,-375.5,253.4,-204.0,446.4,505.3,13123
7_10521_1293_14352_Residual_7506b61c_Body01,1015.4,1390.2,1089.3,1479.9,129.8,188.7,3566
8_-1409_1436_23786_Body02,-171.4,2313.0,-111.7,2357.1,64.8,186.8,741
11_18582_1711_1688_Residual_dcfa4a17_Body01,1784.5,90.4,1933.4,265.0,118.9,223.4,19708
10_-18074_1985_-13262_ResidualBody06,-1863.6,-1442.5,-1805.6,-1373.6,301.2,342.3,1217
10_-24258_1311_-2318,-2448.8,-256.3,-2402.8,-207.3,106.7,148.7,1897
6_13464_2152_-11632_ResidualBody01,1296.9,-1219.4,1350.1,-1103.1,118.6,258.2,1795
9_-17508_1967_9698_Body01,-1769.6,952.7,-1732.1,1002.7,127.5,265.9,747
6_17365_1576_-7418,1703.6,-769.9,1769.4,-713.7,142.0,173.2,2093
7_10712_1178_16630_Body01,1059.3,1640.5,1091.9,1688.6,75.8,106.3,742
6_14632_1729_-7170_Residual_95ddae12_Body01,1443.8,-699.7,1471.3,-683.4,133.3,212.5,286
5_7001_869_1942,686.0,174.6,714.2,213.8,71.5,102.2,563
5_4122_1258_4109_Body02,332.7,369.5,488.0,452.2,96.4,173.2,9071
6_10863_1852_-11369,1043.8,-1179.0,1128.7,-1089.2,125.4,245.1,4194
8_1977_1503_25695_Residual_5f07f7b1_Body01,187.7,2581.3,204.1,2596.2,119.7,180.9,139
5_11339_1044_7570_ResidualBody01,1096.6,747.7,1162.3,775.2,75.6,133.2,898
5_10693_1286_8392_Body02,1070.2,833.8,1094.7,869.7,69.3,187.8,364
4_-3570_1606_-12545_Body05,-371.6,-1303.7,-303.3,-1191.8,182.6,205.9,5247
6_1442_1768_-17761_Body02,106.7,-1859.8,171.4,-1744.3,92.5,261.2,6690
1_-27423_1789_6849_Body01,-2777.1,637.1,-2707.3,720.9,130.2,227.5,2906
15_-18509_934_-15069_ResidualBody02,-1881.8,-1527.3,-1852.2,-1490.5,55.6,131.2,549
5_6003_1424_7739_Body04,560.8,731.8,635.3,782.9,144.9,186.0,2908
4_-2814_1203_-9822,-309.4,-1008.6,-253.3,-955.8,90.9,149.6,1708
2_22027_1624_-3448_Body01,2190.6,-367.2,2214.5,-322.4,141.2,183.7,697
6_938_1526_-12598_Body03,116.2,-1285.3,128.4,-1263.6,125.0,180.3,168
1_-25239_1994_10980_Body03,-2562.1,1056.1,-2485.7,1138.2,171.6,266.2,2824
11_17767_1492_5684,1750.6,547.7,1802.8,589.2,121.9,176.5,1181
5_2275_1245_8390_ResidualBody04,235.4,836.1,260.0,860.6,61.1,134.3,296
6_8376_1171_-16867,821.2,-1727.0,859.6,-1648.9,97.3,136.9,1133
8_4615_1957_24725,430.6,2454.3,492.6,2490.7,124.7,266.7,1657
8_4928_1896_25838_Body01,494.3,2577.2,514.1,2592.3,126.4,235.0,175
4_-12215_1208_-18273_Body04,-1239.2,-1854.7,-1196.4,-1797.9,107.3,148.4,1364
1_-27978_1619_7734_Residual_9c8e4d85_Body01,-2829.6,736.6,-2766.0,812.1,127.7,196.2,2200
7_10163_1016_15708_Body01,999.1,1548.1,1031.8,1581.5,74.7,110.6,769
13_-19675_1966_17230,-2020.8,1691.7,-1993.7,1719.5,114.7,278.6,370
13_-16374_1681_13247_ResidualBody06,-1633.6,1328.9,-1620.4,1350.3,109.4,191.0,219
11_22575_1545_529_Body02,2253.9,21.8,2277.6,62.0,128.1,180.9,420
4_-3069_1329_-7458_Body02,-324.5,-779.3,-299.8,-752.6,68.3,108.2,341
9_-15126_1922_6788,-1530.2,651.1,-1494.2,706.4,113.0,261.8,1324
1_-23452_1931_9574,-2373.5,924.7,-2316.8,990.1,134.5,251.7,1276
4_-7109_1460_-14080_ResidualBody02,-758.1,-1459.6,-670.3,-1351.1,108.5,183.4,6057
7_13211_1253_17991_Residual_cb13c94e_Body01,1265.8,1749.8,1377.4,1847.6,74.4,176.1,9763
13_-21466_1913_15167_Residual_ce46f78e_Body02,-2249.0,1460.2,-2180.6,1538.7,132.2,179.0,1958
4_246_1582_-17670_Residual_1f0ba60f_Body01,1.3,-1793.7,47.8,-1740.4,103.2,213.1,2456
10_-26418_1315_-3791,-2659.9,-399.8,-2623.6,-358.3,105.8,157.3,759
5_8936_1197_1300,869.3,97.6,917.9,162.5,76.4,163.1,1531
4_-3595_1590_-16416_Body03,-391.2,-1680.0,-350.6,-1658.8,116.5,148.0,496
10_-14960_998_-3103,-1521.1,-343.5,-1470.8,-277.2,67.2,132.4,1459
7_9565_1504_16140_Body03,899.9,1560.1,961.2,1630.1,149.2,172.4,1657
7_10233_1244_13873_Residual_9ae5efb3_Body01,1013.9,1366.1,1037.8,1382.5,70.9,177.9,202
11_20156_1527_1828_Body01,1980.0,164.3,2052.0,201.5,118.8,186.5,2414
4_-4370_1406_-9975,-475.9,-1031.3,-397.2,-963.6,90.7,190.6,3952
6_9476_1350_-14019,921.4,-1426.1,973.8,-1378.4,113.1,157.0,1415
9_-15492_1116_3884,-1586.2,352.3,-1513.2,424.9,97.4,125.8,1901
9_-10047_1387_782_ResidualBody02,-1028.9,62.7,-995.0,90.2,62.4,179.3,378
10_-16280_1351_-6282_ResidualBody03,-1649.4,-637.6,-1599.0,-592.5,83.2,124.3,1278
7_9565_1504_16140_Body02,918.9,1566.4,993.6,1669.6,149.2,172.4,4297
11_15783_1455_4570_Body02,1607.5,455.4,1624.5,468.0,122.2,168.7,157
11_14486_1192_8724_Body02,1440.4,865.1,1475.2,895.1,113.9,154.9,783
8_6054_2084_21733_Body02,542.5,2115.7,652.0,2233.8,110.1,146.0,7867
9_-11594_1365_1411_Residual_c2882579_Body05,-1196.3,109.2,-1180.1,136.7,108.7,185.4,393
11_14377_1408_3386_Body01,1416.6,323.6,1461.2,355.0,118.2,163.4,706
10_-21751_2020_-1494_ResidualBody02,-2203.0,-172.6,-2116.2,-114.7,189.8,248.7,4111
2_27452_1482_-6820,2725.6,-698.1,2767.8,-666.0,133.1,163.4,1149
7_12558_1929_27171,1176.9,2598.4,1305.6,2820.0,117.2,242.8,19879
11_21993_1655_1347_ResidualBody02,2189.4,116.3,2218.3,145.0,122.5,190.7,688
5_9038_959_3082,885.6,293.8,922.1,322.5,75.8,116.0,516
12_18325_1572_-15859_Body01,1826.3,-1610.8,1856.6,-1581.9,137.0,177.4,405
13_-16944_5925_18365_Body01,-1687.7,1894.0,-1654.8,1909.7,575.8,609.2,326
1_-22480_2024_7548,-2281.0,725.8,-2214.9,783.5,136.5,268.4,2134
4_-3570_1606_-12545_Body03,-370.6,-1303.7,-297.2,-1214.3,164.8,188.0,4984
6_6046_1345_-10917,572.2,-1122.5,636.9,-1062.0,117.8,151.2,2885
5_6628_1096_8955_Body01,629.3,865.2,695.4,925.3,62.6,103.1,2441
12_23822_2023_-11700_ResidualBody03,2344.9,-1219.9,2429.7,-1121.5,197.1,256.0,3848
7_11682_1361_20290_Body01,1149.8,2017.9,1179.2,2038.7,106.8,147.5,486
3_1290_1066_17340,103.9,1715.7,154.1,1752.3,76.5,136.6,1591
5_11307_1128_4616_Residual_539e7236_Body01,1138.8,443.0,1159.2,464.2,82.5,143.1,203
4_-5094_1524_-10879,-516.3,-1079.5,-496.9,-1055.7,115.4,189.3,311
6_11690_1580_-8043,1151.4,-830.8,1186.6,-777.9,132.9,183.1,894
1_-21717_2090_12618_Residual_0188e0c8_Body02,-2194.1,1235.1,-2164.4,1260.3,134.9,283.1,459
1_-30987_1633_6353,-3128.0,620.4,-3069.7,649.9,119.5,198.7,1341
5_5208_828_3254_Body04,476.4,330.9,497.2,351.3,65.1,100.5,234
11_14767_1631_2583_Body02,1464.5,244.8,1485.7,261.9,158.1,199.2,176
2_22874_1437_-6240,2256.5,-654.9,2318.3,-593.2,128.3,159.1,2073
13_-8604_1389_13378,-873.1,1304.5,-838.6,1371.2,82.5,195.2,2062
7_17652_905_18109,1740.4,1787.8,1789.9,1834.0,71.4,109.6,1027
10_-15397_1334_-5067,-1598.6,-574.5,-1480.8,-438.9,56.8,210.0,7562
6_10357_1578_-12422_Body02,1007.0,-1259.3,1065.3,-1198.6,120.1,195.6,1897
15_-22668_2021_-23092,-2380.8,-2445.6,-2182.7,-2258.9,185.0,219.3,17534
8_3990_1682_30243_ResidualBody01,367.6,2995.1,418.2,3040.8,124.6,211.9,1620
2_21920_1547_-2704_Body01,2186.3,-284.8,2213.6,-259.2,140.7,168.8,441
10_-15285_1392_-1718_ResidualBody02,-1541.4,-172.6,-1515.8,-152.3,73.3,115.8,329
7_10897_4051_25094_Body01,1066.6,2504.5,1184.5,2550.6,387.7,422.5,2945
9_-11594_1365_1411_Residual_c2882579_Body01,-1169.6,168.4,-1134.1,184.2,69.6,149.7,393
5_10327_1588_10209_Residual_09f001aa_Body01,1040.7,1090.8,1062.7,1112.8,64.3,128.3,248
16_17676_1828_164_Residual_1fcdf4b6_Body03,1736.3,-9.9,1775.4,7.5,173.8,214.9,326
10_-19893_677_-12145,-2010.4,-1234.2,-1968.2,-1194.7,52.5,82.9,577
1_-23863_1484_9089,-2402.0,893.7,-2372.0,923.6,133.9,163.0,477
10_-17444_1272_-9886_ResidualBody02,-1756.1,-1013.8,-1738.0,-986.9,51.2,149.6,351
9_-10097_1616_9366_Body03,-1027.0,881.6,-977.1,913.3,189.7,212.9,947
1_-22965_2130_9178,-2326.3,884.7,-2266.6,950.9,135.3,266.8,1567
5_-1548_2341_8660,-167.0,857.8,-131.9,900.9,193.7,274.4,668
4_-3570_1606_-12545_Body02,-407.0,-1325.9,-374.2,-1225.2,164.8,205.9,2106
15_-19283_1138_-25083_ResidualBody10,-1965.1,-2542.3,-1923.6,-2488.4,119.6,160.7,1006
12_31716_1948_-11629,3141.8,-1209.9,3201.4,-1115.9,125.2,264.4,2655
12_28364_1592_-16549,2816.7,-1684.3,2851.5,-1625.6,134.4,183.9,941
6_13890_1618_-12569_Body01,1368.3,-1272.2,1409.7,-1240.5,135.6,188.1,869
5_8663_898_10117,843.3,988.8,889.3,1034.7,63.8,107.8,1177
5_11134_1771_1893_Residual_b7b5ebc6_Body01,1082.4,147.1,1127.6,196.3,88.7,265.4,560
11_24913_1247_2965_Body01,2469.4,272.3,2510.0,323.6,104.7,144.6,1373
12_24479_2054_-12671_Body03,2442.9,-1322.9,2498.8,-1273.8,241.4,282.4,1236
15_-13631_1440_-17444_Residual_d1220ea9_Body03,-1355.4,-1751.0,-1338.5,-1735.5,181.5,222.6,159
5_6533_1312_12238_Body01,616.0,1177.0,693.2,1245.4,66.9,124.1,2813
12_20273_1608_-14463,1968.3,-1485.2,2078.0,-1400.2,139.8,181.7,4184
7_19377_1214_18861_Body03,1937.6,1851.6,1975.8,1900.0,72.2,170.7,1325
1_-28882_1832_8295_Residual_8238dca7_Body01,-2900.2,781.5,-2879.7,799.5,150.3,227.0,197
9_-17166_1915_10650_ResidualBody03,-1737.2,1062.4,-1711.3,1094.7,122.9,224.5,417
6_7630_1475_-13476,692.0,-1420.7,832.3,-1272.9,115.6,179.4,10403
5_4382_1250_7049,418.0,659.4,456.6,750.5,61.9,188.0,1610
12_28046_1398_-13607,2778.4,-1389.0,2830.5,-1329.3,117.1,162.6,1966
9_-13585_1716_10436,-1381.7,1016.1,-1335.3,1071.1,108.3,234.9,1422
11_12810_1193_3015,1266.7,287.3,1295.2,315.8,98.1,140.4,411
9_-11054_1726_7822_Residual_a987092c_Body02,-1148.1,762.3,-1087.5,832.6,175.1,251.9,2446
6_4255_1119_-19034_ResidualBody05,405.8,-1902.2,436.6,-1871.4,88.2,135.6,491
7_9565_1504_16140_Body04,903.1,1561.3,995.6,1669.6,167.0,226.0,6500
1_-25623_2941_1757,-2606.5,186.8,-2515.8,233.2,278.2,310.0,3746
12_28801_1531_-14743_ResidualBody01,2873.0,-1502.1,2895.5,-1446.8,127.6,178.6,972
6_16205_2001_-7487_Residual_1f4f7ec6_Body01,1626.6,-768.7,1686.2,-720.7,136.3,263.8,1697
10_-15143_1186_-10691_Residual_10c87870_Body02,-1536.6,-1088.5,-1521.5,-1072.2,56.4,91.5,135
11_21607_1686_5926_ResidualBody03,2148.3,562.1,2190.1,594.7,90.2,157.8,463
3_1935_2058_19463_Body01,223.7,1966.9,245.7,1983.0,186.9,224.6,280
6_11644_1815_-16486_Body03,1193.6,-1629.2,1223.4,-1589.3,192.3,233.4,886
15_-13631_1440_-17444_ResidualBody07,-1365.3,-1779.7,-1331.5,-1753.8,181.5,222.6,505
1_-21389_2191_11428,-2159.4,1175.6,-2126.4,1207.7,131.0,307.2,539
3_-5616_1116_13841,-576.2,1363.3,-547.1,1404.9,62.4,160.8,1040
5_4665_987_8064,429.3,769.1,503.8,843.5,61.9,135.5,3460
5_8717_1008_2334,844.2,206.0,899.1,260.8,73.4,128.2,1681
15_-18819_696_-15270,-1901.0,-1550.9,-1862.4,-1501.8,56.0,83.1,688
8_136_2324_24647_ResidualBody03,-36.6,2499.6,8.6,2556.2,98.4,169.9,1774
7_14681_1089_16626_Body02,1474.7,1622.9,1510.9,1657.8,105.3,128.6,582
11_14486_1192_8724_Body01,1421.9,849.6,1475.2,895.1,83.5,119.2,2070
4_-2285_1706_-17624_ResidualBody11,-266.6,-1773.3,-228.2,-1734.0,142.7,219.5,1139
5_-1617_2290_12542_Body01,-181.6,1230.5,-139.4,1276.0,198.4,259.6,1733
15_-13631_1440_-17444_ResidualBody03,-1365.3,-1779.7,-1340.0,-1755.7,65.4,186.9,379
9_-5140_1743_7505_ResidualBody11,-597.5,702.5,-542.2,808.9,192.2,251.1,5089
5_5550_853_2560_Body01,550.8,249.8,569.4,272.0,65.5,105.2,184
12_27623_1336_-13610,2742.3,-1389.3,2782.4,-1332.6,117.8,149.5,1587
9_-15853_1901_6985_ResidualBody02,-1617.2,683.9,-1589.9,707.6,115.5,193.4,347
5_3480_967_4893,361.6,450.8,382.5,487.5,60.5,132.9,498
13_-19220_1553_19431_ResidualBody01,-1982.9,1879.1,-1874.0,1998.0,107.9,149.2,5356
13_-9126_867_22542,-929.4,2240.1,-887.2,2274.2,62.0,111.3,727
7_6731_4959_17061,663.9,1692.1,682.8,1719.7,481.6,510.1,333
2_26591_1221_-8926,2634.7,-912.8,2682.6,-872.6,109.3,134.8,1333
1_-30981_1666_6114,-3126.9,599.3,-3069.8,623.4,119.5,213.7,1055
9_-10097_1616_9366_Body01,-1066.9,872.3,-955.0,1001.8,92.4,195.0,10535
1_-30547_1778_10109_ResidualBody01,-3069.1,1042.8,-3014.6,1077.0,122.4,233.3,1030
8_2631_1792_31202_ResidualBody01,210.1,3079.8,312.7,3159.5,109.0,213.7,3938
6_14051_1599_-12044,1383.9,-1228.7,1426.3,-1180.1,134.3,185.4,1292
13_-11205_2233_14014,-1178.1,1351.0,-1062.8,1451.8,93.2,353.3,6524
11_14985_1466_9084_Residual_afa538b5_Body01,1484.5,857.0,1499.3,895.4,77.5,198.0,372
8_-317_1422_30149_Body02,-97.5,2973.2,-55.8,3033.6,87.2,143.6,1105
2_26311_1274_-9991,2615.7,-1021.1,2646.4,-977.1,110.6,144.2,879
11_14856_1449_2250_Body01,1462.7,200.8,1505.8,248.8,127.1,162.6,1334
1_-28528_1732_12398,-2897.0,1193.3,-2808.5,1286.3,126.5,204.9,4067
1_-24661_2088_13490_Residual_13cabf88_Body01,-2495.0,1358.8,-2484.2,1373.5,134.7,175.9,120
8_-417_1650_22523_Residual_663d1e11_Body01,-113.0,2275.1,9.9,2334.0,67.0,227.3,2407
13_-17889_1804_14187_Residual_8f0b392c_Body01,-1804.8,1426.0,-1771.9,1462.2,133.7,246.2,426
11_14890_1550_3921_Body01,1474.3,388.6,1490.6,404.9,119.1,155.2,225
5_10693_1286_8392_Body01,1040.4,807.7,1081.3,857.0,69.3,187.8,1116
1_-29808_1630_5768_Body03,-3013.1,552.0,-2975.9,595.4,120.2,152.2,972
4_-2285_1706_-17624_Residual_87ff2393_Body03,-225.5,-1764.2,-191.7,-1699.3,103.8,201.7,1584
4_-3570_1606_-12545_Body01,-410.7,-1325.9,-291.1,-1189.1,115.3,170.1,11059
16_7376_1371_-4412,710.9,-470.4,764.3,-412.0,107.6,166.5,1838
9_-17762_1766_10565_Residual_8943e5cb_Body01,-1809.2,1042.4,-1781.2,1076.1,126.6,226.6,333
4_-10997_1646_-18290_Body02,-1096.1,-1850.1,-1069.8,-1807.8,83.5,192.2,798
8_-542_1153_31991_Residual_071f9c0f_Body01,-86.7,3149.0,-8.5,3246.4,82.3,112.7,3922
4_-11393_1017_-4367,-1167.3,-464.1,-1111.3,-409.3,43.7,159.6,1380
13_-7333_849_13520,-760.3,1342.6,-706.3,1361.3,68.4,101.4,822
5_11381_1007_8619_Residual_449c1e8e_Body01,1110.4,847.8,1122.5,866.2,71.9,129.5,158
3_-5562_1398_13317_ResidualBody02,-576.3,1301.1,-537.4,1360.9,64.2,179.6,1692
2_21948_1718_-5678_Body01,2168.6,-589.7,2223.0,-553.9,138.7,205.0,1212
11_17710_1510_2707,1754.9,249.8,1787.1,291.6,127.7,174.4,720
10_-16793_886_-13524_Residual_64acfd9d_Body01,-1714.8,-1378.4,-1650.0,-1321.6,79.9,120.9,1771
11_18582_1711_1688_ResidualBody01,1851.9,90.4,1942.3,265.0,118.9,169.8,11615
15_-23438_1101_-16239,-2389.7,-1685.5,-2296.0,-1564.8,49.1,171.1,4358
7_13149_1732_13440_Residual_36376c04_Body02,1251.6,1290.0,1333.8,1366.9,68.3,206.8,2462
7_13149_1732_13440_Residual_36376c04_Body03,1257.7,1290.0,1350.9,1377.0,201.4,278.2,5191
10_-21608_885_-8433,-2185.5,-868.1,-2136.1,-818.6,69.4,107.6,1181
10_-16547_1172_-11690_Residual_7760123c_Body01,-1690.9,-1204.5,-1616.6,-1136.4,55.1,179.3,2546
3_98_1418_20475_Residual_5c4b6092_Body01,-20.3,2016.6,57.8,2075.6,67.7,215.9,3564
5_6577_1460_10801_ResidualBody12,638.2,1050.5,679.2,1090.3,168.1,209.2,723
11_14767_1631_2583_Body01,1464.5,244.8,1492.0,266.2,127.0,163.5,265
7_14681_1089_16626_Body05,1485.1,1625.3,1510.9,1657.8,123.2,146.4,388
1_-27797_2006_2177_ResidualBody06,-2867.3,246.2,-2842.8,263.1,150.9,263.4,379
8_970_1297_22481,79.3,2234.6,114.7,2261.6,109.7,149.7,821
6_14361_1718_-13482,1415.4,-1371.6,1456.7,-1324.8,139.6,204.0,1254
6_16205_2001_-7487_ResidualBody03,1621.2,-791.0,1680.8,-762.4,187.0,246.0,754
10_-16921_1257_-9424_ResidualBody04,-1725.2,-971.9,-1687.2,-918.1,140.3,199.3,918
11_20938_1736_1475_ResidualBody02,2057.7,155.9,2104.8,177.6,120.1,191.4,470
1_-19855_1939_5973,-2041.2,543.0,-1929.8,651.5,125.9,262.0,6083
16_16901_1577_-6733,1658.2,-696.0,1722.1,-650.6,141.9,173.5,1214
9_-5140_1743_7505_ResidualBody10,-531.1,708.5,-453.4,806.5,192.2,269.0,4474
14_2618_1307_364,177.8,-21.0,345.8,93.7,63.2,198.2,10120
9_-15853_1901_6985_ResidualBody01,-1611.4,697.7,-1575.9,727.1,115.5,193.4,580
1_-29775_1793_8947_Residual_995a5cba_Body02,-3031.2,866.5,-2955.8,978.2,142.4,201.3,3750
4_-11475_1400_-6755,-1187.9,-715.4,-1107.2,-635.6,57.6,222.4,3101
9_-7298_999_12483,-752.3,1235.7,-707.3,1260.8,69.2,130.6,1104
11_20938_1736_1475_Residual_0ddad5bb_Body04,2064.0,112.1,2122.4,161.9,150.4,191.4,1956
4_-4654_1401_-10491_Body02,-501.6,-1051.4,-480.8,-1016.2,102.9,177.4,437
7_13070_1490_21674_Residual_8b4d20fe_Body01,1309.9,2130.1,1331.8,2152.1,166.1,207.2,311
11_14890_1550_3921_Body02,1476.5,370.4,1491.9,386.7,119.1,173.1,203
6_4575_1585_-13782,417.1,-1429.4,496.7,-1327.6,131.6,185.4,5159
9_-17820_2326_7084_ResidualBody02,-1866.5,743.6,-1816.0,778.9,118.6,186.0,901
1_-24708_1785_7978_Body01,-2457.2,794.1,-2412.2,838.4,133.3,170.2,621
9_-14373_1742_8417_ResidualBody05,-1443.1,805.5,-1425.8,834.5,197.0,238.0,290
10_-21676_1291_-10836_ResidualBody03,-2188.3,-1052.5,-2156.1,-1031.8,55.5,149.0,285
1_-27797_2006_2177_ResidualBody05,-2764.0,239.9,-2690.9,298.5,150.9,263.4,3602
11_15918_1483_5443,1568.8,520.0,1614.8,568.5,125.1,171.4,1137
2_18521_2032_-8089,1827.8,-829.9,1876.4,-787.8,143.0,263.4,1085
8_4378_1951_28447_Residual_f34434f8_Body02,430.3,2809.5,452.7,2859.0,117.2,148.0,674
15_-18443_1400_-23559_ResidualBody03,-1873.7,-2384.0,-1817.6,-2328.4,151.4,192.4,1356
11_23837_1544_-453,2365.8,-73.9,2401.7,-16.6,129.5,179.2,1704
11_20938_1736_1475_Residual_0ddad5bb_Body03,2049.3,116.7,2064.9,145.5,150.4,191.4,290
12_22772_1811_-16766_ResidualBody01,2229.3,-1674.4,2257.3,-1646.4,140.2,222.0,415
3_-6974_1361_23817,-736.0,2367.5,-658.8,2396.0,62.7,189.8,1958
4_-3069_1329_-7458_Body01,-297.9,-791.2,-276.2,-770.4,68.3,126.1,243
15_-19455_919_-15769,-1972.7,-1607.1,-1916.6,-1546.6,56.3,127.4,1759
10_-22881_1581_-5867_ResidualBody14,-2271.8,-619.6,-2213.7,-537.1,174.8,215.9,2505
8_1981_1918_32820_Residual_20918127_Body02,188.4,3298.1,254.4,3367.8,237.3,278.3,2663
6_13540_1808_-12118,1318.5,-1254.8,1389.4,-1168.8,132.8,211.6,3763
1_-20225_2028_5114_ResidualBody01,-2032.7,520.0,-2002.2,544.9,131.8,255.8,313
16_17605_1443_-3490,1742.1,-363.6,1779.3,-335.2,131.2,157.3,545
9_-18774_1477_12612,-1906.1,1234.0,-1849.3,1285.8,125.8,169.7,1643
7_10670_1211_19992,1049.7,1977.2,1084.0,2021.6,108.0,134.2,949
5_7929_1101_2503_Residual_eabcd810_Body01,763.1,220.2,822.7,280.4,72.4,147.8,1820
10_-18074_1985_-13262_Residual_ba95dee9_Body01,-1908.4,-1364.0,-1836.5,-1263.4,301.2,342.3,3110
16_15510_1606_-2737,1530.1,-289.8,1571.9,-257.6,123.1,198.1,697
4_-3080_1806_-17894_Body02,-298.5,-1740.0,-259.9,-1699.0,92.7,161.4,884
13_-8311_946_23895_ResidualBody01,-849.2,2374.7,-827.4,2403.2,61.9,127.3,310
7_13149_1732_13440_Residual_36376c04_Body01,1261.2,1309.8,1381.9,1399.0,68.3,206.8,6050
2_19320_2353_-10295,1879.4,-1067.2,1984.6,-991.9,143.6,294.9,4509
5_4780_858_4731,446.2,439.6,509.7,506.6,63.9,107.6,2409
5_8536_1111_9272,814.5,895.9,892.7,957.7,65.4,156.7,2489
9_-13214_2306_9146_Residual_78598de5_Body02,-1365.6,806.2,-1315.6,884.2,316.9,358.0,2478
10_-15285_1392_-1718_ResidualBody03,-1531.6,-193.9,-1515.3,-169.6,73.3,115.8,243
7_12093_1297_17155,1180.8,1688.2,1237.8,1742.8,75.2,169.0,1368
13_-17741_1460_20829_Residual_cf843822_Body01,-1823.7,2067.7,-1744.1,2146.7,98.4,193.6,3126
1_-19809_1550_14395,-2003.4,1421.7,-1958.5,1457.2,128.0,182.0,870
1_-25816_1628_8815,-2613.2,852.6,-2549.8,909.9,130.1,195.6,1571
11_16201_1563_6381,1569.9,592.4,1670.4,683.8,113.5,199.2,4383
11_25007_1449_266,2469.2,0.3,2532.2,52.9,100.7,189.1,2898
8_136_2324_24647_Residual_f4a62e3f_Body01,-33.6,2451.1,-10.3,2496.3,98.4,169.9,639
4_-5404_1442_-9808_ResidualBody01,-524.8,-975.4,-470.9,-943.9,83.6,169.2,545
6_393_1736_-8867_Residual_4258ed77_Body01,55.2,-894.5,99.9,-827.5,140.3,235.0,1765
9_-13302_1930_11681_Body01,-1401.3,1118.2,-1259.0,1218.1,179.9,209.9,9021
7_13803_1591_17345_Body01,1322.1,1671.2,1434.9,1801.0,70.2,105.2,7552
5_7580_1041_1859_Body01,735.1,168.9,783.9,208.7,72.3,135.9,937
10_-20010_1344_-6391,-1994.2,-665.9,-1967.9,-639.7,67.8,200.9,342
6_5937_1189_-20135_ResidualBody01,602.4,-2055.3,662.1,-1992.8,87.4,132.6,1559
15_-19283_1138_-25083_Residual_712d677a_Body02,-1966.4,-2542.3,-1923.6,-2488.4,66.9,107.1,1138
7_10901_1346_19559,1063.8,1939.6,1116.4,1972.2,105.5,151.6,1046
7_19377_1214_18861_Body01,1916.8,1910.3,1930.7,1920.8,72.2,117.1,120
7_6940_1770_19640,670.5,1926.2,717.0,2001.9,102.1,251.9,3381
10_-16108_1551_-12895_ResidualBody05,-1680.3,-1343.0,-1554.3,-1188.7,142.1,236.8,6267
1_-22179_2124_11598_ResidualBody10,-2210.5,1154.4,-2174.1,1194.6,229.9,271.0,713
8_689_1513_26493_ResidualBody02,47.6,2664.3,100.1,2707.5,91.2,139.9,1596
11_14647_1424_6177,1431.2,584.1,1498.1,651.4,120.8,164.1,2287
11_15341_1549_2606_ResidualBody02,1518.3,245.8,1553.8,276.1,126.9,182.8,571
9_-13080_1470_12363_Body01,-1389.0,1194.2,-1227.4,1280.4,100.1,193.9,8885
1_-23470_2103_13323_ResidualBody03,-2363.8,1376.5,-2333.7,1404.5,208.7,267.6,379
10_-16408_1345_-2522_Body02,-1694.6,-267.4,-1655.2,-245.9,71.2,180.0,712
11_15622_1539_1862,1550.2,171.2,1575.1,202.0,129.0,178.8,405
5_4019_1306_4796_Body01,399.6,451.4,426.1,517.1,62.0,199.2,999
10_-26519_1362_-2847,-2693.2,-324.2,-2610.7,-244.9,106.1,166.3,3664
2_18944_1923_-8921,1869.9,-914.5,1918.9,-869.9,144.8,239.8,1199
7_19115_1080_21881_Body02,1893.1,2183.4,1914.0,2202.1,73.6,106.8,270
1_-20225_2028_5114_ResidualBody04,-2047.2,506.2,-2003.4,532.0,161.2,202.3,479
7_19115_1080_21881_Body03,1919.6,2168.3,1935.3,2192.3,101.4,142.5,207
9_-11594_1365_1411_ResidualBody10,-1165.3,141.0,-1126.0,157.4,90.8,131.9,586
7_19115_1080_21881_Body01,1922.3,2178.6,1935.3,2192.3,73.6,106.8,117
11_17158_2136_4515_Residual_914f61d3_Body03,1667.1,431.7,1694.6,469.0,127.4,246.1,493
10_-22189_1064_-7826,-2241.7,-805.4,-2196.2,-759.8,74.4,138.4,1037
11_20479_1647_5583_Body01,2010.8,522.9,2084.7,593.4,151.0,181.0,3654
4_-10997_1646_-18290_Body01,-1121.3,-1845.7,-1106.1,-1805.0,83.5,192.2,432
7_19377_1214_18861_Body02,1906.5,1865.4,1934.3,1910.4,72.2,170.7,845
6_12996_1590_-15317,1287.4,-1546.7,1312.4,-1516.4,138.9,179.2,499
4_-2399_1279_-9629_ResidualBody02,-255.7,-984.1,-229.0,-966.3,90.4,147.6,220
13_-15642_1589_16325_Body05,-1575.4,1515.4,-1500.9,1599.4,110.3,204.9,3719
10_-15143_1186_-10691_ResidualBody05,-1535.6,-1076.5,-1491.9,-1040.3,86.1,162.9,855
13_-8932_2156_19708,-1017.6,1812.0,-770.2,2112.3,61.3,369.8,35564
1_-20369_1726_13926_Residual_f4c31071_Body02,-2052.3,1358.0,-1995.4,1419.2,131.8,195.5,1732
7_7686_1058_14761_Body02,765.9,1501.8,781.1,1512.9,71.8,139.8,92
7_16421_3031_19328_Body01,1504.8,1795.6,1779.4,2069.9,110.5,538.0,37337
4_-11744_1070_-4757_Body01,-1196.1,-499.1,-1154.5,-458.4,43.6,81.2,648
16_5282_965_-2427,507.0,-273.9,549.4,-211.4,74.3,118.7,1245
8_2186_1394_26545_ResidualBody01,190.7,2623.9,254.2,2666.8,105.6,155.5,2330
7_11588_1511_14325_ResidualBody02,1155.2,1417.9,1247.2,1494.4,68.3,126.8,3911
13_-12707_1443_19778_ResidualBody04,-1339.2,1949.6,-1267.4,2021.7,137.8,196.8,2829
5_3750_1693_7298_Residual_f22e7012_Body06,350.0,711.1,380.9,738.1,201.5,278.2,510
2_21930_2326_-7365,2148.0,-774.2,2238.1,-698.8,145.9,319.2,2766
9_-16112_1824_11374,-1644.9,1103.1,-1577.0,1171.7,114.2,250.5,2346
7_13803_1591_17345_Body02,1360.7,1768.0,1390.4,1801.0,99.9,158.8,448
7_18969_1102_18442_Body02,1848.1,1810.0,1903.0,1871.8,73.5,111.2,2154
3_3335_1747_13588_Body01,190.3,1380.0,245.3,1469.2,70.0,208.0,3460
2_20200_1643_-2752_Body01,2004.0,-308.5,2046.6,-250.5,136.4,192.1,1145
11_18386_1841_11366_Body01,2040.7,998.6,2158.8,1115.8,75.3,114.2,11834
10_-22881_1581_-5867_ResidualBody13,-2360.8,-651.5,-2274.6,-556.8,174.8,215.9,4965
4_-2285_1706_-17624_Residual_87ff2393_Body02,-262.1,-1814.4,-220.0,-1770.5,103.8,219.5,1367
8_4928_1896_25838_Body02,474.4,2572.4,509.2,2592.4,126.4,252.8,423
11_14356_1185_1373,1400.5,102.5,1471.2,173.5,104.6,132.4,2552
4_-4912_1213_-18547_ResidualBody02,-501.8,-1874.9,-463.7,-1842.2,97.9,144.7,986
5_7934_937_10466_Residual_11e540b0_Body01,765.9,1035.2,811.4,1060.7,63.0,124.3,666
9_-10612_1265_820_Body01,-1099.0,22.6,-1018.3,145.3,63.1,118.4,5136
13_-12384_1186_21173_Residual_c4e900f0_Body01,-1262.8,2101.4,-1214.1,2133.3,97.9,139.2,1504
9_-14373_1742_8417_ResidualBody01,-1463.3,791.8,-1425.8,834.5,110.3,202.3,1005
4_-6155_1384_-11596,-695.1,-1252.6,-534.1,-1063.5,107.9,168.9,15309
12_29612_2086_-15001_ResidualBody02,2921.6,-1569.0,2990.3,-1519.3,134.2,265.0,1993
7_19949_1063_19434,1968.3,1919.5,2021.5,1967.4,74.1,138.4,1030
13_-12707_1443_19778_ResidualBody01,-1359.5,1882.2,-1245.9,2021.7,91.8,143.2,8984
9_-14283_1450_11853,-1460.3,1161.9,-1389.0,1236.8,110.8,179.2,3590
6_4255_1119_-19034_Residual_2e216f73_Body02,401.6,-1878.7,419.0,-1860.2,88.2,135.6,191
15_-18443_1400_-23559_ResidualBody01,-1864.2,-2381.0,-1817.6,-2330.8,87.6,156.7,1080
3_-4043_819_21494,-422.3,2081.7,-386.3,2217.1,65.9,98.0,3478
4_-9810_988_-12254_ResidualBody01,-976.6,-1213.7,-930.6,-1177.8,69.5,128.2,464
1_-25215_2031_3583_ResidualBody02,-2492.5,284.8,-2436.5,353.7,126.7,172.4,2019
10_-16408_1345_-2522_Body01,-1697.2,-243.1,-1652.5,-205.6,71.2,180.0,1524
1_-25215_2031_3583_ResidualBody01,-2609.4,288.0,-2441.3,425.7,126.7,172.4,11476
4_-6813_1444_-15443_ResidualBody01,-687.4,-1590.7,-655.2,-1533.7,110.5,178.4,1157
12_17821_1665_-14316,1754.4,-1457.4,1804.3,-1404.3,140.6,192.4,1251
16_17676_1828_164_ResidualBody03,1727.8,1.0,1787.3,40.6,155.9,197.0,1334
10_-17381_1946_-1876_Body02,-1771.0,-232.8,-1700.5,-153.2,78.2,293.2,2078
6_13867_1657_-14761_Body02,1380.6,-1471.9,1403.7,-1447.7,141.5,189.9,354
7_13803_1591_17345_Body03,1322.1,1682.9,1386.6,1750.7,117.7,212.4,2190
1_-24708_1785_7978_Body02,-2528.4,759.5,-2485.2,796.3,133.3,205.9,820
12_28801_1531_-14743_Residual_183be92c_Body01,2860.1,-1506.1,2898.7,-1441.2,127.6,178.6,2093
2_25079_1330_-8396,2484.5,-858.4,2531.2,-820.7,108.7,157.2,1050
1_-22179_2124_11598_ResidualBody08,-2241.5,1119.8,-2200.3,1160.5,229.9,271.0,644
13_-18882_1463_13679_Residual_1024c40e_Body01,-1895.2,1350.4,-1876.7,1384.5,121.8,170.8,347
4_-12782_1266_-5840_ResidualBody01,-1277.5,-607.8,-1250.5,-573.1,56.1,197.0,527
12_20798_2241_-13599,2046.3,-1398.2,2113.4,-1321.8,142.8,305.4,2987
6_3022_1552_-15277,254.3,-1549.3,350.0,-1506.0,129.3,181.1,2643
4_-11862_1453_-15882_ResidualBody01,-1229.8,-1628.4,-1181.3,-1589.2,66.3,224.3,812
2_26753_1248_-9431,2653.7,-963.6,2696.9,-923.5,110.8,138.8,1089
10_-20578_960_-7400,-2081.9,-763.3,-2033.6,-716.8,68.7,123.2,1121
1_-30547_1778_10109_ResidualBody03,-3088.2,979.7,-3033.8,1013.8,122.4,233.3,1030
11_20930_1648_791,2036.2,40.3,2141.8,117.8,124.9,204.8,6645
1_-29025_1532_4404,-2927.2,416.3,-2877.9,464.5,121.8,184.7,1191
16_684_1488_-6799_ResidualBody01,34.3,-716.2,72.8,-684.3,74.6,187.3,493
13_-17889_1804_14187_Residual_8f0b392c_Body03,-1805.4,1372.5,-1787.0,1391.3,169.4,210.5,170
4_-4553_1544_-16981_Residual_3cf895ca_Body01,-495.4,-1742.7,-432.8,-1679.4,111.4,197.3,2781
2_21737_1695_-6423,2141.3,-671.4,2206.1,-613.2,143.0,195.9,1600
8_-738_985_32417,-97.3,3219.2,-50.3,3264.1,80.8,116.3,1419
12_24773_3894_-20146_ResidualBody03,2369.3,-2118.5,2557.6,-1856.6,171.4,212.5,13449
5_8340_1391_9762_Residual_52162bc3_Body02,797.0,939.5,839.4,971.2,64.0,160.6,731
9_-1832_1169_11051_Body01,-227.0,1069.1,-139.3,1141.2,66.8,144.5,5395
12_24773_3894_-20146_ResidualBody13,2369.3,-2180.9,2614.6,-1817.8,492.8,641.0,36020
7_21776_1173_21253_Body01,2185.9,2083.2,2202.9,2105.0,74.9,141.9,220
9_-17508_1967_9698_Body02,-1771.3,935.2,-1727.3,993.7,127.5,265.9,1035
9_-7984_1121_10407,-840.1,1012.2,-756.6,1069.3,70.9,153.4,2550
10_-27503_1685_-2788_Body01,-2774.8,-297.2,-2723.8,-259.0,110.1,226.9,1134
1_-22964_1752_12719_Body01,-2316.2,1254.7,-2276.1,1287.8,136.1,214.2,693
1_-26110_2045_11582_ResidualBody05,-2630.2,1117.2,-2574.9,1192.3,201.7,260.6,1119
3_257_1726_15414_Residual_efb0b135_Body06,51.9,1546.6,86.3,1574.3,236.9,278.0,542
5_11438_957_8188,1099.3,791.8,1188.2,846.6,72.0,119.3,3455
11_23716_1134_4615,2346.9,431.5,2396.3,491.5,92.1,134.6,1632
7_21380_1156_20938_Residual_0cf5cc07_Body01,2101.5,2055.6,2175.2,2129.7,73.4,157.9,2583
7_15659_962_16344,1523.7,1596.7,1601.3,1667.9,71.6,120.8,2753
4_-10110_1241_-15478_ResidualBody01,-1024.7,-1557.4,-990.3,-1526.3,92.5,155.8,329
14_2621_2300_317_Body02,317.7,5.2,338.6,45.3,196.9,245.3,384
1_-25812_1474_7451,-2605.9,716.1,-2556.4,774.1,131.1,163.7,1628
9_-10612_1265_820_Body02,-1057.4,83.7,-1016.3,145.3,113.1,154.2,1308
6_705_2489_-10277,53.1,-1049.8,80.0,-1022.1,231.9,266.0,443
7_20300_1121_19837_ResidualBody01,1999.5,1975.2,2019.5,2000.7,73.4,132.9,234
10_-27245_1459_-3221_Residual_02f7ce90_Body01,-2758.9,-359.3,-2687.9,-290.8,104.1,187.6,2243
10_-14845_1302_-5028_Body01,-1480.1,-529.8,-1454.6,-484.9,57.0,185.5,572
6_1945_1385_-7294_ResidualBody02,164.8,-773.4,192.6,-750.1,146.9,188.0,372
7_10195_1704_19512,986.9,1897.9,1051.8,2004.4,99.6,241.1,4422
1_-20218_1980_6385_Body01,-2064.4,599.5,-2034.5,632.3,131.3,264.7,372
4_-857_1869_-15812,-171.2,-1637.1,-0.1,-1525.2,119.6,254.2,12898
9_-8429_1158_4767,-867.4,455.7,-818.4,497.7,70.4,161.3,1213
11_15140_1502_1489,1490.8,132.0,1537.4,165.8,130.0,170.5,808
6_5706_1800_-12229_ResidualBody01,524.2,-1202.5,557.5,-1184.8,130.0,194.3,485
16_17515_2181_-6381_Residual_11690539_Body01,1721.8,-666.0,1782.0,-607.8,141.8,294.5,1737
1_-30378_1641_11097,-3063.8,1089.2,-3011.7,1130.2,125.8,202.3,1366
2_27317_1505_-8353_Body01,2744.7,-853.7,2759.6,-819.8,122.9,160.2,403
1_-26110_2045_11582_ResidualBody06,-2643.4,1135.5,-2590.8,1199.8,201.7,260.6,735
10_-25557_1690_-2137_Body03,-2596.9,-258.3,-2536.9,-220.6,192.3,215.5,1062
8_1827_1518_21927_Body02,194.2,2193.9,220.7,2224.7,109.6,158.3,458
3_-1849_1361_13147_ResidualBody01,-231.7,1300.0,-157.3,1325.7,65.7,206.5,927
9_-17245_2238_6047_ResidualBody05,-1737.9,560.3,-1700.4,594.0,114.1,208.5,577
11_21607_1686_5926_ResidualBody02,2124.4,578.9,2169.0,624.4,90.2,139.9,1249
1_-24533_2110_6794_Body01,-2491.5,638.5,-2415.7,720.3,134.0,288.0,3730
7_14148_1483_24075_ResidualBody02,1400.0,2407.6,1447.1,2440.6,93.2,203.3,675
16_4700_1032_-2156,448.7,-237.8,495.6,-188.6,71.0,135.4,1013
10_-18508_992_-10893_Body02,-1875.8,-1103.0,-1853.9,-1067.6,46.4,151.9,405
10_-25557_1690_-2137_Body02,-2549.5,-198.6,-2506.5,-166.3,104.8,197.6,898
2_24756_1361_-5713,2457.2,-597.0,2494.1,-545.6,109.6,151.2,1815
9_-16752_1631_6946,-1695.8,675.6,-1654.6,713.6,119.1,207.1,1031
5_4245_980_9119_Residual_eaa74253_Body01,405.3,881.9,444.8,941.3,63.2,97.1,1264
10_-16794_1365_-5986,-1699.5,-618.6,-1659.3,-578.7,60.0,212.9,796
8_1827_1518_21927_Body01,145.5,2160.5,208.8,2203.7,109.6,140.4,2027
2_23042_1609_-8724,2276.2,-908.6,2332.2,-836.2,140.1,181.6,2050
2_26315_1351_-9579_ResidualBody01,2612.7,-957.7,2643.9,-937.5,110.5,159.6,436
7_13023_928_15047,1258.6,1459.2,1346.0,1550.1,69.3,116.3,3790
7_12979_1093_20731,1268.8,2043.6,1327.0,2102.6,80.6,128.9,1678
5_4186_1259_11515_Body01,385.4,1134.8,455.3,1165.9,69.9,181.9,1226
6_4255_1119_-19034_Residual_2e216f73_Body01,420.3,-1920.6,442.8,-1892.8,88.2,135.6,321
13_-10419_1844_14364_Body01,-1078.1,1388.2,-1013.1,1478.0,89.3,279.4,3069
6_14430_1710_-14826,1416.8,-1520.3,1469.2,-1444.9,141.4,200.6,2261
11_14128_1837_1626_ResidualBody01,1378.2,132.0,1447.4,194.9,103.0,210.8,1716
13_-16374_1681_13247_ResidualBody07,-1659.2,1328.5,-1641.8,1362.8,109.4,191.0,528
1_-30319_1439_11301,-3055.0,1118.4,-3008.7,1141.9,126.5,161.4,473
2_22377_1727_-4838_Body01,2212.7,-520.3,2251.8,-501.1,133.7,211.7,449
7_10521_1293_14352_ResidualBody04,1024.0,1407.7,1089.3,1479.9,94.1,135.2,2103
1_-21087_1877_13149_Residual_baa16ac0_Body02,-2147.1,1297.0,-2086.6,1344.7,200.5,241.6,1529
6_10082_2252_-10748_ResidualBody02,963.4,-1145.8,1024.3,-1093.4,127.7,215.5,1614
7_14069_1414_20292,1372.6,1988.3,1447.1,2068.9,73.8,208.9,2889
5_9716_1305_7742,919.3,739.2,1023.9,809.3,67.4,172.6,3502
10_-21281_1170_-2244,-2169.0,-263.7,-2087.2,-185.1,95.7,138.4,3416
8_3489_2020_30843_ResidualBody08,319.7,3069.5,346.7,3097.8,203.1,262.0,270
1_-29362_2109_10041_ResidualBody10,-2965.6,953.0,-2927.5,1004.5,138.1,197.0,867
9_-10097_1616_9366_Body02,-996.3,932.8,-976.5,949.0,189.7,230.7,237
2_27120_1357_-9296_Body01,2705.6,-954.8,2730.6,-904.6,115.8,155.7,1157
3_4753_1401_16273_Body01,412.4,1638.9,508.9,1698.5,90.6,153.9,3245
1_-26477_1981_2931,-2675.5,265.7,-2622.2,324.6,134.8,261.4,1437
5_2275_1245_8390_ResidualBody02,201.0,800.3,246.3,846.3,61.1,134.3,888
16_5978_1169_-3655,583.7,-392.9,619.2,-350.9,80.5,153.3,851
10_-16108_1551_-12895_Residual_181e6776_Body01,-1608.9,-1385.7,-1544.8,-1302.6,55.6,129.6,2822
15_-17131_726_-15648,-1771.4,-1621.3,-1654.9,-1508.3,57.4,87.9,5904
16_11658_1306_-273,1097.5,-85.1,1234.2,30.6,104.7,156.6,4105
10_-26937_1855_-1750_Body01,-2781.9,-163.6,-2671.2,-84.1,107.0,264.0,5614
6_10082_2252_-10748_ResidualBody01,985.5,-1073.8,1016.2,-1054.4,127.7,215.5,293
8_-1819_1410_30424_Body01,-219.0,2962.5,-130.8,3004.9,76.3,116.5,2219
13_-7890_867_21803_Body02,-806.7,2139.8,-758.1,2179.2,59.8,95.7,1333
8_4378_1951_28447_ResidualBody12,430.3,2810.1,473.0,2834.6,160.5,219.4,624
7_7136_1102_14169_Residual_68639668_Body01,713.7,1411.2,737.9,1440.6,74.5,146.0,382
8_3412_1862_25673_Residual_e3acab7c_Body05,359.4,2586.9,378.0,2601.3,210.1,251.1,146
1_-29025_1918_12884_Body01,-2873.6,1280.9,-2856.1,1299.0,128.9,183.3,231
1_-25215_2031_3583_ResidualBody03,-2609.4,326.4,-2492.6,425.7,167.0,243.8,4488
13_-8041_1102_22785_ResidualBody11,-819.4,2240.9,-785.5,2292.9,100.6,141.6,592
1_-29400_1491_6749,-2964.0,646.7,-2915.9,703.4,123.8,174.4,1072
8_-1819_1410_30424_Body02,-231.4,2998.0,-135.1,3123.1,76.3,116.5,8948
6_15381_1797_-12903,1516.3,-1323.9,1559.9,-1256.9,139.1,220.4,1671
7_7340_5006_16814_Body01,658.0,1686.6,694.2,1722.7,481.6,519.5,825
10_-20123_1142_-12423_Residual_3ad856c1_Body01,-2036.9,-1240.1,-2001.8,-1211.5,49.1,125.8,328
7_7054_1310_14995_Residual_0451c812_Body02,682.0,1444.3,746.1,1502.6,125.7,166.8,2938
14_-3324_907_3707,-371.0,264.5,-294.9,477.0,53.1,128.3,5751
11_23292_1198_4958,2300.7,476.9,2357.7,514.6,91.2,148.4,1172
10_-20123_1142_-12423_Residual_3ad856c1_Body02,-2033.4,-1260.8,-1989.6,-1228.1,102.6,161.5,621
4_-3218_1096_-8405,-339.7,-856.0,-303.8,-825.0,77.7,131.4,801
9_-17820_2326_7084_Residual_236b5ebf_Body03,-1814.2,634.2,-1694.8,753.4,144.9,186.0,8211
8_4378_1951_28447_ResidualBody13,435.1,2832.0,470.7,2859.0,160.5,219.4,662
8_1482_1473_25692,110.9,2543.5,185.5,2594.8,120.0,174.7,3277
13_-18587_1436_13207,-1891.1,1284.2,-1826.3,1357.1,119.8,167.3,2105
16_15276_1653_-4614,1501.8,-487.7,1553.6,-435.1,136.5,194.1,1300
1_-29273_1439_8143,-2957.2,787.9,-2897.5,840.7,121.7,166.1,1437
1_-27797_2006_2177_ResidualBody04,-2787.9,243.2,-2769.7,299.5,150.9,263.4,885
1_-30968_1694_5897_Residual_e9596519_Body01,-3134.3,558.8,-3060.2,624.2,118.8,220.1,2511
7_10787_1327_20377,1059.3,2019.7,1098.1,2055.7,109.6,155.8,1060
11_15783_1455_4570_Body01,1544.2,419.2,1573.5,436.2,122.2,168.7,349
2_26617_1241_-10499_Body01,2633.0,-1081.4,2693.2,-1023.1,111.2,141.2,2309
5_4841_1164_10573_Residual_104ac778_Body01,459.0,1036.8,507.4,1077.2,67.4,147.6,1193
9_-11524_1282_9625_Body01,-1195.4,898.3,-1133.6,985.0,103.7,152.7,3052
13_-11390_1328_13306_Body01,-1180.2,1304.9,-1097.9,1355.1,91.6,120.4,2401
1_-27797_2006_2177_ResidualBody07,-2868.6,214.4,-2843.8,239.2,150.9,281.2,569
7_14681_1089_16626_Body03,1439.8,1646.8,1516.4,1717.4,105.3,128.6,2909
2_21920_1547_-2704_Body02,2171.7,-274.9,2193.0,-246.3,140.7,168.8,328
3_4753_1401_16273_Body03,412.4,1629.3,471.7,1686.2,166.4,189.6,1245
8_4378_1951_28447_ResidualBody10,403.6,2841.7,417.8,2865.1,142.6,219.4,265
11_24197_1742_127,2418.0,-3.2,2436.7,10.0,123.9,224.5,193
5_5498_992_8289,518.7,803.9,581.2,852.3,62.6,135.7,1487
5_-1504_2165_13103,-161.1,1301.2,-139.7,1319.4,197.5,235.4,362
10_-17444_1272_-9886_Residual_c232b38c_Body02,-1734.0,-1008.6,-1717.0,-990.6,51.2,149.6,182
10_-22881_1581_-5867_ResidualBody11,-2271.8,-599.9,-2213.7,-538.0,121.3,180.2,2329
10_-15143_1186_-10691_Residual_10c87870_Body03,-1523.5,-1097.1,-1504.5,-1078.1,56.4,91.5,212
1_-31112_1746_8081_ResidualBody05,-3127.0,786.8,-3097.1,803.6,167.5,208.5,274
1_-30477_1736_3611_Body02,-3081.7,351.5,-3020.0,401.7,117.3,140.6,1702
8_1672_1509_22274_Body01,165.9,2230.0,187.1,2248.9,112.6,189.2,243
10_-20123_1142_-12423_Residual_3ad856c1_Body03,-2021.7,-1273.3,-1985.1,-1243.6,102.6,161.5,450
3_4753_1401_16273_Body02,431.5,1638.9,508.9,1698.5,148.5,171.8,3102
8_3114_1752_28040_Residual_06485339_Body02,301.0,2769.0,343.1,2847.5,110.7,150.4,1395
5_8983_1141_2829_Body01,889.3,260.6,923.8,302.6,74.5,135.9,747
8_2112_1709_30198_Residual_c25e8708_Body02,191.3,2996.1,205.0,3034.7,152.6,211.5,391
9_-18931_1723_11816_Body02,-1910.0,1164.4,-1869.4,1204.4,123.8,167.1,821
8_3412_1862_25673_ResidualBody10,307.1,2516.9,362.9,2583.4,156.5,197.6,1382
12_23023_2522_-23446_Body01,2290.8,-2400.9,2336.2,-2364.7,175.8,292.8,864
8_3412_1862_25673_ResidualBody07,352.2,2579.7,378.0,2608.5,156.5,197.6,372
8_-1819_1410_30424_Body03,-232.1,2962.5,-130.8,3123.1,111.2,170.1,13020
5_6128_939_8712,601.3,857.3,624.2,885.2,62.4,125.4,337
1_-19913_2806_5999,-2010.1,582.1,-1972.5,617.7,260.9,300.2,446
8_3412_1862_25673_ResidualBody09,295.3,2531.9,342.0,2607.4,156.5,197.6,1834
7_11241_889_17514,1109.2,1735.5,1137.2,1768.0,75.6,102.2,549
13_-11390_1328_13306_Body02,-1180.2,1304.9,-1153.5,1334.1,115.1,156.1,537
1_-24892_2027_10705,-2526.3,1031.0,-2452.3,1109.9,133.0,272.3,2755
7_7686_1058_14761_Body01,782.2,1477.8,796.3,1494.9,71.8,139.8,119
13_-21466_1913_15167_Residual_ce46f78e_Body01,-2147.1,1464.4,-2053.1,1583.7,132.2,232.5,4820
11_21012_1834_150_Body02,2067.3,10.9,2112.0,44.5,129.9,236.9,937
7_5958_992_14761_Body01,561.7,1491.6,582.3,1514.7,79.9,118.6,329
3_-2103_2286_20243,-254.7,2000.7,-203.8,2040.6,210.1,247.0,1389
10_-21279_975_-7625,-2150.4,-785.2,-2105.2,-739.7,71.3,123.7,1021
3_1855_1286_17954,154.6,1761.8,216.5,1829.1,78.4,178.7,3557
1_-26110_2045_11582_ResidualBody03,-2643.4,1135.5,-2623.3,1157.5,130.6,207.1,200
1_-26110_2045_11582_ResidualBody04,-2630.2,1117.2,-2602.9,1147.3,130.6,207.1,384
13_-18093_1776_15504_ResidualBody02,-1835.2,1561.5,-1816.9,1583.8,109.0,246.2,262
8_6054_2084_21733_Body03,547.4,2134.7,652.0,2233.8,140.7,306.8,7109
3_-6948_1285_25422,-721.1,2529.4,-668.4,2555.0,62.9,167.8,914
9_-11965_1575_9755,-1244.0,903.2,-1149.0,1047.7,103.7,211.2,6368
7_20300_1121_19837_Residual_57110778_Body01,2045.1,1960.2,2063.2,1978.3,73.4,150.8,198
7_7650_2108_13273_Body02,684.6,1313.0,712.8,1330.4,192.5,229.1,259
1_-30813_1897_8980_Body01,-3061.8,907.4,-3040.5,936.9,122.3,167.9,511
1_-28082_2091_1693,-2830.2,134.2,-2777.4,199.5,120.7,297.4,2781
9_-7563_1247_8830,-787.0,865.3,-725.5,900.8,69.9,179.6,2012
7_14681_1089_16626_Body04,1404.1,1645.6,1426.7,1671.0,105.3,146.4,356
1_-19733_1505_13001_Body01,-1999.3,1300.4,-1977.5,1324.3,130.7,170.3,249
3_284_1476_19286_ResidualBody01,-8.9,1881.8,67.9,1975.0,67.4,120.6,5020
5_9534_1445_12034_ResidualBody08,954.7,1168.6,978.3,1209.7,163.3,204.4,418
7_7650_2108_13273_Body01,687.9,1287.7,727.6,1313.7,192.5,229.1,657
4_-12215_1208_-18273_Body02,-1250.3,-1833.3,-1232.6,-1815.2,75.4,112.7,182
13_-9897_1351_25493_ResidualBody04,-1122.5,2543.5,-1077.5,2611.1,58.7,157.8,2029
9_-17820_2326_7084_Residual_236b5ebf_Body02,-1773.2,642.2,-1694.8,753.4,118.6,150.3,4677
5_9534_1445_12034_ResidualBody03,942.4,1187.5,963.5,1214.7,66.7,168.6,360
7_21776_1173_21253_Body03,2154.6,2136.1,2192.5,2169.8,74.9,106.2,889
1_-27044_1730_8797_Body03,-2740.1,813.0,-2676.5,935.0,147.3,206.3,2889
5_8143_2154_11109,784.3,1089.9,823.4,1142.9,196.2,234.6,935
1_-30547_2467_10113_Body02,-3055.3,980.3,-3036.3,999.3,229.1,264.2,228
6_10587_2823_-7411_Body01,1019.5,-790.5,1099.0,-692.1,267.9,297.9,4498
13_-9629_1099_13986_Body04,-947.7,1382.7,-919.5,1419.5,80.8,121.1,543
7_21776_1173_21253_Body02,2155.9,2085.8,2181.9,2112.1,74.9,106.2,385
4_-12223_1142_-5207,-1247.3,-545.7,-1197.3,-495.8,56.0,172.4,1133
9_-11767_1666_8074,-1217.7,738.9,-1135.7,875.9,98.5,234.7,4744
10_-15558_1096_-8426_ResidualBody06,-1576.2,-844.0,-1543.0,-820.2,71.5,130.4,459
12_17121_1869_-13093_Residual_51452dca_Body01,1676.1,-1318.4,1726.3,-1288.8,141.7,232.0,1046
6_13464_2152_-11632_Residual_47127da5_Body02,1296.9,-1224.3,1332.5,-1163.0,252.8,293.9,1123
2_23058_1583_-7321,2283.0,-763.0,2328.7,-706.8,133.9,182.8,1309
1_-21087_1877_13149_ResidualBody01,-2149.0,1292.0,-2086.6,1348.7,133.8,188.0,1687
11_21584_1675_3131_Body01,2139.5,275.3,2176.3,350.8,113.7,221.3,2431
8_5223_1476_26694,506.4,2645.1,538.2,2693.8,126.0,169.1,1086
12_22417_1589_-20649_Body01,2186.1,-2123.9,2299.9,-2001.9,136.4,163.7,6515
4_-11026_1396_-3874_ResidualBody02,-1124.9,-400.2,-1095.9,-368.5,56.3,151.5,486
1_-30813_1897_8980_Body02,-3117.2,855.8,-3077.0,905.6,144.7,185.8,1597
1_-26110_2045_11582_ResidualBody02,-2616.0,1141.8,-2572.9,1192.3,130.6,207.1,712
1_-30477_1736_3611_Body01,-3074.5,321.0,-3013.8,363.6,117.3,140.6,1253
3_98_1418_20475_ResidualBody01,-38.0,2016.8,57.8,2082.6,67.7,198.0,5572
3_-274_936_19365,-40.8,1929.7,-13.9,1943.2,67.5,119.7,345
10_-16547_1172_-11690_ResidualBody02,-1689.4,-1189.1,-1628.4,-1138.1,102.5,179.3,1368
5_3750_1693_7298_Residual_f22e7012_Body02,324.6,704.8,356.3,759.5,60.4,99.7,999
9_-18646_1565_4230_Body03,-1876.3,370.4,-1820.7,422.5,112.1,147.2,1405
6_13565_1605_-15419_Body01,1343.1,-1562.3,1367.7,-1528.1,140.3,180.6,493
7_13443_1072_20991,1312.9,2080.9,1362.0,2129.9,79.9,134.5,1196
1_-27794_1613_6513,-2800.3,629.7,-2758.6,672.8,129.2,193.5,922
5_-1306_1466_7221_Residual_bf6b9414_Body02,-182.3,622.0,-109.7,810.3,194.5,235.6,6828
9_-7430_847_10636,-756.8,1055.7,-729.1,1071.6,69.7,99.8,399
8_4596_1412_26636_Body03,454.1,2656.0,484.3,2688.1,120.9,161.5,608
12_18076_1586_-14132,1781.4,-1440.9,1833.7,-1385.6,140.7,176.5,1416
8_3412_1862_25673_Residual_e3acab7c_Body03,294.7,2522.9,356.9,2605.1,121.3,161.9,3110
10_-14473_1388_-14470_Body02,-1449.1,-1461.5,-1379.9,-1437.3,55.4,204.3,1020
11_23415_1518_2967,2309.3,256.0,2373.7,337.4,106.9,179.8,4437
1_-30631_1588_7638_Residual_43dc881a_Body01,-3093.6,754.6,-3027.8,810.1,120.5,161.4,1386
10_-22252_1200_-2796,-2304.2,-348.6,-2142.9,-215.1,103.5,136.5,8219
16_7714_2072_-5958,680.8,-684.5,862.1,-506.8,109.7,304.6,19159
16_12107_1894_-5017_Residual_d1067269_Body01,1176.9,-534.5,1245.7,-470.1,141.5,237.3,2082
5_3750_1693_7298_Residual_f22e7012_Body01,323.9,749.2,381.7,791.1,60.4,99.7,1407
9_-17166_1915_10650_ResidualBody05,-1748.0,1025.1,-1727.1,1047.5,122.9,170.9,241
7_10521_1293_14352_ResidualBody02,1015.4,1390.2,1065.7,1437.4,69.8,135.2,976
5_4723_894_12155,442.9,1190.8,501.7,1240.2,69.3,109.4,2024
8_4437_1509_25872,431.8,2573.7,455.5,2600.6,124.7,177.2,584
11_19877_1505_2315,1988.2,198.0,2004.2,214.4,116.6,184.5,257
13_-8041_1102_22785_Residual_b885a990_Body02,-801.0,2264.5,-778.9,2306.5,82.7,141.6,324
11_14952_1476_1927,1471.7,175.2,1518.6,210.3,128.6,166.7,898
7_6118_982_13038,568.8,1275.5,640.5,1325.1,71.5,124.8,1747
4_-10997_1646_-18290_Body05,-1098.1,-1866.1,-1067.0,-1807.8,186.9,245.8,1125
9_-17245_2238_6047_Residual_331b7df0_Body04,-1699.6,612.3,-1675.5,643.5,149.6,208.5,406
9_-17245_2238_6047_Residual_331b7df0_Body03,-1688.4,625.7,-1675.5,643.5,114.1,155.0,126
5_3750_1693_7298_Residual_f22e7012_Body03,330.1,664.4,417.3,740.4,60.4,99.7,4138
13_-9402_841_23074,-968.3,2289.0,-912.1,2325.9,64.2,104.1,849
14_-1157_1866_2078_Residual_aa693191_Body01,-191.7,171.6,-158.5,256.7,253.9,294.9,2035
9_-16128_2013_4831_ResidualBody01,-1657.8,437.0,-1568.8,515.0,103.9,245.1,2974
9_-17245_2238_6047_Residual_331b7df0_Body02,-1750.3,577.5,-1712.8,611.2,114.1,208.5,577
9_-17166_1915_10650_Residual_d54382aa_Body01,-1710.8,1072.9,-1681.5,1099.3,122.9,153.0,417
10_-17444_1272_-9886_Residual_c232b38c_Body01,-1782.9,-1008.3,-1770.0,-986.8,51.2,167.5,163
11_24236_1286_4256,2409.1,408.7,2438.9,442.6,92.5,157.3,556
13_-18882_1463_13679_ResidualBody02,-1906.3,1356.9,-1875.9,1377.0,121.8,170.8,337
1_-20218_1980_6385_Body02,-2033.1,625.7,-1980.4,677.5,131.3,264.7,1364
11_13082_1420_3795,1275.1,339.6,1341.2,419.4,99.7,184.2,2731
9_-17820_2326_7084_Residual_236b5ebf_Body01,-1814.2,634.2,-1742.0,705.8,118.6,150.3,2633
9_-11054_1726_7822_ResidualBody04,-1139.5,713.3,-1070.5,782.3,175.1,234.1,3461
16_15541_1963_-6238_ResidualBody01,1525.1,-628.1,1568.1,-590.4,138.4,236.2,832
10_-14473_1388_-14470_Body03,-1456.0,-1469.2,-1373.3,-1382.7,198.9,222.2,4230
5_1632_1054_7842,139.2,747.3,187.1,821.0,60.4,140.0,1872
13_-9274_860_22915,-951.1,2273.6,-903.7,2309.3,64.2,107.8,781
11_21456_1144_6580,2130.4,641.9,2160.7,674.1,87.1,141.7,549
11_15888_1906_3769_Body01,1520.4,349.3,1651.3,426.2,214.0,255.1,3815
16_5633_1097_-2474,539.0,-267.9,587.6,-227.0,77.2,142.1,1062
3_284_1476_19286_ResidualBody03,25.5,1881.8,67.9,1901.0,115.3,174.2,621
4_-8487_1906_-14587_ResidualBody06,-920.6,-1462.5,-866.3,-1422.6,210.2,287.0,1236
11_24285_1356_3811_Body01,2405.4,330.4,2435.3,353.7,92.6,178.5,466
3_284_1476_19286_ResidualBody02,-8.9,1903.5,67.5,1975.0,115.3,174.2,4159
1_-23301_2178_8465_Body02,-2382.9,815.2,-2276.7,899.9,134.1,283.6,5062
11_16141_1353_7305,1569.7,702.3,1658.5,758.7,99.9,170.8,2441
8_1690_1417_26548_Residual_1c32c42c_Body01,158.0,2622.3,183.7,2659.0,105.5,177.9,625
3_257_1726_15414_ResidualBody12,-39.5,1420.3,66.3,1589.3,165.5,206.6,9841
1_-30813_1897_8980_Body05,-3116.2,874.1,-3072.6,942.3,198.3,239.4,2385
4_-12496_1318_-2894_Body05,-1251.5,-314.6,-1213.5,-257.7,146.9,205.8,832
2_22205_2461_-10300_Residual_eb30be0f_Body01,2144.1,-1089.5,2299.3,-973.0,140.8,226.3,8906
16_16916_2027_-5213_ResidualBody01,1673.3,-532.5,1717.5,-500.1,136.3,269.1,630
1_-30813_1897_8980_Body04,-3117.2,855.8,-3080.0,873.5,180.4,257.2,426
13_-12384_1186_21173_ResidualBody01,-1259.5,2101.4,-1220.3,2117.0,97.9,139.2,585
13_-9629_1099_13986_Body05,-970.1,1408.6,-943.7,1425.4,80.8,121.1,246
1_-30813_1897_8980_Body03,-3112.3,910.8,-3072.6,942.3,144.7,185.8,1022
16_12107_1894_-5017_ResidualBody01,1176.9,-534.5,1245.7,-470.1,141.5,201.6,1970
1_-20369_1726_13926_Residual_f4c31071_Body01,-2076.4,1377.1,-2042.8,1406.5,131.8,195.5,554
1_-27797_2006_2177_ResidualBody09,-2768.6,128.7,-2692.9,234.9,150.9,263.4,7394
15_-25567_1080_-21676_Body01,-2604.5,-2211.8,-2513.8,-2132.1,52.5,109.8,2550
1_-23798_1731_14239_ResidualBody04,-2399.1,1412.7,-2375.5,1446.5,135.3,210.8,639
10_-15285_1392_-1718_ResidualBody06,-1543.9,-176.8,-1515.8,-152.3,110.4,205.1,419
3_257_1726_15414_ResidualBody17,-27.9,1409.8,10.3,1448.0,236.9,278.0,775
11_13498_1209_9314_ResidualBody07,1322.3,910.4,1361.3,950.4,125.6,166.7,596
16_9158_2824_-6527_Body01,888.9,-684.4,912.6,-668.2,263.3,301.4,217
1_-30968_1694_5897_ResidualBody02,-3125.5,576.8,-3078.0,599.7,118.8,220.1,788
2_19308_1989_-6623_ResidualBody02,1911.7,-689.1,1959.0,-655.5,143.5,254.3,625
11_13498_1209_9314_ResidualBody06,1319.8,930.8,1350.1,959.0,125.6,166.7,410
12_26987_2772_-16952_Body01,2657.1,-1734.5,2735.6,-1662.5,264.4,294.4,4127
3_2032_1292_16259_ResidualBody02,172.9,1596.7,232.1,1655.5,77.8,180.6,1304
1_-28882_1832_8295_ResidualBody05,-2924.0,823.0,-2867.3,876.9,121.6,209.2,1533
10_-20404_1031_-12735,-2068.8,-1301.6,-2012.1,-1245.5,50.6,155.7,1582
1_-26110_2045_11582_ResidualBody01,-2629.2,1154.0,-2590.8,1199.8,130.6,207.1,501
4_-527_1223_-7154_ResidualBody01,-94.3,-739.2,-14.2,-688.7,76.6,150.1,1903
16_13031_2800_-356_Body01,1223.6,-140.6,1396.1,42.8,265.5,295.5,13914
1_-28882_1832_8295_ResidualBody08,-2886.8,796.5,-2849.8,841.8,150.3,209.2,500
1_-22703_1886_13157_Residual_cd518f2a_Body02,-2276.3,1309.2,-2226.6,1350.9,135.2,170.7,1622
5_3750_1693_7298_Residual_f22e7012_Body04,365.0,717.4,418.1,784.8,60.4,99.7,1957
1_-22703_1886_13157_Residual_cd518f2a_Body03,-2306.2,1307.2,-2277.8,1341.1,135.2,170.7,608
1_-23798_1731_14239_ResidualBody03,-2375.2,1411.7,-2352.5,1445.3,135.3,210.8,432
6_14911_2695_-12203,1438.5,-1234.1,1481.3,-1199.8,253.2,285.9,911
8_623_1512_29097_Residual_c806882f_Body02,36.7,2886.4,87.5,2933.5,104.9,197.6,1602
11_17336_1931_1049_Residual_da7bebe6_Body01,1717.6,79.8,1763.0,154.5,133.4,199.3,2269
5_3750_1693_7298_Residual_f22e7012_Body05,376.1,717.4,418.1,772.9,130.0,206.8,1305
10_-17855_1359_-2850_Residual_2cbe72d5_Body01,-1813.0,-326.4,-1794.0,-294.4,78.4,121.9,536
15_-18509_934_-15069_Residual_2816b0af_Body01,-1896.1,-1550.2,-1806.6,-1464.2,55.6,131.2,4539
5_4082_1039_10374,372.1,1001.4,444.4,1073.3,66.8,128.4,3128
7_14174_1218_18457_ResidualBody04,1402.0,1846.7,1459.6,1900.5,72.4,117.7,1473
6_17364_5399_-9169,1716.3,-957.0,1758.6,-876.8,523.1,556.6,1650
4_-11505_1393_-18359,-1175.5,-1860.1,-1124.3,-1812.1,82.7,195.9,1544
7_8737_1474_13792_ResidualBody07,811.0,1354.7,904.8,1456.6,94.6,189.2,3768
15_-25817_666_-19202,-2613.4,-1952.1,-2550.1,-1888.4,49.1,84.0,2012
2_22205_2461_-10300_ResidualBody06,2144.1,-1076.1,2290.0,-973.0,274.5,315.6,6470
1_-29032_1557_2833,-2939.1,250.2,-2867.3,316.2,119.3,192.1,2215
11_16255_1520_2085_Body01,1609.2,186.8,1639.5,229.4,130.2,173.8,788
2_22205_2461_-10300_ResidualBody05,2232.1,-1052.2,2299.3,-973.0,220.9,279.8,2636
8_746_1361_30074,58.1,2991.6,91.1,3023.2,105.2,167.1,936
1_-26239_1900_8409,-2667.6,801.1,-2580.2,881.0,122.4,257.5,3184
2_22205_2461_-10300_ResidualBody02,2166.1,-1089.5,2299.3,-973.0,140.8,208.4,7908
2_22205_2461_-10300_ResidualBody04,2144.1,-1089.5,2255.3,-997.9,220.9,279.8,5112
12_17819_1913_-17896_Body01,1730.9,-1848.1,1822.7,-1744.1,173.5,209.2,4435
9_-9940_1725_1111_Body04,-1024.6,98.1,-1002.8,130.3,98.1,174.9,387
8_704_1276_33985,48.5,3360.5,92.4,3436.6,97.3,158.0,2893
1_-22179_2124_11598_ResidualBody06,-2250.1,1119.8,-2200.3,1170.1,158.5,235.2,1105
4_-2035_1415_-18473_Body02,-230.8,-1871.9,-200.8,-1825.4,94.5,135.1,1035
9_-4544_1163_6727,-494.0,603.9,-410.8,745.3,60.2,172.3,9182
12_29069_1738_-13112_Residual_ac793745_Body02,2910.9,-1342.2,2950.2,-1291.9,126.1,221.6,1503
9_-10612_1265_820_Body04,-1075.8,17.4,-1015.8,145.3,148.8,172.0,2929
12_22417_1589_-20649_Body02,2186.1,-2057.6,2248.3,-2001.9,158.3,181.5,1416
4_-1322_1167_-8464,-151.8,-869.8,-112.6,-823.0,83.0,150.4,1095
3_257_1726_15414_ResidualBody11,-38.4,1420.3,6.4,1461.3,129.8,170.9,930
4_-6813_1444_-15443_Residual_6906b4a1_Body01,-706.3,-1524.0,-677.2,-1498.3,110.5,178.4,536
4_-5806_1410_-18653_Residual_b0c890dc_Body02,-613.9,-1864.0,-585.1,-1843.6,90.0,120.6,247
8_-1122_963_32112,-127.8,3195.0,-95.2,3227.6,82.0,110.5,765
7_15268_864_15973_Body01,1487.7,1580.9,1536.3,1633.0,71.7,101.0,1301
7_13211_1253_17991_ResidualBody01,1271.9,1791.0,1326.3,1837.3,74.4,176.1,1574
6_7743_1648_-14541_Residual_094ee3c9_Body02,767.0,-1450.0,817.7,-1411.9,115.9,195.7,1240
8_1360_1371_26452,118.4,2615.7,153.9,2675.9,106.2,167.9,1723
7_15268_864_15973_Body02,1540.9,1561.6,1565.5,1589.9,71.7,101.0,325
6_8036_1432_-16480_ResidualBody01,756.2,-1701.2,841.8,-1596.3,102.0,166.5,5753
5_11221_1028_7027_Body02,1118.3,682.9,1162.1,712.1,75.1,130.5,727
11_24031_1351_1810,2388.0,163.7,2415.9,198.8,122.5,147.8,639
9_-7450_884_10973,-770.9,1085.6,-719.1,1109.0,69.4,107.4,1146
4_-6458_1401_-16108,-806.2,-1703.6,-485.4,-1517.9,91.8,188.4,28099
13_-18919_1411_20357_Body02,-1905.4,2004.9,-1875.3,2022.1,108.1,156.3,306
5_9514_1416_2804_ResidualBody01,906.5,222.6,992.9,341.6,75.2,190.1,5075
1_-27797_2006_2177_Residual_cbfbf111_Body03,-2868.6,214.4,-2842.8,263.1,120.0,156.2,1138
1_-30547_1778_10109_ResidualBody02,-3080.9,1004.0,-3022.0,1052.7,122.4,233.3,1803
11_18386_1841_11366_Body02,2043.0,1143.0,2159.8,1203.0,75.3,114.2,5917
4_-4016_1364_-15805_Body01,-424.8,-1596.6,-402.3,-1570.1,120.3,152.4,284
8_5055_1456_26101,495.3,2596.0,514.8,2623.9,126.4,164.7,420
1_-20624_1998_6695,-2117.4,611.9,-2007.3,721.3,132.0,267.6,5843
12_17925_1590_-15140,1770.9,-1536.0,1814.1,-1491.9,139.6,178.5,962
16_12593_1713_-5840_ResidualBody02,1238.5,-602.2,1280.6,-558.8,161.9,203.0,908
14_1600_2847_-2898_Residual_63e61dfe_Body03,12.9,-428.9,185.1,-293.4,410.7,505.3,10917
6_3313_1126_-19044_Residual_937ee519_Body01,300.3,-1940.9,363.2,-1871.0,86.9,138.4,1862
13_-15642_1589_16325_Body08,-1575.4,1522.4,-1423.6,1631.9,199.5,240.6,8704
13_-16374_1681_13247_Residual_13b01d3e_Body01,-1654.5,1311.7,-1641.5,1324.5,109.4,208.9,127
4_-11023_2797_-9208_Body01,-1087.7,-944.9,-1055.6,-907.6,255.2,286.3,490
2_20524_1581_-2930_Body01,2024.7,-336.9,2057.3,-304.3,138.7,177.5,622
11_18386_1841_11366_Body03,2040.7,998.6,2159.8,1203.0,108.9,150.0,21132
1_-25603_1706_7806,-2590.3,750.5,-2530.0,810.7,133.1,208.0,1852
11_15300_1498_4247_Body01,1514.3,406.9,1545.9,441.5,122.1,159.6,598
5_3202_1736_8893,312.8,883.0,340.0,918.2,147.0,200.2,515
8_4018_1640_22101_ResidualBody02,360.3,2177.1,458.2,2224.4,136.3,195.3,3577
10_-26752_1398_-4454,-2700.8,-470.4,-2649.7,-420.5,104.7,162.6,1270
7_18207_865_20154_Body01,1824.7,1992.3,1849.7,2033.9,72.4,100.5,445
1_-22542_1505_14276_Body02,-2252.5,1415.9,-2236.5,1442.8,135.2,165.7,225
5_6003_1424_7739_Body02,595.3,731.8,635.3,779.2,63.0,96.7,1281
11_17854_1789_1275_Body01,1778.0,86.5,1819.9,123.1,131.6,172.6,853
2_20524_1581_-2930_Body02,2042.6,-294.2,2079.4,-251.7,138.7,177.5,889
1_-22305_2082_8798_Residual_c3da99b2_Body01,-2268.1,842.3,-2191.5,902.4,135.9,173.4,2779
1_-25675_1985_5655_Body06,-2547.9,520.2,-2509.3,562.9,241.7,264.9,751
2_18578_1893_-2362_ResidualBody01,1848.0,-252.3,1868.9,-231.4,134.6,244.1,225
1_-25675_1985_5655_Body04,-2672.2,460.3,-2499.1,598.7,170.3,193.5,6568
1_-25675_1985_5655_Body05,-2674.3,460.3,-2499.1,604.5,206.0,229.2,6803
2_25126_1356_-10570_ResidualBody01,2484.2,-1077.5,2516.4,-1041.5,110.6,160.7,541
2_23920_1610_-3751,2379.9,-394.4,2404.2,-355.8,131.3,190.6,787
6_3212_1738_-11959,277.3,-1255.2,347.8,-1150.1,126.4,209.3,4548
3_3941_1441_15786,335.1,1519.3,453.0,1638.0,81.8,206.4,6994
12_27592_2760_-16813_Body01,2732.1,-1713.7,2790.8,-1658.4,260.4,291.7,2246
5_8845_953_2591,863.6,244.1,905.3,274.2,73.9,116.6,548
13_-17240_1157_15536_Body02,-1755.5,1527.8,-1711.2,1576.3,101.5,129.9,762
2_21829_1590_-3349_Body01,2171.1,-354.8,2196.6,-311.2,141.3,176.6,504
14_3707_964_-1772_ResidualBody01,345.7,-198.5,397.4,-155.5,69.2,123.7,1369
2_21689_1557_-3888_Body01,2147.4,-411.1,2193.1,-363.5,142.8,172.8,1342
6_4217_1590_-12080,382.8,-1220.7,460.5,-1195.2,129.0,188.9,1829
2_22205_2461_-10300_Residual_eb30be0f_Body02,2224.2,-1041.9,2290.0,-978.5,310.2,351.3,2236
8_198_1208_33922,-3.0,3365.2,42.6,3419.1,90.2,151.4,1178
13_-9714_847_23389_ResidualBody01,-989.8,2316.8,-966.9,2365.2,64.1,105.4,545
13_-25764_2084_14815_ResidualBody01,-2601.3,1498.2,-2565.5,1534.0,134.8,282.0,647
1_-30547_2467_10113_Body01,-3057.7,1040.8,-3025.9,1069.2,229.1,264.2,481
13_-8954_835_22162,-924.5,2195.0,-866.3,2237.3,61.6,105.4,1080
5_3444_2350_9889,297.1,956.4,331.8,984.6,218.3,251.7,548
4_-3595_1590_-16416_Body01,-401.5,-1663.6,-354.0,-1613.2,116.5,148.0,1670